gid,role,role_score,cluster_id,priority_score,evidence,depth,is_seed,in_deg,out_deg,in_kzt,out_kzt,in_tx,out_tx,pass_ratio,seed_flow_kzt,seed_share,n_seed_upstream,p_terminal,betweenness,fast_pass_share,max_sync_payers,near_threshold_share,n_cycles,flags,score_breakdown
100000000343175100,coordinator,0.8984063745020054,10,0.6623130528770942,Кандидат в координирующий узел: 8 плательщиков → 31 получателей; сигналы S2,0,True,8,31,178712.0,4000039.0,14,33,,74168.06365671361,1.0,3,0.0,0.0010911947105886903,0.15723622364474685,2,0.0851063829787234,0,near_threshold;bridge;distributor;S2,"{""betweenness"": 0.148, ""degree"": 0.099, ""n_seed_upstream"": 0.198, ""role"": 0.198, ""seed_flow_kzt"": 0.227, ""temporal"": 0.055}"
100000000456947100,peripheral,1.0,0,0.12461302158887275,Нет переводов ≥5000 KZT в выгрузке,0,True,0,0,0.0,0.0,0,0,,0.0,1.0,0,1.0,0.0,0.0,0,0.0,0,,"{""betweenness"": 0.055, ""degree"": 0.0, ""n_seed_upstream"": 0.058, ""role"": 0.026, ""seed_flow_kzt"": 0.002, ""temporal"": 0.032}"
100000000580561100,peripheral,0.5,35,0.39071536251671063,"Периферийный узел: 2 входящих, 3 исходящих, оборот 1.52 млн",0,True,2,3,27980.0,1488077.0,3,13,,18188.876905041034,1.0,0,0.0,1.1888811083225246e-06,0.636168691922802,1,0.1875,2,fast_pass;near_threshold;cycles,"{""betweenness"": 0.115, ""degree"": 0.09, ""n_seed_upstream"": 0.058, ""role"": 0.026, ""seed_flow_kzt"": 0.188, ""temporal"": 0.07}"
100000001415126100,terminal,0.5,12,0.32391899195039386,"Вероятный конечный получатель: 1 плательщиков, получено 27 тыс., исходящих нет",0,True,1,0,27000.0,0.0,1,0,,4329.031393003198,1.0,0,1.0,0.0,0.0,1,0.0,0,,"{""betweenness"": 0.055, ""degree"": 0.032, ""n_seed_upstream"": 0.058, ""role"": 0.121, ""seed_flow_kzt"": 0.154, ""temporal"": 0.032}"
100000001429930100,terminal,0.5,20,0.2763722729470659,"Вероятный конечный получатель: 1 плательщиков, получено 26 тыс., исходящих нет",0,True,1,0,26000.0,0.0,1,0,,207.77334668922398,1.0,0,1.0,0.0,0.0,1,0.0,0,,"{""betweenness"": 0.055, ""degree"": 0.032, ""n_seed_upstream"": 0.058, ""role"": 0.121, ""seed_flow_kzt"": 0.088, ""temporal"": 0.032}"
100000001616816100,peripheral,0.5,7,0.5331603948004664,"Периферийный узел: 5 входящих, 3 исходящих, оборот 358 тыс.",0,True,5,3,176195.0,181326.0,12,10,,57745.809436545795,1.0,2,0.0,0.00010581041864070468,0.5678765004682312,1,0.22727272727272727,2,fast_pass;near_threshold;cycles,"{""betweenness"": 0.141, ""degree"": 0.095, ""n_seed_upstream"": 0.191, ""role"": 0.026, ""seed_flow_kzt"": 0.222, ""temporal"": 0.07}"
100000001732159100,peripheral,0.5,3,0.533299769604915,"Периферийный узел: 2 входящих, 4 исходящих, оборот 3.88 млн",0,True,2,4,2378100.0,1505966.0,30,23,,2378100.0,1.0,2,0.0,2.0607272544257092e-05,0.3356040536562802,2,0.0,4,cycles,"{""betweenness"": 0.128, ""degree"": 0.092, ""n_seed_upstream"": 0.191, ""role"": 0.026, ""seed_flow_kzt"": 0.25, ""temporal"": 0.058}"
100000002527114100,distributor,1.0,4,0.5472452143243166,"Веерная рассылка: 111 получателей, отдано 3.29 млн",0,True,3,111,129000.0,3289249.0,4,113,,40546.65093273082,1.0,0,0.0,0.00019339132695379732,0.9302325581395349,1,0.0,3,fast_pass;cycles,"{""betweenness"": 0.144, ""degree"": 0.1, ""n_seed_upstream"": 0.058, ""role"": 0.192, ""seed_flow_kzt"": 0.212, ""temporal"": 0.059}"
100000002916006100,peripheral,0.5,12,0.14702449014421023,"Периферийный узел: 0 входящих, 1 исходящих, оборот 32 тыс.",0,True,0,1,0.0,32000.0,0,1,,0.0,1.0,0,0.0,0.0,0.0,0,0.0,0,,"{""betweenness"": 0.055, ""degree"": 0.032, ""n_seed_upstream"": 0.058, ""role"": 0.026, ""seed_flow_kzt"": 0.002, ""temporal"": 0.032}"
100000003016635100,coordinator,1.0,2,0.5969462695906932,Кандидат в координирующий узел: 8 плательщиков → 73 получателей; сигналы S2,0,True,8,73,586981.0,9414081.0,36,151,,106066.21256168254,1.0,0,0.0,0.007268819096283914,0.8676277426356219,3,0.10695187165775401,13,fast_pass;sync_in;near_threshold;cycles;bridge;distributor;S2,"{""betweenness"": 0.15, ""degree"": 0.1, ""n_seed_upstream"": 0.058, ""role"": 0.198, ""seed_flow_kzt"": 0.233, ""temporal"": 0.096}"
100000003200071100,peripheral,0.5,44,0.14702449014421023,"Периферийный узел: 0 входящих, 1 исходящих, оборот 30 тыс.",0,True,0,1,0.0,30000.0,0,1,,0.0,1.0,0,0.0,0.0,0.0,0,0.0,0,,"{""betweenness"": 0.055, ""degree"": 0.032, ""n_seed_upstream"": 0.058, ""role"": 0.026, ""seed_flow_kzt"": 0.002, ""temporal"": 0.032}"
100000003265658100,peripheral,1.0,0,0.12461302158887275,Нет переводов ≥5000 KZT в выгрузке,0,True,0,0,0.0,0.0,0,0,,0.0,1.0,0,1.0,0.0,0.0,0,0.0,0,,"{""betweenness"": 0.055, ""degree"": 0.0, ""n_seed_upstream"": 0.058, ""role"": 0.026, ""seed_flow_kzt"": 0.002, ""temporal"": 0.032}"
100000003349739100,peripheral,1.0,0,0.12461302158887275,Нет переводов ≥5000 KZT в выгрузке,0,True,0,0,0.0,0.0,0,0,,0.0,1.0,0,1.0,0.0,0.0,0,0.0,0,,"{""betweenness"": 0.055, ""degree"": 0.0, ""n_seed_upstream"": 0.058, ""role"": 0.026, ""seed_flow_kzt"": 0.002, ""temporal"": 0.032}"
100000003684369100,coordinator,1.0,5,0.6974474500099551,Кандидат в координирующий узел: 24 плательщиков → 62 получателей; сигналы S2,0,True,24,62,3848436.0,8588655.0,58,67,,500392.2515996266,1.0,3,0.0,0.002271159210598796,0.7794862640303749,6,0.0,1,fast_pass;sync_in;cycles;bridge;distributor;S2,"{""betweenness"": 0.149, ""degree"": 0.1, ""n_seed_upstream"": 0.198, ""role"": 0.198, ""seed_flow_kzt"": 0.248, ""temporal"": 0.082}"
100000003770083100,peripheral,1.0,0,0.12461302158887275,Нет переводов ≥5000 KZT в выгрузке,0,True,0,0,0.0,0.0,0,0,,0.0,1.0,0,1.0,0.0,0.0,0,0.0,0,,"{""betweenness"": 0.055, ""degree"": 0.0, ""n_seed_upstream"": 0.058, ""role"": 0.026, ""seed_flow_kzt"": 0.002, ""temporal"": 0.032}"
100000003975102100,peripheral,0.5,2,0.43471797934977385,"Периферийный узел: 1 входящих, 2 исходящих, оборот 114 тыс.",0,True,1,2,25650.0,88500.0,1,2,,25647.6402654328,1.0,1,0.0,1.149251738045107e-05,0.0,1,0.0,0,,"{""betweenness"": 0.119, ""degree"": 0.081, ""n_seed_upstream"": 0.15, ""role"": 0.026, ""seed_flow_kzt"": 0.199, ""temporal"": 0.032}"
100000003977183100,peripheral,0.5,7,0.4691993059703614,"Периферийный узел: 2 входящих, 4 исходящих, оборот 890 тыс.",0,True,2,4,123800.0,766000.0,2,6,,76057.77777777778,1.0,1,0.0,1.5851748110966993e-06,0.0,1,0.0,1,cycles,"{""betweenness"": 0.116, ""degree"": 0.092, ""n_seed_upstream"": 0.15, ""role"": 0.026, ""seed_flow_kzt"": 0.227, ""temporal"": 0.044}"
100000004007116100,peripheral,0.5,23,0.3766424894046705,"Периферийный узел: 3 входящих, 4 исходящих, оборот 913 тыс.",0,True,3,4,764704.0,148000.0,24,6,,8032.405511680512,1.0,0,0.0,5.944405541612623e-07,0.03923086579905428,1,0.06666666666666667,12,near_threshold;cycles,"{""betweenness"": 0.113, ""degree"": 0.094, ""n_seed_upstream"": 0.058, ""role"": 0.026, ""seed_flow_kzt"": 0.168, ""temporal"": 0.068}"
100000004019124100,consolidator,1.0,2,0.57308928520636,"Признаки консолидации: 3 плательщиков, деньги от 4 seed за ≤2 колена, seed-поток 157 тыс., дальше ушло 0%",0,True,3,0,193000.0,0.0,3,0,,157359.67078189302,1.0,4,1.0,0.0,0.0,1,0.0,0,,"{""betweenness"": 0.055, ""degree"": 0.081, ""n_seed_upstream"": 0.199, ""role"": 0.194, ""seed_flow_kzt"": 0.238, ""temporal"": 0.032}"
100000004021459100,peripheral,1.0,0,0.12461302158887275,Нет переводов ≥5000 KZT в выгрузке,0,True,0,0,0.0,0.0,0,0,,0.0,1.0,0,1.0,0.0,0.0,0,0.0,0,,"{""betweenness"": 0.055, ""degree"": 0.0, ""n_seed_upstream"": 0.058, ""role"": 0.026, ""seed_flow_kzt"": 0.002, ""temporal"": 0.032}"
100000004041163100,peripheral,0.5,12,0.5102790340472735,"Периферийный узел: 1 входящих, 2 исходящих, оборот 916 тыс.",0,True,1,2,50000.0,866000.0,1,6,,50000.0,1.0,6,0.0,2.3381328463676314e-05,1.0,1,0.0,1,fast_pass;cycles,"{""betweenness"": 0.13, ""degree"": 0.081, ""n_seed_upstream"": 0.2, ""role"": 0.026, ""seed_flow_kzt"": 0.218, ""temporal"": 0.058}"
100000004174835100,peripheral,1.0,0,0.12461302158887275,Нет переводов ≥5000 KZT в выгрузке,0,True,0,0,0.0,0.0,0,0,,0.0,1.0,0,1.0,0.0,0.0,0,0.0,0,,"{""betweenness"": 0.055, ""degree"": 0.0, ""n_seed_upstream"": 0.058, ""role"": 0.026, ""seed_flow_kzt"": 0.002, ""temporal"": 0.032}"
100000004193835100,peripheral,0.5,2,0.4393292943083881,"Периферийный узел: 1 входящих, 1 исходящих, оборот 52 тыс.",0,True,1,1,47000.0,5000.0,1,1,,35339.64670189406,1.0,1,0.0,1.1888811083225246e-06,0.0,1,0.5,0,near_threshold,"{""betweenness"": 0.115, ""degree"": 0.07, ""n_seed_upstream"": 0.15, ""role"": 0.026, ""seed_flow_kzt"": 0.208, ""temporal"": 0.046}"
100000004269433100,peripheral,0.5,10,0.1545905509571351,"Периферийный узел: 0 входящих, 1 исходящих, оборот 1.37 млн",0,True,0,1,0.0,1372000.0,0,67,,0.0,1.0,0,0.0,0.0,0.0,0,0.014925373134328358,0,near_threshold,"{""betweenness"": 0.055, ""degree"": 0.032, ""n_seed_upstream"": 0.058, ""role"": 0.026, ""seed_flow_kzt"": 0.002, ""temporal"": 0.043}"
100000004358004100,peripheral,0.5,5,0.19358363910458795,"Периферийный узел: 0 входящих, 11 исходящих, оборот 981 тыс.",0,True,0,11,0.0,980850.0,0,17,,0.0,1.0,0,0.0,0.0,0.0,0,0.0,0,,"{""betweenness"": 0.055, ""degree"": 0.097, ""n_seed_upstream"": 0.058, ""role"": 0.026, ""seed_flow_kzt"": 0.002, ""temporal"": 0.032}"
100000004388983100,peripheral,0.5,41,0.1743100947179793,"Периферийный узел: 0 входящих, 2 исходящих, оборот 451 тыс.",0,True,0,2,0.0,450816.0,0,23,,0.0,1.0,0,0.0,0.0,0.0,0,0.0,0,,"{""betweenness"": 0.055, ""degree"": 0.07, ""n_seed_upstream"": 0.058, ""role"": 0.026, ""seed_flow_kzt"": 0.002, ""temporal"": 0.032}"
100000004714705100,peripheral,0.5,12,0.14702449014421023,"Периферийный узел: 0 входящих, 1 исходящих, оборот 37 тыс.",0,True,0,1,0.0,36550.0,0,1,,0.0,1.0,0,0.0,0.0,0.0,0,0.0,0,,"{""betweenness"": 0.055, ""degree"": 0.032, ""n_seed_upstream"": 0.058, ""role"": 0.026, ""seed_flow_kzt"": 0.002, ""temporal"": 0.032}"
100000004723755100,peripheral,0.5,5,0.14702449014421023,"Периферийный узел: 0 входящих, 1 исходящих, оборот 95 тыс.",0,True,0,1,0.0,95000.0,0,5,,0.0,1.0,0,0.0,0.0,0.0,0,0.0,0,,"{""betweenness"": 0.055, ""degree"": 0.032, ""n_seed_upstream"": 0.058, ""role"": 0.026, ""seed_flow_kzt"": 0.002, ""temporal"": 0.032}"
100000004813068100,peripheral,0.5,11,0.19094746423187417,"Периферийный узел: 0 входящих, 3 исходящих, оборот 297 тыс.",0,True,0,3,0.0,297000.0,0,5,,0.0,1.0,0,0.0,0.0,0.0,0,0.2,0,near_threshold,"{""betweenness"": 0.055, ""degree"": 0.081, ""n_seed_upstream"": 0.058, ""role"": 0.026, ""seed_flow_kzt"": 0.002, ""temporal"": 0.044}"
100000004971871100,peripheral,0.5,40,0.3067758910032141,"Периферийный узел: 1 входящих, 1 исходящих, оборот 31 тыс.",0,True,1,1,25400.0,5650.0,3,1,,3306.682027649769,1.0,0,0.0,0.0,0.22440944881889763,1,0.5,1,near_threshold;cycles,"{""betweenness"": 0.055, ""degree"": 0.07, ""n_seed_upstream"": 0.058, ""role"": 0.026, ""seed_flow_kzt"": 0.15, ""temporal"": 0.069}"
100000005017150100,peripheral,1.0,0,0.12461302158887275,Нет переводов ≥5000 KZT в выгрузке,0,True,0,0,0.0,0.0,0,0,,0.0,1.0,0,1.0,0.0,0.0,0,0.0,0,,"{""betweenness"": 0.055, ""degree"": 0.0, ""n_seed_upstream"": 0.058, ""role"": 0.026, ""seed_flow_kzt"": 0.002, ""temporal"": 0.032}"
100000005087431100,peripheral,1.0,0,0.12461302158887275,Нет переводов ≥5000 KZT в выгрузке,0,True,0,0,0.0,0.0,0,0,,0.0,1.0,0,1.0,0.0,0.0,0,0.0,0,,"{""betweenness"": 0.055, ""degree"": 0.0, ""n_seed_upstream"": 0.058, ""role"": 0.026, ""seed_flow_kzt"": 0.002, ""temporal"": 0.032}"
100000005235389100,peripheral,1.0,0,0.12461302158887275,Нет переводов ≥5000 KZT в выгрузке,0,True,0,0,0.0,0.0,0,0,,0.0,1.0,0,1.0,0.0,0.0,0,0.0,0,,"{""betweenness"": 0.055, ""degree"": 0.0, ""n_seed_upstream"": 0.058, ""role"": 0.026, ""seed_flow_kzt"": 0.002, ""temporal"": 0.032}"
100000005264990100,peripheral,0.5,12,0.34604374662229426,"Периферийный узел: 1 входящих, 2 исходящих, оборот 139 тыс.",0,True,1,2,17070.0,122000.0,1,2,,2736.9098473542444,1.0,0,0.0,7.906059370344787e-05,0.0,1,0.0,0,,"{""betweenness"": 0.139, ""degree"": 0.081, ""n_seed_upstream"": 0.058, ""role"": 0.026, ""seed_flow_kzt"": 0.147, ""temporal"": 0.032}"
100000005370580100,terminal,0.5,20,0.2746201325482834,"Вероятный конечный получатель: 1 плательщиков, получено 24 тыс., исходящих нет",0,True,1,0,24075.0,0.0,1,0,,192.39012775165642,1.0,0,1.0,0.0,0.0,1,0.0,0,,"{""betweenness"": 0.055, ""degree"": 0.032, ""n_seed_upstream"": 0.058, ""role"": 0.121, ""seed_flow_kzt"": 0.086, ""temporal"": 0.032}"
100000005382566100,consolidator,1.0,12,0.6705799698495319,"Признаки консолидации: 7 плательщиков, деньги от 6 seed за ≤2 колена, seed-поток 340 тыс., дальше ушло 0%",0,True,7,1,393066.0,50000.0,11,1,,339962.36993433494,1.0,6,0.0,4.6366363224578456e-05,0.12211689639907802,2,0.08333333333333333,1,near_threshold;cycles,"{""betweenness"": 0.136, ""degree"": 0.095, ""n_seed_upstream"": 0.2, ""role"": 0.194, ""seed_flow_kzt"": 0.245, ""temporal"": 0.067}"
100000005386383100,peripheral,0.5,12,0.31595471741047293,"Периферийный узел: 2 входящих, 1 исходящих, оборот 66 тыс.",0,True,2,1,37500.0,29000.0,2,1,,504.8101013095188,1.0,0,0.0,2.67498249372568e-05,0.0,2,0.0,0,,"{""betweenness"": 0.131, ""degree"": 0.081, ""n_seed_upstream"": 0.058, ""role"": 0.026, ""seed_flow_kzt"": 0.113, ""temporal"": 0.032}"
100000005392290100,peripheral,0.5,43,0.14702449014421023,"Периферийный узел: 0 входящих, 1 исходящих, оборот 81 тыс.",0,True,0,1,0.0,81465.0,0,1,,0.0,1.0,0,0.0,0.0,0.0,0,0.0,0,,"{""betweenness"": 0.055, ""degree"": 0.032, ""n_seed_upstream"": 0.058, ""role"": 0.026, ""seed_flow_kzt"": 0.002, ""temporal"": 0.032}"
100000005395727100,terminal,0.5,2,0.28505333219557977,"Вероятный конечный получатель: 1 плательщиков, получено 17 тыс., исходящих нет",0,True,1,0,17000.0,0.0,1,0,,308.194431039925,1.0,0,1.0,0.0,0.0,1,0.0,0,,"{""betweenness"": 0.055, ""degree"": 0.032, ""n_seed_upstream"": 0.058, ""role"": 0.121, ""seed_flow_kzt"": 0.1, ""temporal"": 0.032}"
100000005409680100,terminal,0.5,19,0.349691384361578,"Вероятный конечный получатель: 2 плательщиков, получено 55 тыс., исходящих нет",0,True,2,0,55060.0,0.0,2,0,,3606.0666544449555,1.0,0,1.0,0.0,0.0,1,0.0,0,,"{""betweenness"": 0.055, ""degree"": 0.07, ""n_seed_upstream"": 0.058, ""role"": 0.121, ""seed_flow_kzt"": 0.152, ""temporal"": 0.032}"
100000005417257100,peripheral,0.5,12,0.1743100947179793,"Периферийный узел: 0 входящих, 2 исходящих, оборот 106 тыс.",0,True,0,2,0.0,106000.0,0,2,,0.0,1.0,0,0.0,0.0,0.0,0,0.0,0,,"{""betweenness"": 0.055, ""degree"": 0.07, ""n_seed_upstream"": 0.058, ""role"": 0.026, ""seed_flow_kzt"": 0.002, ""temporal"": 0.032}"
100000005454368100,terminal,0.5,20,0.33949711295047924,"Вероятный конечный получатель: 2 плательщиков, получено 49 тыс., исходящих нет",0,True,2,0,48600.0,0.0,2,0,,1608.1871620383538,1.0,0,1.0,0.0,0.0,1,0.0,0,,"{""betweenness"": 0.055, ""degree"": 0.07, ""n_seed_upstream"": 0.058, ""role"": 0.121, ""seed_flow_kzt"": 0.138, ""temporal"": 0.032}"
100000005480435100,peripheral,1.0,0,0.12461302158887275,Нет переводов ≥5000 KZT в выгрузке,0,True,0,0,0.0,0.0,0,0,,0.0,1.0,0,1.0,0.0,0.0,0,0.0,0,,"{""betweenness"": 0.055, ""degree"": 0.0, ""n_seed_upstream"": 0.058, ""role"": 0.026, ""seed_flow_kzt"": 0.002, ""temporal"": 0.032}"
100000005485830100,peripheral,0.5,37,0.1887732172824757,"Периферийный узел: 0 входящих, 5 исходящих, оборот 276 тыс.",0,True,0,5,0.0,275885.0,0,9,,0.0,1.0,0,0.0,0.0,0.0,0,0.0,0,,"{""betweenness"": 0.055, ""degree"": 0.09, ""n_seed_upstream"": 0.058, ""role"": 0.026, ""seed_flow_kzt"": 0.002, ""temporal"": 0.032}"
100000005493505100,terminal,0.5,20,0.48358676792672856,"Вероятный конечный получатель: 3 плательщиков, получено 62 тыс., исходящих нет",0,True,3,0,62020.0,0.0,3,0,,23099.749971394096,1.0,2,1.0,0.0,0.0,1,0.0,0,,"{""betweenness"": 0.055, ""degree"": 0.081, ""n_seed_upstream"": 0.191, ""role"": 0.121, ""seed_flow_kzt"": 0.195, ""temporal"": 0.032}"
100000005495722100,peripheral,1.0,0,0.12461302158887275,Нет переводов ≥5000 KZT в выгрузке,0,True,0,0,0.0,0.0,0,0,,0.0,1.0,0,1.0,0.0,0.0,0,0.0,0,,"{""betweenness"": 0.055, ""degree"": 0.0, ""n_seed_upstream"": 0.058, ""role"": 0.026, ""seed_flow_kzt"": 0.002, ""temporal"": 0.032}"
100000005498992100,peripheral,0.5,7,0.19452342350029864,"Периферийный узел: 0 входящих, 16 исходящих, оборот 2.26 млн",0,True,0,16,0.0,2262868.0,0,19,,0.0,1.0,0,0.0,0.0,0.0,0,0.0,0,,"{""betweenness"": 0.055, ""degree"": 0.098, ""n_seed_upstream"": 0.058, ""role"": 0.026, ""seed_flow_kzt"": 0.002, ""temporal"": 0.032}"
100000005519347100,peripheral,0.5,2,0.486876013311716,"Периферийный узел: 2 входящих, 1 исходящих, оборот 172 тыс.",0,True,2,1,73100.0,99000.0,2,1,,73097.88405867269,1.0,3,0.0,2.377762216645049e-06,0.0,1,0.0,0,,"{""betweenness"": 0.117, ""degree"": 0.081, ""n_seed_upstream"": 0.198, ""role"": 0.026, ""seed_flow_kzt"": 0.226, ""temporal"": 0.032}"
100000005523088100,terminal,0.5,12,0.48685212048809623,"Вероятный конечный получатель: 1 плательщиков, получено 700 тыс., исходящих нет",0,True,1,0,700000.0,0.0,2,0,,700000.0,1.0,2,1.0,0.0,0.0,1,0.0,0,,"{""betweenness"": 0.055, ""degree"": 0.032, ""n_seed_upstream"": 0.191, ""role"": 0.121, ""seed_flow_kzt"": 0.249, ""temporal"": 0.032}"
100000005543136100,peripheral,0.5,20,0.14702449014421023,"Периферийный узел: 0 входящих, 1 исходящих, оборот 10 тыс.",0,True,0,1,0.0,10000.0,0,1,,0.0,1.0,0,0.0,0.0,0.0,0,0.0,0,,"{""betweenness"": 0.055, ""degree"": 0.032, ""n_seed_upstream"": 0.058, ""role"": 0.026, ""seed_flow_kzt"": 0.002, ""temporal"": 0.032}"
100000005550592100,peripheral,1.0,0,0.12461302158887275,Нет переводов ≥5000 KZT в выгрузке,0,True,0,0,0.0,0.0,0,0,,0.0,1.0,0,1.0,0.0,0.0,0,0.0,0,,"{""betweenness"": 0.055, ""degree"": 0.0, ""n_seed_upstream"": 0.058, ""role"": 0.026, ""seed_flow_kzt"": 0.002, ""temporal"": 0.032}"
100000005560900100,peripheral,1.0,0,0.12461302158887275,Нет переводов ≥5000 KZT в выгрузке,0,True,0,0,0.0,0.0,0,0,,0.0,1.0,0,1.0,0.0,0.0,0,0.0,0,,"{""betweenness"": 0.055, ""degree"": 0.0, ""n_seed_upstream"": 0.058, ""role"": 0.026, ""seed_flow_kzt"": 0.002, ""temporal"": 0.032}"
100000005568407100,peripheral,1.0,0,0.12461302158887275,Нет переводов ≥5000 KZT в выгрузке,0,True,0,0,0.0,0.0,0,0,,0.0,1.0,0,1.0,0.0,0.0,0,0.0,0,,"{""betweenness"": 0.055, ""degree"": 0.0, ""n_seed_upstream"": 0.058, ""role"": 0.026, ""seed_flow_kzt"": 0.002, ""temporal"": 0.032}"
100000005668605100,consolidator,1.0,12,0.5627357283044628,"Признаки консолидации: 3 плательщиков, деньги от 4 seed за ≤2 колена, seed-поток 63 тыс., дальше ушло 0%",0,True,3,0,94500.0,0.0,3,0,,63068.237496047885,1.0,4,1.0,0.0,0.0,1,0.0,0,,"{""betweenness"": 0.055, ""degree"": 0.081, ""n_seed_upstream"": 0.199, ""role"": 0.194, ""seed_flow_kzt"": 0.223, ""temporal"": 0.032}"
100000005744674100,peripheral,0.5,12,0.14702449014421023,"Периферийный узел: 0 входящих, 1 исходящих, оборот 50 тыс.",0,True,0,1,0.0,50066.0,0,2,,0.0,1.0,0,0.0,0.0,0.0,0,0.0,0,,"{""betweenness"": 0.055, ""degree"": 0.032, ""n_seed_upstream"": 0.058, ""role"": 0.026, ""seed_flow_kzt"": 0.002, ""temporal"": 0.032}"
100000006232815100,peripheral,0.5,24,0.3991535113917569,"Периферийный узел: 1 входящих, 5 исходящих, оборот 456 тыс.",0,True,1,5,160000.0,296500.0,2,5,,54398.64003399915,1.0,0,0.0,2.774055919419224e-06,0.0,1,0.0,1,cycles,"{""betweenness"": 0.117, ""degree"": 0.092, ""n_seed_upstream"": 0.058, ""role"": 0.026, ""seed_flow_kzt"": 0.221, ""temporal"": 0.044}"
100000006249740100,peripheral,0.5,39,0.18238586910145912,"Периферийный узел: 0 входящих, 3 исходящих, оборот 93 тыс.",0,True,0,3,0.0,93007.0,0,5,,0.0,1.0,0,0.0,0.0,0.0,0,0.0,0,,"{""betweenness"": 0.055, ""degree"": 0.081, ""n_seed_upstream"": 0.058, ""role"": 0.026, ""seed_flow_kzt"": 0.002, ""temporal"": 0.032}"
100000006831291100,peripheral,0.5,39,0.15711920812356,"Периферийный узел: 0 входящих, 1 исходящих, оборот 15 тыс.",0,True,0,1,0.0,15000.0,0,3,,0.0,1.0,0,0.0,0.0,0.0,0,1.0,0,near_threshold,"{""betweenness"": 0.055, ""degree"": 0.032, ""n_seed_upstream"": 0.058, ""role"": 0.026, ""seed_flow_kzt"": 0.002, ""temporal"": 0.047}"
100000006866783100,coordinator,1.0,1,0.5726154108712346,"Кандидат в координирующий узел: 13 плательщиков → 67 получателей; сигналы S2, S3",0,True,13,67,838812.0,3948037.0,31,90,,38421.92524504723,1.0,0,0.0,0.006216461168567093,0.9558899968050052,5,0.0,93,fast_pass;sync_in;cycles;bridge;distributor;S2;S3,"{""betweenness"": 0.15, ""degree"": 0.1, ""n_seed_upstream"": 0.058, ""role"": 0.198, ""seed_flow_kzt"": 0.21, ""temporal"": 0.085}"
100000007018630100,peripheral,0.5,42,0.14702449014421023,"Периферийный узел: 0 входящих, 1 исходящих, оборот 200 тыс.",0,True,0,1,0.0,200000.0,0,5,,0.0,1.0,0,0.0,0.0,0.0,0,0.0,0,,"{""betweenness"": 0.055, ""degree"": 0.032, ""n_seed_upstream"": 0.058, ""role"": 0.026, ""seed_flow_kzt"": 0.002, ""temporal"": 0.032}"
100000007747786100,distributor,0.8541532517707721,7,0.31468839775862556,"Веерная рассылка: 31 получателей, отдано 4.24 млн",0,True,0,31,0.0,4238009.4,0,35,,0.0,1.0,0,0.0,0.0,0.0,0,0.0,0,,"{""betweenness"": 0.055, ""degree"": 0.099, ""n_seed_upstream"": 0.058, ""role"": 0.192, ""seed_flow_kzt"": 0.002, ""temporal"": 0.032}"
100000007982728100,peripheral,0.5,7,0.1923093551782006,"Периферийный узел: 0 входящих, 8 исходящих, оборот 1.80 млн",0,True,0,8,0.0,1804384.0,0,12,,0.0,1.0,0,0.0,0.0,0.0,0,0.0,0,,"{""betweenness"": 0.055, ""degree"": 0.095, ""n_seed_upstream"": 0.058, ""role"": 0.026, ""seed_flow_kzt"": 0.002, ""temporal"": 0.032}"
100000008117324100,peripheral,1.0,0,0.12461302158887275,Нет переводов ≥5000 KZT в выгрузке,0,True,0,0,0.0,0.0,0,0,,0.0,1.0,0,1.0,0.0,0.0,0,0.0,0,,"{""betweenness"": 0.055, ""degree"": 0.0, ""n_seed_upstream"": 0.058, ""role"": 0.026, ""seed_flow_kzt"": 0.002, ""temporal"": 0.032}"
100000008205000100,peripheral,1.0,0,0.12461302158887275,Нет переводов ≥5000 KZT в выгрузке,0,True,0,0,0.0,0.0,0,0,,0.0,1.0,0,1.0,0.0,0.0,0,0.0,0,,"{""betweenness"": 0.055, ""degree"": 0.0, ""n_seed_upstream"": 0.058, ""role"": 0.026, ""seed_flow_kzt"": 0.002, ""temporal"": 0.032}"
100000008314203100,peripheral,0.5,3,0.4823602696475808,"Периферийный узел: 2 входящих, 2 исходящих, оборот 709 тыс.",0,True,2,2,382076.0,327000.0,10,13,,382076.0,1.0,2,0.0,0.0,0.26977878746636796,1,0.043478260869565216,4,near_threshold;cycles,"{""betweenness"": 0.055, ""degree"": 0.087, ""n_seed_upstream"": 0.191, ""role"": 0.026, ""seed_flow_kzt"": 0.246, ""temporal"": 0.069}"
100000008418835100,peripheral,0.5,10,0.5121705492505049,"Периферийный узел: 1 входящих, 4 исходящих, оборот 1.56 млн",0,True,1,4,1372000.0,186179.0,67,6,,1372000.0,1.0,1,0.0,0.00031663866851656567,0.07507288629737609,1,0.0273972602739726,0,near_threshold,"{""betweenness"": 0.145, ""degree"": 0.09, ""n_seed_upstream"": 0.15, ""role"": 0.026, ""seed_flow_kzt"": 0.25, ""temporal"": 0.054}"
100000008513251100,peripheral,1.0,0,0.12461302158887275,Нет переводов ≥5000 KZT в выгрузке,0,True,0,0,0.0,0.0,0,0,,0.0,1.0,0,1.0,0.0,0.0,0,0.0,0,,"{""betweenness"": 0.055, ""degree"": 0.0, ""n_seed_upstream"": 0.058, ""role"": 0.026, ""seed_flow_kzt"": 0.002, ""temporal"": 0.032}"
100000008516839100,consolidator,0.5,12,0.5683107204824074,"Признаки консолидации: 3 плательщиков, деньги от 3 seed за ≤2 колена, seed-поток 102 тыс., дальше ушло 0%",0,True,3,0,155000.0,0.0,4,0,,101500.0,1.0,3,1.0,0.0,0.0,2,0.0,0,,"{""betweenness"": 0.055, ""degree"": 0.081, ""n_seed_upstream"": 0.198, ""role"": 0.194, ""seed_flow_kzt"": 0.232, ""temporal"": 0.032}"
100000008522127100,peripheral,0.5,6,0.14702449014421023,"Периферийный узел: 0 входящих, 1 исходящих, оборот 145 тыс.",0,True,0,1,0.0,145000.0,0,3,,0.0,1.0,0,0.0,0.0,0.0,0,0.0,0,,"{""betweenness"": 0.055, ""degree"": 0.032, ""n_seed_upstream"": 0.058, ""role"": 0.026, ""seed_flow_kzt"": 0.002, ""temporal"": 0.032}"
100000008571433100,peripheral,0.5,36,0.4206729811986233,"Периферийный узел: 2 входящих, 2 исходящих, оборот 1.78 млн",0,True,2,2,350000.0,1434000.0,2,3,,342027.92064658337,1.0,0,0.0,9.90734256935437e-07,0.5714285714285714,1,0.0,2,fast_pass;cycles,"{""betweenness"": 0.114, ""degree"": 0.087, ""n_seed_upstream"": 0.058, ""role"": 0.026, ""seed_flow_kzt"": 0.245, ""temporal"": 0.058}"
100000008575624100,peripheral,0.5,33,0.19094746423187417,"Периферийный узел: 0 входящих, 3 исходящих, оборот 90 тыс.",0,True,0,3,0.0,89500.0,0,5,,0.0,1.0,0,0.0,0.0,0.0,0,0.2,0,near_threshold,"{""betweenness"": 0.055, ""degree"": 0.081, ""n_seed_upstream"": 0.058, ""role"": 0.026, ""seed_flow_kzt"": 0.002, ""temporal"": 0.044}"
100000008601794100,peripheral,0.5,38,0.415667434650283,"Периферийный узел: 2 входящих, 1 исходящих, оборот 1.37 млн",0,True,2,1,494400.0,871400.0,8,13,,494400.0,1.0,0,0.0,3.962937027741748e-07,0.0,1,0.09523809523809523,2,near_threshold;cycles,"{""betweenness"": 0.112, ""degree"": 0.081, ""n_seed_upstream"": 0.058, ""role"": 0.026, ""seed_flow_kzt"": 0.247, ""temporal"": 0.057}"
100000008637537100,coordinator,1.0,3,0.6762903546946553,Кандидат в координирующий узел: 3 плательщиков → 3 получателей; сигналы S1,0,True,3,3,619890.0,2351495.0,22,30,,614599.875264889,1.0,3,0.0,7.787171259512535e-05,0.818032231524948,2,0.019230769230769232,4,fast_pass;near_threshold;cycles;consolidator;S1,"{""betweenness"": 0.139, ""degree"": 0.092, ""n_seed_upstream"": 0.198, ""role"": 0.198, ""seed_flow_kzt"": 0.248, ""temporal"": 0.069}"
100000008650785100,peripheral,0.5,2,0.4971738202918337,"Периферийный узел: 2 входящих, 2 исходящих, оборот 212 тыс.",0,True,2,2,92000.0,120120.0,2,2,,83192.71187057956,1.0,2,0.0,2.3183181612289228e-05,0.0,1,0.0,0,,"{""betweenness"": 0.13, ""degree"": 0.087, ""n_seed_upstream"": 0.191, ""role"": 0.026, ""seed_flow_kzt"": 0.228, ""temporal"": 0.032}"
100000008654653100,peripheral,0.5,2,0.14702449014421023,"Периферийный узел: 0 входящих, 1 исходящих, оборот 54 тыс.",0,True,0,1,0.0,54000.0,0,1,,0.0,1.0,0,0.0,0.0,0.0,0,0.0,0,,"{""betweenness"": 0.055, ""degree"": 0.032, ""n_seed_upstream"": 0.058, ""role"": 0.026, ""seed_flow_kzt"": 0.002, ""temporal"": 0.032}"
100000008659445100,peripheral,0.5,32,0.42178399749694223,"Периферийный узел: 3 входящих, 4 исходящих, оборот 1.01 млн",0,True,3,4,138490.0,875150.0,7,18,,79623.89985054433,1.0,0,0.0,1.1888811083225246e-06,0.4693479673622644,2,0.04,10,near_threshold;cycles,"{""betweenness"": 0.115, ""degree"": 0.094, ""n_seed_upstream"": 0.058, ""role"": 0.026, ""seed_flow_kzt"": 0.228, ""temporal"": 0.069}"
100000008669037100,peripheral,1.0,0,0.12461302158887275,Нет переводов ≥5000 KZT в выгрузке,0,True,0,0,0.0,0.0,0,0,,0.0,1.0,0,1.0,0.0,0.0,0,0.0,0,,"{""betweenness"": 0.055, ""degree"": 0.0, ""n_seed_upstream"": 0.058, ""role"": 0.026, ""seed_flow_kzt"": 0.002, ""temporal"": 0.032}"
100000008673001100,terminal,0.5,12,0.44263446824245517,"Вероятный конечный получатель: 1 плательщиков, получено 80 тыс., исходящих нет",0,True,1,0,80000.0,0.0,1,0,,80000.0,1.0,1,1.0,0.0,0.0,1,0.0,0,,"{""betweenness"": 0.055, ""degree"": 0.032, ""n_seed_upstream"": 0.15, ""role"": 0.121, ""seed_flow_kzt"": 0.228, ""temporal"": 0.032}"
100000008680731100,distributor,0.7253702511268549,11,0.3146087550132263,"Веерная рассылка: 27 получателей, отдано 1.46 млн",0,True,0,27,0.0,1464354.0,0,28,,0.0,1.0,0,0.0,0.0,0.0,0,0.0,0,,"{""betweenness"": 0.055, ""degree"": 0.099, ""n_seed_upstream"": 0.058, ""role"": 0.192, ""seed_flow_kzt"": 0.002, ""temporal"": 0.032}"
100000008701222100,peripheral,1.0,0,0.12461302158887275,Нет переводов ≥5000 KZT в выгрузке,0,True,0,0,0.0,0.0,0,0,,0.0,1.0,0,1.0,0.0,0.0,0,0.0,0,,"{""betweenness"": 0.055, ""degree"": 0.0, ""n_seed_upstream"": 0.058, ""role"": 0.026, ""seed_flow_kzt"": 0.002, ""temporal"": 0.032}"
100000008738325100,peripheral,0.5,12,0.4281394885797991,"Периферийный узел: 1 входящих, 1 исходящих, оборот 91 тыс.",0,True,1,1,36550.0,54000.0,1,1,,36550.0,1.0,1,0.0,1.981468513870874e-07,0.0,1,0.0,0,,"{""betweenness"": 0.111, ""degree"": 0.07, ""n_seed_upstream"": 0.15, ""role"": 0.026, ""seed_flow_kzt"": 0.209, ""temporal"": 0.032}"
100000003134937100,terminal,0.5,2,0.5768125835537731,"Вероятный конечный получатель: 1 плательщиков, получено 10 тыс., исходящих нет",1,False,1,0,10286.0,0.0,1,0,0.0,10286.0,1.0,1,1.0,0.0,0.0,1,0.0,0,,"{""betweenness"": 0.055, ""degree"": 0.032, ""n_seed_upstream"": 0.15, ""role"": 0.121, ""seed_flow_kzt"": 0.174, ""temporal"": 0.032}"
100000005074393100,coordinator,0.5,20,0.9599283215291404,Кандидат в координирующий узел: 4 плательщиков → 6 получателей; сигналы S3,1,False,4,6,563026.0,685500.0,5,10,1.2175281425724567,201070.8017176264,0.29331991497830256,2,0.0,0.00021697080226886072,0.017761169111195574,1,0.13333333333333333,3,near_threshold;cycles;external_funding;peripheral;S3,"{""betweenness"": 0.144, ""degree"": 0.096, ""n_seed_upstream"": 0.191, ""role"": 0.198, ""seed_flow_kzt"": 0.241, ""temporal"": 0.068}"
100000001924185100,terminal,0.5,10,0.7315925704696077,"Вероятный конечный получатель: 2 плательщиков, получено 151 тыс., исходящих нет",1,False,2,0,151000.0,0.0,2,0,0.0,151000.0,1.0,4,1.0,0.0,0.0,1,0.0,0,,"{""betweenness"": 0.055, ""degree"": 0.07, ""n_seed_upstream"": 0.199, ""role"": 0.121, ""seed_flow_kzt"": 0.237, ""temporal"": 0.032}"
100000004070318100,coordinator,1.0,3,0.9089512757061183,"Кандидат в координирующий узел: 4 плательщиков → 19 получателей; сигналы S1, S3",1,False,4,19,207246.55,551860.0,6,37,2.662818753798314,65291.96061361062,0.11831254414817277,1,0.0,0.0018530693541720415,0.4872351312965162,2,0.06976744186046512,41,near_threshold;cycles;external_funding;bridge;peripheral;S1;S3,"{""betweenness"": 0.149, ""degree"": 0.099, ""n_seed_upstream"": 0.15, ""role"": 0.198, ""seed_flow_kzt"": 0.224, ""temporal"": 0.07}"
100000005807278100,terminal,0.5,37,0.5713513667263986,"Вероятный конечный получатель: 1 плательщиков, получено 8 тыс., исходящих нет",1,False,1,0,8385.0,0.0,1,0,0.0,8385.0,1.0,1,1.0,0.0,0.0,1,0.0,0,,"{""betweenness"": 0.055, ""degree"": 0.032, ""n_seed_upstream"": 0.15, ""role"": 0.121, ""seed_flow_kzt"": 0.168, ""temporal"": 0.032}"
100000003377795100,terminal,0.5,7,0.566914128054157,"Вероятный конечный получатель: 1 плательщиков, получено 7 тыс., исходящих нет",1,False,1,0,7000.0,0.0,1,0,0.0,7000.0,1.0,1,1.0,0.0,0.0,1,0.0,0,,"{""betweenness"": 0.055, ""degree"": 0.032, ""n_seed_upstream"": 0.15, ""role"": 0.121, ""seed_flow_kzt"": 0.164, ""temporal"": 0.032}"
100000004330371100,peripheral,0.5,2,0.7289757374064908,"Периферийный узел: 2 входящих, 2 исходящих, оборот 355 тыс.",1,False,2,2,264171.0,90681.0,12,6,0.3432662934235779,132683.234050844,0.5022626785333894,1,0.0,0.00033467003199279065,0.18170048945569348,2,0.16666666666666666,2,near_threshold;cycles,"{""betweenness"": 0.146, ""degree"": 0.087, ""n_seed_upstream"": 0.15, ""role"": 0.026, ""seed_flow_kzt"": 0.236, ""temporal"": 0.069}"
100000008165763100,consolidator,1.0,5,0.9680063714196318,"Признаки консолидации: 15 плательщиков, деньги от 3 seed за ≤2 колена, seed-поток 189 тыс., дальше ушло 109%",1,False,15,17,1165815.0,1267858.0,26,17,1.087529324978663,188882.2348444699,0.14897743662497684,3,0.0,0.00032674415793730713,0.453931369900027,4,0.0,0,sync_in,"{""betweenness"": 0.146, ""degree"": 0.099, ""n_seed_upstream"": 0.198, ""role"": 0.194, ""seed_flow_kzt"": 0.24, ""temporal"": 0.07}"
100000001684867100,terminal,0.5,2,0.6077594789088944,"Вероятный конечный получатель: 1 плательщиков, получено 31 тыс., исходящих нет",1,False,1,0,30550.0,0.0,1,0,0.0,30550.0,1.0,1,1.0,0.0,0.0,1,0.0,0,,"{""betweenness"": 0.055, ""degree"": 0.032, ""n_seed_upstream"": 0.15, ""role"": 0.121, ""seed_flow_kzt"": 0.204, ""temporal"": 0.032}"
100000003900547100,terminal,0.5,2,0.600022755070114,"Вероятный конечный получатель: 1 плательщиков, получено 24 тыс., исходящих нет",1,False,1,0,23700.0,0.0,1,0,0.0,23700.0,1.0,1,1.0,0.0,0.0,1,0.0,0,,"{""betweenness"": 0.055, ""degree"": 0.032, ""n_seed_upstream"": 0.15, ""role"": 0.121, ""seed_flow_kzt"": 0.196, ""temporal"": 0.032}"
100000006656003100,peripheral,0.5,4,0.5479762209517308,"Периферийный узел: 1 входящих, 1 исходящих, оборот 29 тыс.",1,False,1,1,20000.0,9000.0,1,1,0.45,20000.0,1.0,1,0.0,0.0,0.0,1,0.0,1,cycles,"{""betweenness"": 0.055, ""degree"": 0.07, ""n_seed_upstream"": 0.15, ""role"": 0.026, ""seed_flow_kzt"": 0.191, ""temporal"": 0.044}"
100000008237827100,terminal,0.5,5,0.6576158375287994,"Вероятный конечный получатель: 1 плательщиков, получено 40 тыс., исходящих нет",1,False,1,0,40001.0,0.0,1,0,0.0,40001.0,1.0,2,1.0,0.0,0.0,1,0.0,0,,"{""betweenness"": 0.055, ""degree"": 0.032, ""n_seed_upstream"": 0.191, ""role"": 0.121, ""seed_flow_kzt"": 0.212, ""temporal"": 0.032}"
100000003014659100,terminal,0.5,10,0.6902693631424751,"Вероятный конечный получатель: 1 плательщиков, получено 280 тыс., исходящих нет",1,False,1,0,280000.0,0.0,1,0,0.0,280000.0,1.0,2,1.0,0.0,0.0,1,0.0,0,,"{""betweenness"": 0.055, ""degree"": 0.032, ""n_seed_upstream"": 0.191, ""role"": 0.121, ""seed_flow_kzt"": 0.244, ""temporal"": 0.032}"
100000007939160100,peripheral,0.5,35,0.6897744403674944,"Периферийный узел: 1 входящих, 2 исходящих, оборот 809 тыс.",1,False,1,2,795000.0,14300.0,2,2,0.017987421383647798,795000.0,1.0,1,0.0,3.962937027741748e-07,0.0,1,0.25,1,near_threshold;cycles,"{""betweenness"": 0.112, ""degree"": 0.081, ""n_seed_upstream"": 0.15, ""role"": 0.026, ""seed_flow_kzt"": 0.249, ""temporal"": 0.056}"
100000007274584100,terminal,0.5,5,0.6559092072702448,"Вероятный конечный получатель: 1 плательщиков, получено 38 тыс., исходящих нет",1,False,1,0,38000.0,0.0,1,0,0.0,38000.0,1.0,2,1.0,0.0,0.0,1,0.0,0,,"{""betweenness"": 0.055, ""degree"": 0.032, ""n_seed_upstream"": 0.191, ""role"": 0.121, ""seed_flow_kzt"": 0.21, ""temporal"": 0.032}"
100000001524952100,terminal,0.5,1,0.6371135193560316,"Вероятный конечный получатель: 1 плательщиков, получено 104 тыс., исходящих нет",1,False,1,0,103807.0,0.0,1,0,0.0,103807.0,1.0,1,1.0,0.0,0.0,1,0.0,0,,"{""betweenness"": 0.055, ""degree"": 0.032, ""n_seed_upstream"": 0.15, ""role"": 0.121, ""seed_flow_kzt"": 0.233, ""temporal"": 0.032}"
100000003131693100,terminal,0.5,5,0.6923173194527404,"Вероятный конечный получатель: 1 плательщиков, получено 353 тыс., исходящих нет",1,False,1,0,353277.0,0.0,1,0,0.0,353277.0,1.0,2,1.0,0.0,0.0,1,0.0,0,,"{""betweenness"": 0.055, ""degree"": 0.032, ""n_seed_upstream"": 0.191, ""role"": 0.121, ""seed_flow_kzt"": 0.246, ""temporal"": 0.032}"
100000008383405100,terminal,0.5,11,0.6150866114856216,"Вероятный конечный получатель: 1 плательщиков, получено 25 тыс., исходящих нет",1,False,1,0,25000.0,0.0,2,0,0.0,25000.0,1.0,1,1.0,0.0,0.0,1,0.5,0,near_threshold,"{""betweenness"": 0.055, ""degree"": 0.032, ""n_seed_upstream"": 0.15, ""role"": 0.121, ""seed_flow_kzt"": 0.198, ""temporal"": 0.046}"
100000008736173100,terminal,0.5,4,0.6079870296100349,"Вероятный конечный получатель: 1 плательщиков, получено 31 тыс., исходящих нет",1,False,1,0,31060.0,0.0,1,0,0.0,31060.0,1.0,1,1.0,0.0,0.0,1,0.0,0,,"{""betweenness"": 0.055, ""degree"": 0.032, ""n_seed_upstream"": 0.15, ""role"": 0.121, ""seed_flow_kzt"": 0.204, ""temporal"": 0.032}"
100000002861485100,terminal,0.5,2,0.6062803993514805,"Вероятный конечный получатель: 1 плательщиков, получено 29 тыс., исходящих нет",1,False,1,0,29323.0,0.0,1,0,0.0,29323.0,1.0,1,1.0,0.0,0.0,1,0.0,0,,"{""betweenness"": 0.055, ""degree"": 0.032, ""n_seed_upstream"": 0.15, ""role"": 0.121, ""seed_flow_kzt"": 0.203, ""temporal"": 0.032}"
100000008745474100,terminal,0.5,4,0.6159513041499558,"Вероятный конечный получатель: 1 плательщиков, получено 41 тыс., исходящих нет",1,False,1,0,40559.0,0.0,1,0,0.0,40559.0,1.0,1,1.0,0.0,0.0,1,0.0,0,,"{""betweenness"": 0.055, ""degree"": 0.032, ""n_seed_upstream"": 0.15, ""role"": 0.121, ""seed_flow_kzt"": 0.212, ""temporal"": 0.032}"
100000008691330100,terminal,0.5,4,0.5968370452541457,"Вероятный конечный получатель: 1 плательщиков, получено 21 тыс., исходящих нет",1,False,1,0,21440.0,0.0,1,0,0.0,21440.0,1.0,1,1.0,0.0,0.0,1,0.0,0,,"{""betweenness"": 0.055, ""degree"": 0.032, ""n_seed_upstream"": 0.15, ""role"": 0.121, ""seed_flow_kzt"": 0.193, ""temporal"": 0.032}"
100000007639767100,coordinator,1.0,3,0.8541343118013482,"Кандидат в координирующий узел: 4 плательщиков → 10 получателей; сигналы S1, S3",1,False,4,10,90913.0,822244.0,4,13,9.044295095310902,23508.732142169392,0.02859094398033843,1,0.0,0.0010012360400589526,0.0,1,0.0,60,cycles;external_funding;bridge;peripheral;S1;S3,"{""betweenness"": 0.148, ""degree"": 0.098, ""n_seed_upstream"": 0.15, ""role"": 0.198, ""seed_flow_kzt"": 0.196, ""temporal"": 0.047}"
100000002921047100,peripheral,0.5,7,0.6844668202633898,"Периферийный узел: 2 входящих, 1 исходящих, оборот 501 тыс.",1,False,2,1,338000.0,163000.02,2,1,0.48224857988165676,175107.96622344223,0.5180709059865155,1,0.0,2.159800680119253e-05,0.4822485207100592,1,0.0,0,,"{""betweenness"": 0.129, ""degree"": 0.081, ""n_seed_upstream"": 0.15, ""role"": 0.026, ""seed_flow_kzt"": 0.239, ""temporal"": 0.045}"
100000004783447100,terminal,0.5,4,0.6041186676906448,"Вероятный конечный получатель: 1 плательщиков, получено 26 тыс., исходящих нет",1,False,1,0,26200.0,0.0,1,0,0.0,26200.0,1.0,1,1.0,0.0,0.0,1,0.0,0,,"{""betweenness"": 0.055, ""degree"": 0.032, ""n_seed_upstream"": 0.15, ""role"": 0.121, ""seed_flow_kzt"": 0.2, ""temporal"": 0.032}"
100000008696919100,terminal,0.5,4,0.6086696817134567,"Вероятный конечный получатель: 1 плательщиков, получено 32 тыс., исходящих нет",1,False,1,0,31945.0,0.0,1,0,0.0,31945.0,1.0,1,1.0,0.0,0.0,1,0.0,0,,"{""betweenness"": 0.055, ""degree"": 0.032, ""n_seed_upstream"": 0.15, ""role"": 0.121, ""seed_flow_kzt"": 0.205, ""temporal"": 0.032}"
100000008736940100,peripheral,0.5,32,0.7005432772989731,"Периферийный узел: 3 входящих, 3 исходящих, оборот 633 тыс.",1,False,3,3,451090.0,182100.0,13,6,0.40368884258130305,349755.63891108887,0.7753566669868294,1,0.0,7.925874055483496e-07,0.14077013456294754,2,0.0,10,cycles,"{""betweenness"": 0.114, ""degree"": 0.092, ""n_seed_upstream"": 0.15, ""role"": 0.026, ""seed_flow_kzt"": 0.245, ""temporal"": 0.058}"
100000005940652100,terminal,0.5,3,0.6207640014790795,"Вероятный конечный получатель: 1 плательщиков, получено 8 тыс., исходящих нет",1,False,1,0,8395.0,0.0,1,0,0.0,8395.0,1.0,3,1.0,0.0,0.0,1,0.0,0,,"{""betweenness"": 0.055, ""degree"": 0.032, ""n_seed_upstream"": 0.198, ""role"": 0.121, ""seed_flow_kzt"": 0.169, ""temporal"": 0.032}"
100000004180097100,peripheral,0.5,16,0.7307278778052734,"Периферийный узел: 3 входящих, 3 исходящих, оборот 153 тыс.",1,False,3,3,104854.0,47800.0,5,7,0.4558719743643542,95692.60003227562,0.9126270817734718,1,0.0,0.0003136664657457594,0.20027848246132718,1,0.3333333333333333,3,near_threshold;cycles,"{""betweenness"": 0.145, ""degree"": 0.092, ""n_seed_upstream"": 0.15, ""role"": 0.026, ""seed_flow_kzt"": 0.231, ""temporal"": 0.07}"
100000005539201100,peripheral,0.5,2,0.6419717268253832,"Периферийный узел: 1 входящих, 1 исходящих, оборот 71 тыс.",1,False,1,1,45504.0,25000.0,1,1,0.5494022503516175,45504.0,1.0,1,0.0,4.240342619683671e-05,0.0,1,0.0,0,,"{""betweenness"": 0.135, ""degree"": 0.07, ""n_seed_upstream"": 0.15, ""role"": 0.026, ""seed_flow_kzt"": 0.215, ""temporal"": 0.032}"
100000005620225100,terminal,0.5,1,0.6703359217225587,"Вероятный конечный получатель: 2 плательщиков, получено 50 тыс., исходящих нет",1,False,2,0,49845.66,0.0,2,0,0.0,43927.63651260334,0.8812730438839277,1,1.0,0.0,0.0,1,0.5,0,near_threshold,"{""betweenness"": 0.055, ""degree"": 0.07, ""n_seed_upstream"": 0.15, ""role"": 0.121, ""seed_flow_kzt"": 0.214, ""temporal"": 0.046}"
100000004388353100,terminal,0.5,10,0.6923855846630828,"Вероятный конечный получатель: 2 плательщиков, получено 63 тыс., исходящих нет",1,False,2,0,62960.0,0.0,2,0,0.0,35299.65171026417,0.5606679115353267,2,1.0,0.0,0.0,1,0.0,0,,"{""betweenness"": 0.055, ""degree"": 0.07, ""n_seed_upstream"": 0.191, ""role"": 0.121, ""seed_flow_kzt"": 0.208, ""temporal"": 0.032}"
100000007442518100,coordinator,1.0,15,0.8175214039878259,Кандидат в координирующий узел: 5 плательщиков → 9 получателей; сигналы S3,1,False,5,9,510000.0,4419999.0,8,12,8.666664705882352,7293.080515081625,0.0016500185893891888,1,0.0,0.0002522409418157623,0.0,1,0.0,1,cycles;external_funding;peripheral;S3,"{""betweenness"": 0.144, ""degree"": 0.098, ""n_seed_upstream"": 0.15, ""role"": 0.198, ""seed_flow_kzt"": 0.165, ""temporal"": 0.044}"
100000000267734100,peripheral,0.5,25,0.6981255510993543,"Периферийный узел: 2 входящих, 7 исходящих, оборот 462 тыс.; есть источники вне выборки",1,False,2,7,180000.0,282000.0,4,8,1.5666666666666667,152432.43243243243,0.5405405405405406,1,0.0,3.5666433249675733e-06,0.2222222222222222,1,0.0,1,cycles;external_funding,"{""betweenness"": 0.117, ""degree"": 0.096, ""n_seed_upstream"": 0.15, ""role"": 0.026, ""seed_flow_kzt"": 0.238, ""temporal"": 0.056}"
100000001987030100,peripheral,0.5,2,0.6479221776602099,"Периферийный узел: 2 входящих, 1 исходящих, оборот 50 тыс.",1,False,2,1,30864.0,19000.0,2,1,0.6156039398652151,7852.084349150292,0.2544091611311007,2,0.0,5.706629319948117e-05,0.0,1,0.0,0,,"{""betweenness"": 0.136, ""degree"": 0.081, ""n_seed_upstream"": 0.191, ""role"": 0.026, ""seed_flow_kzt"": 0.167, ""temporal"": 0.032}"
100000002603478100,terminal,0.5,11,0.5989418892396963,"Вероятный конечный получатель: 1 плательщиков, получено 24 тыс., исходящих нет",1,False,1,0,23500.0,0.0,1,0,0.0,23500.0,1.0,1,1.0,0.0,0.0,1,0.0,0,,"{""betweenness"": 0.055, ""degree"": 0.032, ""n_seed_upstream"": 0.15, ""role"": 0.121, ""seed_flow_kzt"": 0.195, ""temporal"": 0.032}"
100000001380054100,peripheral,0.5,24,0.67783940609267,"Периферийный узел: 2 входящих, 3 исходящих, оборот 487 тыс.; есть источники вне выборки",1,False,2,3,127050.0,360000.0,2,4,2.833530106257379,122396.94007649808,0.3399915002124947,1,0.0,2.774055919419224e-06,0.0,1,0.0,2,cycles;external_funding,"{""betweenness"": 0.117, ""degree"": 0.09, ""n_seed_upstream"": 0.15, ""role"": 0.026, ""seed_flow_kzt"": 0.235, ""temporal"": 0.045}"
100000002992171100,terminal,0.5,4,0.5852319594959752,"Вероятный конечный получатель: 1 плательщиков, получено 15 тыс., исходящих нет",1,False,1,0,14627.0,0.0,1,0,0.0,14627.0,1.0,1,1.0,0.0,0.0,1,0.0,0,,"{""betweenness"": 0.055, ""degree"": 0.032, ""n_seed_upstream"": 0.15, ""role"": 0.121, ""seed_flow_kzt"": 0.182, ""temporal"": 0.032}"
100000002781227100,transit,0.502289737408735,6,0.8978354239554001,"Признаки транзита: получено 191 тыс., отдано 111%, медиана задержки 0 дн., 2→3 контрагента",1,False,2,3,191167.62,212420.0,8,10,1.1111714421092862,185265.9192006755,0.8721679653548419,1,0.0,0.00013295653728073565,0.21534828963189478,1,0.1111111111111111,1,near_threshold;cycles,"{""betweenness"": 0.142, ""degree"": 0.09, ""n_seed_upstream"": 0.15, ""role"": 0.189, ""seed_flow_kzt"": 0.239, ""temporal"": 0.067}"
100000008745643100,terminal,0.5,4,0.5949028642944506,"Вероятный конечный получатель: 1 плательщиков, получено 20 тыс., исходящих нет",1,False,1,0,20313.0,0.0,1,0,0.0,20313.0,1.0,1,1.0,0.0,0.0,1,0.0,0,,"{""betweenness"": 0.055, ""degree"": 0.032, ""n_seed_upstream"": 0.15, ""role"": 0.121, ""seed_flow_kzt"": 0.191, ""temporal"": 0.032}"
100000002836736100,terminal,0.5,7,0.7302727764029923,"Вероятный конечный получатель: 2 плательщиков, получено 509 тыс., исходящих нет",1,False,2,0,509000.0,0.0,2,0,0.0,325017.77777777775,0.6385418030997598,2,1.0,0.0,0.0,2,0.0,0,,"{""betweenness"": 0.055, ""degree"": 0.07, ""n_seed_upstream"": 0.191, ""role"": 0.121, ""seed_flow_kzt"": 0.245, ""temporal"": 0.032}"
100000004188160100,coordinator,0.5,2,0.9385613106920384,Кандидат в координирующий узел: 2 плательщиков → 5 получателей; сигналы S3,1,False,2,5,87862.0,133846.0,5,6,1.5233661878855478,79500.39468492025,0.59396914875992,2,0.0,0.0032091864050652675,0.37064942751132457,1,0.0,4,cycles;external_funding;bridge;peripheral;S3,"{""betweenness"": 0.149, ""degree"": 0.094, ""n_seed_upstream"": 0.191, ""role"": 0.198, ""seed_flow_kzt"": 0.228, ""temporal"": 0.058}"
100000004841728100,terminal,0.5,4,0.624029354040447,"Вероятный конечный получатель: 1 плательщиков, получено 52 тыс., исходящих нет",1,False,1,0,52208.0,0.0,1,0,0.0,52208.0,1.0,1,1.0,0.0,0.0,1,0.0,0,,"{""betweenness"": 0.055, ""degree"": 0.032, ""n_seed_upstream"": 0.15, ""role"": 0.121, ""seed_flow_kzt"": 0.22, ""temporal"": 0.032}"
100000001554432100,terminal,0.5,5,0.6668316409249936,"Вероятный конечный получатель: 1 плательщиков, получено 54 тыс., исходящих нет",1,False,1,0,53920.0,0.0,1,0,0.0,53920.0,1.0,2,1.0,0.0,0.0,1,0.0,0,,"{""betweenness"": 0.055, ""degree"": 0.032, ""n_seed_upstream"": 0.191, ""role"": 0.121, ""seed_flow_kzt"": 0.221, ""temporal"": 0.032}"
100000008768896100,terminal,0.5,4,0.6199903290952015,"Вероятный конечный получатель: 1 плательщиков, получено 47 тыс., исходящих нет",1,False,1,0,47060.0,0.0,1,0,0.0,47060.0,1.0,1,1.0,0.0,0.0,1,0.0,0,,"{""betweenness"": 0.055, ""degree"": 0.032, ""n_seed_upstream"": 0.15, ""role"": 0.121, ""seed_flow_kzt"": 0.216, ""temporal"": 0.032}"
100000008232832100,peripheral,0.5,3,0.640731575504167,"Периферийный узел: 1 входящих, 1 исходящих, оборот 475 тыс.",1,False,1,1,337000.0,138000.0,2,1,0.4094955489614243,337000.0,1.0,3,0.0,0.0,0.0,1,0.0,0,,"{""betweenness"": 0.055, ""degree"": 0.07, ""n_seed_upstream"": 0.198, ""role"": 0.026, ""seed_flow_kzt"": 0.245, ""temporal"": 0.032}"
100000002864256100,terminal,0.5,5,0.6824188639531246,"Вероятный конечный получатель: 1 плательщиков, получено 136 тыс., исходящих нет",1,False,1,0,135780.0,0.0,1,0,0.0,135780.0,1.0,2,1.0,0.0,0.0,1,0.0,0,,"{""betweenness"": 0.055, ""degree"": 0.032, ""n_seed_upstream"": 0.191, ""role"": 0.121, ""seed_flow_kzt"": 0.236, ""temporal"": 0.032}"
100000001929088100,terminal,0.5,7,0.7318656313109764,"Вероятный конечный получатель: 2 плательщиков, получено 396 тыс., исходящих нет",1,False,2,0,396010.0,0.0,2,0,0.0,396010.0,1.0,2,1.0,0.0,0.0,1,0.0,0,,"{""betweenness"": 0.055, ""degree"": 0.07, ""n_seed_upstream"": 0.191, ""role"": 0.121, ""seed_flow_kzt"": 0.246, ""temporal"": 0.032}"
100000002794197100,terminal,0.5,7,0.6070768268054726,"Вероятный конечный получатель: 1 плательщиков, получено 30 тыс., исходящих нет",1,False,1,0,30100.0,0.0,1,0,0.0,30100.0,1.0,1,1.0,0.0,0.0,1,0.0,0,,"{""betweenness"": 0.055, ""degree"": 0.032, ""n_seed_upstream"": 0.15, ""role"": 0.121, ""seed_flow_kzt"": 0.203, ""temporal"": 0.032}"
100000005669845100,terminal,0.5,24,0.5940495491651733,"Вероятный конечный получатель: 1 плательщиков, получено 20 тыс., исходящих нет",1,False,1,0,20000.0,0.0,1,0,0.0,20000.0,1.0,1,1.0,0.0,0.0,1,0.0,0,,"{""betweenness"": 0.055, ""degree"": 0.032, ""n_seed_upstream"": 0.15, ""role"": 0.121, ""seed_flow_kzt"": 0.191, ""temporal"": 0.032}"
100000002211413100,terminal,0.5,4,0.6131638080609835,"Вероятный конечный получатель: 1 плательщиков, получено 37 тыс., исходящих нет",1,False,1,0,37000.0,0.0,1,0,0.0,37000.0,1.0,1,1.0,0.0,0.0,1,0.0,0,,"{""betweenness"": 0.055, ""degree"": 0.032, ""n_seed_upstream"": 0.15, ""role"": 0.121, ""seed_flow_kzt"": 0.209, ""temporal"": 0.032}"
100000002784085100,terminal,0.5,7,0.6451915692465227,"Вероятный конечный получатель: 1 плательщиков, получено 200 тыс., исходящих нет",1,False,1,0,200000.0,0.0,1,0,0.0,200000.0,1.0,1,1.0,0.0,0.0,1,0.0,0,,"{""betweenness"": 0.055, ""degree"": 0.032, ""n_seed_upstream"": 0.15, ""role"": 0.121, ""seed_flow_kzt"": 0.241, ""temporal"": 0.032}"
100000008782421100,terminal,0.5,4,0.6218676223796114,"Вероятный конечный получатель: 1 плательщиков, получено 50 тыс., исходящих нет",1,False,1,0,49680.0,0.0,1,0,0.0,49680.0,1.0,1,1.0,0.0,0.0,1,0.0,0,,"{""betweenness"": 0.055, ""degree"": 0.032, ""n_seed_upstream"": 0.15, ""role"": 0.121, ""seed_flow_kzt"": 0.218, ""temporal"": 0.032}"
100000003739818100,terminal,0.5,5,0.6683107204824075,"Вероятный конечный получатель: 1 плательщиков, получено 57 тыс., исходящих нет",1,False,1,0,57293.0,0.0,1,0,0.0,57293.0,1.0,2,1.0,0.0,0.0,1,0.0,0,,"{""betweenness"": 0.055, ""degree"": 0.032, ""n_seed_upstream"": 0.191, ""role"": 0.121, ""seed_flow_kzt"": 0.222, ""temporal"": 0.032}"
100000002214570100,terminal,0.5,4,0.604573769092926,"Вероятный конечный получатель: 1 плательщиков, получено 26 тыс., исходящих нет",1,False,1,0,26471.0,0.0,1,0,0.0,26471.0,1.0,1,1.0,0.0,0.0,1,0.0,0,,"{""betweenness"": 0.055, ""degree"": 0.032, ""n_seed_upstream"": 0.15, ""role"": 0.121, ""seed_flow_kzt"": 0.201, ""temporal"": 0.032}"
100000006443391100,peripheral,0.5,7,0.6825724606763943,"Периферийный узел: 3 входящих, 2 исходящих, оборот 147 тыс.",1,False,3,2,86775.93,60041.71000000001,7,6,0.6919166409394865,48657.33159680303,0.5607238274116225,1,0.0,1.1888811083225246e-06,0.12794942099727427,1,0.3076923076923077,2,near_threshold;cycles,"{""betweenness"": 0.115, ""degree"": 0.09, ""n_seed_upstream"": 0.15, ""role"": 0.026, ""seed_flow_kzt"": 0.217, ""temporal"": 0.069}"
100000005473151100,peripheral,0.5,7,0.6964416759109138,"Периферийный узел: 3 входящих, 4 исходящих, оборот 1.45 млн",1,False,3,4,1220000.0,225000.0,4,6,0.18442622950819673,61167.893165352994,0.05013761734864999,1,0.0,0.0002423335992464079,0.0,2,0.0,1,cycles,"{""betweenness"": 0.144, ""degree"": 0.094, ""n_seed_upstream"": 0.15, ""role"": 0.026, ""seed_flow_kzt"": 0.223, ""temporal"": 0.044}"
100000005124479100,peripheral,0.5,1,0.7178257530506015,"Периферийный узел: 2 входящих, 2 исходящих, оборот 160 тыс.",1,False,2,2,137753.0,22000.0,2,2,0.15970614070110994,49237.38944551128,0.3574324293881896,2,0.0,4.755524433290098e-05,0.0,1,0.25,0,near_threshold,"{""betweenness"": 0.136, ""degree"": 0.087, ""n_seed_upstream"": 0.191, ""role"": 0.026, ""seed_flow_kzt"": 0.218, ""temporal"": 0.045}"
100000005527892100,peripheral,0.5,6,0.7047870978752452,"Периферийный узел: 3 входящих, 8 исходящих, оборот 772 тыс.; есть источники вне выборки",1,False,3,8,220001.0,552419.0,3,8,2.510984040981632,70294.666907863,0.12724882183245506,1,0.0,0.0005966201695265202,0.3181803719074004,1,0.0,0,external_funding,"{""betweenness"": 0.147, ""degree"": 0.097, ""n_seed_upstream"": 0.15, ""role"": 0.026, ""seed_flow_kzt"": 0.226, ""temporal"": 0.044}"
100000008028628100,terminal,0.5,4,0.6261910857012827,"Вероятный конечный получатель: 1 плательщиков, получено 57 тыс., исходящих нет",1,False,1,0,57224.0,0.0,1,0,0.0,57224.0,1.0,1,1.0,0.0,0.0,1,0.0,0,,"{""betweenness"": 0.055, ""degree"": 0.032, ""n_seed_upstream"": 0.15, ""role"": 0.121, ""seed_flow_kzt"": 0.222, ""temporal"": 0.032}"
100000001953577100,terminal,0.5,4,0.5869385897545296,"Вероятный конечный получатель: 1 плательщиков, получено 16 тыс., исходящих нет",1,False,1,0,15600.0,0.0,1,0,0.0,15600.0,1.0,1,1.0,0.0,0.0,1,0.0,0,,"{""betweenness"": 0.055, ""degree"": 0.032, ""n_seed_upstream"": 0.15, ""role"": 0.121, ""seed_flow_kzt"": 0.184, ""temporal"": 0.032}"
100000008193577100,peripheral,0.5,32,0.7038825838382115,"Периферийный узел: 2 входящих, 5 исходящих, оборот 634 тыс.; есть источники вне выборки",1,False,2,5,154300.0,480180.0,6,16,3.1119896305897603,139181.50368821362,0.28985277122790126,1,0.0,7.925874055483496e-07,0.2287751134154245,1,0.045454545454545456,9,near_threshold;cycles;external_funding,"{""betweenness"": 0.114, ""degree"": 0.094, ""n_seed_upstream"": 0.15, ""role"": 0.026, ""seed_flow_kzt"": 0.236, ""temporal"": 0.069}"
100000008753193100,terminal,0.5,4,0.6112865147765736,"Вероятный конечный получатель: 1 плательщиков, получено 35 тыс., исходящих нет",1,False,1,0,35225.0,0.0,1,0,0.0,35225.0,1.0,1,1.0,0.0,0.0,1,0.0,0,,"{""betweenness"": 0.055, ""degree"": 0.032, ""n_seed_upstream"": 0.15, ""role"": 0.121, ""seed_flow_kzt"": 0.207, ""temporal"": 0.032}"
100000008746025100,terminal,0.5,4,0.5972921466564268,"Вероятный конечный получатель: 1 плательщиков, получено 22 тыс., исходящих нет",1,False,1,0,22000.0,0.0,1,0,0.0,22000.0,1.0,1,1.0,0.0,0.0,1,0.0,0,,"{""betweenness"": 0.055, ""degree"": 0.032, ""n_seed_upstream"": 0.15, ""role"": 0.121, ""seed_flow_kzt"": 0.194, ""temporal"": 0.032}"
100000002934441100,terminal,0.5,1,0.6516312540888016,"Вероятный конечный получатель: 2 плательщиков, получено 61 тыс., исходящих нет",1,False,2,0,60845.6,0.0,2,0,0.0,36087.396969382076,0.5930978898947842,1,1.0,0.0,0.0,2,0.0,0,,"{""betweenness"": 0.055, ""degree"": 0.07, ""n_seed_upstream"": 0.15, ""role"": 0.121, ""seed_flow_kzt"": 0.209, ""temporal"": 0.032}"
100000003701161100,peripheral,0.5,27,0.7725630742099724,"Периферийный узел: 4 входящих, 3 исходящих, оборот 1.88 млн",1,False,4,3,1527103.0,349000.0,13,7,0.22853730232996727,269263.33831426076,0.1763229712169125,2,0.0,0.00021300786524111896,0.0982252015744845,2,0.0,4,cycles,"{""betweenness"": 0.144, ""degree"": 0.094, ""n_seed_upstream"": 0.191, ""role"": 0.026, ""seed_flow_kzt"": 0.243, ""temporal"": 0.057}"
100000006707582100,peripheral,0.5,7,0.6855419973262792,"Периферийный узел: 2 входящих, 14 исходящих, оборот 1.00 млн; есть источники вне выборки",1,False,2,14,39520.0,961138.0,2,15,24.320293522267207,22408.470376783825,0.0233145192228211,1,0.0,0.0003634013254439183,0.4433198380566802,1,0.0,1,cycles;external_funding,"{""betweenness"": 0.146, ""degree"": 0.098, ""n_seed_upstream"": 0.15, ""role"": 0.026, ""seed_flow_kzt"": 0.194, ""temporal"": 0.056}"
100000003239379100,terminal,0.5,11,0.634269135591774,"Вероятный конечный получатель: 1 плательщиков, получено 92 тыс., исходящих нет",1,False,1,0,92500.0,0.0,1,0,0.0,92500.0,1.0,1,1.0,0.0,0.0,1,0.0,0,,"{""betweenness"": 0.055, ""degree"": 0.032, ""n_seed_upstream"": 0.15, ""role"": 0.121, ""seed_flow_kzt"": 0.23, ""temporal"": 0.032}"
100000000979923100,terminal,0.5,10,0.6780954006314531,"Вероятный конечный получатель: 1 плательщиков, получено 98 тыс., исходящих нет",1,False,1,0,97900.0,0.0,1,0,0.0,97900.0,1.0,2,1.0,0.0,0.0,1,0.0,0,,"{""betweenness"": 0.055, ""degree"": 0.032, ""n_seed_upstream"": 0.191, ""role"": 0.121, ""seed_flow_kzt"": 0.232, ""temporal"": 0.032}"
100000001111763100,terminal,0.5,4,0.5892709844412208,"Вероятный конечный получатель: 1 плательщиков, получено 17 тыс., исходящих нет",1,False,1,0,17144.0,0.0,1,0,0.0,17144.0,1.0,1,1.0,0.0,0.0,1,0.0,0,,"{""betweenness"": 0.055, ""degree"": 0.032, ""n_seed_upstream"": 0.15, ""role"": 0.121, ""seed_flow_kzt"": 0.186, ""temporal"": 0.032}"
100000003865939100,terminal,0.5,43,0.6325625053332196,"Вероятный конечный получатель: 1 плательщиков, получено 81 тыс., исходящих нет",1,False,1,0,81465.0,0.0,1,0,0.0,81465.0,1.0,1,1.0,0.0,0.0,1,0.0,0,,"{""betweenness"": 0.055, ""degree"": 0.032, ""n_seed_upstream"": 0.15, ""role"": 0.121, ""seed_flow_kzt"": 0.228, ""temporal"": 0.032}"
100000002858835100,terminal,0.5,4,0.6008191825241062,"Вероятный конечный получатель: 1 плательщиков, получено 24 тыс., исходящих нет",1,False,1,0,24400.0,0.0,1,0,0.0,24400.0,1.0,1,1.0,0.0,0.0,1,0.0,0,,"{""betweenness"": 0.055, ""degree"": 0.032, ""n_seed_upstream"": 0.15, ""role"": 0.121, ""seed_flow_kzt"": 0.197, ""temporal"": 0.032}"
100000003404627100,consolidator,1.0,3,0.8608641237875813,"Признаки консолидации: 4 плательщиков, деньги от 4 seed за ≤2 колена, seed-поток 614 тыс., дальше ушло 0%",1,False,4,0,877700.0,0.0,5,0,0.0,614284.2134622427,0.6998794730115561,4,1.0,0.0,0.0,3,0.0,0,sync_in,"{""betweenness"": 0.055, ""degree"": 0.087, ""n_seed_upstream"": 0.199, ""role"": 0.194, ""seed_flow_kzt"": 0.248, ""temporal"": 0.057}"
100000008691027100,terminal,0.5,4,0.5901811872457832,"Вероятный конечный получатель: 1 плательщиков, получено 18 тыс., исходящих нет",1,False,1,0,17534.0,0.0,1,0,0.0,17534.0,1.0,1,1.0,0.0,0.0,1,0.0,0,,"{""betweenness"": 0.055, ""degree"": 0.032, ""n_seed_upstream"": 0.15, ""role"": 0.121, ""seed_flow_kzt"": 0.187, ""temporal"": 0.032}"
100000004071080100,coordinator,1.0,1,0.8881474528543389,Кандидат в координирующий узел: 9 плательщиков → 2 получателей; сигналы S3,1,False,9,2,238600.0,46500.0,16,5,0.19488683989941324,71355.08701830088,0.2990573638654689,1,0.0,2.83349997483535e-05,0.1760268231349539,2,0.09523809523809523,1,near_threshold;cycles;consolidator;S3,"{""betweenness"": 0.131, ""degree"": 0.097, ""n_seed_upstream"": 0.15, ""role"": 0.198, ""seed_flow_kzt"": 0.226, ""temporal"": 0.067}"
100000002864680100,terminal,0.5,11,0.6259635350001422,"Вероятный конечный получатель: 1 плательщиков, получено 56 тыс., исходящих нет",1,False,1,0,55932.0,0.0,1,0,0.0,55932.0,1.0,1,1.0,0.0,0.0,1,0.0,0,,"{""betweenness"": 0.055, ""degree"": 0.032, ""n_seed_upstream"": 0.15, ""role"": 0.121, ""seed_flow_kzt"": 0.222, ""temporal"": 0.032}"
100000001330685100,peripheral,0.5,8,0.6676963335893279,"Периферийный узел: 3 входящих, 1 исходящих, оборот 2.54 млн",1,False,3,1,2435923.0,100500.0,7,1,0.04125746175063826,135739.3580207966,0.0557239937472558,1,0.0,1.922024458454748e-05,0.0,2,0.0,0,,"{""betweenness"": 0.122, ""degree"": 0.087, ""n_seed_upstream"": 0.15, ""role"": 0.026, ""seed_flow_kzt"": 0.236, ""temporal"": 0.032}"
100000008745725100,terminal,0.5,4,0.6199903290952015,"Вероятный конечный получатель: 1 плательщиков, получено 47 тыс., исходящих нет",1,False,1,0,47060.0,0.0,1,0,0.0,47060.0,1.0,1,1.0,0.0,0.0,1,0.0,0,,"{""betweenness"": 0.055, ""degree"": 0.032, ""n_seed_upstream"": 0.15, ""role"": 0.121, ""seed_flow_kzt"": 0.216, ""temporal"": 0.032}"
100000002621949100,terminal,0.5,5,0.6846943709645305,"Вероятный конечный получатель: 1 плательщиков, получено 165 тыс., исходящих нет",1,False,1,0,164612.0,0.0,1,0,0.0,164612.0,1.0,2,1.0,0.0,0.0,1,0.0,0,,"{""betweenness"": 0.055, ""degree"": 0.032, ""n_seed_upstream"": 0.191, ""role"": 0.121, ""seed_flow_kzt"": 0.238, ""temporal"": 0.032}"
100000007908818100,coordinator,0.75,14,0.9497454276530989,Кандидат в координирующий узел: 4 плательщиков → 6 получателей; сигналы S3,1,False,4,6,727475.0,302000.0,4,13,0.4151345407058662,418681.82898278814,0.5755274462803369,4,0.0,0.00017753957884283033,0.0,2,0.35294117647058826,0,near_threshold;consolidator;S3,"{""betweenness"": 0.143, ""degree"": 0.096, ""n_seed_upstream"": 0.199, ""role"": 0.198, ""seed_flow_kzt"": 0.247, ""temporal"": 0.045}"
100000008691495100,terminal,0.5,4,0.6048013197940666,"Вероятный конечный получатель: 1 плательщиков, получено 27 тыс., исходящих нет",1,False,1,0,27000.0,0.0,1,0,0.0,27000.0,1.0,1,1.0,0.0,0.0,1,0.0,0,,"{""betweenness"": 0.055, ""degree"": 0.032, ""n_seed_upstream"": 0.15, ""role"": 0.121, ""seed_flow_kzt"": 0.201, ""temporal"": 0.032}"
100000003832231100,terminal,0.5,5,0.652951048155417,"Вероятный конечный получатель: 1 плательщиков, получено 35 тыс., исходящих нет",1,False,1,0,35000.0,0.0,1,0,0.0,35000.0,1.0,2,1.0,0.0,0.0,1,0.0,0,,"{""betweenness"": 0.055, ""degree"": 0.032, ""n_seed_upstream"": 0.191, ""role"": 0.121, ""seed_flow_kzt"": 0.207, ""temporal"": 0.032}"
100000002371751100,peripheral,0.5,42,0.6440538157408198,"Периферийный узел: 1 входящих, 1 исходящих, оборот 450 тыс.; есть источники вне выборки",1,False,1,1,200000.0,250000.0,5,1,1.25,200000.0,0.8,1,0.0,1.981468513870874e-07,0.0,1,0.0,0,external_funding,"{""betweenness"": 0.111, ""degree"": 0.07, ""n_seed_upstream"": 0.15, ""role"": 0.026, ""seed_flow_kzt"": 0.241, ""temporal"": 0.032}"
100000002894076100,consolidator,0.5,7,0.8606365730864407,"Признаки консолидации: 4 плательщиков, деньги от 3 seed за ≤2 колена, seed-поток 822 тыс., дальше ушло 0%",1,False,4,0,1122782.0,0.0,6,0,0.0,822302.2008379006,0.7323792159456606,3,1.0,0.0,0.0,3,0.0,0,sync_in,"{""betweenness"": 0.055, ""degree"": 0.087, ""n_seed_upstream"": 0.198, ""role"": 0.194, ""seed_flow_kzt"": 0.249, ""temporal"": 0.057}"
100000001362940100,terminal,0.5,5,0.6744545894132036,"Вероятный конечный получатель: 1 плательщиков, получено 81 тыс., исходящих нет",1,False,1,0,81000.0,0.0,1,0,0.0,81000.0,1.0,2,1.0,0.0,0.0,1,0.0,0,,"{""betweenness"": 0.055, ""degree"": 0.032, ""n_seed_upstream"": 0.191, ""role"": 0.121, ""seed_flow_kzt"": 0.228, ""temporal"": 0.032}"
100000008741372100,terminal,0.5,4,0.612196717581136,"Вероятный конечный получатель: 1 плательщиков, получено 36 тыс., исходящих нет",1,False,1,0,35975.0,0.0,1,0,0.0,35975.0,1.0,1,1.0,0.0,0.0,1,0.0,0,,"{""betweenness"": 0.055, ""degree"": 0.032, ""n_seed_upstream"": 0.15, ""role"": 0.121, ""seed_flow_kzt"": 0.208, ""temporal"": 0.032}"
100000002618492100,terminal,0.5,10,0.7319338965213186,"Вероятный конечный получатель: 2 плательщиков, получено 296 тыс., исходящих нет",1,False,2,0,296500.0,0.0,2,0,0.0,180762.7705279043,0.609655212573033,3,1.0,0.0,0.0,1,0.0,0,,"{""betweenness"": 0.055, ""degree"": 0.07, ""n_seed_upstream"": 0.198, ""role"": 0.121, ""seed_flow_kzt"": 0.239, ""temporal"": 0.032}"
100000002750332100,terminal,0.5,7,0.5785192138123276,"Вероятный конечный получатель: 1 плательщиков, получено 11 тыс., исходящих нет",1,False,1,0,11360.0,0.0,1,0,0.0,11360.0,1.0,1,1.0,0.0,0.0,1,0.0,0,,"{""betweenness"": 0.055, ""degree"": 0.032, ""n_seed_upstream"": 0.15, ""role"": 0.121, ""seed_flow_kzt"": 0.175, ""temporal"": 0.032}"
100000004948177100,terminal,0.5,2,0.7004863896236879,"Вероятный конечный получатель: 3 плательщиков, получено 437 тыс., исходящих нет",1,False,3,0,437163.0,0.0,8,0,0.0,343503.49224487675,0.7857560961126095,1,1.0,0.0,0.0,1,0.0,0,,"{""betweenness"": 0.055, ""degree"": 0.081, ""n_seed_upstream"": 0.15, ""role"": 0.121, ""seed_flow_kzt"": 0.245, ""temporal"": 0.032}"
100000002511825100,terminal,0.5,1,0.6280114913104076,"Вероятный конечный получатель: 1 плательщиков, получено 65 тыс., исходящих нет",1,False,1,0,65000.0,0.0,1,0,0.0,65000.0,1.0,1,1.0,0.0,0.0,1,0.0,0,,"{""betweenness"": 0.055, ""degree"": 0.032, ""n_seed_upstream"": 0.15, ""role"": 0.121, ""seed_flow_kzt"": 0.224, ""temporal"": 0.032}"
100000008566737100,terminal,0.5,5,0.7184401399436812,"Вероятный конечный получатель: 2 плательщиков, получено 230 тыс., исходящих нет",1,False,2,0,230000.0,0.0,2,0,0.0,105852.5821946994,0.46022861823782346,2,1.0,0.0,0.0,2,0.0,0,,"{""betweenness"": 0.055, ""degree"": 0.07, ""n_seed_upstream"": 0.191, ""role"": 0.121, ""seed_flow_kzt"": 0.233, ""temporal"": 0.032}"
100000008661585100,terminal,0.5,4,0.6174303837073697,"Вероятный конечный получатель: 1 плательщиков, получено 43 тыс., исходящих нет",1,False,1,0,43141.0,0.0,1,0,0.0,43141.0,1.0,1,1.0,0.0,0.0,1,0.0,0,,"{""betweenness"": 0.055, ""degree"": 0.032, ""n_seed_upstream"": 0.15, ""role"": 0.121, ""seed_flow_kzt"": 0.213, ""temporal"": 0.032}"
100000004759121100,coordinator,1.0,1,0.8803993514805016,Кандидат в координирующий узел: 6 плательщиков → 2 получателей; сигналы S3,1,False,6,2,710000.0,312000.0,10,6,0.4394366197183099,68622.40680448596,0.09665127718941685,1,0.0,7.7079125189577e-05,0.0,1,0.0625,1,near_threshold;cycles;consolidator;S3,"{""betweenness"": 0.139, ""degree"": 0.095, ""n_seed_upstream"": 0.15, ""role"": 0.198, ""seed_flow_kzt"": 0.225, ""temporal"": 0.055}"
100000004360785100,terminal,0.5,2,0.6349517876951958,"Вероятный конечный получатель: 1 плательщиков, получено 95 тыс., исходящих нет",1,False,1,0,94705.0,0.0,1,0,0.0,94705.0,1.0,1,1.0,0.0,0.0,1,0.0,0,,"{""betweenness"": 0.055, ""degree"": 0.032, ""n_seed_upstream"": 0.15, ""role"": 0.121, ""seed_flow_kzt"": 0.231, ""temporal"": 0.032}"
100000005092518100,terminal,0.5,4,0.6039480046647894,"Вероятный конечный получатель: 1 плательщиков, получено 26 тыс., исходящих нет",1,False,1,0,26144.0,0.0,1,0,0.0,26144.0,1.0,1,1.0,0.0,0.0,1,0.0,0,,"{""betweenness"": 0.055, ""degree"": 0.032, ""n_seed_upstream"": 0.15, ""role"": 0.121, ""seed_flow_kzt"": 0.2, ""temporal"": 0.032}"
100000008737958100,terminal,0.5,4,0.6475353414682709,"Вероятный конечный получатель: 2 плательщиков, получено 53 тыс., исходящих нет",1,False,2,0,53373.0,0.0,2,0,0.0,31751.070228000866,0.5948901172503114,1,1.0,0.0,0.0,1,0.0,0,,"{""betweenness"": 0.055, ""degree"": 0.07, ""n_seed_upstream"": 0.15, ""role"": 0.121, ""seed_flow_kzt"": 0.205, ""temporal"": 0.032}"
100000003044518100,terminal,0.5,7,0.6101487612708706,"Вероятный конечный получатель: 1 плательщиков, получено 34 тыс., исходящих нет",1,False,1,0,34423.0,0.0,1,0,0.0,34423.0,1.0,1,1.0,0.0,0.0,1,0.0,0,,"{""betweenness"": 0.055, ""degree"": 0.032, ""n_seed_upstream"": 0.15, ""role"": 0.121, ""seed_flow_kzt"": 0.206, ""temporal"": 0.032}"
100000004159526100,peripheral,0.5,12,0.7703387661063229,"Периферийный узел: 4 входящих, 4 исходящих, оборот 343 тыс.",1,False,4,4,275037.0,68000.0,4,6,0.24723946232688693,108289.23969110235,0.3937260793678754,2,0.0,9.788454458522118e-05,0.07271748891967263,2,0.2,1,near_threshold;cycles,"{""betweenness"": 0.14, ""degree"": 0.095, ""n_seed_upstream"": 0.191, ""role"": 0.026, ""seed_flow_kzt"": 0.234, ""temporal"": 0.067}"
100000007544358100,transit,0.5020991528131422,2,0.8412492533492618,"Признаки транзита: получено 322 тыс., отдано 109%, 2→1 контрагента",1,False,2,1,322500.0,350000.0,2,3,1.0852713178294573,300361.6173558082,0.8581760495880234,1,0.0,1.9616538287321655e-05,0.0,1,0.0,0,,"{""betweenness"": 0.126, ""degree"": 0.081, ""n_seed_upstream"": 0.15, ""role"": 0.189, ""seed_flow_kzt"": 0.244, ""temporal"": 0.032}"
100000005901606100,terminal,0.5,4,0.6116278408282845,"Вероятный конечный получатель: 1 плательщиков, получено 36 тыс., исходящих нет",1,False,1,0,35660.0,0.0,1,0,0.0,35660.0,1.0,1,1.0,0.0,0.0,1,0.0,0,,"{""betweenness"": 0.055, ""degree"": 0.032, ""n_seed_upstream"": 0.15, ""role"": 0.121, ""seed_flow_kzt"": 0.208, ""temporal"": 0.032}"
100000006658598100,terminal,0.5,2,0.5728304462838125,"Вероятный конечный получатель: 1 плательщиков, получено 9 тыс., исходящих нет",1,False,1,0,9000.0,0.0,1,0,0.0,9000.0,1.0,1,1.0,0.0,0.0,1,0.0,0,,"{""betweenness"": 0.055, ""degree"": 0.032, ""n_seed_upstream"": 0.15, ""role"": 0.121, ""seed_flow_kzt"": 0.17, ""temporal"": 0.032}"
100000002793851100,terminal,0.5,2,0.577950337059476,"Вероятный конечный получатель: 1 плательщиков, получено 11 тыс., исходящих нет",1,False,1,0,11052.0,0.0,1,0,0.0,11052.0,1.0,1,1.0,0.0,0.0,1,0.0,0,,"{""betweenness"": 0.055, ""degree"": 0.032, ""n_seed_upstream"": 0.15, ""role"": 0.121, ""seed_flow_kzt"": 0.175, ""temporal"": 0.032}"
100000005612411100,peripheral,0.5,5,0.7425036265892994,"Периферийный узел: 3 входящих, 8 исходящих, оборот 622 тыс.; есть источники вне выборки",1,False,3,8,115500.0,506997.0,4,8,4.389584415584416,68843.64628476033,0.13578708805921993,2,0.0,0.00015534713148747652,0.7792207792207793,2,0.0,0,fast_pass;external_funding,"{""betweenness"": 0.143, ""degree"": 0.097, ""n_seed_upstream"": 0.191, ""role"": 0.026, ""seed_flow_kzt"": 0.225, ""temporal"": 0.045}"
100000007511163100,peripheral,0.5,2,0.6535028586056829,"Периферийный узел: 2 входящих, 3 исходящих, оборот 146 тыс.; есть источники вне выборки",1,False,2,3,63666.0,82052.0,2,3,1.2887883642760658,16267.730258440373,0.19826122773899935,1,0.0,3.3288671033030686e-05,0.7696415669274024,1,0.0,1,fast_pass;cycles;external_funding,"{""betweenness"": 0.131, ""degree"": 0.09, ""n_seed_upstream"": 0.15, ""role"": 0.026, ""seed_flow_kzt"": 0.185, ""temporal"": 0.057}"
100000002648315100,peripheral,0.5,7,0.6511761526865205,"Периферийный узел: 1 входящих, 2 исходящих, оборот 208 тыс.",1,False,1,2,132000.0,76000.0,1,3,0.5757575757575758,132000.0,1.0,1,0.0,3.962937027741748e-07,0.0,1,0.0,0,,"{""betweenness"": 0.112, ""degree"": 0.081, ""n_seed_upstream"": 0.15, ""role"": 0.026, ""seed_flow_kzt"": 0.235, ""temporal"": 0.032}"
100000004739664100,transit,0.50024528144284,4,0.7503882583838211,"Признаки транзита: получено 12 тыс., отдано 83%, 1→1 контрагента",1,False,1,1,12000.0,10000.0,1,1,0.8333333333333334,12000.0,1.0,1,0.0,1.387027959709612e-06,0.0,1,0.0,0,,"{""betweenness"": 0.115, ""degree"": 0.07, ""n_seed_upstream"": 0.15, ""role"": 0.189, ""seed_flow_kzt"": 0.177, ""temporal"": 0.032}"
100000003713616100,terminal,0.5,2,0.5876212418579514,"Вероятный конечный получатель: 1 плательщиков, получено 16 тыс., исходящих нет",1,False,1,0,15893.0,0.0,1,0,0.0,15893.0,1.0,1,1.0,0.0,0.0,1,0.0,0,,"{""betweenness"": 0.055, ""degree"": 0.032, ""n_seed_upstream"": 0.15, ""role"": 0.121, ""seed_flow_kzt"": 0.184, ""temporal"": 0.032}"
100000003476560100,terminal,0.5,5,0.6642716955371618,"Вероятный конечный получатель: 1 плательщиков, получено 50 тыс., исходящих нет",1,False,1,0,50000.0,0.0,1,0,0.0,50000.0,1.0,2,1.0,0.0,0.0,1,0.0,0,,"{""betweenness"": 0.055, ""degree"": 0.032, ""n_seed_upstream"": 0.191, ""role"": 0.121, ""seed_flow_kzt"": 0.218, ""temporal"": 0.032}"
100000008782800100,terminal,0.5,4,0.61754415905794,"Вероятный конечный получатель: 1 плательщиков, получено 43 тыс., исходящих нет",1,False,1,0,43381.0,0.0,1,0,0.0,43381.0,1.0,1,1.0,0.0,0.0,1,0.0,0,,"{""betweenness"": 0.055, ""degree"": 0.032, ""n_seed_upstream"": 0.15, ""role"": 0.121, ""seed_flow_kzt"": 0.214, ""temporal"": 0.032}"
100000004218576100,terminal,0.5,4,0.6039480046647894,"Вероятный конечный получатель: 1 плательщиков, получено 26 тыс., исходящих нет",1,False,1,0,26144.0,0.0,1,0,0.0,26144.0,1.0,1,1.0,0.0,0.0,1,0.0,0,,"{""betweenness"": 0.055, ""degree"": 0.032, ""n_seed_upstream"": 0.15, ""role"": 0.121, ""seed_flow_kzt"": 0.2, ""temporal"": 0.032}"
100000003299365100,transit,0.6014716886570399,5,0.8220837955456948,"Признаки транзита: получено 200 тыс., отдано 100%, медиана задержки 0 дн., 1→1 контрагента",1,False,1,1,200000.0,200000.0,1,1,1.0,200000.0,1.0,2,0.0,0.0,1.0,1,0.0,1,fast_pass;cycles,"{""betweenness"": 0.055, ""degree"": 0.07, ""n_seed_upstream"": 0.191, ""role"": 0.189, ""seed_flow_kzt"": 0.241, ""temporal"": 0.058}"
100000008730021100,terminal,0.5,10,0.686412378758142,"Вероятный конечный получатель: 1 плательщиков, получено 76 тыс., исходящих нет",1,False,1,0,75555.0,0.0,3,0,0.0,75555.0,1.0,2,1.0,0.0,0.0,1,0.3333333333333333,0,near_threshold,"{""betweenness"": 0.055, ""degree"": 0.032, ""n_seed_upstream"": 0.191, ""role"": 0.121, ""seed_flow_kzt"": 0.227, ""temporal"": 0.045}"
100000002757797100,terminal,0.5,11,0.6366015302784651,"Вероятный конечный получатель: 1 плательщиков, получено 100 тыс., исходящих нет",1,False,1,0,100000.0,0.0,1,0,0.0,100000.0,1.0,1,1.0,0.0,0.0,1,0.0,0,,"{""betweenness"": 0.055, ""degree"": 0.032, ""n_seed_upstream"": 0.15, ""role"": 0.121, ""seed_flow_kzt"": 0.232, ""temporal"": 0.032}"
100000002845605100,terminal,0.5,1,0.6264186364024233,"Вероятный конечный получатель: 1 плательщиков, получено 58 тыс., исходящих нет",1,False,1,0,57567.0,0.0,1,0,0.0,57567.0,1.0,1,1.0,0.0,0.0,1,0.0,0,,"{""betweenness"": 0.055, ""degree"": 0.032, ""n_seed_upstream"": 0.15, ""role"": 0.121, ""seed_flow_kzt"": 0.222, ""temporal"": 0.032}"
100000000817146100,terminal,0.5,2,0.6717239809995164,"Вероятный конечный получатель: 1 плательщиков, получено 70 тыс., исходящих нет",1,False,1,0,70020.0,0.0,1,0,0.0,70020.0,1.0,2,1.0,0.0,0.0,1,0.0,0,,"{""betweenness"": 0.055, ""degree"": 0.032, ""n_seed_upstream"": 0.191, ""role"": 0.121, ""seed_flow_kzt"": 0.225, ""temporal"": 0.032}"
100000002957306100,terminal,0.5,10,0.7405808231646613,"Вероятный конечный получатель: 2 плательщиков, получено 398 тыс., исходящих нет",1,False,2,0,398490.0,0.0,2,0,0.0,398490.0,1.0,4,1.0,0.0,0.0,1,0.0,0,,"{""betweenness"": 0.055, ""degree"": 0.07, ""n_seed_upstream"": 0.199, ""role"": 0.121, ""seed_flow_kzt"": 0.246, ""temporal"": 0.032}"
100000008188026100,peripheral,0.5,2,0.6781636658417953,"Периферийный узел: 2 входящих, 4 исходящих, оборот 424 тыс.; есть источники вне выборки",1,False,2,4,86468.0,337983.17,5,4,3.9087659018365173,63599.08904530054,0.18817235498826923,1,0.0,8.203279647425419e-05,0.0,1,0.0,0,external_funding,"{""betweenness"": 0.139, ""degree"": 0.092, ""n_seed_upstream"": 0.15, ""role"": 0.026, ""seed_flow_kzt"": 0.223, ""temporal"": 0.032}"
100000004790991100,terminal,0.5,2,0.6472395255567881,"Вероятный конечный получатель: 1 плательщиков, получено 239 тыс., исходящих нет",1,False,1,0,239413.0,0.0,4,0,0.0,239413.0,1.0,1,1.0,0.0,0.0,1,0.0,0,,"{""betweenness"": 0.055, ""degree"": 0.032, ""n_seed_upstream"": 0.15, ""role"": 0.121, ""seed_flow_kzt"": 0.243, ""temporal"": 0.032}"
100000002973903100,terminal,0.5,11,0.7101800494922774,"Вероятный конечный получатель: 3 плательщиков, получено 93 тыс., исходящих нет",1,False,3,0,92880.0,0.0,3,0,0.0,43474.49543198507,0.468071656244456,2,1.0,0.0,0.0,1,0.0,0,,"{""betweenness"": 0.055, ""degree"": 0.081, ""n_seed_upstream"": 0.191, ""role"": 0.121, ""seed_flow_kzt"": 0.214, ""temporal"": 0.032}"
100000004325327100,transit,0.5013867959312254,1,0.8201666808885854,"Признаки транзита: получено 71 тыс., отдано 99%, 2→1 контрагента",1,False,2,1,70817.0,70000.0,3,1,0.988463222107686,47491.76020205516,0.6706265473269859,1,0.0,3.844048916909496e-05,0.0,1,0.0,0,,"{""betweenness"": 0.132, ""degree"": 0.081, ""n_seed_upstream"": 0.15, ""role"": 0.189, ""seed_flow_kzt"": 0.217, ""temporal"": 0.032}"
100000001477796100,terminal,0.5,5,0.6439400403902494,"Вероятный конечный получатель: 1 плательщиков, получено 182 тыс., исходящих нет",1,False,1,0,182000.0,0.0,1,0,0.0,182000.0,1.0,1,1.0,0.0,0.0,1,0.0,0,,"{""betweenness"": 0.055, ""degree"": 0.032, ""n_seed_upstream"": 0.15, ""role"": 0.121, ""seed_flow_kzt"": 0.239, ""temporal"": 0.032}"
100000007536804100,peripheral,0.5,7,0.64949227749808,"Периферийный узел: 1 входящих, 2 исходящих, оборот 155 тыс.",1,False,1,2,100000.0,55000.0,1,2,0.55,100000.0,1.0,1,0.0,7.925874055483496e-07,0.0,1,0.0,0,,"{""betweenness"": 0.114, ""degree"": 0.081, ""n_seed_upstream"": 0.15, ""role"": 0.026, ""seed_flow_kzt"": 0.232, ""temporal"": 0.032}"
100000008665380100,peripheral,0.5,13,0.5974059220069972,"Периферийный узел: 2 входящих, 1 исходящих, оборот 87 тыс.",1,False,2,1,69100.0,18200.0,2,1,0.2633863965267728,10050.024756541436,0.1454417475621047,1,0.0,1.922024458454748e-05,0.0,1,0.0,0,,"{""betweenness"": 0.122, ""degree"": 0.081, ""n_seed_upstream"": 0.15, ""role"": 0.026, ""seed_flow_kzt"": 0.173, ""temporal"": 0.032}"
100000001870116100,terminal,0.5,4,0.6005916318229655,"Вероятный конечный получатель: 1 плательщиков, получено 24 тыс., исходящих нет",1,False,1,0,24000.0,0.0,1,0,0.0,24000.0,1.0,1,1.0,0.0,0.0,1,0.0,0,,"{""betweenness"": 0.055, ""degree"": 0.032, ""n_seed_upstream"": 0.15, ""role"": 0.121, ""seed_flow_kzt"": 0.197, ""temporal"": 0.032}"
100000001074553100,terminal,0.5,7,0.6869243678357083,"Вероятный конечный получатель: 2 плательщиков, получено 29 тыс., исходящих нет",1,False,2,0,28971.0,0.0,2,0,0.0,28971.0,1.0,2,1.0,0.0,0.0,1,0.0,0,,"{""betweenness"": 0.055, ""degree"": 0.07, ""n_seed_upstream"": 0.191, ""role"": 0.121, ""seed_flow_kzt"": 0.202, ""temporal"": 0.032}"
100000000978041100,terminal,0.5,4,0.6182268111613618,"Вероятный конечный получатель: 1 плательщиков, получено 44 тыс., исходящих нет",1,False,1,0,44445.0,0.0,1,0,0.0,44445.0,1.0,1,1.0,0.0,0.0,1,0.0,0,,"{""betweenness"": 0.055, ""degree"": 0.032, ""n_seed_upstream"": 0.15, ""role"": 0.121, ""seed_flow_kzt"": 0.214, ""temporal"": 0.032}"
100000002603769100,terminal,0.5,3,0.7356657280200244,"Вероятный конечный получатель: 3 плательщиков, получено 1.19 млн, исходящих нет",1,False,3,0,1185368.0,0.0,3,0,0.0,169725.65528934394,0.1431839355283287,2,1.0,0.0,0.0,1,0.0,0,,"{""betweenness"": 0.055, ""degree"": 0.081, ""n_seed_upstream"": 0.191, ""role"": 0.121, ""seed_flow_kzt"": 0.239, ""temporal"": 0.032}"
100000005034574100,terminal,0.5,41,0.6480359530107802,"Вероятный конечный получатель: 1 плательщиков, получено 259 тыс., исходящих нет",1,False,1,0,258816.0,0.0,16,0,0.0,258816.0,1.0,1,1.0,0.0,0.0,1,0.0,0,,"{""betweenness"": 0.055, ""degree"": 0.032, ""n_seed_upstream"": 0.15, ""role"": 0.121, ""seed_flow_kzt"": 0.243, ""temporal"": 0.032}"
100000002958286100,terminal,0.5,7,0.6479221776602099,"Вероятный конечный получатель: 1 плательщиков, получено 257 тыс., исходящих нет",1,False,1,0,257000.0,0.0,1,0,0.0,257000.0,1.0,1,1.0,0.0,0.0,1,0.0,0,,"{""betweenness"": 0.055, ""degree"": 0.032, ""n_seed_upstream"": 0.15, ""role"": 0.121, ""seed_flow_kzt"": 0.243, ""temporal"": 0.032}"
100000005634552100,peripheral,0.5,3,0.6400830560059163,"Периферийный узел: 1 входящих, 3 исходящих, оборот 1.22 млн; есть источники вне выборки",1,False,1,3,25850.0,1196000.0,1,4,46.2669245647969,25850.0,0.02161371237458194,1,0.0,2.99201745594502e-05,0.0,1,0.0,0,external_funding,"{""betweenness"": 0.131, ""degree"": 0.087, ""n_seed_upstream"": 0.15, ""role"": 0.026, ""seed_flow_kzt"": 0.199, ""temporal"": 0.032}"
100000008736760100,terminal,0.5,4,0.6253946582472908,"Вероятный конечный получатель: 1 плательщиков, получено 55 тыс., исходящих нет",1,False,1,0,54757.0,0.0,1,0,0.0,54757.0,1.0,1,1.0,0.0,0.0,1,0.0,0,,"{""betweenness"": 0.055, ""degree"": 0.032, ""n_seed_upstream"": 0.15, ""role"": 0.121, ""seed_flow_kzt"": 0.221, ""temporal"": 0.032}"
100000008701944100,terminal,0.5,10,0.6659214381204311,"Вероятный конечный получатель: 1 плательщиков, получено 52 тыс., исходящих нет",1,False,1,0,52124.0,0.0,1,0,0.0,52124.0,1.0,2,1.0,0.0,0.0,1,0.0,0,,"{""betweenness"": 0.055, ""degree"": 0.032, ""n_seed_upstream"": 0.191, ""role"": 0.121, ""seed_flow_kzt"": 0.22, ""temporal"": 0.032}"
100000008748408100,distributor,0.5321957501609793,17,0.8706146713314559,"Веерная рассылка: 21 получателей, отдано 1.50 млн",1,False,1,21,360000.0,1499960.0,2,22,4.166555555555555,360000.0,0.2400064001706712,1,0.0,7.331433501322234e-06,1.0,1,0.0,0,fast_pass;external_funding,"{""betweenness"": 0.118, ""degree"": 0.099, ""n_seed_upstream"": 0.15, ""role"": 0.192, ""seed_flow_kzt"": 0.246, ""temporal"": 0.046}"
100000008486520100,peripheral,0.5,2,0.6346901043888841,"Периферийный узел: 1 входящих, 1 исходящих, оборот 50 тыс.",1,False,1,1,35720.0,14000.0,2,1,0.3919372900335946,35720.0,1.0,1,0.0,1.922024458454748e-05,0.0,1,0.3333333333333333,0,near_threshold,"{""betweenness"": 0.122, ""degree"": 0.07, ""n_seed_upstream"": 0.15, ""role"": 0.026, ""seed_flow_kzt"": 0.208, ""temporal"": 0.045}"
100000003163256100,transit,0.502298388069504,2,0.7599112552265552,"Признаки транзита: получено 13 тыс., отдано 111%, 1→1 контрагента",1,False,1,1,13485.0,15000.0,1,1,1.1123470522803114,13485.0,0.899,1,0.0,1.922024458454748e-05,0.0,1,0.0,0,,"{""betweenness"": 0.122, ""degree"": 0.07, ""n_seed_upstream"": 0.15, ""role"": 0.189, ""seed_flow_kzt"": 0.18, ""temporal"": 0.032}"
100000003102157100,terminal,0.5,1,0.6355206644480473,"Вероятный конечный получатель: 1 плательщиков, получено 97 тыс., исходящих нет",1,False,1,0,96746.0,0.0,2,0,0.0,96746.0,1.0,1,1.0,0.0,0.0,1,0.0,0,,"{""betweenness"": 0.055, ""degree"": 0.032, ""n_seed_upstream"": 0.15, ""role"": 0.121, ""seed_flow_kzt"": 0.231, ""temporal"": 0.032}"
100000004741837100,terminal,0.5,2,0.6028671388343715,"Вероятный конечный получатель: 1 плательщиков, получено 26 тыс., исходящих нет",1,False,1,0,25596.0,0.0,1,0,0.0,25596.0,1.0,1,1.0,0.0,0.0,1,0.0,0,,"{""betweenness"": 0.055, ""degree"": 0.032, ""n_seed_upstream"": 0.15, ""role"": 0.121, ""seed_flow_kzt"": 0.199, ""temporal"": 0.032}"
100000008443341100,peripheral,0.5,10,0.689472935688483,"Периферийный узел: 2 входящих, 3 исходящих, оборот 84 тыс.; есть источники вне выборки",1,False,2,3,34500.0,50000.0,2,4,1.4492753623188406,30625.0,0.6125,1,0.0,0.0003364533536552744,0.7101449275362319,1,0.0,3,fast_pass;cycles;external_funding,"{""betweenness"": 0.146, ""degree"": 0.09, ""n_seed_upstream"": 0.15, ""role"": 0.026, ""seed_flow_kzt"": 0.204, ""temporal"": 0.059}"
100000004792397100,terminal,0.5,4,0.6307420997240947,"Вероятный конечный получатель: 1 плательщиков, получено 74 тыс., исходящих нет",1,False,1,0,73520.0,0.0,1,0,0.0,73520.0,1.0,1,1.0,0.0,0.0,1,0.0,0,,"{""betweenness"": 0.055, ""degree"": 0.032, ""n_seed_upstream"": 0.15, ""role"": 0.121, ""seed_flow_kzt"": 0.226, ""temporal"": 0.032}"
100000003809101100,peripheral,0.5,10,0.7680405040248028,"Периферийный узел: 2 входящих, 2 исходящих, оборот 221 тыс.",1,False,2,2,166050.0,55200.0,3,4,0.3324299909665763,147738.40342563274,0.8897223934094113,2,0.0,0.00013295653728073565,0.12044564890093346,1,0.2857142857142857,1,near_threshold;cycles,"{""betweenness"": 0.142, ""degree"": 0.087, ""n_seed_upstream"": 0.191, ""role"": 0.026, ""seed_flow_kzt"": 0.237, ""temporal"": 0.068}"
100000002838861100,coordinator,0.75,7,0.9169724379213242,Кандидат в координирующий узел: 5 плательщиков → 1 получателей; сигналы S3,1,False,5,1,554523.95,10000.0,5,1,0.018033486200190272,403408.4221533861,0.727486021394362,2,0.0,1.9418391435934565e-05,0.0,2,0.0,1,cycles;consolidator;S3,"{""betweenness"": 0.125, ""degree"": 0.092, ""n_seed_upstream"": 0.191, ""role"": 0.198, ""seed_flow_kzt"": 0.246, ""temporal"": 0.044}"
100000008560717100,coordinator,1.0,8,0.8309412065875926,Кандидат в координирующий узел: 7 плательщиков → 1 получателей; сигналы S3,1,False,7,1,529000.0,25000.0,9,1,0.04725897920604915,46319.338262577294,0.08756018575156388,1,0.0,1.922024458454748e-05,0.0,2,0.0,0,consolidator;S3,"{""betweenness"": 0.122, ""degree"": 0.095, ""n_seed_upstream"": 0.15, ""role"": 0.198, ""seed_flow_kzt"": 0.215, ""temporal"": 0.032}"
100000008693069100,terminal,0.5,4,0.5940495491651733,"Вероятный конечный получатель: 1 плательщиков, получено 20 тыс., исходящих нет",1,False,1,0,20000.0,0.0,1,0,0.0,20000.0,1.0,1,1.0,0.0,0.0,1,0.0,0,,"{""betweenness"": 0.055, ""degree"": 0.032, ""n_seed_upstream"": 0.15, ""role"": 0.121, ""seed_flow_kzt"": 0.191, ""temporal"": 0.032}"
100000008672162100,terminal,0.5,4,0.5868248144039593,"Вероятный конечный получатель: 1 плательщиков, получено 16 тыс., исходящих нет",1,False,1,0,15550.0,0.0,1,0,0.0,15550.0,1.0,1,1.0,0.0,0.0,1,0.0,0,,"{""betweenness"": 0.055, ""degree"": 0.032, ""n_seed_upstream"": 0.15, ""role"": 0.121, ""seed_flow_kzt"": 0.183, ""temporal"": 0.032}"
100000007311010100,peripheral,0.5,5,0.6887447734448332,"Периферийный узел: 2 входящих, 1 исходящих, оборот 84 тыс.",1,False,2,1,64480.0,20000.0,2,1,0.31017369727047145,41944.92252182939,0.6505105850159645,2,0.0,2.3975769017837576e-05,0.0,1,0.0,0,,"{""betweenness"": 0.13, ""degree"": 0.081, ""n_seed_upstream"": 0.191, ""role"": 0.026, ""seed_flow_kzt"": 0.213, ""temporal"": 0.032}"
100000005505655100,peripheral,0.5,26,0.6393947151349659,"Периферийный узел: 2 входящих, 1 исходящих, оборот 53 тыс.",1,False,2,1,33070.0,20000.0,2,1,0.6047777441790142,13452.647963133793,0.4067931044189233,1,0.0,0.0002690834241836647,0.0,1,0.0,1,cycles,"{""betweenness"": 0.145, ""degree"": 0.081, ""n_seed_upstream"": 0.15, ""role"": 0.026, ""seed_flow_kzt"": 0.179, ""temporal"": 0.044}"
100000004707703100,peripheral,0.5,2,0.7143442273231504,"Периферийный узел: 2 входящих, 5 исходящих, оборот 471 тыс.",1,False,2,5,239300.0,231650.0,3,6,0.9680317592979524,239277.98501045106,0.9999080025509864,1,0.0,0.00012661583803634885,0.5014625992478061,1,0.0,0,fast_pass,"{""betweenness"": 0.142, ""degree"": 0.094, ""n_seed_upstream"": 0.15, ""role"": 0.026, ""seed_flow_kzt"": 0.242, ""temporal"": 0.045}"
100000004005964100,peripheral,0.5,23,0.5848109906988651,"Периферийный узел: 3 входящих, 3 исходящих, оборот 170 тыс.",1,False,3,3,97900.0,72000.0,9,5,0.7354443309499489,13422.285208420375,0.1371019939573072,1,0.0,0.0,0.20429009193054137,1,0.07142857142857142,12,near_threshold;cycles,"{""betweenness"": 0.055, ""degree"": 0.092, ""n_seed_upstream"": 0.15, ""role"": 0.026, ""seed_flow_kzt"": 0.179, ""temporal"": 0.069}"
100000008244300100,consolidator,0.5,3,0.7203117444605626,"Признаки консолидации: 5 плательщиков, деньги от 1 seed за ≤2 колена, seed-поток 9 тыс., дальше ушло 0%",1,False,5,0,65430.0,0.0,6,0,0.0,9129.990884503319,0.13953829870859422,1,1.0,0.0,0.0,1,0.16666666666666666,0,near_threshold,"{""betweenness"": 0.055, ""degree"": 0.09, ""n_seed_upstream"": 0.15, ""role"": 0.194, ""seed_flow_kzt"": 0.17, ""temporal"": 0.044}"
100000002692044100,terminal,0.5,11,0.6358619904997581,"Вероятный конечный получатель: 1 плательщиков, получено 97 тыс., исходящих нет",1,False,1,0,97000.0,0.0,1,0,0.0,97000.0,1.0,1,1.0,0.0,0.0,1,0.0,0,,"{""betweenness"": 0.055, ""degree"": 0.032, ""n_seed_upstream"": 0.15, ""role"": 0.121, ""seed_flow_kzt"": 0.231, ""temporal"": 0.032}"
100000001103905100,terminal,0.5,4,0.5908069516739198,"Вероятный конечный получатель: 1 плательщиков, получено 18 тыс., исходящих нет",1,False,1,0,18000.0,0.0,1,0,0.0,18000.0,1.0,1,1.0,0.0,0.0,1,0.0,0,,"{""betweenness"": 0.055, ""degree"": 0.032, ""n_seed_upstream"": 0.15, ""role"": 0.121, ""seed_flow_kzt"": 0.187, ""temporal"": 0.032}"
100000008755361100,terminal,0.5,4,0.5852319594959752,"Вероятный конечный получатель: 1 плательщиков, получено 15 тыс., исходящих нет",1,False,1,0,14627.0,0.0,1,0,0.0,14627.0,1.0,1,1.0,0.0,0.0,1,0.0,0,,"{""betweenness"": 0.055, ""degree"": 0.032, ""n_seed_upstream"": 0.15, ""role"": 0.121, ""seed_flow_kzt"": 0.182, ""temporal"": 0.032}"
100000002810870100,terminal,0.5,4,0.6098074352191597,"Вероятный конечный получатель: 1 плательщиков, получено 34 тыс., исходящих нет",1,False,1,0,33677.0,0.0,1,0,0.0,33677.0,1.0,1,1.0,0.0,0.0,1,0.0,0,,"{""betweenness"": 0.055, ""degree"": 0.032, ""n_seed_upstream"": 0.15, ""role"": 0.121, ""seed_flow_kzt"": 0.206, ""temporal"": 0.032}"
100000005897462100,terminal,0.5,10,0.6783229513325937,"Вероятный конечный получатель: 1 плательщиков, получено 98 тыс., исходящих нет",1,False,1,0,98400.0,0.0,1,0,0.0,98400.0,1.0,2,1.0,0.0,0.0,1,0.0,0,,"{""betweenness"": 0.055, ""degree"": 0.032, ""n_seed_upstream"": 0.191, ""role"": 0.121, ""seed_flow_kzt"": 0.232, ""temporal"": 0.032}"
100000000941942100,terminal,0.5,5,0.681849987200273,"Вероятный конечный получатель: 1 плательщиков, получено 130 тыс., исходящих нет",1,False,1,0,130000.0,0.0,1,0,0.0,130000.0,1.0,2,1.0,0.0,0.0,1,0.0,0,,"{""betweenness"": 0.055, ""degree"": 0.032, ""n_seed_upstream"": 0.191, ""role"": 0.121, ""seed_flow_kzt"": 0.235, ""temporal"": 0.032}"
100000008723830100,transit,0.6013951090576192,2,0.870671559006741,"Признаки транзита: получено 460 тыс., отдано 99%, медиана задержки 1 дн., 2→1 контрагента",1,False,2,1,459785.0,455000.0,2,1,0.9895929619278576,454092.9758401489,0.987620248246787,1,0.0,1.9616538287321655e-05,0.987418032341203,1,0.3333333333333333,0,fast_pass;near_threshold,"{""betweenness"": 0.126, ""degree"": 0.081, ""n_seed_upstream"": 0.15, ""role"": 0.189, ""seed_flow_kzt"": 0.247, ""temporal"": 0.058}"
100000008776576100,terminal,0.5,4,0.5854595101971157,"Вероятный конечный получатель: 1 плательщиков, получено 15 тыс., исходящих нет",1,False,1,0,14765.0,0.0,1,0,0.0,14765.0,1.0,1,1.0,0.0,0.0,1,0.0,0,,"{""betweenness"": 0.055, ""degree"": 0.032, ""n_seed_upstream"": 0.15, ""role"": 0.121, ""seed_flow_kzt"": 0.182, ""temporal"": 0.032}"
100000005432267100,terminal,0.5,5,0.728679921495008,"Вероятный конечный получатель: 2 плательщиков, получено 350 тыс., исходящих нет",1,False,2,0,350001.0,0.0,2,0,0.0,250004.2798535971,0.7142959015934157,2,1.0,0.0,0.0,2,0.0,0,,"{""betweenness"": 0.055, ""degree"": 0.07, ""n_seed_upstream"": 0.191, ""role"": 0.121, ""seed_flow_kzt"": 0.243, ""temporal"": 0.032}"
100000006745291100,terminal,0.5,10,0.6746821401143441,"Вероятный конечный получатель: 1 плательщиков, получено 83 тыс., исходящих нет",1,False,1,0,82534.0,0.0,1,0,0.0,82534.0,1.0,2,1.0,0.0,0.0,1,0.0,0,,"{""betweenness"": 0.055, ""degree"": 0.032, ""n_seed_upstream"": 0.191, ""role"": 0.121, ""seed_flow_kzt"": 0.228, ""temporal"": 0.032}"
100000008670667100,terminal,0.5,4,0.5865403760275336,"Вероятный конечный получатель: 1 плательщиков, получено 16 тыс., исходящих нет",1,False,1,0,15534.0,0.0,1,0,0.0,15534.0,1.0,1,1.0,0.0,0.0,1,0.0,0,,"{""betweenness"": 0.055, ""degree"": 0.032, ""n_seed_upstream"": 0.15, ""role"": 0.121, ""seed_flow_kzt"": 0.183, ""temporal"": 0.032}"
100000002480800100,terminal,0.5,1,0.7274283926387347,"Вероятный конечный получатель: 2 плательщиков, получено 569 тыс., исходящих нет",1,False,2,0,569251.0,0.0,2,0,0.0,231680.92321622558,0.4069925625360791,2,1.0,0.0,0.0,2,0.0,0,,"{""betweenness"": 0.055, ""degree"": 0.07, ""n_seed_upstream"": 0.191, ""role"": 0.121, ""seed_flow_kzt"": 0.242, ""temporal"": 0.032}"
100000002182176100,terminal,0.5,1,0.6168615069545182,"Вероятный конечный получатель: 1 плательщиков, получено 42 тыс., исходящих нет",1,False,1,0,42465.0,0.0,1,0,0.0,42465.0,1.0,1,1.0,0.0,0.0,1,0.0,0,,"{""betweenness"": 0.055, ""degree"": 0.032, ""n_seed_upstream"": 0.15, ""role"": 0.121, ""seed_flow_kzt"": 0.213, ""temporal"": 0.032}"
100000008219168100,terminal,0.5,7,0.6245982307932987,"Вероятный конечный получатель: 1 плательщиков, получено 53 тыс., исходящих нет",1,False,1,0,53200.0,0.0,2,0,0.0,53200.0,1.0,1,1.0,0.0,0.0,1,0.0,0,,"{""betweenness"": 0.055, ""degree"": 0.032, ""n_seed_upstream"": 0.15, ""role"": 0.121, ""seed_flow_kzt"": 0.22, ""temporal"": 0.032}"
100000004226848100,terminal,0.5,5,0.6909520152458969,"Вероятный конечный получатель: 1 плательщиков, получено 302 тыс., исходящих нет",1,False,1,0,301866.0,0.0,1,0,0.0,301866.0,1.0,2,1.0,0.0,0.0,1,0.0,0,,"{""betweenness"": 0.055, ""degree"": 0.032, ""n_seed_upstream"": 0.191, ""role"": 0.121, ""seed_flow_kzt"": 0.244, ""temporal"": 0.032}"
100000006326645100,terminal,0.5,4,0.6020707113803794,"Вероятный конечный получатель: 1 плательщиков, получено 25 тыс., исходящих нет",1,False,1,0,25264.0,0.0,1,0,0.0,25264.0,1.0,1,1.0,0.0,0.0,1,0.0,0,,"{""betweenness"": 0.055, ""degree"": 0.032, ""n_seed_upstream"": 0.15, ""role"": 0.121, ""seed_flow_kzt"": 0.198, ""temporal"": 0.032}"
100000003589877100,peripheral,0.5,11,0.6709958187558664,"Периферийный узел: 2 входящих, 6 исходящих, оборот 592 тыс.; есть источники вне выборки",1,False,2,6,176000.0,416129.0,2,6,2.364369318181818,26001.268116063504,0.062483672409429536,1,0.0,9.729010403105992e-05,0.8522727272727273,1,0.0,0,fast_pass;external_funding,"{""betweenness"": 0.14, ""degree"": 0.095, ""n_seed_upstream"": 0.15, ""role"": 0.026, ""seed_flow_kzt"": 0.2, ""temporal"": 0.045}"
100000003942602100,transit,0.6014716886570399,4,0.7415649799470942,"Признаки транзита: получено 30 тыс., отдано 100%, медиана задержки 0 дн., 1→1 контрагента",1,False,1,1,30000.0,30000.0,1,1,1.0,30000.0,1.0,1,0.0,0.0,1.0,1,0.0,1,fast_pass;cycles,"{""betweenness"": 0.055, ""degree"": 0.07, ""n_seed_upstream"": 0.15, ""role"": 0.189, ""seed_flow_kzt"": 0.203, ""temporal"": 0.058}"
100000000922570100,transit,0.5019245904443437,11,0.7862388713485223,"Признаки транзита: получено 47 тыс., отдано 106%, 1→1 контрагента",1,False,1,1,47101.0,50000.0,1,1,1.0615485870788306,47101.0,0.94202,1,0.0,1.981468513870874e-07,0.0,1,0.0,0,,"{""betweenness"": 0.111, ""degree"": 0.07, ""n_seed_upstream"": 0.15, ""role"": 0.189, ""seed_flow_kzt"": 0.216, ""temporal"": 0.032}"
100000005079754100,peripheral,0.5,5,0.711181272577296,"Периферийный узел: 1 входящих, 2 исходящих, оборот 192 тыс.; есть источники вне выборки",1,False,1,2,70000.0,122000.0,1,2,1.7428571428571429,70000.0,0.5737704918032787,2,0.0,9.511048866580196e-05,0.0,1,0.0,0,external_funding,"{""betweenness"": 0.14, ""degree"": 0.081, ""n_seed_upstream"": 0.191, ""role"": 0.026, ""seed_flow_kzt"": 0.225, ""temporal"": 0.032}"
100000003187359100,terminal,0.5,4,0.5922860312313337,"Вероятный конечный получатель: 1 плательщиков, получено 19 тыс., исходящих нет",1,False,1,0,19072.0,0.0,1,0,0.0,19072.0,1.0,1,1.0,0.0,0.0,1,0.0,0,,"{""betweenness"": 0.055, ""degree"": 0.032, ""n_seed_upstream"": 0.15, ""role"": 0.121, ""seed_flow_kzt"": 0.189, ""temporal"": 0.032}"
100000000998559100,terminal,0.5,5,0.6786073897090195,"Вероятный конечный получатель: 1 плательщиков, получено 100 тыс., исходящих нет",1,False,1,0,100000.0,0.0,1,0,0.0,100000.0,1.0,2,1.0,0.0,0.0,1,0.0,0,,"{""betweenness"": 0.055, ""degree"": 0.032, ""n_seed_upstream"": 0.191, ""role"": 0.121, ""seed_flow_kzt"": 0.232, ""temporal"": 0.032}"
100000008690932100,terminal,0.5,4,0.5980885741104189,"Вероятный конечный получатель: 1 плательщиков, получено 23 тыс., исходящих нет",1,False,1,0,23000.0,0.0,1,0,0.0,23000.0,1.0,1,1.0,0.0,0.0,1,0.0,0,,"{""betweenness"": 0.055, ""degree"": 0.032, ""n_seed_upstream"": 0.15, ""role"": 0.121, ""seed_flow_kzt"": 0.195, ""temporal"": 0.032}"
100000008773876100,terminal,0.5,4,0.6037773416389339,"Вероятный конечный получатель: 1 плательщиков, получено 26 тыс., исходящих нет",1,False,1,0,26120.0,0.0,1,0,0.0,26120.0,1.0,1,1.0,0.0,0.0,1,0.0,0,,"{""betweenness"": 0.055, ""degree"": 0.032, ""n_seed_upstream"": 0.15, ""role"": 0.121, ""seed_flow_kzt"": 0.2, ""temporal"": 0.032}"
100000006789108100,terminal,0.5,10,0.6555109935432488,"Вероятный конечный получатель: 1 плательщиков, получено 38 тыс., исходящих нет",1,False,1,0,37500.0,0.0,1,0,0.0,37500.0,1.0,2,1.0,0.0,0.0,1,0.0,0,,"{""betweenness"": 0.055, ""degree"": 0.032, ""n_seed_upstream"": 0.191, ""role"": 0.121, ""seed_flow_kzt"": 0.21, ""temporal"": 0.032}"
100000004058740100,terminal,0.5,4,0.6066786130784765,"Вероятный конечный получатель: 1 плательщиков, получено 30 тыс., исходящих нет",1,False,1,0,30000.0,0.0,1,0,0.0,30000.0,1.0,1,1.0,0.0,0.0,1,0.0,0,,"{""betweenness"": 0.055, ""degree"": 0.032, ""n_seed_upstream"": 0.15, ""role"": 0.121, ""seed_flow_kzt"": 0.203, ""temporal"": 0.032}"
100000007641801100,terminal,0.5,7,0.6451915692465227,"Вероятный конечный получатель: 1 плательщиков, получено 200 тыс., исходящих нет",1,False,1,0,200000.0,0.0,1,0,0.0,200000.0,1.0,1,1.0,0.0,0.0,1,0.0,0,,"{""betweenness"": 0.055, ""degree"": 0.032, ""n_seed_upstream"": 0.15, ""role"": 0.121, ""seed_flow_kzt"": 0.241, ""temporal"": 0.032}"
100000000555721100,terminal,0.5,1,0.6741587735017208,"Вероятный конечный получатель: 2 плательщиков, получено 113 тыс., исходящих нет",1,False,2,0,113000.0,0.0,3,0,0.0,95218.34752802696,0.8426402436108581,1,1.0,0.0,0.0,2,0.0,0,,"{""betweenness"": 0.055, ""degree"": 0.07, ""n_seed_upstream"": 0.15, ""role"": 0.121, ""seed_flow_kzt"": 0.231, ""temporal"": 0.032}"
100000008729801100,terminal,0.5,4,0.5901811872457832,"Вероятный конечный получатель: 1 плательщиков, получено 18 тыс., исходящих нет",1,False,1,0,17534.0,0.0,1,0,0.0,17534.0,1.0,1,1.0,0.0,0.0,1,0.0,0,,"{""betweenness"": 0.055, ""degree"": 0.032, ""n_seed_upstream"": 0.15, ""role"": 0.121, ""seed_flow_kzt"": 0.187, ""temporal"": 0.032}"
100000004664905100,terminal,0.5,2,0.6859914099610318,"Вероятный конечный получатель: 2 плательщиков, получено 329 тыс., исходящих нет",1,False,2,0,329020.0,0.0,4,0,0.0,237705.7823754443,0.7224660579157629,1,1.0,0.0,0.0,1,0.0,0,,"{""betweenness"": 0.055, ""degree"": 0.07, ""n_seed_upstream"": 0.15, ""role"": 0.121, ""seed_flow_kzt"": 0.242, ""temporal"": 0.032}"
100000003057225100,terminal,0.5,2,0.6467844241545069,"Вероятный конечный получатель: 1 плательщиков, получено 236 тыс., исходящих нет",1,False,1,0,236000.0,0.0,1,0,0.0,236000.0,1.0,1,1.0,0.0,0.0,1,0.0,0,,"{""betweenness"": 0.055, ""degree"": 0.032, ""n_seed_upstream"": 0.15, ""role"": 0.121, ""seed_flow_kzt"": 0.242, ""temporal"": 0.032}"
100000000703902100,terminal,0.5,4,0.6026395881332309,"Вероятный конечный получатель: 1 плательщиков, получено 25 тыс., исходящих нет",1,False,1,0,25499.0,0.0,1,0,0.0,25499.0,1.0,1,1.0,0.0,0.0,1,0.0,0,,"{""betweenness"": 0.055, ""degree"": 0.032, ""n_seed_upstream"": 0.15, ""role"": 0.121, ""seed_flow_kzt"": 0.199, ""temporal"": 0.032}"
100000008720798100,terminal,0.5,4,0.5865403760275336,"Вероятный конечный получатель: 1 плательщиков, получено 16 тыс., исходящих нет",1,False,1,0,15534.0,0.0,1,0,0.0,15534.0,1.0,1,1.0,0.0,0.0,1,0.0,0,,"{""betweenness"": 0.055, ""degree"": 0.032, ""n_seed_upstream"": 0.15, ""role"": 0.121, ""seed_flow_kzt"": 0.183, ""temporal"": 0.032}"
100000001411870100,terminal,0.5,7,0.7348237904258043,"Вероятный конечный получатель: 2 плательщиков, получено 900 тыс., исходящих нет",1,False,2,0,900000.0,0.0,4,0,0.0,783555.5555555555,0.8706172839506172,2,1.0,0.0,0.0,1,0.0,0,,"{""betweenness"": 0.055, ""degree"": 0.07, ""n_seed_upstream"": 0.191, ""role"": 0.121, ""seed_flow_kzt"": 0.249, ""temporal"": 0.032}"
100000008556318100,terminal,0.5,5,0.7198054441505247,"Вероятный конечный получатель: 2 плательщиков, получено 180 тыс., исходящих нет",1,False,2,0,180132.0,0.0,2,0,0.0,116840.33532938696,0.6486373066939076,2,1.0,0.0,0.0,1,0.0,0,,"{""betweenness"": 0.055, ""degree"": 0.07, ""n_seed_upstream"": 0.191, ""role"": 0.121, ""seed_flow_kzt"": 0.234, ""temporal"": 0.032}"
100000002720627100,terminal,0.5,10,0.6867423272747959,"Вероятный конечный получатель: 1 плательщиков, получено 199 тыс., исходящих нет",1,False,1,0,199300.0,0.0,1,0,0.0,199300.0,1.0,2,1.0,0.0,0.0,1,0.0,0,,"{""betweenness"": 0.055, ""degree"": 0.032, ""n_seed_upstream"": 0.191, ""role"": 0.121, ""seed_flow_kzt"": 0.24, ""temporal"": 0.032}"
100000003022835100,terminal,0.5,5,0.6815655488238472,"Вероятный конечный получатель: 1 плательщиков, получено 125 тыс., исходящих нет",1,False,1,0,125000.0,0.0,1,0,0.0,125000.0,1.0,2,1.0,0.0,0.0,1,0.0,0,,"{""betweenness"": 0.055, ""degree"": 0.032, ""n_seed_upstream"": 0.191, ""role"": 0.121, ""seed_flow_kzt"": 0.235, ""temporal"": 0.032}"
100000008304115100,terminal,0.5,11,0.6234604772875956,"Вероятный конечный получатель: 1 плательщиков, получено 51 тыс., исходящих нет",1,False,1,0,51000.0,0.0,1,0,0.0,51000.0,1.0,1,1.0,0.0,0.0,1,0.0,0,,"{""betweenness"": 0.055, ""degree"": 0.032, ""n_seed_upstream"": 0.15, ""role"": 0.121, ""seed_flow_kzt"": 0.219, ""temporal"": 0.032}"
100000003886323100,peripheral,0.5,2,0.6057172113661574,"Периферийный узел: 2 входящих, 1 исходящих, оборот 86 тыс.",1,False,2,1,78168.0,7650.0,6,1,0.09786613447958244,8638.40755551774,0.11051079157094643,1,0.0,1.922024458454748e-05,0.0,1,0.0,1,cycles,"{""betweenness"": 0.122, ""degree"": 0.081, ""n_seed_upstream"": 0.15, ""role"": 0.026, ""seed_flow_kzt"": 0.169, ""temporal"": 0.044}"
100000000607731100,peripheral,0.5,24,0.5946525585231959,"Периферийный узел: 1 входящих, 1 исходящих, оборот 87 тыс.; есть источники вне выборки",1,False,1,1,20000.0,66666.0,1,1,3.3333,20000.0,0.3000030000300003,1,0.0,5.944405541612623e-07,0.0,1,0.0,0,external_funding,"{""betweenness"": 0.113, ""degree"": 0.07, ""n_seed_upstream"": 0.15, ""role"": 0.026, ""seed_flow_kzt"": 0.191, ""temporal"": 0.032}"
100000005961971100,terminal,0.5,4,0.6206160935233381,"Вероятный конечный получатель: 1 плательщиков, получено 47 тыс., исходящих нет",1,False,1,0,47353.0,0.0,1,0,0.0,47353.0,1.0,1,1.0,0.0,0.0,1,0.0,0,,"{""betweenness"": 0.055, ""degree"": 0.032, ""n_seed_upstream"": 0.15, ""role"": 0.121, ""seed_flow_kzt"": 0.217, ""temporal"": 0.032}"
100000000440392100,terminal,0.5,2,0.637341070057172,"Вероятный конечный получатель: 1 плательщиков, получено 106 тыс., исходящих нет",1,False,1,0,105705.0,0.0,4,0,0.0,105705.0,1.0,1,1.0,0.0,0.0,1,0.0,0,,"{""betweenness"": 0.055, ""degree"": 0.032, ""n_seed_upstream"": 0.15, ""role"": 0.121, ""seed_flow_kzt"": 0.233, ""temporal"": 0.032}"
100000004105288100,terminal,0.5,10,0.7259038029410928,"Вероятный конечный получатель: 2 плательщиков, получено 215 тыс., исходящих нет",1,False,2,0,215000.0,0.0,2,0,0.0,107131.6180793305,0.49828659571781625,3,1.0,0.0,0.0,1,0.0,0,,"{""betweenness"": 0.055, ""degree"": 0.07, ""n_seed_upstream"": 0.198, ""role"": 0.121, ""seed_flow_kzt"": 0.233, ""temporal"": 0.032}"
100000008169544100,peripheral,0.5,2,0.6958102227152486,"Периферийный узел: 1 входящих, 4 исходящих, оборот 180 тыс.",1,False,1,4,137104.0,42800.0,2,7,0.31217178200490137,137104.0,1.0,1,0.0,1.9022097733160393e-05,0.0,1,0.5555555555555556,3,near_threshold;cycles,"{""betweenness"": 0.119, ""degree"": 0.09, ""n_seed_upstream"": 0.15, ""role"": 0.026, ""seed_flow_kzt"": 0.236, ""temporal"": 0.059}"
100000004186824100,peripheral,0.5,2,0.6672298546519897,"Периферийный узел: 2 входящих, 1 исходящих, оборот 459 тыс.",1,False,2,1,451700.0,7000.0,7,1,0.015497011290679655,450279.4041743919,0.9968550014930083,1,0.0,1.7833216624837866e-06,0.0,1,0.0,0,,"{""betweenness"": 0.116, ""degree"": 0.081, ""n_seed_upstream"": 0.15, ""role"": 0.026, ""seed_flow_kzt"": 0.247, ""temporal"": 0.032}"
100000008672200100,terminal,0.5,4,0.57180646812868,"Вероятный конечный получатель: 1 плательщиков, получено 9 тыс., исходящих нет",1,False,1,0,8511.0,0.0,1,0,0.0,8511.0,1.0,1,1.0,0.0,0.0,1,0.0,0,,"{""betweenness"": 0.055, ""degree"": 0.032, ""n_seed_upstream"": 0.15, ""role"": 0.121, ""seed_flow_kzt"": 0.169, ""temporal"": 0.032}"
100000002188829100,terminal,0.5,5,0.6931137469067326,"Вероятный конечный получатель: 1 плательщиков, получено 400 тыс., исходящих нет",1,False,1,0,400000.0,0.0,1,0,0.0,400000.0,1.0,2,1.0,0.0,0.0,1,0.0,0,,"{""betweenness"": 0.055, ""degree"": 0.032, ""n_seed_upstream"": 0.191, ""role"": 0.121, ""seed_flow_kzt"": 0.246, ""temporal"": 0.032}"
100000008717341100,terminal,0.5,4,0.5852319594959752,"Вероятный конечный получатель: 1 плательщиков, получено 15 тыс., исходящих нет",1,False,1,0,14627.0,0.0,1,0,0.0,14627.0,1.0,1,1.0,0.0,0.0,1,0.0,0,,"{""betweenness"": 0.055, ""degree"": 0.032, ""n_seed_upstream"": 0.15, ""role"": 0.121, ""seed_flow_kzt"": 0.182, ""temporal"": 0.032}"
100000002214301100,peripheral,0.5,1,0.6250760872656939,"Периферийный узел: 1 входящих, 1 исходящих, оборот 29 тыс.",1,False,1,1,21438.0,8000.0,1,1,0.373169138912212,21438.0,1.0,1,0.0,9.610122292273739e-05,0.0,1,0.0,0,,"{""betweenness"": 0.14, ""degree"": 0.07, ""n_seed_upstream"": 0.15, ""role"": 0.026, ""seed_flow_kzt"": 0.193, ""temporal"": 0.032}"
100000002565277100,terminal,0.5,5,0.694023949711295,"Вероятный конечный получатель: 1 плательщиков, получено 483 тыс., исходящих нет",1,False,1,0,483319.0,0.0,1,0,0.0,483319.0,1.0,2,1.0,0.0,0.0,1,0.0,0,,"{""betweenness"": 0.055, ""degree"": 0.032, ""n_seed_upstream"": 0.191, ""role"": 0.121, ""seed_flow_kzt"": 0.247, ""temporal"": 0.032}"
100000005546031100,peripheral,0.5,33,0.676724407657081,"Периферийный узел: 3 входящих, 1 исходящих, оборот 75 тыс.",1,False,3,1,66800.0,8000.0,6,1,0.11976047904191617,50939.410560480006,0.7625660263544911,1,0.0,5.944405541612623e-07,0.10479041916167664,2,0.14285714285714285,1,near_threshold;cycles,"{""betweenness"": 0.113, ""degree"": 0.087, ""n_seed_upstream"": 0.15, ""role"": 0.026, ""seed_flow_kzt"": 0.219, ""temporal"": 0.067}"
100000003449074100,terminal,0.5,1,0.5754472793469295,"Вероятный конечный получатель: 1 плательщиков, получено 10 тыс., исходящих нет",1,False,1,0,10000.0,0.0,1,0,0.0,10000.0,1.0,1,1.0,0.0,0.0,1,0.0,0,,"{""betweenness"": 0.055, ""degree"": 0.032, ""n_seed_upstream"": 0.15, ""role"": 0.121, ""seed_flow_kzt"": 0.172, ""temporal"": 0.032}"
100000008748914100,peripheral,0.5,5,0.7338737662485421,"Периферийный узел: 2 входящих, 13 исходящих, оборот 4.65 млн; есть источники вне выборки",1,False,2,13,180000.0,4471847.0,9,21,24.843594444444445,96840.7297997856,0.02165564470335984,1,0.0,0.0006406087705344536,0.05555555555555555,1,0.03333333333333333,1,near_threshold;cycles;external_funding,"{""betweenness"": 0.147, ""degree"": 0.098, ""n_seed_upstream"": 0.15, ""role"": 0.026, ""seed_flow_kzt"": 0.231, ""temporal"": 0.066}"
100000004744306100,peripheral,0.5,12,0.6624740449981511,"Периферийный узел: 1 входящих, 2 исходящих, оборот 161 тыс.; есть источники вне выборки",1,False,1,2,69000.0,92000.0,1,3,1.3333333333333333,69000.0,0.75,1,0.0,3.923307657464331e-05,0.0,1,0.0,0,external_funding,"{""betweenness"": 0.134, ""degree"": 0.081, ""n_seed_upstream"": 0.15, ""role"": 0.026, ""seed_flow_kzt"": 0.225, ""temporal"": 0.032}"
100000003158727100,terminal,0.5,7,0.6940011946411809,"Вероятный конечный получатель: 3 плательщиков, получено 368 тыс., исходящих нет",1,False,3,0,367940.0,0.0,3,0,0.0,176617.65190938735,0.4800175352214691,1,1.0,0.0,0.0,2,0.0,0,,"{""betweenness"": 0.055, ""degree"": 0.081, ""n_seed_upstream"": 0.15, ""role"": 0.121, ""seed_flow_kzt"": 0.239, ""temporal"": 0.032}"
100000001389255100,terminal,0.5,4,0.5877350172085217,"Вероятный конечный получатель: 1 плательщиков, получено 16 тыс., исходящих нет",1,False,1,0,16136.0,0.0,1,0,0.0,16136.0,1.0,1,1.0,0.0,0.0,1,0.0,0,,"{""betweenness"": 0.055, ""degree"": 0.032, ""n_seed_upstream"": 0.15, ""role"": 0.121, ""seed_flow_kzt"": 0.184, ""temporal"": 0.032}"
100000008695495100,terminal,0.5,4,0.5959837301248685,"Вероятный конечный получатель: 1 плательщиков, получено 21 тыс., исходящих нет",1,False,1,0,21000.0,0.0,1,0,0.0,21000.0,1.0,1,1.0,0.0,0.0,1,0.0,0,,"{""betweenness"": 0.055, ""degree"": 0.032, ""n_seed_upstream"": 0.15, ""role"": 0.121, ""seed_flow_kzt"": 0.192, ""temporal"": 0.032}"
100000004015047100,consolidator,1.0,7,0.956111158517507,"Признаки консолидации: 9 плательщиков, деньги от 4 seed за ≤2 колена, seed-поток 585 тыс., дальше ушло 8%",1,False,9,1,919104.0,69195.0,18,7,0.07528527783580531,585259.711249687,0.6367720206306218,4,0.0,2.3381328463676314e-05,0.04896072696887403,2,0.16,1,near_threshold;cycles,"{""betweenness"": 0.13, ""degree"": 0.096, ""n_seed_upstream"": 0.199, ""role"": 0.194, ""seed_flow_kzt"": 0.248, ""temporal"": 0.067}"
100000005183943100,terminal,0.5,35,0.6656256222089483,"Вероятный конечный получатель: 1 плательщиков, получено 681 тыс., исходящих нет",1,False,1,0,680900.0,0.0,9,0,0.0,680900.0,1.0,1,1.0,0.0,0.0,1,0.2222222222222222,0,near_threshold,"{""betweenness"": 0.055, ""degree"": 0.032, ""n_seed_upstream"": 0.15, ""role"": 0.121, ""seed_flow_kzt"": 0.248, ""temporal"": 0.045}"
100000003004487100,peripheral,0.5,1,0.6993941462582131,"Периферийный узел: 4 входящих, 2 исходящих, оборот 449 тыс.; есть источники вне выборки",1,False,4,2,183702.8,265015.0,9,3,1.4426290726107605,48512.523809062455,0.1830557659342394,1,0.0,0.00019279688639963605,0.0,2,0.08333333333333333,1,near_threshold;cycles;external_funding,"{""betweenness"": 0.143, ""degree"": 0.092, ""n_seed_upstream"": 0.15, ""role"": 0.026, ""seed_flow_kzt"": 0.217, ""temporal"": 0.055}"
100000003042994100,terminal,0.5,2,0.6486048297636317,"Вероятный конечный получатель: 1 плательщиков, получено 286 тыс., исходящих нет",1,False,1,0,286086.0,0.0,3,0,0.0,286086.0,1.0,1,1.0,0.0,0.0,1,0.0,0,,"{""betweenness"": 0.055, ""degree"": 0.032, ""n_seed_upstream"": 0.15, ""role"": 0.121, ""seed_flow_kzt"": 0.244, ""temporal"": 0.032}"
100000001899164100,peripheral,0.5,10,0.7110504309241402,"Периферийный узел: 4 входящих, 3 исходящих, оборот 368 тыс.",1,False,4,3,291675.0,76500.0,5,3,0.2622782206222679,24811.667940461757,0.08506614533457056,2,0.0,0.00012661583803634885,0.0,2,0.0,2,cycles,"{""betweenness"": 0.142, ""degree"": 0.094, ""n_seed_upstream"": 0.191, ""role"": 0.026, ""seed_flow_kzt"": 0.198, ""temporal"": 0.045}"
100000003946524100,transit,0.5020764522734055,5,0.9070398498165371,"Признаки транзита: получено 134 тыс., отдано 108%, 2→2 контрагента",1,False,2,2,133757.0,144750.0,2,2,1.0821863528637754,114985.79901800328,0.7943751227495909,2,0.0,0.0001194825513864137,0.0,1,0.0,1,cycles,"{""betweenness"": 0.141, ""degree"": 0.087, ""n_seed_upstream"": 0.191, ""role"": 0.189, ""seed_flow_kzt"": 0.234, ""temporal"": 0.044}"
100000008717340100,terminal,0.5,4,0.6166339562533776,"Вероятный конечный получатель: 1 плательщиков, получено 42 тыс., исходящих нет",1,False,1,0,41500.0,0.0,1,0,0.0,41500.0,1.0,1,1.0,0.0,0.0,1,0.0,0,,"{""betweenness"": 0.055, ""degree"": 0.032, ""n_seed_upstream"": 0.15, ""role"": 0.121, ""seed_flow_kzt"": 0.213, ""temporal"": 0.032}"
100000003831324100,terminal,0.5,7,0.6846261057541883,"Вероятный конечный получатель: 2 плательщиков, получено 300 тыс., исходящих нет",1,False,2,0,300000.0,0.0,2,0,0.0,200014.71076054565,0.6667157025351522,1,1.0,0.0,0.0,1,0.0,0,,"{""betweenness"": 0.055, ""degree"": 0.07, ""n_seed_upstream"": 0.15, ""role"": 0.121, ""seed_flow_kzt"": 0.241, ""temporal"": 0.032}"
100000008129393100,terminal,0.5,39,0.5754472793469295,"Вероятный конечный получатель: 1 плательщиков, получено 10 тыс., исходящих нет",1,False,1,0,10000.0,0.0,1,0,0.0,10000.0,1.0,1,1.0,0.0,0.0,1,0.0,0,,"{""betweenness"": 0.055, ""degree"": 0.032, ""n_seed_upstream"": 0.15, ""role"": 0.121, ""seed_flow_kzt"": 0.172, ""temporal"": 0.032}"
100000004388209100,terminal,0.5,4,0.5794294166168898,"Вероятный конечный получатель: 1 плательщиков, получено 12 тыс., исходящих нет",1,False,1,0,11800.0,0.0,1,0,0.0,11800.0,1.0,1,1.0,0.0,0.0,1,0.0,0,,"{""betweenness"": 0.055, ""degree"": 0.032, ""n_seed_upstream"": 0.15, ""role"": 0.121, ""seed_flow_kzt"": 0.176, ""temporal"": 0.032}"
100000000706545100,peripheral,0.5,2,0.7083767101857381,"Периферийный узел: 3 входящих, 1 исходящих, оборот 1.15 млн",1,False,3,1,1070300.0,75800.0,8,3,0.07082126506586939,730574.9307416752,0.6825889290308093,1,0.0,1.9616538287321655e-05,0.0,1,0.09090909090909091,1,near_threshold;cycles,"{""betweenness"": 0.126, ""degree"": 0.087, ""n_seed_upstream"": 0.15, ""role"": 0.026, ""seed_flow_kzt"": 0.249, ""temporal"": 0.055}"
100000004497606100,terminal,0.5,4,0.5865403760275336,"Вероятный конечный получатель: 1 плательщиков, получено 16 тыс., исходящих нет",1,False,1,0,15534.0,0.0,1,0,0.0,15534.0,1.0,1,1.0,0.0,0.0,1,0.0,0,,"{""betweenness"": 0.055, ""degree"": 0.032, ""n_seed_upstream"": 0.15, ""role"": 0.121, ""seed_flow_kzt"": 0.183, ""temporal"": 0.032}"
100000008470470100,terminal,0.5,4,0.6096936598685895,"Вероятный конечный получатель: 1 плательщиков, получено 34 тыс., исходящих нет",1,False,1,0,33547.0,0.0,1,0,0.0,33547.0,1.0,1,1.0,0.0,0.0,1,0.0,0,,"{""betweenness"": 0.055, ""degree"": 0.032, ""n_seed_upstream"": 0.15, ""role"": 0.121, ""seed_flow_kzt"": 0.206, ""temporal"": 0.032}"
100000004318918100,terminal,0.5,10,0.6735443866086411,"Вероятный конечный получатель: 1 плательщиков, получено 76 тыс., исходящих нет",1,False,1,0,75600.0,0.0,1,0,0.0,75600.0,1.0,2,1.0,0.0,0.0,1,0.0,0,,"{""betweenness"": 0.055, ""degree"": 0.032, ""n_seed_upstream"": 0.191, ""role"": 0.121, ""seed_flow_kzt"": 0.227, ""temporal"": 0.032}"
100000005228059100,terminal,0.5,4,0.6033791279119379,"Вероятный конечный получатель: 1 плательщиков, получено 26 тыс., исходящих нет",1,False,1,0,26000.0,0.0,1,0,0.0,26000.0,1.0,1,1.0,0.0,0.0,1,0.0,0,,"{""betweenness"": 0.055, ""degree"": 0.032, ""n_seed_upstream"": 0.15, ""role"": 0.121, ""seed_flow_kzt"": 0.2, ""temporal"": 0.032}"
100000001609499100,peripheral,0.5,1,0.6115311317802997,"Периферийный узел: 3 входящих, 2 исходящих, оборот 284 тыс.",1,False,3,2,263113.0,21000.0,3,2,0.07981361620292422,94403.28425232237,0.35879369036240083,1,0.0,0.0,0.0,1,0.0,11,cycles,"{""betweenness"": 0.055, ""degree"": 0.09, ""n_seed_upstream"": 0.15, ""role"": 0.026, ""seed_flow_kzt"": 0.23, ""temporal"": 0.046}"
100000002824176100,terminal,0.5,7,0.6832152914071166,"Вероятный конечный получатель: 1 плательщиков, получено 144 тыс., исходящих нет",1,False,1,0,144000.0,0.0,1,0,0.0,144000.0,1.0,2,1.0,0.0,0.0,1,0.0,0,,"{""betweenness"": 0.055, ""degree"": 0.032, ""n_seed_upstream"": 0.191, ""role"": 0.121, ""seed_flow_kzt"": 0.237, ""temporal"": 0.032}"
100000001363952100,peripheral,0.5,5,0.6505390107233266,"Периферийный узел: 2 входящих, 1 исходящих, оборот 288 тыс.",1,False,2,1,196655.0,91000.0,2,2,0.4627393150441128,69160.45675876873,0.35168420207352336,1,0.0,1.922024458454748e-05,0.0,1,0.0,0,,"{""betweenness"": 0.122, ""degree"": 0.081, ""n_seed_upstream"": 0.15, ""role"": 0.026, ""seed_flow_kzt"": 0.225, ""temporal"": 0.032}"
100000001049200100,peripheral,0.5,2,0.651625565321273,"Периферийный узел: 2 входящих, 4 исходящих, оборот 113 тыс.",1,False,2,4,76624.0,36000.0,2,5,0.46982668615577367,6537.797421274766,0.08532310269986905,1,0.0,0.0011625275770880419,0.0,1,0.42857142857142855,3,near_threshold;cycles;bridge,"{""betweenness"": 0.148, ""degree"": 0.092, ""n_seed_upstream"": 0.15, ""role"": 0.026, ""seed_flow_kzt"": 0.162, ""temporal"": 0.059}"
100000002662768100,terminal,0.5,5,0.6330176067355007,"Вероятный конечный получатель: 1 плательщиков, получено 84 тыс., исходящих нет",1,False,1,0,84300.0,0.0,1,0,0.0,84300.0,1.0,1,1.0,0.0,0.0,1,0.0,0,,"{""betweenness"": 0.055, ""degree"": 0.032, ""n_seed_upstream"": 0.15, ""role"": 0.121, ""seed_flow_kzt"": 0.229, ""temporal"": 0.032}"
100000004737477100,transit,0.5001218939675616,1,0.8200585943055435,"Признаки транзита: получено 50 тыс., отдано 82%, медиана задержки 1 дн., 2→1 контрагента",1,False,2,1,49598.0,40500.0,3,3,0.8165651840800032,30143.48108349608,0.6077559797470882,1,0.0,1.922024458454748e-05,0.3225936529698778,1,0.16666666666666666,0,near_threshold,"{""betweenness"": 0.122, ""degree"": 0.081, ""n_seed_upstream"": 0.15, ""role"": 0.189, ""seed_flow_kzt"": 0.204, ""temporal"": 0.056}"
100000008680451100,terminal,0.5,4,0.599624541343118,"Вероятный конечный получатель: 1 плательщиков, получено 24 тыс., исходящих нет",1,False,1,0,23534.0,0.0,1,0,0.0,23534.0,1.0,1,1.0,0.0,0.0,1,0.0,0,,"{""betweenness"": 0.055, ""degree"": 0.032, ""n_seed_upstream"": 0.15, ""role"": 0.121, ""seed_flow_kzt"": 0.196, ""temporal"": 0.032}"
100000001952325100,terminal,0.5,4,0.6319936285803681,"Вероятный конечный получатель: 1 плательщиков, получено 78 тыс., исходящих нет",1,False,1,0,77888.0,0.0,2,0,0.0,77888.0,1.0,1,1.0,0.0,0.0,1,0.0,0,,"{""betweenness"": 0.055, ""degree"": 0.032, ""n_seed_upstream"": 0.15, ""role"": 0.121, ""seed_flow_kzt"": 0.228, ""temporal"": 0.032}"
100000008751429100,peripheral,0.5,32,0.6345706402707852,"Периферийный узел: 3 входящих, 1 исходящих, оборот 459 тыс.",1,False,3,1,386200.0,72600.0,6,2,0.1879854997410668,323094.5383965545,0.8365990119020054,1,0.0,0.0,0.19419989642672192,2,0.0,5,cycles,"{""betweenness"": 0.055, ""degree"": 0.087, ""n_seed_upstream"": 0.15, ""role"": 0.026, ""seed_flow_kzt"": 0.244, ""temporal"": 0.058}"
100000001960517100,terminal,0.5,7,0.687197428677077,"Вероятный конечный получатель: 1 плательщиков, получено 200 тыс., исходящих нет",1,False,1,0,200000.0,0.0,1,0,0.0,200000.0,1.0,2,1.0,0.0,0.0,1,0.0,0,,"{""betweenness"": 0.055, ""degree"": 0.032, ""n_seed_upstream"": 0.191, ""role"": 0.121, ""seed_flow_kzt"": 0.241, ""temporal"": 0.032}"
100000008686234100,terminal,0.5,1,0.6150411013453935,"Вероятный конечный получатель: 1 плательщиков, получено 40 тыс., исходящих нет",1,False,1,0,39778.0,0.0,1,0,0.0,39778.0,1.0,1,1.0,0.0,0.0,1,0.0,0,,"{""betweenness"": 0.055, ""degree"": 0.032, ""n_seed_upstream"": 0.15, ""role"": 0.121, ""seed_flow_kzt"": 0.211, ""temporal"": 0.032}"
100000004213658100,terminal,0.5,4,0.6024120374320903,"Вероятный конечный получатель: 1 плательщиков, получено 25 тыс., исходящих нет",1,False,1,0,25347.0,0.0,1,0,0.0,25347.0,1.0,1,1.0,0.0,0.0,1,0.0,0,,"{""betweenness"": 0.055, ""degree"": 0.032, ""n_seed_upstream"": 0.15, ""role"": 0.121, ""seed_flow_kzt"": 0.199, ""temporal"": 0.032}"
100000001194266100,terminal,0.5,5,0.6642716955371618,"Вероятный конечный получатель: 1 плательщиков, получено 50 тыс., исходящих нет",1,False,1,0,50000.0,0.0,1,0,0.0,50000.0,1.0,2,1.0,0.0,0.0,1,0.0,0,,"{""betweenness"": 0.055, ""degree"": 0.032, ""n_seed_upstream"": 0.191, ""role"": 0.121, ""seed_flow_kzt"": 0.218, ""temporal"": 0.032}"
100000002243354100,terminal,0.5,4,0.5955855163978724,"Вероятный конечный получатель: 1 плательщиков, получено 21 тыс., исходящих нет",1,False,1,0,20879.0,0.0,1,0,0.0,20879.0,1.0,1,1.0,0.0,0.0,1,0.0,0,,"{""betweenness"": 0.055, ""degree"": 0.032, ""n_seed_upstream"": 0.15, ""role"": 0.121, ""seed_flow_kzt"": 0.192, ""temporal"": 0.032}"
100000006069103100,transit,0.5027960399378443,2,0.8786301447791335,"Признаки транзита: получено 229 тыс., отдано 118%, медиана задержки 0 дн., 3→3 контрагента",1,False,3,3,228818.0,270000.0,3,4,1.1799770997036947,127769.03305566439,0.4732183420161521,1,0.0,5.805702745641661e-05,0.1272539747747118,1,0.0,1,cycles,"{""betweenness"": 0.137, ""degree"": 0.092, ""n_seed_upstream"": 0.15, ""role"": 0.189, ""seed_flow_kzt"": 0.235, ""temporal"": 0.056}"
100000002760175100,terminal,0.5,10,0.6861734505219445,"Вероятный конечный получатель: 1 плательщиков, получено 187 тыс., исходящих нет",1,False,1,0,187410.0,0.0,1,0,0.0,187410.0,1.0,2,1.0,0.0,0.0,1,0.0,0,,"{""betweenness"": 0.055, ""degree"": 0.032, ""n_seed_upstream"": 0.191, ""role"": 0.121, ""seed_flow_kzt"": 0.24, ""temporal"": 0.032}"
100000003567087100,terminal,0.5,4,0.6273288392069858,"Вероятный конечный получатель: 1 плательщиков, получено 62 тыс., исходящих нет",1,False,1,0,62115.0,0.0,1,0,0.0,62115.0,1.0,1,1.0,0.0,0.0,1,0.0,0,,"{""betweenness"": 0.055, ""degree"": 0.032, ""n_seed_upstream"": 0.15, ""role"": 0.121, ""seed_flow_kzt"": 0.223, ""temporal"": 0.032}"
100000008229700100,peripheral,0.5,11,0.5978041357339932,"Периферийный узел: 1 входящих, 1 исходящих, оборот 31 тыс.",1,False,1,1,23500.0,7200.0,1,1,0.30638297872340425,23500.0,1.0,1,0.0,1.981468513870874e-07,0.0,1,0.0,0,,"{""betweenness"": 0.111, ""degree"": 0.07, ""n_seed_upstream"": 0.15, ""role"": 0.026, ""seed_flow_kzt"": 0.195, ""temporal"": 0.032}"
100000004076740100,peripheral,0.5,21,0.7225019199590409,"Периферийный узел: 3 входящих, 6 исходящих, оборот 218 тыс.; есть источники вне выборки",1,False,3,6,93250.0,125000.0,5,10,1.3404825737265416,51662.10916501891,0.4132968733201513,1,0.0,0.00042126020604894783,0.10723860589812333,1,0.2,4,near_threshold;cycles;external_funding,"{""betweenness"": 0.146, ""degree"": 0.096, ""n_seed_upstream"": 0.15, ""role"": 0.026, ""seed_flow_kzt"": 0.22, ""temporal"": 0.069}"
100000003284932100,terminal,0.5,5,0.6712688795972352,"Вероятный конечный получатель: 1 плательщиков, получено 70 тыс., исходящих нет",1,False,1,0,69925.0,0.0,1,0,0.0,69925.0,1.0,2,1.0,0.0,0.0,1,0.0,0,,"{""betweenness"": 0.055, ""degree"": 0.032, ""n_seed_upstream"": 0.191, ""role"": 0.121, ""seed_flow_kzt"": 0.225, ""temporal"": 0.032}"
100000008071620100,terminal,0.5,1,0.619819666069346,"Вероятный конечный получатель: 1 плательщиков, получено 47 тыс., исходящих нет",1,False,1,0,46968.0,0.0,1,0,0.0,46968.0,1.0,1,1.0,0.0,0.0,1,0.0,0,,"{""betweenness"": 0.055, ""degree"": 0.032, ""n_seed_upstream"": 0.15, ""role"": 0.121, ""seed_flow_kzt"": 0.216, ""temporal"": 0.032}"
100000003235780100,terminal,0.5,13,0.6247802713542111,"Вероятный конечный получатель: 2 плательщиков, получено 65 тыс., исходящих нет",1,False,2,0,65000.0,0.0,2,0,0.0,15042.32212905367,0.23142034044697954,1,1.0,0.0,0.0,1,0.0,0,,"{""betweenness"": 0.055, ""degree"": 0.07, ""n_seed_upstream"": 0.15, ""role"": 0.121, ""seed_flow_kzt"": 0.182, ""temporal"": 0.032}"
100000005363908100,transit,0.6014716886570399,33,0.7157891742753932,"Признаки транзита: получено 20 тыс., отдано 100%, медиана задержки 0 дн., 1→1 контрагента",1,False,1,1,19500.0,19500.0,1,1,1.0,19500.0,1.0,1,0.0,0.0,1.0,1,0.0,0,fast_pass,"{""betweenness"": 0.055, ""degree"": 0.07, ""n_seed_upstream"": 0.15, ""role"": 0.189, ""seed_flow_kzt"": 0.19, ""temporal"": 0.046}"
100000001851289100,terminal,0.5,2,0.6381374975111641,"Вероятный конечный получатель: 1 плательщиков, получено 110 тыс., исходящих нет",1,False,1,0,109510.0,0.0,3,0,0.0,109510.0,1.0,1,1.0,0.0,0.0,1,0.0,0,,"{""betweenness"": 0.055, ""degree"": 0.032, ""n_seed_upstream"": 0.15, ""role"": 0.121, ""seed_flow_kzt"": 0.234, ""temporal"": 0.032}"
100000002870937100,terminal,0.5,7,0.6329038313849303,"Вероятный конечный получатель: 1 плательщиков, получено 84 тыс., исходящих нет",1,False,1,0,83700.0,0.0,1,0,0.0,83700.0,1.0,1,1.0,0.0,0.0,1,0.0,0,,"{""betweenness"": 0.055, ""degree"": 0.032, ""n_seed_upstream"": 0.15, ""role"": 0.121, ""seed_flow_kzt"": 0.229, ""temporal"": 0.032}"
100000002152857100,peripheral,0.5,7,0.6937963990101544,"Периферийный узел: 1 входящих, 5 исходящих, оборот 1.33 млн; есть источники вне выборки",1,False,1,5,105000.0,1230000.0,1,6,11.714285714285714,105000.0,0.08536585365853659,1,0.0,0.0003134683188943723,0.0,1,0.0,0,external_funding,"{""betweenness"": 0.145, ""degree"": 0.092, ""n_seed_upstream"": 0.15, ""role"": 0.026, ""seed_flow_kzt"": 0.233, ""temporal"": 0.032}"
100000002600345100,terminal,0.5,2,0.6735216315385271,"Вероятный конечный получатель: 2 плательщиков, получено 52 тыс., исходящих нет",1,False,2,0,52400.0,0.0,2,0,0.0,47480.35941240183,0.9061137292443097,1,1.0,0.0,0.0,1,0.5,0,near_threshold,"{""betweenness"": 0.055, ""degree"": 0.07, ""n_seed_upstream"": 0.15, ""role"": 0.121, ""seed_flow_kzt"": 0.217, ""temporal"": 0.046}"
100000002580377100,peripheral,0.5,2,0.6366242853485791,"Периферийный узел: 1 входящих, 1 исходящих, оборот 43 тыс.",1,False,1,1,37750.0,5000.0,2,1,0.13245033112582782,37750.0,1.0,1,0.0,1.922024458454748e-05,0.0,1,0.3333333333333333,0,near_threshold,"{""betweenness"": 0.122, ""degree"": 0.07, ""n_seed_upstream"": 0.15, ""role"": 0.026, ""seed_flow_kzt"": 0.21, ""temporal"": 0.045}"
100000004094958100,transit,0.6016603666899938,33,0.7944079415194697,"Признаки транзита: получено 39 тыс., отдано 103%, медиана задержки 0 дн., 1→1 контрагента",1,False,1,1,39000.0,40000.0,1,1,1.0256410256410255,39000.0,0.975,1,0.0,1.981468513870874e-07,1.0,1,0.0,0,fast_pass,"{""betweenness"": 0.111, ""degree"": 0.07, ""n_seed_upstream"": 0.15, ""role"": 0.189, ""seed_flow_kzt"": 0.211, ""temporal"": 0.046}"
100000002609774100,peripheral,0.5,12,0.6028443837642574,"Периферийный узел: 1 входящих, 1 исходящих, оборот 35 тыс.; есть источники вне выборки",1,False,1,1,7700.0,27500.0,1,1,3.5714285714285716,7700.0,0.28,1,0.0,0.00028751108136266385,0.0,1,0.0,0,external_funding,"{""betweenness"": 0.145, ""degree"": 0.07, ""n_seed_upstream"": 0.15, ""role"": 0.026, ""seed_flow_kzt"": 0.167, ""temporal"": 0.032}"
100000002596035100,terminal,0.5,10,0.6883351821827801,"Вероятный конечный получатель: 1 плательщиков, получено 232 тыс., исходящих нет",1,False,1,0,231570.0,0.0,1,0,0.0,231570.0,1.0,2,1.0,0.0,0.0,1,0.0,0,,"{""betweenness"": 0.055, ""degree"": 0.032, ""n_seed_upstream"": 0.191, ""role"": 0.121, ""seed_flow_kzt"": 0.242, ""temporal"": 0.032}"
100000004664515100,terminal,0.5,1,0.6136757971385499,"Вероятный конечный получатель: 1 плательщиков, получено 38 тыс., исходящих нет",1,False,1,0,37691.0,0.0,1,0,0.0,37691.0,1.0,1,1.0,0.0,0.0,1,0.0,0,,"{""betweenness"": 0.055, ""degree"": 0.032, ""n_seed_upstream"": 0.15, ""role"": 0.121, ""seed_flow_kzt"": 0.21, ""temporal"": 0.032}"
100000000661912100,coordinator,1.0,1,0.88760701993913,Кандидат в координирующий узел: 5 плательщиков → 2 получателей; сигналы S3,1,False,5,2,393036.0,430700.0,9,8,1.0958283719557496,38024.065936640676,0.08828434162210512,1,0.0,0.0013515596733113232,0.603089793301377,2,0.11764705882352941,1,fast_pass;near_threshold;cycles;peripheral;S3,"{""betweenness"": 0.148, ""degree"": 0.094, ""n_seed_upstream"": 0.15, ""role"": 0.198, ""seed_flow_kzt"": 0.21, ""temporal"": 0.068}"
100000004144536100,terminal,0.5,23,0.706817987882925,"Вероятный конечный получатель: 4 плательщиков, получено 168 тыс., исходящих нет",1,False,4,0,168000.0,0.0,6,0,0.0,113322.13971625571,0.6745365459300935,1,1.0,0.0,0.0,2,0.16666666666666666,0,near_threshold,"{""betweenness"": 0.055, ""degree"": 0.087, ""n_seed_upstream"": 0.15, ""role"": 0.121, ""seed_flow_kzt"": 0.234, ""temporal"": 0.044}"
100000006177176100,terminal,0.5,2,0.5726028955826721,"Вероятный конечный получатель: 1 плательщиков, получено 9 тыс., исходящих нет",1,False,1,0,8911.0,0.0,1,0,0.0,8911.0,1.0,1,1.0,0.0,0.0,1,0.0,0,,"{""betweenness"": 0.055, ""degree"": 0.032, ""n_seed_upstream"": 0.15, ""role"": 0.121, ""seed_flow_kzt"": 0.17, ""temporal"": 0.032}"
100000002158488100,terminal,0.5,4,0.6084421310123161,"Вероятный конечный получатель: 1 плательщиков, получено 32 тыс., исходящих нет",1,False,1,0,31723.0,0.0,1,0,0.0,31723.0,1.0,1,1.0,0.0,0.0,1,0.0,0,,"{""betweenness"": 0.055, ""degree"": 0.032, ""n_seed_upstream"": 0.15, ""role"": 0.121, ""seed_flow_kzt"": 0.205, ""temporal"": 0.032}"
100000000041368100,terminal,0.5,5,0.6844668202633899,"Вероятный конечный получатель: 1 плательщиков, получено 160 тыс., исходящих нет",1,False,1,0,160000.0,0.0,1,0,0.0,160000.0,1.0,2,1.0,0.0,0.0,1,0.0,0,,"{""betweenness"": 0.055, ""degree"": 0.032, ""n_seed_upstream"": 0.191, ""role"": 0.121, ""seed_flow_kzt"": 0.238, ""temporal"": 0.032}"
100000008722328100,terminal,0.5,4,0.5998520920442585,"Вероятный конечный получатель: 1 плательщиков, получено 24 тыс., исходящих нет",1,False,1,0,23677.0,0.0,1,0,0.0,23677.0,1.0,1,1.0,0.0,0.0,1,0.0,0,,"{""betweenness"": 0.055, ""degree"": 0.032, ""n_seed_upstream"": 0.15, ""role"": 0.121, ""seed_flow_kzt"": 0.196, ""temporal"": 0.032}"
100000008735384100,terminal,0.5,4,0.6146997752936826,"Вероятный конечный получатель: 1 плательщиков, получено 39 тыс., исходящих нет",1,False,1,0,39220.0,0.0,1,0,0.0,39220.0,1.0,1,1.0,0.0,0.0,1,0.0,0,,"{""betweenness"": 0.055, ""degree"": 0.032, ""n_seed_upstream"": 0.15, ""role"": 0.121, ""seed_flow_kzt"": 0.211, ""temporal"": 0.032}"
100000004480280100,peripheral,0.5,20,0.7263020166680888,"Периферийный узел: 1 входящих, 2 исходящих, оборот 443 тыс.; есть источники вне выборки",1,False,1,2,146694.0,295850.0,1,7,2.0167832358515003,146694.0,0.4958391076559067,2,0.0,3.447755214135321e-05,0.0,1,0.125,0,near_threshold;external_funding,"{""betweenness"": 0.132, ""degree"": 0.081, ""n_seed_upstream"": 0.191, ""role"": 0.026, ""seed_flow_kzt"": 0.237, ""temporal"": 0.044}"
100000004286573100,terminal,0.5,11,0.5885314446625138,"Вероятный конечный получатель: 1 плательщиков, получено 17 тыс., исходящих нет",1,False,1,0,16590.0,0.0,1,0,0.0,16590.0,1.0,1,1.0,0.0,0.0,1,0.0,0,,"{""betweenness"": 0.055, ""degree"": 0.032, ""n_seed_upstream"": 0.15, ""role"": 0.121, ""seed_flow_kzt"": 0.185, ""temporal"": 0.032}"
100000001746925100,peripheral,0.5,5,0.7133657593082459,"Периферийный узел: 1 входящих, 1 исходящих, оборот 70 тыс.",1,False,1,1,65250.0,5000.0,1,1,0.07662835249042145,65250.0,1.0,2,0.0,0.00011888811083225245,0.0,1,0.5,0,near_threshold,"{""betweenness"": 0.141, ""degree"": 0.07, ""n_seed_upstream"": 0.191, ""role"": 0.026, ""seed_flow_kzt"": 0.224, ""temporal"": 0.046}"
100000001660397100,transit,0.5015322519762597,1,0.8399920357254598,"Признаки транзита: получено 49 тыс., отдано 101%, медиана задержки 0 дн., 2→3 контрагента",1,False,2,3,48600.0,49000.0,2,4,1.008230452674897,19494.889058721506,0.3978548787494185,1,0.0,0.00021796153652579614,0.39711934156378603,1,0.0,19,cycles,"{""betweenness"": 0.144, ""degree"": 0.09, ""n_seed_upstream"": 0.15, ""role"": 0.189, ""seed_flow_kzt"": 0.189, ""temporal"": 0.059}"
100000002591469100,terminal,0.5,7,0.6466706488039365,"Вероятный конечный получатель: 1 плательщиков, получено 236 тыс., исходящих нет",1,False,1,0,235670.0,0.0,1,0,0.0,235670.0,1.0,1,1.0,0.0,0.0,1,0.0,0,,"{""betweenness"": 0.055, ""degree"": 0.032, ""n_seed_upstream"": 0.15, ""role"": 0.121, ""seed_flow_kzt"": 0.242, ""temporal"": 0.032}"
100000002731501100,peripheral,0.5,23,0.6767869840998948,"Периферийный узел: 3 входящих, 7 исходящих, оборот 1.40 млн; есть источники вне выборки",1,False,3,7,570370.0,833960.0,7,20,1.4621386117783193,12668.271899950869,0.015190503021668748,1,0.0,3.1703496221933985e-06,0.3358696986166874,3,0.07407407407407407,10,sync_in;near_threshold;cycles;external_funding,"{""betweenness"": 0.117, ""degree"": 0.096, ""n_seed_upstream"": 0.15, ""role"": 0.026, ""seed_flow_kzt"": 0.178, ""temporal"": 0.094}"
100000000089154100,peripheral,0.5,3,0.6553005091446937,"Периферийный узел: 1 входящих, 15 исходящих, оборот 436 тыс.; есть источники вне выборки",1,False,1,15,10000.0,425500.0,1,21,42.55,10000.0,0.023501762632197415,1,0.0,4.260157304822379e-05,1.0,1,0.0,5,fast_pass;cycles;external_funding,"{""betweenness"": 0.135, ""degree"": 0.098, ""n_seed_upstream"": 0.15, ""role"": 0.026, ""seed_flow_kzt"": 0.172, ""temporal"": 0.06}"
100000008732098100,terminal,0.5,4,0.5872230281309554,"Вероятный конечный получатель: 1 плательщиков, получено 16 тыс., исходящих нет",1,False,1,0,15677.0,0.0,1,0,0.0,15677.0,1.0,1,1.0,0.0,0.0,1,0.0,0,,"{""betweenness"": 0.055, ""degree"": 0.032, ""n_seed_upstream"": 0.15, ""role"": 0.121, ""seed_flow_kzt"": 0.184, ""temporal"": 0.032}"
100000005456919100,peripheral,0.5,32,0.6278749608897232,"Периферийный узел: 2 входящих, 1 исходящих, оборот 485 тыс.",1,False,2,1,479950.0,5000.0,10,1,0.010417751849150954,326558.19858522667,0.6804004554333298,1,0.0,0.0,0.0,2,0.09090909090909091,3,near_threshold;cycles,"{""betweenness"": 0.055, ""degree"": 0.081, ""n_seed_upstream"": 0.15, ""role"": 0.026, ""seed_flow_kzt"": 0.245, ""temporal"": 0.057}"
100000000507799100,peripheral,0.5,34,0.6026509656682879,"Периферийный узел: 1 входящих, 1 исходящих, оборот 13 тыс.; есть источники вне выборки",1,False,1,1,5132.0,8000.0,1,1,1.558846453624318,5132.0,0.6415,1,0.0,0.00011532146750728487,0.0,1,0.5,0,near_threshold;external_funding,"{""betweenness"": 0.141, ""degree"": 0.07, ""n_seed_upstream"": 0.15, ""role"": 0.026, ""seed_flow_kzt"": 0.157, ""temporal"": 0.046}"
100000008716439100,terminal,0.5,4,0.5806809454731633,"Вероятный конечный получатель: 1 плательщиков, получено 12 тыс., исходящих нет",1,False,1,0,12267.0,0.0,1,0,0.0,12267.0,1.0,1,1.0,0.0,0.0,1,0.0,0,,"{""betweenness"": 0.055, ""degree"": 0.032, ""n_seed_upstream"": 0.15, ""role"": 0.121, ""seed_flow_kzt"": 0.177, ""temporal"": 0.032}"
100000002981527100,terminal,0.5,7,0.643029837585687,"Вероятный конечный получатель: 1 плательщиков, получено 168 тыс., исходящих нет",1,False,1,0,168000.0,0.0,1,0,0.0,168000.0,1.0,1,1.0,0.0,0.0,1,0.0,0,,"{""betweenness"": 0.055, ""degree"": 0.032, ""n_seed_upstream"": 0.15, ""role"": 0.121, ""seed_flow_kzt"": 0.238, ""temporal"": 0.032}"
100000002844652100,terminal,0.5,7,0.6272150638564155,"Вероятный конечный получатель: 1 плательщиков, получено 61 тыс., исходящих нет",1,False,1,0,61360.0,0.0,1,0,0.0,61360.0,1.0,1,1.0,0.0,0.0,1,0.0,0,,"{""betweenness"": 0.055, ""degree"": 0.032, ""n_seed_upstream"": 0.15, ""role"": 0.121, ""seed_flow_kzt"": 0.223, ""temporal"": 0.032}"
100000002605548100,terminal,0.5,10,0.7232869698779759,"Вероятный конечный получатель: 2 плательщиков, получено 117 тыс., исходящих нет",1,False,2,0,116695.0,0.0,2,0,0.0,94930.5584549849,0.8134929384719559,3,1.0,0.0,0.0,1,0.0,0,,"{""betweenness"": 0.055, ""degree"": 0.07, ""n_seed_upstream"": 0.198, ""role"": 0.121, ""seed_flow_kzt"": 0.231, ""temporal"": 0.032}"
100000002750956100,terminal,0.5,1,0.6207298688739085,"Вероятный конечный получатель: 1 плательщиков, получено 47 тыс., исходящих нет",1,False,1,0,47416.0,0.0,1,0,0.0,47416.0,1.0,1,1.0,0.0,0.0,1,0.0,0,,"{""betweenness"": 0.055, ""degree"": 0.032, ""n_seed_upstream"": 0.15, ""role"": 0.121, ""seed_flow_kzt"": 0.217, ""temporal"": 0.032}"
100000002982252100,terminal,0.5,4,0.5950166396450208,"Вероятный конечный получатель: 1 плательщиков, получено 20 тыс., исходящих нет",1,False,1,0,20320.0,0.0,1,0,0.0,20320.0,1.0,1,1.0,0.0,0.0,1,0.0,0,,"{""betweenness"": 0.055, ""degree"": 0.032, ""n_seed_upstream"": 0.15, ""role"": 0.121, ""seed_flow_kzt"": 0.192, ""temporal"": 0.032}"
100000000961900100,terminal,0.5,1,0.6438945302500213,"Вероятный конечный получатель: 2 плательщиков, получено 36 тыс., исходящих нет",1,False,2,0,36000.0,0.0,3,0,0.0,27007.04558651519,0.750195710736533,1,1.0,0.0,0.0,1,0.0,0,,"{""betweenness"": 0.055, ""degree"": 0.07, ""n_seed_upstream"": 0.15, ""role"": 0.121, ""seed_flow_kzt"": 0.201, ""temporal"": 0.032}"
100000007175718100,terminal,0.5,37,0.5940495491651733,"Вероятный конечный получатель: 1 плательщиков, получено 20 тыс., исходящих нет",1,False,1,0,20000.0,0.0,1,0,0.0,20000.0,1.0,1,1.0,0.0,0.0,1,0.0,0,,"{""betweenness"": 0.055, ""degree"": 0.032, ""n_seed_upstream"": 0.15, ""role"": 0.121, ""seed_flow_kzt"": 0.191, ""temporal"": 0.032}"
100000002306369100,peripheral,0.5,5,0.6955030292687089,"Периферийный узел: 1 входящих, 6 исходящих, оборот 334 тыс.; есть источники вне выборки",1,False,1,6,73166.0,260900.0,1,9,3.5658639258672062,73166.0,0.280436949022614,1,0.0,6.915325113409351e-05,0.0,1,0.0,7,cycles;external_funding,"{""betweenness"": 0.138, ""degree"": 0.094, ""n_seed_upstream"": 0.15, ""role"": 0.026, ""seed_flow_kzt"": 0.226, ""temporal"": 0.046}"
100000000667713100,peripheral,0.5,2,0.7286230338197228,"Периферийный узел: 2 входящих, 6 исходящих, оборот 199 тыс.",1,False,2,6,119495.0,79236.0,10,7,0.663090505878907,107665.44611978786,0.9010037752189451,1,0.0,7.965503425760914e-05,0.23222728984476337,1,0.17647058823529413,2,near_threshold;cycles,"{""betweenness"": 0.139, ""degree"": 0.095, ""n_seed_upstream"": 0.15, ""role"": 0.026, ""seed_flow_kzt"": 0.233, ""temporal"": 0.069}"
100000001072022100,consolidator,0.5,5,0.8287112097164149,"Признаки консолидации: 3 плательщиков, деньги от 3 seed за ≤2 колена, seed-поток 748 тыс., дальше ушло 0%",1,False,3,0,1684000.0,0.0,6,0,0.0,747675.7122189713,0.44398795262409224,3,1.0,0.0,0.0,2,0.0,0,,"{""betweenness"": 0.055, ""degree"": 0.081, ""n_seed_upstream"": 0.198, ""role"": 0.194, ""seed_flow_kzt"": 0.249, ""temporal"": 0.032}"
100000008116374100,terminal,0.5,2,0.6081008049606053,"Вероятный конечный получатель: 1 плательщиков, получено 31 тыс., исходящих нет",1,False,1,0,31284.0,0.0,1,0,0.0,31284.0,1.0,1,1.0,0.0,0.0,1,0.0,0,,"{""betweenness"": 0.055, ""degree"": 0.032, ""n_seed_upstream"": 0.15, ""role"": 0.121, ""seed_flow_kzt"": 0.204, ""temporal"": 0.032}"
100000000703894100,peripheral,0.5,24,0.6397075973490344,"Периферийный узел: 1 входящих, 1 исходящих, оборот 155 тыс.",1,False,1,1,120000.0,35000.0,1,1,0.2916666666666667,120000.0,1.0,1,0.0,5.944405541612623e-07,0.0,1,0.0,0,,"{""betweenness"": 0.113, ""degree"": 0.07, ""n_seed_upstream"": 0.15, ""role"": 0.026, ""seed_flow_kzt"": 0.235, ""temporal"": 0.032}"
100000008066326100,terminal,0.5,1,0.5926273572830446,"Вероятный конечный получатель: 1 плательщиков, получено 19 тыс., исходящих нет",1,False,1,0,19320.0,0.0,1,0,0.0,19320.0,1.0,1,1.0,0.0,0.0,1,0.0,0,,"{""betweenness"": 0.055, ""degree"": 0.032, ""n_seed_upstream"": 0.15, ""role"": 0.121, ""seed_flow_kzt"": 0.189, ""temporal"": 0.032}"
100000004662806100,peripheral,0.5,11,0.6864920215035412,"Периферийный узел: 2 входящих, 2 исходящих, оборот 166 тыс.",1,False,2,2,106585.0,59900.0,2,3,0.5619927757189098,97587.04950072992,0.9155795796850393,1,0.0,3.883678287186913e-05,0.08448656002251724,1,0.0,0,,"{""betweenness"": 0.133, ""degree"": 0.087, ""n_seed_upstream"": 0.15, ""role"": 0.026, ""seed_flow_kzt"": 0.232, ""temporal"": 0.044}"
100000005778283100,consolidator,0.5,3,0.8250703984981653,"Признаки консолидации: 3 плательщиков, деньги от 3 seed за ≤2 колена, seed-поток 346 тыс., дальше ушло 0%",1,False,3,0,615760.0,0.0,3,0,0.0,346463.8145880661,0.56266047581536,3,1.0,0.0,0.0,1,0.0,0,,"{""betweenness"": 0.055, ""degree"": 0.081, ""n_seed_upstream"": 0.198, ""role"": 0.194, ""seed_flow_kzt"": 0.245, ""temporal"": 0.032}"
100000004408683100,terminal,0.5,2,0.672338367892596,"Вероятный конечный получатель: 2 плательщиков, получено 113 тыс., исходящих нет",1,False,2,0,112919.68,0.0,3,0,0.0,86166.53521741855,0.7630781031031841,1,1.0,0.0,0.0,1,0.0,0,,"{""betweenness"": 0.055, ""degree"": 0.07, ""n_seed_upstream"": 0.15, ""role"": 0.121, ""seed_flow_kzt"": 0.229, ""temporal"": 0.032}"
100000002704875100,terminal,0.5,1,0.6588446113149585,"Вероятный конечный получатель: 3 плательщиков, получено 245 тыс., исходящих нет",1,False,3,0,244891.0,0.0,4,0,0.0,31420.991314048264,0.1283060272286375,1,1.0,0.0,0.0,1,0.0,0,,"{""betweenness"": 0.055, ""degree"": 0.081, ""n_seed_upstream"": 0.15, ""role"": 0.121, ""seed_flow_kzt"": 0.205, ""temporal"": 0.032}"
100000008349675100,peripheral,0.5,7,0.6184543618625025,"Периферийный узел: 1 входящих, 1 исходящих, оборот 83 тыс.",1,False,1,1,46520.0,36650.0,1,2,0.7878331900257953,46520.0,1.0,1,0.0,1.981468513870874e-07,0.0,1,0.0,0,,"{""betweenness"": 0.111, ""degree"": 0.07, ""n_seed_upstream"": 0.15, ""role"": 0.026, ""seed_flow_kzt"": 0.216, ""temporal"": 0.032}"
100000006889963100,consolidator,1.0,10,0.9528628722587251,"Признаки консолидации: 4 плательщиков, деньги от 4 seed за ≤2 колена, seed-поток 533 тыс., дальше ушло 31%",1,False,4,1,1431000.0,443475.8,6,3,0.30990621942697416,533172.2054049781,0.37258714563590367,4,0.0,2.5164650126160102e-05,0.31516422082459816,4,0.0,0,sync_in,"{""betweenness"": 0.131, ""degree"": 0.09, ""n_seed_upstream"": 0.199, ""role"": 0.194, ""seed_flow_kzt"": 0.248, ""temporal"": 0.069}"
100000008771819100,terminal,0.5,4,0.6144722245925419,"Вероятный конечный получатель: 1 плательщиков, получено 39 тыс., исходящих нет",1,False,1,0,38900.0,0.0,1,0,0.0,38900.0,1.0,1,1.0,0.0,0.0,1,0.0,0,,"{""betweenness"": 0.055, ""degree"": 0.032, ""n_seed_upstream"": 0.15, ""role"": 0.121, ""seed_flow_kzt"": 0.211, ""temporal"": 0.032}"
100000008586731100,terminal,0.5,11,0.5799982933697415,"Вероятный конечный получатель: 1 плательщиков, получено 12 тыс., исходящих нет",1,False,1,0,12000.0,0.0,1,0,0.0,12000.0,1.0,1,1.0,0.0,0.0,1,0.0,0,,"{""betweenness"": 0.055, ""degree"": 0.032, ""n_seed_upstream"": 0.15, ""role"": 0.121, ""seed_flow_kzt"": 0.177, ""temporal"": 0.032}"
100000005844459100,terminal,0.5,1,0.681099069886509,"Вероятный конечный получатель: 2 плательщиков, получено 243 тыс., исходящих нет",1,False,2,0,243400.0,0.0,2,0,0.0,151132.98106209547,0.6209243264671137,1,1.0,0.0,0.0,1,0.0,0,,"{""betweenness"": 0.055, ""degree"": 0.07, ""n_seed_upstream"": 0.15, ""role"": 0.121, ""seed_flow_kzt"": 0.238, ""temporal"": 0.032}"
100000008172352100,peripheral,0.5,3,0.6888926814005745,"Периферийный узел: 3 входящих, 7 исходящих, оборот 380 тыс.; есть источники вне выборки",1,False,3,7,90265.0,289510.0,3,8,3.207333961114496,43109.08007016397,0.14890359597307162,1,0.0,0.00018665433400663633,0.6067135656123636,2,0.0,0,fast_pass;external_funding,"{""betweenness"": 0.143, ""degree"": 0.096, ""n_seed_upstream"": 0.15, ""role"": 0.026, ""seed_flow_kzt"": 0.213, ""temporal"": 0.045}"
100000001162560100,peripheral,0.5,6,0.682555394373809,"Периферийный узел: 1 входящих, 12 исходящих, оборот 3.24 млн; есть источники вне выборки",1,False,1,12,331300.0,2904398.0,2,14,8.76667069121642,331300.0,0.11406838869879403,1,0.0,2.972202770806311e-06,0.0,1,0.0,0,external_funding,"{""betweenness"": 0.117, ""degree"": 0.097, ""n_seed_upstream"": 0.15, ""role"": 0.026, ""seed_flow_kzt"": 0.245, ""temporal"": 0.032}"
100000008779584100,terminal,0.5,4,0.6082145803111756,"Вероятный конечный получатель: 1 плательщиков, получено 31 тыс., исходящих нет",1,False,1,0,31400.0,0.0,1,0,0.0,31400.0,1.0,1,1.0,0.0,0.0,1,0.0,0,,"{""betweenness"": 0.055, ""degree"": 0.032, ""n_seed_upstream"": 0.15, ""role"": 0.121, ""seed_flow_kzt"": 0.204, ""temporal"": 0.032}"
100000007631637100,terminal,0.5,4,0.5861421623005375,"Вероятный конечный получатель: 1 плательщиков, получено 15 тыс., исходящих нет",1,False,1,0,15341.0,0.0,1,0,0.0,15341.0,1.0,1,1.0,0.0,0.0,1,0.0,0,,"{""betweenness"": 0.055, ""degree"": 0.032, ""n_seed_upstream"": 0.15, ""role"": 0.121, ""seed_flow_kzt"": 0.183, ""temporal"": 0.032}"
100000007347733100,terminal,0.5,39,0.5982023494609893,"Вероятный конечный получатель: 1 плательщиков, получено 23 тыс., исходящих нет",1,False,1,0,23007.0,0.0,1,0,0.0,23007.0,1.0,1,1.0,0.0,0.0,1,0.0,0,,"{""betweenness"": 0.055, ""degree"": 0.032, ""n_seed_upstream"": 0.15, ""role"": 0.121, ""seed_flow_kzt"": 0.195, ""temporal"": 0.032}"
100000001463701100,terminal,0.5,10,0.7284523707938675,"Вероятный конечный получатель: 2 плательщиков, получено 621 тыс., исходящих нет",1,False,2,0,621000.0,0.0,2,0,0.0,248027.64181952964,0.39940038940342937,2,1.0,0.0,0.0,2,0.0,0,,"{""betweenness"": 0.055, ""degree"": 0.07, ""n_seed_upstream"": 0.191, ""role"": 0.121, ""seed_flow_kzt"": 0.243, ""temporal"": 0.032}"
100000008664469100,terminal,0.5,5,0.6435076940580823,"Вероятный конечный получатель: 1 плательщиков, получено 25 тыс., исходящих нет",1,False,1,0,25000.0,0.0,1,0,0.0,25000.0,1.0,2,1.0,0.0,0.0,1,0.0,0,,"{""betweenness"": 0.055, ""degree"": 0.032, ""n_seed_upstream"": 0.191, ""role"": 0.121, ""seed_flow_kzt"": 0.198, ""temporal"": 0.032}"
100000003923946100,peripheral,0.5,7,0.7401200329948516,"Периферийный узел: 1 входящих, 4 исходящих, оборот 957 тыс.; есть источники вне выборки",1,False,1,4,282000.0,675000.0,3,4,2.393617021276596,282000.0,0.4177777777777778,2,0.0,1.981468513870874e-06,0.574468085106383,1,0.0,1,fast_pass;cycles;external_funding,"{""betweenness"": 0.116, ""degree"": 0.09, ""n_seed_upstream"": 0.191, ""role"": 0.026, ""seed_flow_kzt"": 0.244, ""temporal"": 0.057}"
100000006562026100,terminal,0.5,39,0.7258241601956935,"Вероятный конечный получатель: 2 плательщиков, получено 75 тыс., исходящих нет",1,False,2,0,75000.0,0.0,6,0,0.0,75000.0,1.0,2,1.0,0.0,0.0,1,0.5,0,near_threshold,"{""betweenness"": 0.055, ""degree"": 0.07, ""n_seed_upstream"": 0.191, ""role"": 0.121, ""seed_flow_kzt"": 0.227, ""temporal"": 0.046}"
100000008776298100,terminal,0.5,4,0.6170890576556589,"Вероятный конечный получатель: 1 плательщиков, получено 43 тыс., исходящих нет",1,False,1,0,42800.0,0.0,1,0,0.0,42800.0,1.0,1,1.0,0.0,0.0,1,0.0,0,,"{""betweenness"": 0.055, ""degree"": 0.032, ""n_seed_upstream"": 0.15, ""role"": 0.121, ""seed_flow_kzt"": 0.213, ""temporal"": 0.032}"
100000006446271100,terminal,0.5,5,0.7062661774326592,"Вероятный конечный получатель: 2 плательщиков, получено 80 тыс., исходящих нет",1,False,2,0,80000.0,0.0,2,0,0.0,54469.32309874931,0.6808665387343663,2,1.0,0.0,0.0,2,0.0,0,,"{""betweenness"": 0.055, ""degree"": 0.07, ""n_seed_upstream"": 0.191, ""role"": 0.121, ""seed_flow_kzt"": 0.221, ""temporal"": 0.032}"
100000004588479100,terminal,0.5,2,0.6435987143385385,"Вероятный конечный получатель: 1 плательщиков, получено 178 тыс., исходящих нет",1,False,1,0,177633.0,0.0,2,0,0.0,177633.0,1.0,1,1.0,0.0,0.0,1,0.0,0,,"{""betweenness"": 0.055, ""degree"": 0.032, ""n_seed_upstream"": 0.15, ""role"": 0.121, ""seed_flow_kzt"": 0.239, ""temporal"": 0.032}"
100000002324543100,terminal,0.5,7,0.6074181528571835,"Вероятный конечный получатель: 1 плательщиков, получено 30 тыс., исходящих нет",1,False,1,0,30202.0,0.0,1,0,0.0,30202.0,1.0,1,1.0,0.0,0.0,1,0.0,0,,"{""betweenness"": 0.055, ""degree"": 0.032, ""n_seed_upstream"": 0.15, ""role"": 0.121, ""seed_flow_kzt"": 0.204, ""temporal"": 0.032}"
100000007129492100,peripheral,0.5,10,0.7042068435873368,"Периферийный узел: 2 входящих, 1 исходящих, оборот 88 тыс.",1,False,2,1,50990.0,37000.0,2,1,0.725632476956266,50990.0,1.0,4,0.0,2.5164650126160102e-05,0.0,1,0.0,0,,"{""betweenness"": 0.131, ""degree"": 0.081, ""n_seed_upstream"": 0.199, ""role"": 0.026, ""seed_flow_kzt"": 0.219, ""temporal"": 0.032}"
100000003877908100,terminal,0.5,5,0.6573313991523736,"Вероятный конечный получатель: 1 плательщиков, получено 40 тыс., исходящих нет",1,False,1,0,40000.0,0.0,1,0,0.0,40000.0,1.0,2,1.0,0.0,0.0,1,0.0,0,,"{""betweenness"": 0.055, ""degree"": 0.032, ""n_seed_upstream"": 0.191, ""role"": 0.121, ""seed_flow_kzt"": 0.211, ""temporal"": 0.032}"
100000002748180100,peripheral,0.5,15,0.6077594789088944,"Периферийный узел: 1 входящих, 8 исходящих, оборот 690 тыс.; есть источники вне выборки",1,False,1,8,9900.0,679743.0,1,9,68.66090909090909,9900.0,0.014564327988666305,1,0.0,8.52031460964476e-06,0.0,1,0.0,0,external_funding,"{""betweenness"": 0.119, ""degree"": 0.096, ""n_seed_upstream"": 0.15, ""role"": 0.026, ""seed_flow_kzt"": 0.172, ""temporal"": 0.032}"
100000000945428100,terminal,0.5,1,0.6337002588389224,"Вероятный конечный получатель: 1 плательщиков, получено 90 тыс., исходящих нет",1,False,1,0,89629.0,0.0,1,0,0.0,89629.0,1.0,1,1.0,0.0,0.0,1,0.0,0,,"{""betweenness"": 0.055, ""degree"": 0.032, ""n_seed_upstream"": 0.15, ""role"": 0.121, ""seed_flow_kzt"": 0.229, ""temporal"": 0.032}"
100000003115284100,coordinator,1.0,3,1.0,Кандидат в координирующий узел: 8 плательщиков → 2 получателей; сигналы S3,1,False,8,2,2160500.0,517000.0,15,4,0.23929645915297384,849633.5521629439,0.3932578348358916,4,0.0,0.00012780471914467138,0.2568849803286276,7,0.05263157894736842,2,sync_in;near_threshold;cycles;consolidator;S3,"{""betweenness"": 0.142, ""degree"": 0.096, ""n_seed_upstream"": 0.199, ""role"": 0.198, ""seed_flow_kzt"": 0.249, ""temporal"": 0.093}"
100000005394708100,peripheral,0.5,12,0.6022413744062348,"Периферийный узел: 1 входящих, 1 исходящих, оборот 91 тыс.; есть источники вне выборки",1,False,1,1,26000.0,65000.0,1,1,2.5,26000.0,0.4,1,0.0,1.981468513870874e-07,0.0,1,0.0,0,external_funding,"{""betweenness"": 0.111, ""degree"": 0.07, ""n_seed_upstream"": 0.15, ""role"": 0.026, ""seed_flow_kzt"": 0.2, ""temporal"": 0.032}"
100000008747113100,terminal,0.5,5,0.7153682054782831,"Вероятный конечный получатель: 2 плательщиков, получено 198 тыс., исходящих нет",1,False,2,0,197801.0,0.0,2,0,0.0,92716.76404038625,0.4687375900040255,2,1.0,0.0,0.0,2,0.0,0,,"{""betweenness"": 0.055, ""degree"": 0.07, ""n_seed_upstream"": 0.191, ""role"": 0.121, ""seed_flow_kzt"": 0.23, ""temporal"": 0.032}"
100000004491881100,terminal,0.5,4,0.5892709844412208,"Вероятный конечный получатель: 1 плательщиков, получено 17 тыс., исходящих нет",1,False,1,0,17144.0,0.0,1,0,0.0,17144.0,1.0,1,1.0,0.0,0.0,1,0.0,0,,"{""betweenness"": 0.055, ""degree"": 0.032, ""n_seed_upstream"": 0.15, ""role"": 0.121, ""seed_flow_kzt"": 0.186, ""temporal"": 0.032}"
100000006008169100,terminal,0.5,11,0.6294905708678215,"Вероятный конечный получатель: 1 плательщиков, получено 70 тыс., исходящих нет",1,False,1,0,70000.0,0.0,1,0,0.0,70000.0,1.0,1,1.0,0.0,0.0,1,0.0,0,,"{""betweenness"": 0.055, ""degree"": 0.032, ""n_seed_upstream"": 0.15, ""role"": 0.121, ""seed_flow_kzt"": 0.225, ""temporal"": 0.032}"
100000002681449100,peripheral,0.5,3,0.6171118127257729,"Периферийный узел: 2 входящих, 2 исходящих, оборот 228 тыс.; есть источники вне выборки",1,False,2,2,94638.0,133000.0,2,2,1.4053551427544961,12301.276040144272,0.09249079729431783,1,0.0,1.5653601259579906e-05,0.1257423022464549,1,0.0,0,external_funding,"{""betweenness"": 0.119, ""degree"": 0.087, ""n_seed_upstream"": 0.15, ""role"": 0.026, ""seed_flow_kzt"": 0.178, ""temporal"": 0.044}"
100000002645609100,terminal,0.5,13,0.6773672383878032,"Вероятный конечный получатель: 4 плательщиков, получено 547 тыс., исходящих нет",1,False,4,0,546820.6799999999,0.0,5,0,0.0,47480.2681677864,0.0868296864116156,1,1.0,0.0,0.0,1,0.0,0,,"{""betweenness"": 0.055, ""degree"": 0.087, ""n_seed_upstream"": 0.15, ""role"": 0.121, ""seed_flow_kzt"": 0.217, ""temporal"": 0.032}"
100000006369769100,terminal,0.5,4,0.6153255397218192,"Вероятный конечный получатель: 1 плательщиков, получено 40 тыс., исходящих нет",1,False,1,0,40000.0,0.0,1,0,0.0,40000.0,1.0,1,1.0,0.0,0.0,1,0.0,0,,"{""betweenness"": 0.055, ""degree"": 0.032, ""n_seed_upstream"": 0.15, ""role"": 0.121, ""seed_flow_kzt"": 0.211, ""temporal"": 0.032}"
100000002173161100,terminal,0.5,2,0.7049236282959296,"Вероятный конечный получатель: 3 плательщиков, получено 1.43 млн, исходящих нет",1,False,3,0,1427500.0,0.0,5,0,0.0,870874.2448495268,0.6100695235373217,1,1.0,0.0,0.0,2,0.0,0,,"{""betweenness"": 0.055, ""degree"": 0.081, ""n_seed_upstream"": 0.15, ""role"": 0.121, ""seed_flow_kzt"": 0.25, ""temporal"": 0.032}"
100000008686313100,coordinator,1.0,1,0.9258582928008645,Кандидат в координирующий узел: 6 плательщиков → 7 получателей; сигналы S3,1,False,6,7,1912716.0,333800.0,16,13,0.17451623764322566,233150.3042781716,0.1218948888795679,1,0.0,0.0033262911942350364,0.03819019655819264,2,0.10344827586206896,42,near_threshold;cycles;bridge;consolidator;S3,"{""betweenness"": 0.149, ""degree"": 0.097, ""n_seed_upstream"": 0.15, ""role"": 0.198, ""seed_flow_kzt"": 0.242, ""temporal"": 0.069}"
100000004692798100,peripheral,0.5,11,0.69339249651563,"Периферийный узел: 2 входящих, 1 исходящих, оборот 255 тыс.",1,False,2,1,240305.0,15000.0,4,2,0.06242067372713843,202974.8253478618,0.8446550231907859,1,0.0,1.981468513870874e-07,0.020806891242379475,1,0.5,1,near_threshold;cycles,"{""betweenness"": 0.111, ""degree"": 0.081, ""n_seed_upstream"": 0.15, ""role"": 0.026, ""seed_flow_kzt"": 0.241, ""temporal"": 0.069}"
100000002939838100,consolidator,1.0,16,0.8192678556190801,"Признаки консолидации: 3 плательщиков, деньги от 4 seed за ≤2 колена, seed-поток 167 тыс., дальше ушло 0%",1,False,3,0,571233.0,0.0,3,0,0.0,167403.01100656515,0.293055567529476,4,1.0,0.0,0.0,1,0.0,0,,"{""betweenness"": 0.055, ""degree"": 0.081, ""n_seed_upstream"": 0.199, ""role"": 0.194, ""seed_flow_kzt"": 0.238, ""temporal"": 0.032}"
100000003119550100,terminal,0.5,4,0.5959837301248685,"Вероятный конечный получатель: 1 плательщиков, получено 21 тыс., исходящих нет",1,False,1,0,21000.0,0.0,1,0,0.0,21000.0,1.0,1,1.0,0.0,0.0,1,0.0,0,,"{""betweenness"": 0.055, ""degree"": 0.032, ""n_seed_upstream"": 0.15, ""role"": 0.121, ""seed_flow_kzt"": 0.192, ""temporal"": 0.032}"
100000004315838100,peripheral,0.5,8,0.673487498933356,"Периферийный узел: 2 входящих, 1 исходящих, оборот 68 тыс.",1,False,2,1,50000.0,18000.0,2,1,0.36,25029.88405103751,0.5005976810207502,2,0.0,2.377762216645049e-05,0.0,1,0.0,0,,"{""betweenness"": 0.13, ""degree"": 0.081, ""n_seed_upstream"": 0.191, ""role"": 0.026, ""seed_flow_kzt"": 0.198, ""temporal"": 0.032}"
100000002671806100,terminal,0.5,11,0.5812498222260147,"Вероятный конечный получатель: 1 плательщиков, получено 12 тыс., исходящих нет",1,False,1,0,12440.0,0.0,1,0,0.0,12440.0,1.0,1,1.0,0.0,0.0,1,0.0,0,,"{""betweenness"": 0.055, ""degree"": 0.032, ""n_seed_upstream"": 0.15, ""role"": 0.121, ""seed_flow_kzt"": 0.178, ""temporal"": 0.032}"
100000008716222100,terminal,0.5,4,0.5908069516739198,"Вероятный конечный получатель: 1 плательщиков, получено 18 тыс., исходящих нет",1,False,1,0,18000.0,0.0,1,0,0.0,18000.0,1.0,1,1.0,0.0,0.0,1,0.0,0,,"{""betweenness"": 0.055, ""degree"": 0.032, ""n_seed_upstream"": 0.15, ""role"": 0.121, ""seed_flow_kzt"": 0.187, ""temporal"": 0.032}"
100000005496254100,terminal,0.5,1,0.5817049236282958,"Вероятный конечный получатель: 1 плательщиков, получено 13 тыс., исходящих нет",1,False,1,0,12700.0,0.0,1,0,0.0,12700.0,1.0,1,1.0,0.0,0.0,1,0.0,0,,"{""betweenness"": 0.055, ""degree"": 0.032, ""n_seed_upstream"": 0.15, ""role"": 0.121, ""seed_flow_kzt"": 0.178, ""temporal"": 0.032}"
100000004622227100,peripheral,0.5,3,0.5606792388429047,"Периферийный узел: 1 входящих, 3 исходящих, оборот 44 тыс.",1,False,1,3,24931.0,19000.0,1,3,0.762103405398901,24931.0,1.0,1,0.0,0.0,0.0,1,0.0,0,,"{""betweenness"": 0.055, ""degree"": 0.087, ""n_seed_upstream"": 0.15, ""role"": 0.026, ""seed_flow_kzt"": 0.198, ""temporal"": 0.032}"
100000000274067100,peripheral,0.5,7,0.7058338311004921,"Периферийный узел: 2 входящих, 3 исходящих, оборот 3.49 млн; есть источники вне выборки",1,False,2,3,517704.0,2969000.0,9,9,5.734937338710924,242174.28849756462,0.08156762832521543,1,0.0,1.1888811083225246e-06,0.009658028525953054,1,0.16666666666666666,1,near_threshold;cycles;external_funding,"{""betweenness"": 0.115, ""degree"": 0.09, ""n_seed_upstream"": 0.15, ""role"": 0.026, ""seed_flow_kzt"": 0.243, ""temporal"": 0.067}"
100000008782056100,terminal,0.5,4,0.6061666240009101,"Вероятный конечный получатель: 1 плательщиков, получено 29 тыс., исходящих нет",1,False,1,0,29082.0,0.0,1,0,0.0,29082.0,1.0,1,1.0,0.0,0.0,1,0.0,0,,"{""betweenness"": 0.055, ""degree"": 0.032, ""n_seed_upstream"": 0.15, ""role"": 0.121, ""seed_flow_kzt"": 0.202, ""temporal"": 0.032}"
100000006788200100,peripheral,0.5,7,0.6878118155701568,"Периферийный узел: 4 входящих, 3 исходящих, оборот 337 тыс.",1,False,4,3,272155.8,64500.0,4,4,0.23699660268125833,94672.95772829493,0.34786309065724463,1,0.0,9.669566347689866e-05,0.0,1,0.0,0,,"{""betweenness"": 0.14, ""degree"": 0.094, ""n_seed_upstream"": 0.15, ""role"": 0.026, ""seed_flow_kzt"": 0.23, ""temporal"": 0.032}"
100000001164648100,terminal,0.5,22,0.6038456068492761,"Вероятный конечный получатель: 2 плательщиков, получено 14 тыс., исходящих нет",1,False,2,0,13660.0,0.0,2,0,0.0,6400.351274675625,0.46854694543745423,1,1.0,0.0,0.0,1,0.0,0,,"{""betweenness"": 0.055, ""degree"": 0.07, ""n_seed_upstream"": 0.15, ""role"": 0.121, ""seed_flow_kzt"": 0.162, ""temporal"": 0.032}"
100000005133757100,terminal,0.5,14,0.6828284552151775,"Вероятный конечный получатель: 2 плательщиков, получено 65 тыс., исходящих нет",1,False,2,0,65000.0,0.0,2,0,0.0,25066.84906971015,0.38564383184169465,2,1.0,0.0,0.0,1,0.0,0,,"{""betweenness"": 0.055, ""degree"": 0.07, ""n_seed_upstream"": 0.191, ""role"": 0.121, ""seed_flow_kzt"": 0.198, ""temporal"": 0.032}"
100000006445501100,terminal,0.5,10,0.676161219671758,"Вероятный конечный получатель: 1 плательщиков, получено 91 тыс., исходящих нет",1,False,1,0,91000.0,0.0,1,0,0.0,91000.0,1.0,2,1.0,0.0,0.0,1,0.0,0,,"{""betweenness"": 0.055, ""degree"": 0.032, ""n_seed_upstream"": 0.191, ""role"": 0.121, ""seed_flow_kzt"": 0.23, ""temporal"": 0.032}"
100000004390333100,coordinator,0.5,1,0.882071849133885,Кандидат в координирующий узел: 2 плательщиков → 9 получателей; сигналы S3,1,False,2,9,64558.0,506500.0,2,14,7.845658167849066,45766.91904562225,0.09035916889560168,1,0.0,0.00016644335516515342,1.0,1,0.0,16,fast_pass;cycles;external_funding;peripheral;S3,"{""betweenness"": 0.143, ""degree"": 0.097, ""n_seed_upstream"": 0.15, ""role"": 0.198, ""seed_flow_kzt"": 0.215, ""temporal"": 0.06}"
100000001641789100,terminal,0.5,7,0.5905794009727792,"Вероятный конечный получатель: 1 плательщиков, получено 18 тыс., исходящих нет",1,False,1,0,17826.0,0.0,1,0,0.0,17826.0,1.0,1,1.0,0.0,0.0,1,0.0,0,,"{""betweenness"": 0.055, ""degree"": 0.032, ""n_seed_upstream"": 0.15, ""role"": 0.121, ""seed_flow_kzt"": 0.187, ""temporal"": 0.032}"
100000000968253100,terminal,0.5,4,0.5855732855476861,"Вероятный конечный получатель: 1 плательщиков, получено 15 тыс., исходящих нет",1,False,1,0,15000.0,0.0,1,0,0.0,15000.0,1.0,1,1.0,0.0,0.0,1,0.0,0,,"{""betweenness"": 0.055, ""degree"": 0.032, ""n_seed_upstream"": 0.15, ""role"": 0.121, ""seed_flow_kzt"": 0.182, ""temporal"": 0.032}"
100000001527186100,terminal,0.5,5,0.6951617032169979,"Вероятный конечный получатель: 1 плательщиков, получено 678 тыс., исходящих нет",1,False,1,0,678000.0,0.0,2,0,0.0,678000.0,1.0,2,1.0,0.0,0.0,1,0.0,0,,"{""betweenness"": 0.055, ""degree"": 0.032, ""n_seed_upstream"": 0.191, ""role"": 0.121, ""seed_flow_kzt"": 0.248, ""temporal"": 0.032}"
100000005852946100,terminal,0.5,5,0.6421423898512387,"Вероятный конечный получатель: 1 плательщиков, получено 24 тыс., исходящих нет",1,False,1,0,23746.0,0.0,1,0,0.0,23746.0,1.0,2,1.0,0.0,0.0,1,0.0,0,,"{""betweenness"": 0.055, ""degree"": 0.032, ""n_seed_upstream"": 0.191, ""role"": 0.121, ""seed_flow_kzt"": 0.197, ""temporal"": 0.032}"
100000001530983100,coordinator,0.75,16,0.9443069658958385,Кандидат в координирующий узел: 4 плательщиков → 11 получателей; сигналы S3,1,False,4,11,564158.0,1829538.0,4,17,3.24295321523403,393442.95280920825,0.21505044049875338,2,0.0,0.0003322922697761456,0.6959291545985344,1,0.0,0,fast_pass;external_funding;peripheral;S3,"{""betweenness"": 0.146, ""degree"": 0.098, ""n_seed_upstream"": 0.191, ""role"": 0.198, ""seed_flow_kzt"": 0.246, ""temporal"": 0.045}"
100000008221543100,terminal,0.5,18,0.6354751543078191,"Вероятный конечный получатель: 2 плательщиков, получено 542 тыс., исходящих нет",1,False,2,0,542000.0,0.0,2,0,0.0,21283.50765528945,0.03926846430865212,1,1.0,0.0,0.0,1,0.0,0,,"{""betweenness"": 0.055, ""degree"": 0.07, ""n_seed_upstream"": 0.15, ""role"": 0.121, ""seed_flow_kzt"": 0.193, ""temporal"": 0.032}"
100000001937767100,peripheral,0.5,12,0.6958727991580622,"Периферийный узел: 1 входящих, 4 исходящих, оборот 1.99 млн; есть источники вне выборки",1,False,1,4,53000.0,1933000.0,1,6,36.471698113207545,53000.0,0.027418520434557683,1,0.0,5.8255174307803695e-05,1.0,1,0.0,1,fast_pass;cycles;external_funding,"{""betweenness"": 0.137, ""degree"": 0.09, ""n_seed_upstream"": 0.15, ""role"": 0.026, ""seed_flow_kzt"": 0.22, ""temporal"": 0.058}"
100000002462183100,terminal,0.5,37,0.6377961714594533,"Вероятный конечный получатель: 1 плательщиков, получено 108 тыс., исходящих нет",1,False,1,0,107500.0,0.0,3,0,0.0,107500.0,1.0,1,1.0,0.0,0.0,1,0.0,0,,"{""betweenness"": 0.055, ""degree"": 0.032, ""n_seed_upstream"": 0.15, ""role"": 0.121, ""seed_flow_kzt"": 0.233, ""temporal"": 0.032}"
100000001805543100,terminal,0.5,2,0.6267599624541343,"Вероятный конечный получатель: 1 плательщиков, получено 59 тыс., исходящих нет",1,False,1,0,59000.0,0.0,1,0,0.0,59000.0,1.0,1,1.0,0.0,0.0,1,0.0,0,,"{""betweenness"": 0.055, ""degree"": 0.032, ""n_seed_upstream"": 0.15, ""role"": 0.121, ""seed_flow_kzt"": 0.223, ""temporal"": 0.032}"
100000002606567100,peripheral,0.5,1,0.5940040390249451,"Периферийный узел: 1 входящих, 1 исходящих, оборот 67 тыс.; есть источники вне выборки",1,False,1,1,14095.0,53000.0,1,1,3.7601986520042567,14095.0,0.2659433962264151,1,0.0,1.922024458454748e-05,0.0,1,0.0,0,external_funding,"{""betweenness"": 0.122, ""degree"": 0.07, ""n_seed_upstream"": 0.15, ""role"": 0.026, ""seed_flow_kzt"": 0.181, ""temporal"": 0.032}"
100000007281639100,terminal,0.5,2,0.7227636032653525,"Вероятный конечный получатель: 2 плательщиков, получено 217 тыс., исходящих нет",1,False,2,0,216770.0,0.0,4,0,0.0,148934.04618219603,0.6870602305770911,2,1.0,0.0,0.0,1,0.0,0,,"{""betweenness"": 0.055, ""degree"": 0.07, ""n_seed_upstream"": 0.191, ""role"": 0.121, ""seed_flow_kzt"": 0.237, ""temporal"": 0.032}"
100000002991079100,peripheral,0.5,2,0.6518132946497142,"Периферийный узел: 2 входящих, 1 исходящих, оборот 160 тыс.",1,False,2,1,148900.0,11000.0,3,1,0.07387508394895903,54877.30981878376,0.3685514427050622,1,0.0,1.981468513870874e-05,0.0,1,0.0,0,,"{""betweenness"": 0.127, ""degree"": 0.081, ""n_seed_upstream"": 0.15, ""role"": 0.026, ""seed_flow_kzt"": 0.221, ""temporal"": 0.032}"
100000002847207100,terminal,0.5,5,0.6613704240976193,"Вероятный конечный получатель: 1 плательщиков, получено 46 тыс., исходящих нет",1,False,1,0,46243.0,0.0,1,0,0.0,46243.0,1.0,2,1.0,0.0,0.0,1,0.0,0,,"{""betweenness"": 0.055, ""degree"": 0.032, ""n_seed_upstream"": 0.191, ""role"": 0.121, ""seed_flow_kzt"": 0.215, ""temporal"": 0.032}"
100000000011452100,peripheral,0.5,1,0.6796029240265096,"Периферийный узел: 3 входящих, 1 исходящих, оборот 127 тыс.",1,False,3,1,110000.0,16685.0,7,2,0.1516818181818182,76085.86210031732,0.6916896554574301,1,0.0,3.5666433249675733e-06,0.0,1,0.3333333333333333,1,near_threshold;cycles,"{""betweenness"": 0.117, ""degree"": 0.087, ""n_seed_upstream"": 0.15, ""role"": 0.026, ""seed_flow_kzt"": 0.227, ""temporal"": 0.057}"
100000003148220100,peripheral,0.5,40,0.5983161248115595,"Периферийный узел: 1 входящих, 2 исходящих, оборот 49 тыс.; есть источники вне выборки",1,False,1,2,5650.0,43400.0,1,4,7.68141592920354,5650.0,0.13018433179723501,1,0.0,3.962937027741748e-07,0.0,1,0.4,1,near_threshold;cycles;external_funding,"{""betweenness"": 0.112, ""degree"": 0.081, ""n_seed_upstream"": 0.15, ""role"": 0.026, ""seed_flow_kzt"": 0.159, ""temporal"": 0.057}"
100000002479804100,peripheral,0.5,5,0.6486048297636318,"Периферийный узел: 1 входящих, 2 исходящих, оборот 81 тыс.",1,False,1,2,46000.0,35300.0,1,2,0.7673913043478261,46000.0,1.0,1,0.0,1.7833216624837866e-06,1.0,1,0.0,0,fast_pass,"{""betweenness"": 0.116, ""degree"": 0.081, ""n_seed_upstream"": 0.15, ""role"": 0.026, ""seed_flow_kzt"": 0.215, ""temporal"": 0.046}"
100000008745489100,terminal,0.5,4,0.6258497596495719,"Вероятный конечный получатель: 1 плательщиков, получено 56 тыс., исходящих нет",1,False,1,0,55539.0,0.0,1,0,0.0,55539.0,1.0,1,1.0,0.0,0.0,1,0.0,0,,"{""betweenness"": 0.055, ""degree"": 0.032, ""n_seed_upstream"": 0.15, ""role"": 0.121, ""seed_flow_kzt"": 0.222, ""temporal"": 0.032}"
100000002289937100,terminal,0.5,4,0.5940495491651733,"Вероятный конечный получатель: 1 плательщиков, получено 20 тыс., исходящих нет",1,False,1,0,20000.0,0.0,1,0,0.0,20000.0,1.0,1,1.0,0.0,0.0,1,0.0,0,,"{""betweenness"": 0.055, ""degree"": 0.032, ""n_seed_upstream"": 0.15, ""role"": 0.121, ""seed_flow_kzt"": 0.191, ""temporal"": 0.032}"
100000004679953100,peripheral,0.5,1,0.6976988935347156,"Периферийный узел: 3 входящих, 3 исходящих, оборот 378 тыс.",1,False,3,3,343538.0,34100.0,3,3,0.09926121709970949,41210.60239485048,0.11995937100073495,1,0.0,0.00036241059118698285,0.0,2,0.16666666666666666,1,near_threshold;cycles,"{""betweenness"": 0.146, ""degree"": 0.092, ""n_seed_upstream"": 0.15, ""role"": 0.026, ""seed_flow_kzt"": 0.213, ""temporal"": 0.056}"
100000003066385100,terminal,0.5,1,0.614881815854595,"Вероятный конечный получатель: 2 плательщиков, получено 20 тыс., исходящих нет",1,False,2,0,20000.0,0.0,2,0,0.0,10007.82842946132,0.500391421473066,1,1.0,0.0,0.0,1,0.0,0,,"{""betweenness"": 0.055, ""degree"": 0.07, ""n_seed_upstream"": 0.15, ""role"": 0.121, ""seed_flow_kzt"": 0.173, ""temporal"": 0.032}"
100000008744849100,terminal,0.5,4,0.6182268111613618,"Вероятный конечный получатель: 1 плательщиков, получено 44 тыс., исходящих нет",1,False,1,0,44445.0,0.0,1,0,0.0,44445.0,1.0,1,1.0,0.0,0.0,1,0.0,0,,"{""betweenness"": 0.055, ""degree"": 0.032, ""n_seed_upstream"": 0.15, ""role"": 0.121, ""seed_flow_kzt"": 0.214, ""temporal"": 0.032}"
100000005093521100,terminal,0.5,5,0.6280342463805216,"Вероятный конечный получатель: 1 плательщиков, получено 15 тыс., исходящих нет",1,False,1,0,15200.0,0.0,1,0,0.0,15200.0,1.0,2,1.0,0.0,0.0,1,0.0,0,,"{""betweenness"": 0.055, ""degree"": 0.032, ""n_seed_upstream"": 0.191, ""role"": 0.121, ""seed_flow_kzt"": 0.183, ""temporal"": 0.032}"
100000006518161100,transit,0.6014927287027174,2,0.9433910743237476,"Признаки транзита: получено 594 тыс., отдано 100%, медиана задержки 1 дн., 3→2 контрагента",1,False,3,2,594200.0,595899.0,13,13,1.002859306630764,543566.1156957584,0.9121782645981255,2,0.0,5.785888060502952e-05,0.5435880175025244,2,0.07692307692307693,1,fast_pass;near_threshold;cycles,"{""betweenness"": 0.137, ""degree"": 0.09, ""n_seed_upstream"": 0.191, ""role"": 0.189, ""seed_flow_kzt"": 0.248, ""temporal"": 0.068}"
100000001126374100,peripheral,0.5,13,0.6516767642290299,"Периферийный узел: 4 входящих, 2 исходящих, оборот 212 тыс.",1,False,4,2,182500.0,29200.0,7,4,0.16,20351.913666984758,0.11151733516156032,1,0.0,3.923307657464331e-05,0.1232876712328767,1,0.0,0,,"{""betweenness"": 0.134, ""degree"": 0.092, ""n_seed_upstream"": 0.15, ""role"": 0.026, ""seed_flow_kzt"": 0.192, ""temporal"": 0.044}"
100000004509286100,terminal,0.5,5,0.6573313991523736,"Вероятный конечный получатель: 1 плательщиков, получено 40 тыс., исходящих нет",1,False,1,0,40000.0,0.0,1,0,0.0,40000.0,1.0,2,1.0,0.0,0.0,1,0.0,0,,"{""betweenness"": 0.055, ""degree"": 0.032, ""n_seed_upstream"": 0.191, ""role"": 0.121, ""seed_flow_kzt"": 0.211, ""temporal"": 0.032}"
100000005056870100,terminal,0.5,37,0.5940495491651733,"Вероятный конечный получатель: 1 плательщиков, получено 20 тыс., исходящих нет",1,False,1,0,20000.0,0.0,1,0,0.0,20000.0,1.0,1,1.0,0.0,0.0,1,0.0,0,,"{""betweenness"": 0.055, ""degree"": 0.032, ""n_seed_upstream"": 0.15, ""role"": 0.121, ""seed_flow_kzt"": 0.191, ""temporal"": 0.032}"
100000008708368100,terminal,0.5,4,0.5998520920442585,"Вероятный конечный получатель: 1 плательщиков, получено 24 тыс., исходящих нет",1,False,1,0,23677.0,0.0,1,0,0.0,23677.0,1.0,1,1.0,0.0,0.0,1,0.0,0,,"{""betweenness"": 0.055, ""degree"": 0.032, ""n_seed_upstream"": 0.15, ""role"": 0.121, ""seed_flow_kzt"": 0.196, ""temporal"": 0.032}"
100000005895525100,terminal,0.5,37,0.6391045879910118,"Вероятный конечный получатель: 1 плательщиков, получено 120 тыс., исходящих нет",1,False,1,0,120000.0,0.0,3,0,0.0,120000.0,1.0,1,1.0,0.0,0.0,1,0.0,0,,"{""betweenness"": 0.055, ""degree"": 0.032, ""n_seed_upstream"": 0.15, ""role"": 0.121, ""seed_flow_kzt"": 0.235, ""temporal"": 0.032}"
100000008716773100,terminal,0.5,4,0.5872230281309554,"Вероятный конечный получатель: 1 плательщиков, получено 16 тыс., исходящих нет",1,False,1,0,15677.0,0.0,1,0,0.0,15677.0,1.0,1,1.0,0.0,0.0,1,0.0,0,,"{""betweenness"": 0.055, ""degree"": 0.032, ""n_seed_upstream"": 0.15, ""role"": 0.121, ""seed_flow_kzt"": 0.184, ""temporal"": 0.032}"
100000002778085100,terminal,0.5,2,0.6283528173621185,"Вероятный конечный получатель: 1 плательщиков, получено 66 тыс., исходящих нет",1,False,1,0,66208.0,0.0,1,0,0.0,66208.0,1.0,1,1.0,0.0,0.0,1,0.0,0,,"{""betweenness"": 0.055, ""degree"": 0.032, ""n_seed_upstream"": 0.15, ""role"": 0.121, ""seed_flow_kzt"": 0.224, ""temporal"": 0.032}"
100000007055802100,coordinator,1.0,1,0.9139801462013254,Кандидат в координирующий узел: 6 плательщиков → 1 получателей; сигналы S3,1,False,6,1,2024999.0,605000.0,34,7,0.29876557963732325,254676.85517649658,0.12576641034217625,1,0.0,3.962937027741748e-06,0.13382722658134646,4,0.024390243902439025,1,sync_in;near_threshold;cycles;consolidator;S3,"{""betweenness"": 0.118, ""degree"": 0.094, ""n_seed_upstream"": 0.15, ""role"": 0.198, ""seed_flow_kzt"": 0.243, ""temporal"": 0.091}"
100000003071930100,peripheral,0.5,7,0.6992576158375288,"Периферийный узел: 3 входящих, 1 исходящих, оборот 483 тыс.",1,False,3,1,477610.0,5000.0,4,1,0.010468792529469651,228378.23819967237,0.4781688787916341,1,0.0,4.279971989961088e-05,0.0,1,0.2,0,near_threshold,"{""betweenness"": 0.135, ""degree"": 0.087, ""n_seed_upstream"": 0.15, ""role"": 0.026, ""seed_flow_kzt"": 0.242, ""temporal"": 0.044}"
100000002941114100,peripheral,0.5,10,0.699206416929772,"Периферийный узел: 2 входящих, 1 исходящих, оборот 144 тыс.",1,False,2,1,128510.0,15000.0,15,1,0.11672243405182477,28303.673685137874,0.22024491234252488,2,0.0,2.0607272544257092e-05,0.1945373900863746,2,0.0,1,cycles,"{""betweenness"": 0.128, ""degree"": 0.081, ""n_seed_upstream"": 0.191, ""role"": 0.026, ""seed_flow_kzt"": 0.202, ""temporal"": 0.056}"
100000003888271100,peripheral,0.5,35,0.6286770771112438,"Периферийный узел: 1 входящих, 2 исходящих, оборот 38 тыс.; есть источники вне выборки",1,False,1,2,12177.0,25590.0,2,3,2.10150283321015,12177.0,0.47584994138335285,1,0.0,3.962937027741748e-07,0.5420054200542005,1,0.2,1,fast_pass;near_threshold;cycles;external_funding,"{""betweenness"": 0.112, ""degree"": 0.081, ""n_seed_upstream"": 0.15, ""role"": 0.026, ""seed_flow_kzt"": 0.177, ""temporal"": 0.069}"
100000007507343100,terminal,0.5,36,0.6505390107233268,"Вероятный конечный получатель: 1 плательщиков, получено 370 тыс., исходящих нет",1,False,1,0,370000.0,0.0,1,0,0.0,370000.0,1.0,1,1.0,0.0,0.0,1,0.0,0,,"{""betweenness"": 0.055, ""degree"": 0.032, ""n_seed_upstream"": 0.15, ""role"": 0.121, ""seed_flow_kzt"": 0.246, ""temporal"": 0.032}"
100000008002020100,peripheral,0.5,11,0.634644594248656,"Периферийный узел: 1 входящих, 1 исходящих, оборот 91 тыс.",1,False,1,1,73860.0,17000.0,1,1,0.23016517736257786,73860.0,1.0,1,0.0,1.5851748110966993e-06,0.0,1,0.0,0,,"{""betweenness"": 0.116, ""degree"": 0.07, ""n_seed_upstream"": 0.15, ""role"": 0.026, ""seed_flow_kzt"": 0.227, ""temporal"": 0.032}"
100000001872484100,peripheral,0.5,38,0.7089114543334185,"Периферийный узел: 1 входящих, 3 исходящих, оборот 1.39 млн",1,False,1,3,871400.0,514580.0,13,9,0.5905210006885472,871400.0,1.0,1,0.0,5.944405541612623e-07,0.07505164103741106,1,0.09090909090909091,2,near_threshold;cycles,"{""betweenness"": 0.113, ""degree"": 0.087, ""n_seed_upstream"": 0.15, ""role"": 0.026, ""seed_flow_kzt"": 0.25, ""temporal"": 0.068}"
100000008769636100,terminal,0.5,4,0.5984299001621298,"Вероятный конечный получатель: 1 плательщиков, получено 23 тыс., исходящих нет",1,False,1,0,23118.0,0.0,1,0,0.0,23118.0,1.0,1,1.0,0.0,0.0,1,0.0,0,,"{""betweenness"": 0.055, ""degree"": 0.032, ""n_seed_upstream"": 0.15, ""role"": 0.121, ""seed_flow_kzt"": 0.195, ""temporal"": 0.032}"
100000004135268100,transit,0.6000534511618779,36,0.8724692095457517,"Признаки транзита: получено 1.24 млн, отдано 81%, медиана задержки 0 дн., 2→3 контрагента",1,False,2,3,1239000.0,1000200.0,3,4,0.8072639225181598,1210778.8390889051,0.9772226304188096,1,0.0,1.1888811083225246e-06,1.0,1,0.0,3,fast_pass;cycles,"{""betweenness"": 0.115, ""degree"": 0.09, ""n_seed_upstream"": 0.15, ""role"": 0.189, ""seed_flow_kzt"": 0.25, ""temporal"": 0.059}"
100000005316708100,peripheral,0.5,7,0.6460676394459139,"Периферийный узел: 1 входящих, 2 исходящих, оборот 348 тыс.; есть источники вне выборки",1,False,1,2,90000.0,257500.0,1,4,2.861111111111111,90000.0,0.34951456310679613,1,0.0,5.944405541612623e-07,0.0,1,0.0,0,external_funding,"{""betweenness"": 0.113, ""degree"": 0.081, ""n_seed_upstream"": 0.15, ""role"": 0.026, ""seed_flow_kzt"": 0.23, ""temporal"": 0.032}"
100000008671929100,terminal,0.5,5,0.6732599482322154,"Вероятный конечный получатель: 1 плательщиков, получено 75 тыс., исходящих нет",1,False,1,0,75000.0,0.0,2,0,0.0,75000.0,1.0,2,1.0,0.0,0.0,1,0.0,0,,"{""betweenness"": 0.055, ""degree"": 0.032, ""n_seed_upstream"": 0.191, ""role"": 0.121, ""seed_flow_kzt"": 0.227, ""temporal"": 0.032}"
100000005287097100,coordinator,0.5,2,0.9598941889239696,Кандидат в координирующий узел: 2 плательщиков → 9 получателей; сигналы S3,1,False,2,9,127173.0,697300.0,5,42,5.483082100760382,111178.99913569048,0.15944213270570842,2,0.0,0.0010907984168859162,0.5010733410393715,1,0.3404255319148936,6,fast_pass;near_threshold;cycles;external_funding;bridge;peripheral;S3,"{""betweenness"": 0.148, ""degree"": 0.097, ""n_seed_upstream"": 0.191, ""role"": 0.198, ""seed_flow_kzt"": 0.234, ""temporal"": 0.071}"
100000007283257100,terminal,0.5,41,0.6445089171431009,"Вероятный конечный получатель: 1 плательщиков, получено 192 тыс., исходящих нет",1,False,1,0,192000.0,0.0,7,0,0.0,192000.0,1.0,1,1.0,0.0,0.0,1,0.0,0,,"{""betweenness"": 0.055, ""degree"": 0.032, ""n_seed_upstream"": 0.15, ""role"": 0.121, ""seed_flow_kzt"": 0.24, ""temporal"": 0.032}"
100000004847758100,coordinator,0.75,3,0.8717979349773871,Кандидат в координирующий узел: 4 плательщиков → 15 получателей; сигналы S3,1,False,4,15,115171.0,488800.0,4,23,4.244123954815014,19047.02142075994,0.03896690143363326,1,0.0,0.0011633201644935902,0.5913294145227531,1,0.037037037037037035,7,fast_pass;near_threshold;cycles;external_funding;bridge;peripheral;S3,"{""betweenness"": 0.148, ""degree"": 0.098, ""n_seed_upstream"": 0.15, ""role"": 0.198, ""seed_flow_kzt"": 0.189, ""temporal"": 0.069}"
100000008737422100,terminal,0.5,4,0.6318798532297978,"Вероятный конечный получатель: 1 плательщиков, получено 77 тыс., исходящих нет",1,False,1,0,76903.0,0.0,1,0,0.0,76903.0,1.0,1,1.0,0.0,0.0,1,0.0,0,,"{""betweenness"": 0.055, ""degree"": 0.032, ""n_seed_upstream"": 0.15, ""role"": 0.121, ""seed_flow_kzt"": 0.228, ""temporal"": 0.032}"
100000008555918100,peripheral,0.5,5,0.718394629803453,"Периферийный узел: 1 входящих, 2 исходящих, оборот 183 тыс.",1,False,1,2,139211.0,43300.0,1,2,0.3110386391879952,139211.0,1.0,2,0.0,4.755524433290098e-05,0.0,1,0.0,0,,"{""betweenness"": 0.136, ""degree"": 0.081, ""n_seed_upstream"": 0.191, ""role"": 0.026, ""seed_flow_kzt"": 0.236, ""temporal"": 0.032}"
100000008094734100,consolidator,0.5,1,0.8256165201809027,"Признаки консолидации: 4 плательщиков, деньги от 3 seed за ≤2 колена, seed-поток 199 тыс., дальше ушло 0%",1,False,4,0,236249.0,0.0,4,0,0.0,198793.70829751107,0.8414584116652815,3,1.0,0.0,0.0,1,0.0,0,,"{""betweenness"": 0.055, ""degree"": 0.087, ""n_seed_upstream"": 0.198, ""role"": 0.194, ""seed_flow_kzt"": 0.24, ""temporal"": 0.032}"
100000006952718100,terminal,0.5,2,0.6301732229712432,"Вероятный конечный получатель: 1 плательщиков, получено 71 тыс., исходящих нет",1,False,1,0,71489.0,0.0,1,0,0.0,71489.0,1.0,1,1.0,0.0,0.0,1,0.0,0,,"{""betweenness"": 0.055, ""degree"": 0.032, ""n_seed_upstream"": 0.15, ""role"": 0.121, ""seed_flow_kzt"": 0.226, ""temporal"": 0.032}"
100000005339662100,peripheral,0.5,2,0.7598941889239695,"Периферийный узел: 4 входящих, 4 исходящих, оборот 498 тыс.; есть источники вне выборки",1,False,4,4,202939.0,295160.0,9,15,1.4544271924075707,56496.93726722842,0.19141122530158697,2,0.0,8.876978942141516e-05,0.4919655660075195,2,0.16666666666666666,3,near_threshold;cycles;external_funding,"{""betweenness"": 0.14, ""degree"": 0.095, ""n_seed_upstream"": 0.191, ""role"": 0.026, ""seed_flow_kzt"": 0.222, ""temporal"": 0.07}"
100000001716579100,terminal,0.5,4,0.5836391045879911,"Вероятный конечный получатель: 1 плательщиков, получено 14 тыс., исходящих нет",1,False,1,0,13916.0,0.0,1,0,0.0,13916.0,1.0,1,1.0,0.0,0.0,1,0.0,0,,"{""betweenness"": 0.055, ""degree"": 0.032, ""n_seed_upstream"": 0.15, ""role"": 0.121, ""seed_flow_kzt"": 0.18, ""temporal"": 0.032}"
100000002774456100,terminal,0.5,10,0.6646699092641578,"Вероятный конечный получатель: 1 плательщиков, получено 50 тыс., исходящих нет",1,False,1,0,50363.0,0.0,1,0,0.0,50363.0,1.0,2,1.0,0.0,0.0,1,0.0,0,,"{""betweenness"": 0.055, ""degree"": 0.032, ""n_seed_upstream"": 0.191, ""role"": 0.121, ""seed_flow_kzt"": 0.219, ""temporal"": 0.032}"
100000004394765100,coordinator,1.0,2,0.9162158318400319,Кандидат в координирующий узел: 3 плательщиков → 2 получателей; сигналы S1,1,False,3,2,603844.0,82500.0,10,2,0.13662469114539516,454034.7579374152,0.7519073766360438,2,0.0,6.063293652444875e-05,0.0,2,0.0,0,peripheral;S1,"{""betweenness"": 0.138, ""degree"": 0.09, ""n_seed_upstream"": 0.191, ""role"": 0.198, ""seed_flow_kzt"": 0.247, ""temporal"": 0.032}"
100000004004621100,terminal,0.5,3,0.6947066018147168,"Вероятный конечный получатель: 3 плательщиков, получено 75 тыс., исходящих нет",1,False,3,0,75389.0,0.0,3,0,0.0,25303.96517396053,0.33564532191646695,2,1.0,0.0,0.0,2,0.0,0,,"{""betweenness"": 0.055, ""degree"": 0.081, ""n_seed_upstream"": 0.191, ""role"": 0.121, ""seed_flow_kzt"": 0.199, ""temporal"": 0.032}"
100000000907277100,terminal,0.5,4,0.5901811872457832,"Вероятный конечный получатель: 1 плательщиков, получено 18 тыс., исходящих нет",1,False,1,0,17534.0,0.0,1,0,0.0,17534.0,1.0,1,1.0,0.0,0.0,1,0.0,0,,"{""betweenness"": 0.055, ""degree"": 0.032, ""n_seed_upstream"": 0.15, ""role"": 0.121, ""seed_flow_kzt"": 0.187, ""temporal"": 0.032}"
100000003835149100,peripheral,0.5,11,0.6631339420314588,"Периферийный узел: 1 входящих, 2 исходящих, оборот 4.85 млн; есть источники вне выборки",1,False,1,2,248500.0,4600440.0,1,13,18.512837022132796,248500.0,0.05401657232786429,1,0.0,1.7833216624837866e-06,0.0,1,0.0,0,external_funding,"{""betweenness"": 0.116, ""degree"": 0.081, ""n_seed_upstream"": 0.15, ""role"": 0.026, ""seed_flow_kzt"": 0.243, ""temporal"": 0.032}"
100000004254434100,terminal,0.5,4,0.6182268111613618,"Вероятный конечный получатель: 1 плательщиков, получено 44 тыс., исходящих нет",1,False,1,0,44445.0,0.0,2,0,0.0,44445.0,1.0,1,1.0,0.0,0.0,1,0.0,0,,"{""betweenness"": 0.055, ""degree"": 0.032, ""n_seed_upstream"": 0.15, ""role"": 0.121, ""seed_flow_kzt"": 0.214, ""temporal"": 0.032}"
100000003635170100,peripheral,0.5,10,0.7597576585032852,"Периферийный узел: 3 входящих, 4 исходящих, оборот 522 тыс.",1,False,3,4,268500.0,253500.0,13,10,0.9441340782122905,51616.04284006629,0.19223852081961376,2,0.0,0.00018804136196634596,0.297951582867784,2,0.21739130434782608,2,near_threshold;cycles,"{""betweenness"": 0.143, ""degree"": 0.094, ""n_seed_upstream"": 0.191, ""role"": 0.026, ""seed_flow_kzt"": 0.219, ""temporal"": 0.069}"
100000006687202100,terminal,0.5,1,0.6222658361066075,"Вероятный конечный получатель: 1 плательщиков, получено 50 тыс., исходящих нет",1,False,1,0,50000.0,0.0,1,0,0.0,50000.0,1.0,1,1.0,0.0,0.0,1,0.0,0,,"{""betweenness"": 0.055, ""degree"": 0.032, ""n_seed_upstream"": 0.15, ""role"": 0.121, ""seed_flow_kzt"": 0.218, ""temporal"": 0.032}"
100000006030946100,terminal,0.5,4,0.6306283243735243,"Вероятный конечный получатель: 1 плательщиков, получено 73 тыс., исходящих нет",1,False,1,0,73289.0,0.0,1,0,0.0,73289.0,1.0,1,1.0,0.0,0.0,1,0.0,0,,"{""betweenness"": 0.055, ""degree"": 0.032, ""n_seed_upstream"": 0.15, ""role"": 0.121, ""seed_flow_kzt"": 0.226, ""temporal"": 0.032}"
100000002615479100,terminal,0.5,7,0.6461017720510851,"Вероятный конечный получатель: 1 плательщиков, получено 220 тыс., исходящих нет",1,False,1,0,220000.0,0.0,1,0,0.0,220000.0,1.0,1,1.0,0.0,0.0,1,0.0,0,,"{""betweenness"": 0.055, ""degree"": 0.032, ""n_seed_upstream"": 0.15, ""role"": 0.121, ""seed_flow_kzt"": 0.241, ""temporal"": 0.032}"
100000002952631100,terminal,0.5,2,0.6211849702761896,"Вероятный конечный получатель: 1 плательщиков, получено 48 тыс., исходящих нет",1,False,1,0,48050.0,0.0,1,0,0.0,48050.0,1.0,1,1.0,0.0,0.0,1,0.0,0,,"{""betweenness"": 0.055, ""degree"": 0.032, ""n_seed_upstream"": 0.15, ""role"": 0.121, ""seed_flow_kzt"": 0.217, ""temporal"": 0.032}"
100000002890167100,terminal,0.5,2,0.6389339249651562,"Вероятный конечный получатель: 1 плательщиков, получено 118 тыс., исходящих нет",1,False,1,0,118150.0,0.0,1,0,0.0,118150.0,1.0,1,1.0,0.0,0.0,1,0.0,0,,"{""betweenness"": 0.055, ""degree"": 0.032, ""n_seed_upstream"": 0.15, ""role"": 0.121, ""seed_flow_kzt"": 0.234, ""temporal"": 0.032}"
100000008687671100,terminal,0.5,4,0.6135051341126945,"Вероятный конечный получатель: 1 плательщиков, получено 38 тыс., исходящих нет",1,False,1,0,37500.0,0.0,1,0,0.0,37500.0,1.0,1,1.0,0.0,0.0,1,0.0,0,,"{""betweenness"": 0.055, ""degree"": 0.032, ""n_seed_upstream"": 0.15, ""role"": 0.121, ""seed_flow_kzt"": 0.21, ""temporal"": 0.032}"
100000000810551100,peripheral,0.5,5,0.7055266376539522,"Периферийный узел: 1 входящих, 1 исходящих, оборот 107 тыс.",1,False,1,1,100000.0,7100.0,1,1,0.071,100000.0,1.0,2,0.0,7.747541889235117e-05,0.0,1,0.0,0,,"{""betweenness"": 0.139, ""degree"": 0.07, ""n_seed_upstream"": 0.191, ""role"": 0.026, ""seed_flow_kzt"": 0.232, ""temporal"": 0.032}"
100000008724279100,terminal,0.5,2,0.5792018659157494,"Вероятный конечный получатель: 1 плательщиков, получено 12 тыс., исходящих нет",1,False,1,0,11750.0,0.0,1,0,0.0,11750.0,1.0,1,1.0,0.0,0.0,1,0.0,0,,"{""betweenness"": 0.055, ""degree"": 0.032, ""n_seed_upstream"": 0.15, ""role"": 0.121, ""seed_flow_kzt"": 0.176, ""temporal"": 0.032}"
100000002592567100,peripheral,0.5,2,0.6203771652871405,"Периферийный узел: 1 входящих, 2 исходящих, оборот 54 тыс.; есть источники вне выборки",1,False,1,2,5297.0,48600.0,1,2,9.175004719652634,5297.0,0.1089917695473251,1,0.0,0.000707384259451902,0.0,1,0.3333333333333333,0,near_threshold;external_funding,"{""betweenness"": 0.147, ""degree"": 0.081, ""n_seed_upstream"": 0.15, ""role"": 0.026, ""seed_flow_kzt"": 0.158, ""temporal"": 0.045}"
100000002670860100,terminal,0.5,15,0.6847398811047586,"Вероятный конечный получатель: 2 плательщиков, получено 450 тыс., исходящих нет",1,False,2,0,450000.0,0.0,2,0,0.0,200080.18608299404,0.4446226357399868,1,1.0,0.0,0.0,1,0.0,0,,"{""betweenness"": 0.055, ""degree"": 0.07, ""n_seed_upstream"": 0.15, ""role"": 0.121, ""seed_flow_kzt"": 0.241, ""temporal"": 0.032}"
100000002844897100,terminal,0.5,7,0.5777227863583355,"Вероятный конечный получатель: 1 плательщиков, получено 11 тыс., исходящих нет",1,False,1,0,10800.0,0.0,1,0,0.0,10800.0,1.0,1,1.0,0.0,0.0,1,0.0,0,,"{""betweenness"": 0.055, ""degree"": 0.032, ""n_seed_upstream"": 0.15, ""role"": 0.121, ""seed_flow_kzt"": 0.175, ""temporal"": 0.032}"
100000007938486100,terminal,0.5,4,0.6149273259948232,"Вероятный конечный получатель: 1 плательщиков, получено 40 тыс., исходящих нет",1,False,1,0,39500.0,0.0,1,0,0.0,39500.0,1.0,1,1.0,0.0,0.0,1,0.0,0,,"{""betweenness"": 0.055, ""degree"": 0.032, ""n_seed_upstream"": 0.15, ""role"": 0.121, ""seed_flow_kzt"": 0.211, ""temporal"": 0.032}"
100000008438656100,peripheral,0.5,5,0.7103620900531898,"Периферийный узел: 2 входящих, 1 исходящих, оборот 85 тыс.",1,False,2,1,80000.0,5000.0,2,1,0.0625,55029.88405103751,0.6878735506379688,2,0.0,2.377762216645049e-05,0.0,1,0.3333333333333333,0,near_threshold,"{""betweenness"": 0.13, ""degree"": 0.081, ""n_seed_upstream"": 0.191, ""role"": 0.026, ""seed_flow_kzt"": 0.221, ""temporal"": 0.045}"
100000008304139100,coordinator,1.0,3,0.8713712774127483,"Кандидат в координирующий узел: 4 плательщиков → 24 получателей; сигналы S1, S3",1,False,4,24,189329.75,1692997.0,4,43,8.942054801213228,23934.194803552113,0.014137174964605438,1,0.0,0.0018168084803682045,1.0,1,0.0,22,fast_pass;cycles;external_funding;bridge;distributor;S1;S3,"{""betweenness"": 0.148, ""degree"": 0.099, ""n_seed_upstream"": 0.15, ""role"": 0.198, ""seed_flow_kzt"": 0.197, ""temporal"": 0.06}"
100000002597003100,peripheral,0.5,1,0.6003185709815967,"Периферийный узел: 1 входящих, 1 исходящих, оборот 29 тыс.",1,False,1,1,17700.0,11000.0,1,1,0.6214689265536724,17700.0,1.0,1,0.0,1.922024458454748e-05,0.0,1,0.0,0,,"{""betweenness"": 0.122, ""degree"": 0.07, ""n_seed_upstream"": 0.15, ""role"": 0.026, ""seed_flow_kzt"": 0.187, ""temporal"": 0.032}"
100000002830055100,terminal,0.5,4,0.5838666552891315,"Вероятный конечный получатель: 1 плательщиков, получено 14 тыс., исходящих нет",1,False,1,0,14000.0,0.0,1,0,0.0,14000.0,1.0,1,1.0,0.0,0.0,1,0.0,0,,"{""betweenness"": 0.055, ""degree"": 0.032, ""n_seed_upstream"": 0.15, ""role"": 0.121, ""seed_flow_kzt"": 0.181, ""temporal"": 0.032}"
100000004299488100,coordinator,1.0,1,0.929419461273715,Кандидат в координирующий узел: 6 плательщиков → 2 получателей; сигналы S3,1,False,6,2,1749000.0,344999.0,22,14,0.19725500285877645,416800.09060818824,0.238307656151051,1,0.0,2.0805419395644178e-05,0.15208690680388792,3,0.027777777777777776,1,sync_in;near_threshold;cycles;consolidator;S3,"{""betweenness"": 0.128, ""degree"": 0.095, ""n_seed_upstream"": 0.15, ""role"": 0.198, ""seed_flow_kzt"": 0.247, ""temporal"": 0.091}"
100000002809568100,terminal,0.5,1,0.5754472793469295,"Вероятный конечный получатель: 1 плательщиков, получено 10 тыс., исходящих нет",1,False,1,0,10000.0,0.0,1,0,0.0,10000.0,1.0,1,1.0,0.0,0.0,1,0.0,0,,"{""betweenness"": 0.055, ""degree"": 0.032, ""n_seed_upstream"": 0.15, ""role"": 0.121, ""seed_flow_kzt"": 0.172, ""temporal"": 0.032}"
100000004784224100,peripheral,0.5,11,0.5978041357339932,"Периферийный узел: 1 входящих, 1 исходящих, оборот 124 тыс.; есть источники вне выборки",1,False,1,1,23500.0,100000.0,2,1,4.25531914893617,23500.0,0.235,1,0.0,1.981468513870874e-07,0.0,1,0.0,0,external_funding,"{""betweenness"": 0.111, ""degree"": 0.07, ""n_seed_upstream"": 0.15, ""role"": 0.026, ""seed_flow_kzt"": 0.195, ""temporal"": 0.032}"
100000003123296100,terminal,0.5,11,0.6334727081377819,"Вероятный конечный получатель: 1 плательщиков, получено 86 тыс., исходящих нет",1,False,1,0,86200.0,0.0,2,0,0.0,86200.0,1.0,1,1.0,0.0,0.0,1,0.0,0,,"{""betweenness"": 0.055, ""degree"": 0.032, ""n_seed_upstream"": 0.15, ""role"": 0.121, ""seed_flow_kzt"": 0.229, ""temporal"": 0.032}"
100000004130144100,terminal,0.5,7,0.6451915692465227,"Вероятный конечный получатель: 1 плательщиков, получено 200 тыс., исходящих нет",1,False,1,0,200000.0,0.0,1,0,0.0,200000.0,1.0,1,1.0,0.0,0.0,1,0.0,0,,"{""betweenness"": 0.055, ""degree"": 0.032, ""n_seed_upstream"": 0.15, ""role"": 0.121, ""seed_flow_kzt"": 0.241, ""temporal"": 0.032}"
100000001253557100,coordinator,0.75,11,0.7900048354523992,Кандидат в координирующий узел: 5 плательщиков → 0 получателей; сигналы S3,1,False,5,0,210200.0,0.0,5,0,0.0,33464.771133859955,0.15920442975195032,2,1.0,0.0,0.0,1,0.0,0,consolidator;S3,"{""betweenness"": 0.055, ""degree"": 0.09, ""n_seed_upstream"": 0.191, ""role"": 0.198, ""seed_flow_kzt"": 0.206, ""temporal"": 0.032}"
100000008767925100,terminal,0.5,4,0.5892709844412208,"Вероятный конечный получатель: 1 плательщиков, получено 17 тыс., исходящих нет",1,False,1,0,17144.0,0.0,1,0,0.0,17144.0,1.0,1,1.0,0.0,0.0,1,0.0,0,,"{""betweenness"": 0.055, ""degree"": 0.032, ""n_seed_upstream"": 0.15, ""role"": 0.121, ""seed_flow_kzt"": 0.186, ""temporal"": 0.032}"
100000007181706100,terminal,0.5,5,0.7235600307193446,"Вероятный конечный получатель: 2 плательщиков, получено 176 тыс., исходящих нет",1,False,2,0,176272.0,0.0,2,0,0.0,163782.5805322634,0.9291468896493114,2,1.0,0.0,0.0,2,0.0,0,,"{""betweenness"": 0.055, ""degree"": 0.07, ""n_seed_upstream"": 0.191, ""role"": 0.121, ""seed_flow_kzt"": 0.238, ""temporal"": 0.032}"
100000003366154100,peripheral,0.5,10,0.7251415080922718,"Периферийный узел: 1 входящих, 3 исходящих, оборот 414 тыс.; есть источники вне выборки",1,False,1,3,125000.0,289170.0,1,3,2.31336,125000.0,0.43227167410173944,2,0.0,6.261440503831962e-05,0.0,1,0.0,0,external_funding,"{""betweenness"": 0.138, ""degree"": 0.087, ""n_seed_upstream"": 0.191, ""role"": 0.026, ""seed_flow_kzt"": 0.235, ""temporal"": 0.032}"
100000007641183100,terminal,0.5,2,0.6054839718974884,"Вероятный конечный получатель: 1 плательщиков, получено 28 тыс., исходящих нет",1,False,1,0,28000.0,0.0,1,0,0.0,28000.0,1.0,1,1.0,0.0,0.0,1,0.0,0,,"{""betweenness"": 0.055, ""degree"": 0.032, ""n_seed_upstream"": 0.15, ""role"": 0.121, ""seed_flow_kzt"": 0.202, ""temporal"": 0.032}"
100000008663007100,terminal,0.5,4,0.5838666552891315,"Вероятный конечный получатель: 1 плательщиков, получено 14 тыс., исходящих нет",1,False,1,0,14000.0,0.0,1,0,0.0,14000.0,1.0,1,1.0,0.0,0.0,1,0.0,0,,"{""betweenness"": 0.055, ""degree"": 0.032, ""n_seed_upstream"": 0.15, ""role"": 0.121, ""seed_flow_kzt"": 0.181, ""temporal"": 0.032}"
100000007334196100,terminal,0.5,10,0.6838979435105385,"Вероятный конечный получатель: 1 плательщиков, получено 150 тыс., исходящих нет",1,False,1,0,150002.0,0.0,1,0,0.0,150002.0,1.0,2,1.0,0.0,0.0,1,0.0,0,,"{""betweenness"": 0.055, ""degree"": 0.032, ""n_seed_upstream"": 0.191, ""role"": 0.121, ""seed_flow_kzt"": 0.237, ""temporal"": 0.032}"
100000003873332100,peripheral,0.5,19,0.6552720653070512,"Периферийный узел: 1 входящих, 4 исходящих, оборот 309 тыс.; есть источники вне выборки",1,False,1,4,23468.0,286000.0,1,8,12.186807567751833,23468.0,0.08205594405594406,1,0.0,0.0009806287675146956,0.0,1,0.0,0,external_funding;bridge,"{""betweenness"": 0.148, ""degree"": 0.09, ""n_seed_upstream"": 0.15, ""role"": 0.026, ""seed_flow_kzt"": 0.195, ""temporal"": 0.032}"
100000001550388100,terminal,0.5,1,0.6222658361066075,"Вероятный конечный получатель: 1 плательщиков, получено 50 тыс., исходящих нет",1,False,1,0,50000.0,0.0,1,0,0.0,50000.0,1.0,1,1.0,0.0,0.0,1,0.0,0,,"{""betweenness"": 0.055, ""degree"": 0.032, ""n_seed_upstream"": 0.15, ""role"": 0.121, ""seed_flow_kzt"": 0.218, ""temporal"": 0.032}"
100000008718089100,terminal,0.5,4,0.5865403760275336,"Вероятный конечный получатель: 1 плательщиков, получено 16 тыс., исходящих нет",1,False,1,0,15534.0,0.0,1,0,0.0,15534.0,1.0,1,1.0,0.0,0.0,1,0.0,0,,"{""betweenness"": 0.055, ""degree"": 0.032, ""n_seed_upstream"": 0.15, ""role"": 0.121, ""seed_flow_kzt"": 0.183, ""temporal"": 0.032}"
100000008728457100,terminal,0.5,10,0.6606877719941975,"Вероятный конечный получатель: 1 плательщиков, получено 45 тыс., исходящих нет",1,False,1,0,45000.0,0.0,1,0,0.0,45000.0,1.0,2,1.0,0.0,0.0,1,0.0,0,,"{""betweenness"": 0.055, ""degree"": 0.032, ""n_seed_upstream"": 0.191, ""role"": 0.121, ""seed_flow_kzt"": 0.215, ""temporal"": 0.032}"
100000004206046100,terminal,0.5,2,0.5780641124100463,"Вероятный конечный получатель: 1 плательщиков, получено 11 тыс., исходящих нет",1,False,1,0,11075.0,0.0,1,0,0.0,11075.0,1.0,1,1.0,0.0,0.0,1,0.0,0,,"{""betweenness"": 0.055, ""degree"": 0.032, ""n_seed_upstream"": 0.15, ""role"": 0.121, ""seed_flow_kzt"": 0.175, ""temporal"": 0.032}"
100000006579678100,peripheral,0.5,2,0.6943823420655914,"Периферийный узел: 2 входящих, 6 исходящих, оборот 1.86 млн; есть источники вне выборки",1,False,2,6,192930.0,1668800.0,2,15,8.649769346395066,47169.86041611799,0.028265736107453254,1,0.0,0.0005680870229267796,0.0,1,0.0,2,cycles;external_funding,"{""betweenness"": 0.146, ""degree"": 0.095, ""n_seed_upstream"": 0.15, ""role"": 0.026, ""seed_flow_kzt"": 0.216, ""temporal"": 0.045}"
100000002988894100,peripheral,0.5,5,0.7350513411269449,"Периферийный узел: 1 входящих, 3 исходящих, оборот 384 тыс.",1,False,1,3,306121.0,77500.0,1,3,0.25316786499456095,306121.0,1.0,2,0.0,7.133286649935147e-05,0.0,1,0.0,0,,"{""betweenness"": 0.138, ""degree"": 0.087, ""n_seed_upstream"": 0.191, ""role"": 0.026, ""seed_flow_kzt"": 0.244, ""temporal"": 0.032}"
100000008749406100,terminal,0.5,4,0.5892709844412208,"Вероятный конечный получатель: 1 плательщиков, получено 17 тыс., исходящих нет",1,False,1,0,17144.0,0.0,1,0,0.0,17144.0,1.0,1,1.0,0.0,0.0,1,0.0,0,,"{""betweenness"": 0.055, ""degree"": 0.032, ""n_seed_upstream"": 0.15, ""role"": 0.121, ""seed_flow_kzt"": 0.186, ""temporal"": 0.032}"
100000005584222100,peripheral,0.5,1,0.7075006399863468,"Периферийный узел: 2 входящих, 2 исходящих, оборот 301 тыс.",1,False,2,2,192717.0,108587.0,6,3,0.5634531463233653,190617.9454170509,0.9891080984918347,1,0.0,3.863863602048205e-05,0.4022789893989632,1,0.0,1,cycles,"{""betweenness"": 0.133, ""degree"": 0.087, ""n_seed_upstream"": 0.15, ""role"": 0.026, ""seed_flow_kzt"": 0.24, ""temporal"": 0.056}"
100000003239859100,terminal,0.5,11,0.5915464914526268,"Вероятный конечный получатель: 1 плательщиков, получено 19 тыс., исходящих нет",1,False,1,0,18600.0,0.0,1,0,0.0,18600.0,1.0,1,1.0,0.0,0.0,1,0.0,0,,"{""betweenness"": 0.055, ""degree"": 0.032, ""n_seed_upstream"": 0.15, ""role"": 0.121, ""seed_flow_kzt"": 0.188, ""temporal"": 0.032}"
100000003980083100,terminal,0.5,44,0.6066786130784765,"Вероятный конечный получатель: 1 плательщиков, получено 30 тыс., исходящих нет",1,False,1,0,30000.0,0.0,1,0,0.0,30000.0,1.0,1,1.0,0.0,0.0,1,0.0,0,,"{""betweenness"": 0.055, ""degree"": 0.032, ""n_seed_upstream"": 0.15, ""role"": 0.121, ""seed_flow_kzt"": 0.203, ""temporal"": 0.032}"
100000004351795100,coordinator,0.75,18,0.8962823904201154,Кандидат в координирующий узел: 3 плательщиков → 14 получателей; сигналы S3,1,False,3,14,118333.0,1715161.0,3,37,14.494359139039828,66872.00542080612,0.03898876281632227,1,0.0,0.0019354984443490698,0.0,1,0.075,16,near_threshold;cycles;external_funding;bridge;peripheral;S3,"{""betweenness"": 0.149, ""degree"": 0.098, ""n_seed_upstream"": 0.15, ""role"": 0.198, ""seed_flow_kzt"": 0.224, ""temporal"": 0.057}"
100000002666248100,terminal,0.5,5,0.6718377563500867,"Вероятный конечный получатель: 1 плательщиков, получено 70 тыс., исходящих нет",1,False,1,0,70032.0,0.0,1,0,0.0,70032.0,1.0,2,1.0,0.0,0.0,1,0.0,0,,"{""betweenness"": 0.055, ""degree"": 0.032, ""n_seed_upstream"": 0.191, ""role"": 0.121, ""seed_flow_kzt"": 0.226, ""temporal"": 0.032}"
100000005877725100,terminal,0.5,4,0.6294905708678215,"Вероятный конечный получатель: 1 плательщиков, получено 70 тыс., исходящих нет",1,False,1,0,70000.0,0.0,1,0,0.0,70000.0,1.0,1,1.0,0.0,0.0,1,0.0,0,,"{""betweenness"": 0.055, ""degree"": 0.032, ""n_seed_upstream"": 0.15, ""role"": 0.121, ""seed_flow_kzt"": 0.225, ""temporal"": 0.032}"
100000001697501100,coordinator,0.5,4,0.8795460363512244,Кандидат в координирующий узел: 3 плательщиков → 38 получателей; сигналы S3,1,False,3,38,123700.0,1482606.0,3,55,11.98549717057397,25478.599475247956,0.017185010363675823,1,0.0,0.00020547828488840964,1.0,1,0.05172413793103448,3,fast_pass;near_threshold;cycles;external_funding;distributor;S3,"{""betweenness"": 0.144, ""degree"": 0.1, ""n_seed_upstream"": 0.15, ""role"": 0.198, ""seed_flow_kzt"": 0.199, ""temporal"": 0.07}"
100000006972210100,consolidator,1.0,7,0.8284836590152743,"Признаки консолидации: 3 плательщиков, деньги от 4 seed за ≤2 колена, seed-поток 489 тыс., дальше ушло 0%",1,False,3,0,488775.0,0.0,4,0,0.0,488775.0,1.0,4,1.0,0.0,0.0,1,0.0,0,,"{""betweenness"": 0.055, ""degree"": 0.081, ""n_seed_upstream"": 0.199, ""role"": 0.194, ""seed_flow_kzt"": 0.247, ""temporal"": 0.032}"
100000008749618100,terminal,0.5,4,0.6205023181727678,"Вероятный конечный получатель: 1 плательщиков, получено 47 тыс., исходящих нет",1,False,1,0,47280.0,0.0,1,0,0.0,47280.0,1.0,1,1.0,0.0,0.0,1,0.0,0,,"{""betweenness"": 0.055, ""degree"": 0.032, ""n_seed_upstream"": 0.15, ""role"": 0.121, ""seed_flow_kzt"": 0.216, ""temporal"": 0.032}"
100000008671026100,terminal,0.5,4,0.599624541343118,"Вероятный конечный получатель: 1 плательщиков, получено 24 тыс., исходящих нет",1,False,1,0,23534.0,0.0,1,0,0.0,23534.0,1.0,1,1.0,0.0,0.0,1,0.0,0,,"{""betweenness"": 0.055, ""degree"": 0.032, ""n_seed_upstream"": 0.15, ""role"": 0.121, ""seed_flow_kzt"": 0.196, ""temporal"": 0.032}"
100000001696818100,terminal,0.5,5,0.6247120061438688,"Вероятный конечный получатель: 1 плательщиков, получено 54 тыс., исходящих нет",1,False,1,0,53550.0,0.0,1,0,0.0,53550.0,1.0,1,1.0,0.0,0.0,1,0.0,0,,"{""betweenness"": 0.055, ""degree"": 0.032, ""n_seed_upstream"": 0.15, ""role"": 0.121, ""seed_flow_kzt"": 0.221, ""temporal"": 0.032}"
100000008679986100,terminal,0.5,4,0.5919447051796227,"Вероятный конечный получатель: 1 плательщиков, получено 19 тыс., исходящих нет",1,False,1,0,19000.0,0.0,1,0,0.0,19000.0,1.0,1,1.0,0.0,0.0,1,0.0,0,,"{""betweenness"": 0.055, ""degree"": 0.032, ""n_seed_upstream"": 0.15, ""role"": 0.121, ""seed_flow_kzt"": 0.189, ""temporal"": 0.032}"
100000003616818100,peripheral,0.5,23,0.6468470005973206,"Периферийный узел: 3 входящих, 3 исходящих, оборот 318 тыс.; есть источники вне выборки",1,False,3,3,78000.0,240100.0,4,8,3.0782051282051284,19864.56730815722,0.08273455771827247,1,0.0,3.1703496221933985e-06,0.0,1,0.08333333333333333,10,near_threshold;cycles;external_funding,"{""betweenness"": 0.117, ""degree"": 0.092, ""n_seed_upstream"": 0.15, ""role"": 0.026, ""seed_flow_kzt"": 0.19, ""temporal"": 0.057}"
100000004156082100,coordinator,0.6931745009658756,2,0.9585687060898257,Кандидат в координирующий узел: 5 плательщиков → 26 получателей; сигналы S2,1,False,5,26,377366.11,2319556.0,7,29,6.146699288921308,64298.81648545101,0.027720312200029233,3,0.0,0.0018328583753305584,0.9695256153235382,2,0.08333333333333333,6,fast_pass;near_threshold;cycles;external_funding;bridge;distributor;S2,"{""betweenness"": 0.148, ""degree"": 0.099, ""n_seed_upstream"": 0.198, ""role"": 0.198, ""seed_flow_kzt"": 0.224, ""temporal"": 0.07}"
100000008667058100,terminal,0.5,4,0.5901811872457832,"Вероятный конечный получатель: 1 плательщиков, получено 18 тыс., исходящих нет",1,False,1,0,17534.0,0.0,1,0,0.0,17534.0,1.0,1,1.0,0.0,0.0,1,0.0,0,,"{""betweenness"": 0.055, ""degree"": 0.032, ""n_seed_upstream"": 0.15, ""role"": 0.121, ""seed_flow_kzt"": 0.187, ""temporal"": 0.032}"
100000008628231100,peripheral,0.5,5,0.6997923599852091,"Периферийный узел: 1 входящих, 2 исходящих, оборот 678 тыс.; есть источники вне выборки",1,False,1,2,50000.0,627870.0,1,19,12.5574,50000.0,0.0796343192062051,2,0.0,4.755524433290098e-05,0.0,1,0.0,0,external_funding,"{""betweenness"": 0.136, ""degree"": 0.081, ""n_seed_upstream"": 0.191, ""role"": 0.026, ""seed_flow_kzt"": 0.218, ""temporal"": 0.032}"
100000008749063100,terminal,0.5,4,0.5919447051796227,"Вероятный конечный получатель: 1 плательщиков, получено 19 тыс., исходящих нет",1,False,1,0,19000.0,0.0,1,0,0.0,19000.0,1.0,1,1.0,0.0,0.0,1,0.0,0,,"{""betweenness"": 0.055, ""degree"": 0.032, ""n_seed_upstream"": 0.15, ""role"": 0.121, ""seed_flow_kzt"": 0.189, ""temporal"": 0.032}"
100000004494983100,terminal,0.5,4,0.6109451887248627,"Вероятный конечный получатель: 1 плательщиков, получено 35 тыс., исходящих нет",1,False,1,0,35000.0,0.0,1,0,0.0,35000.0,1.0,1,1.0,0.0,0.0,1,0.0,0,,"{""betweenness"": 0.055, ""degree"": 0.032, ""n_seed_upstream"": 0.15, ""role"": 0.121, ""seed_flow_kzt"": 0.207, ""temporal"": 0.032}"
100000007648946100,peripheral,0.5,3,0.534943254543903,"Периферийный узел: 1 входящих, 1 исходящих, оборот 45 тыс.; есть источники вне выборки",1,False,1,1,19550.0,25000.0,1,1,1.278772378516624,19550.0,0.782,1,0.0,0.0,0.0,1,0.0,0,external_funding,"{""betweenness"": 0.055, ""degree"": 0.07, ""n_seed_upstream"": 0.15, ""role"": 0.026, ""seed_flow_kzt"": 0.19, ""temporal"": 0.032}"
100000003037660100,terminal,0.5,5,0.6662058764968569,"Вероятный конечный получатель: 1 плательщиков, получено 53 тыс., исходящих нет",1,False,1,0,53000.0,0.0,1,0,0.0,53000.0,1.0,2,1.0,0.0,0.0,1,0.0,0,,"{""betweenness"": 0.055, ""degree"": 0.032, ""n_seed_upstream"": 0.191, ""role"": 0.121, ""seed_flow_kzt"": 0.22, ""temporal"": 0.032}"
100000002679516100,terminal,0.5,10,0.7036948545097704,"Вероятный конечный получатель: 3 плательщиков, получено 102 тыс., исходящих нет",1,False,3,0,102335.0,0.0,3,0,0.0,35181.57388327817,0.34378828243785775,2,1.0,0.0,0.0,1,0.0,0,,"{""betweenness"": 0.055, ""degree"": 0.081, ""n_seed_upstream"": 0.191, ""role"": 0.121, ""seed_flow_kzt"": 0.207, ""temporal"": 0.032}"
100000005588444100,terminal,0.5,7,0.5808516084990186,"Вероятный конечный получатель: 1 плательщиков, получено 12 тыс., исходящих нет",1,False,1,0,12300.0,0.0,1,0,0.0,12300.0,1.0,1,1.0,0.0,0.0,1,0.0,0,,"{""betweenness"": 0.055, ""degree"": 0.032, ""n_seed_upstream"": 0.15, ""role"": 0.121, ""seed_flow_kzt"": 0.178, ""temporal"": 0.032}"
100000001307612100,terminal,0.5,4,0.6143584492419717,"Вероятный конечный получатель: 1 плательщиков, получено 38 тыс., исходящих нет",1,False,1,0,38483.0,0.0,1,0,0.0,38483.0,1.0,1,1.0,0.0,0.0,1,0.0,0,,"{""betweenness"": 0.055, ""degree"": 0.032, ""n_seed_upstream"": 0.15, ""role"": 0.121, ""seed_flow_kzt"": 0.21, ""temporal"": 0.032}"
100000003001564100,peripheral,0.5,2,0.6093068236766503,"Периферийный узел: 1 входящих, 1 исходящих, оборот 204 тыс.; есть источники вне выборки",1,False,1,1,23520.0,180000.0,1,1,7.653061224489796,23520.0,0.13066666666666665,1,0.0,1.922024458454748e-05,0.0,1,0.0,0,external_funding,"{""betweenness"": 0.122, ""degree"": 0.07, ""n_seed_upstream"": 0.15, ""role"": 0.026, ""seed_flow_kzt"": 0.196, ""temporal"": 0.032}"
100000002762076100,peripheral,0.5,7,0.6943197656227778,"Периферийный узел: 2 входящих, 1 исходящих, оборот 170 тыс.",1,False,2,1,140350.0,30000.0,2,1,0.21375133594584966,140350.0,1.0,2,0.0,3.962937027741748e-07,0.0,1,0.0,0,,"{""betweenness"": 0.112, ""degree"": 0.081, ""n_seed_upstream"": 0.191, ""role"": 0.026, ""seed_flow_kzt"": 0.237, ""temporal"": 0.032}"
100000005514161100,consolidator,1.0,7,0.904895184458287,"Признаки консолидации: 4 плательщиков, деньги от 4 seed за ≤2 колена, seed-поток 116 тыс., дальше ушло 12%",1,False,4,1,401500.0,50000.0,7,1,0.12453300124533001,116168.87816687033,0.28933718098846906,4,0.0,4.042195768296583e-05,0.0,2,0.0,0,,"{""betweenness"": 0.134, ""degree"": 0.09, ""n_seed_upstream"": 0.199, ""role"": 0.194, ""seed_flow_kzt"": 0.234, ""temporal"": 0.032}"
100000008746673100,terminal,0.5,4,0.6244844554427283,"Вероятный конечный получатель: 1 плательщиков, получено 53 тыс., исходящих нет",1,False,1,0,53048.0,0.0,1,0,0.0,53048.0,1.0,1,1.0,0.0,0.0,1,0.0,0,,"{""betweenness"": 0.055, ""degree"": 0.032, ""n_seed_upstream"": 0.15, ""role"": 0.121, ""seed_flow_kzt"": 0.22, ""temporal"": 0.032}"
100000003265158100,transit,0.6018796303685808,11,0.9115282873965356,"Признаки транзита: получено 146 тыс., отдано 106%, медиана задержки 0 дн., 3→2 контрагента",1,False,3,2,146100.4,154200.0,3,4,1.055438588806054,102678.97869851542,0.6658818333237058,2,0.0,0.00017654884458589488,0.8726875491100641,1,0.0,0,fast_pass,"{""betweenness"": 0.143, ""degree"": 0.09, ""n_seed_upstream"": 0.191, ""role"": 0.189, ""seed_flow_kzt"": 0.233, ""temporal"": 0.045}"
100000001567366100,terminal,0.5,2,0.6541798219415763,"Вероятный конечный получатель: 1 плательщиков, получено 824 тыс., исходящих нет",1,False,1,0,824070.0,0.0,4,0,0.0,824070.0,1.0,1,1.0,0.0,0.0,1,0.0,0,,"{""betweenness"": 0.055, ""degree"": 0.032, ""n_seed_upstream"": 0.15, ""role"": 0.121, ""seed_flow_kzt"": 0.249, ""temporal"": 0.032}"
100000008777088100,terminal,0.5,4,0.5908069516739198,"Вероятный конечный получатель: 1 плательщиков, получено 18 тыс., исходящих нет",1,False,1,0,18000.0,0.0,1,0,0.0,18000.0,1.0,1,1.0,0.0,0.0,1,0.0,0,,"{""betweenness"": 0.055, ""degree"": 0.032, ""n_seed_upstream"": 0.15, ""role"": 0.121, ""seed_flow_kzt"": 0.187, ""temporal"": 0.032}"
100000002589019100,terminal,0.5,11,0.6102625366214409,"Вероятный конечный получатель: 1 плательщиков, получено 35 тыс., исходящих нет",1,False,1,0,34710.0,0.0,1,0,0.0,34710.0,1.0,1,1.0,0.0,0.0,1,0.0,0,,"{""betweenness"": 0.055, ""degree"": 0.032, ""n_seed_upstream"": 0.15, ""role"": 0.121, ""seed_flow_kzt"": 0.206, ""temporal"": 0.032}"
100000008666075100,terminal,0.5,4,0.604232443041215,"Вероятный конечный получатель: 1 плательщиков, получено 26 тыс., исходящих нет",1,False,1,0,26217.0,0.0,1,0,0.0,26217.0,1.0,1,1.0,0.0,0.0,1,0.0,0,,"{""betweenness"": 0.055, ""degree"": 0.032, ""n_seed_upstream"": 0.15, ""role"": 0.121, ""seed_flow_kzt"": 0.201, ""temporal"": 0.032}"
100000008137435100,coordinator,0.5,1,0.8648974599652983,Кандидат в координирующий узел: 2 плательщиков → 6 получателей; сигналы S3,1,False,2,6,93906.0,1419700.0,2,7,15.118309799160864,43945.1421473066,0.03095382274234458,1,0.0,0.00029840915818895366,0.0,2,0.0,1,cycles;external_funding;peripheral;S3,"{""betweenness"": 0.145, ""degree"": 0.095, ""n_seed_upstream"": 0.15, ""role"": 0.198, ""seed_flow_kzt"": 0.214, ""temporal"": 0.044}"
100000004403675100,coordinator,0.5,12,0.9533350399635917,Кандидат в координирующий узел: 4 плательщиков → 5 получателей; сигналы S3,1,False,4,5,182980.0,264699.0,8,6,1.4466007213903158,93552.74600304084,0.3534306740979031,2,0.0,0.002877290428991896,0.10930156301235108,1,0.14285714285714285,2,near_threshold;cycles;external_funding;bridge;peripheral;S3,"{""betweenness"": 0.149, ""degree"": 0.096, ""n_seed_upstream"": 0.191, ""role"": 0.198, ""seed_flow_kzt"": 0.23, ""temporal"": 0.068}"
100000004677680100,peripheral,0.5,10,0.7113348693005659,"Периферийный узел: 2 входящих, 1 исходящих, оборот 231 тыс.; есть источники вне выборки",1,False,2,1,63000.0,168000.0,2,3,2.6666666666666665,50400.0,0.3,2,0.0,4.1214545088514184e-05,0.0,1,0.0,1,cycles;external_funding,"{""betweenness"": 0.135, ""degree"": 0.081, ""n_seed_upstream"": 0.191, ""role"": 0.026, ""seed_flow_kzt"": 0.219, ""temporal"": 0.044}"
100000005958064100,peripheral,0.5,12,0.6043120857866141,"Периферийный узел: 1 входящих, 2 исходящих, оборот 170 тыс.; есть источники вне выборки",1,False,1,2,5746.0,163986.84,1,3,28.539303863557258,5746.0,0.03503939706381317,1,0.0,2.377762216645049e-05,0.0,1,0.25,0,near_threshold;external_funding,"{""betweenness"": 0.13, ""degree"": 0.081, ""n_seed_upstream"": 0.15, ""role"": 0.026, ""seed_flow_kzt"": 0.159, ""temporal"": 0.045}"
100000002881669100,terminal,0.5,11,0.5915464914526268,"Вероятный конечный получатель: 1 плательщиков, получено 19 тыс., исходящих нет",1,False,1,0,18600.0,0.0,1,0,0.0,18600.0,1.0,1,1.0,0.0,0.0,1,0.0,0,,"{""betweenness"": 0.055, ""degree"": 0.032, ""n_seed_upstream"": 0.15, ""role"": 0.121, ""seed_flow_kzt"": 0.188, ""temporal"": 0.032}"
100000002938501100,peripheral,0.5,2,0.5269676024689249,"Периферийный узел: 1 входящих, 1 исходящих, оборот 13 тыс.",1,False,1,1,8395.0,5000.0,1,1,0.5955926146515783,8395.0,1.0,1,0.0,0.0,0.0,1,0.5,0,near_threshold,"{""betweenness"": 0.055, ""degree"": 0.07, ""n_seed_upstream"": 0.15, ""role"": 0.026, ""seed_flow_kzt"": 0.169, ""temporal"": 0.046}"
100000006734554100,peripheral,0.5,24,0.588963790994681,"Периферийный узел: 1 входящих, 1 исходящих, оборот 42 тыс.; есть источники вне выборки",1,False,1,1,16500.0,25000.0,1,1,1.5151515151515151,16500.0,0.66,1,0.0,5.944405541612623e-07,0.0,1,0.0,0,external_funding,"{""betweenness"": 0.113, ""degree"": 0.07, ""n_seed_upstream"": 0.15, ""role"": 0.026, ""seed_flow_kzt"": 0.185, ""temporal"": 0.032}"
100000008003034100,peripheral,0.5,2,0.6370907642859174,"Периферийный узел: 1 входящих, 4 исходящих, оборот 147 тыс.; есть источники вне выборки",1,False,1,4,12201.0,135000.0,1,4,11.064666830587656,12201.0,0.09037777777777778,1,0.0,0.0009673529284717607,0.0,1,0.0,0,external_funding;bridge,"{""betweenness"": 0.147, ""degree"": 0.09, ""n_seed_upstream"": 0.15, ""role"": 0.026, ""seed_flow_kzt"": 0.177, ""temporal"": 0.032}"
100000003970394100,terminal,0.5,11,0.6332451574366413,"Вероятный конечный получатель: 1 плательщиков, получено 85 тыс., исходящих нет",1,False,1,0,85000.0,0.0,1,0,0.0,85000.0,1.0,1,1.0,0.0,0.0,1,0.0,0,,"{""betweenness"": 0.055, ""degree"": 0.032, ""n_seed_upstream"": 0.15, ""role"": 0.121, ""seed_flow_kzt"": 0.229, ""temporal"": 0.032}"
100000003205210100,terminal,0.5,5,0.6826464146542651,"Вероятный конечный получатель: 1 плательщиков, получено 138 тыс., исходящих нет",1,False,1,0,137563.0,0.0,1,0,0.0,137563.0,1.0,2,1.0,0.0,0.0,1,0.0,0,,"{""betweenness"": 0.055, ""degree"": 0.032, ""n_seed_upstream"": 0.191, ""role"": 0.121, ""seed_flow_kzt"": 0.236, ""temporal"": 0.032}"
100000004559194100,terminal,0.5,2,0.6484910544130613,"Вероятный конечный получатель: 1 плательщиков, получено 282 тыс., исходящих нет",1,False,1,0,282145.0,0.0,6,0,0.0,282145.0,1.0,1,1.0,0.0,0.0,1,0.0,0,,"{""betweenness"": 0.055, ""degree"": 0.032, ""n_seed_upstream"": 0.15, ""role"": 0.121, ""seed_flow_kzt"": 0.244, ""temporal"": 0.032}"
100000008173359100,terminal,0.5,2,0.5637284182381886,"Вероятный конечный получатель: 1 плательщиков, получено 6 тыс., исходящих нет",1,False,1,0,6110.0,0.0,1,0,0.0,6110.0,1.0,1,1.0,0.0,0.0,1,0.0,0,,"{""betweenness"": 0.055, ""degree"": 0.032, ""n_seed_upstream"": 0.15, ""role"": 0.121, ""seed_flow_kzt"": 0.161, ""temporal"": 0.032}"
100000007953156100,peripheral,0.5,12,0.5819097192593226,"Периферийный узел: 1 входящих, 1 исходящих, оборот 28 тыс.",2,False,1,1,18000.0,10000.0,1,1,0.5555555555555556,7087.069428621758,0.3937260793678754,1,0.0,1.981468513870874e-05,0.0,1,0.0,0,,"{""betweenness"": 0.127, ""degree"": 0.07, ""n_seed_upstream"": 0.15, ""role"": 0.026, ""seed_flow_kzt"": 0.164, ""temporal"": 0.032}"
100000002224132100,peripheral,0.5,11,0.7139346360610973,"Периферийный узел: 5 входящих, 4 исходящих, оборот 16.07 млн; есть источники вне выборки",2,False,5,4,3951020.0,12115000.0,10,25,3.0662968043695047,181058.7301224132,0.014945004549930929,1,0.0,6.340699244386797e-06,0.336506775465576,2,0.02857142857142857,8,near_threshold;cycles;external_funding,"{""betweenness"": 0.118, ""degree"": 0.096, ""n_seed_upstream"": 0.15, ""role"": 0.026, ""seed_flow_kzt"": 0.239, ""temporal"": 0.069}"
100000008547844100,peripheral,0.5,6,0.6124697784225048,"Периферийный узел: 3 входящих, 19 исходящих, оборот 2.22 млн; есть источники вне выборки",2,False,3,19,177600.0,2042199.0,3,21,11.498868243243244,1065.8174352243448,0.0005218969528553998,1,0.0,0.0017197165231885316,0.0,1,0.0,4,cycles;external_funding;bridge,"{""betweenness"": 0.148, ""degree"": 0.099, ""n_seed_upstream"": 0.15, ""role"": 0.026, ""seed_flow_kzt"": 0.13, ""temporal"": 0.046}"
100000002635780100,terminal,0.5,7,0.633131382086071,"Вероятный конечный получатель: 1 плательщиков, получено 163 тыс., исходящих нет",2,False,1,0,163000.02,0.0,1,0,0.0,84445.56803722015,0.5180709059865155,1,1.0,0.0,0.0,1,0.0,0,,"{""betweenness"": 0.055, ""degree"": 0.032, ""n_seed_upstream"": 0.15, ""role"": 0.121, ""seed_flow_kzt"": 0.229, ""temporal"": 0.032}"
100000001279875100,terminal,0.5,15,0.5237932701880137,"Вероятный конечный получатель: 1 плательщиков, получено 49 тыс., исходящих нет",2,False,1,0,49235.0,0.0,1,0,0.0,717.0746885219855,0.014564327988666305,1,1.0,0.0,0.0,1,0.0,0,,"{""betweenness"": 0.055, ""degree"": 0.032, ""n_seed_upstream"": 0.15, ""role"": 0.121, ""seed_flow_kzt"": 0.122, ""temporal"": 0.032}"
100000001961048100,terminal,0.5,15,0.4951218818442984,"Вероятный конечный получатель: 1 плательщиков, получено 150 тыс., исходящих нет",2,False,1,0,150000.0,0.0,1,0,0.0,247.5027884083783,0.0016500185893891888,1,1.0,0.0,0.0,1,0.0,0,,"{""betweenness"": 0.055, ""degree"": 0.032, ""n_seed_upstream"": 0.15, ""role"": 0.121, ""seed_flow_kzt"": 0.094, ""temporal"": 0.032}"
100000000993112100,terminal,0.5,3,0.5958130670990129,"Вероятный конечный получатель: 1 плательщиков, получено 141 тыс., исходящих нет",2,False,1,0,141000.0,0.0,1,0,0.0,20995.4070322031,0.14890359597307162,1,1.0,0.0,0.0,1,0.0,0,,"{""betweenness"": 0.055, ""degree"": 0.032, ""n_seed_upstream"": 0.15, ""role"": 0.121, ""seed_flow_kzt"": 0.192, ""temporal"": 0.032}"
100000005547096100,peripheral,0.5,33,0.58689876838183,"Периферийный узел: 1 входящих, 2 исходящих, оборот 234 тыс.; есть источники вне выборки",2,False,1,2,8000.0,226300.0,1,3,28.2875,6100.528210835929,0.02695770309693296,1,0.0,3.962937027741748e-07,0.0,1,0.0,1,cycles;external_funding,"{""betweenness"": 0.112, ""degree"": 0.081, ""n_seed_upstream"": 0.15, ""role"": 0.026, ""seed_flow_kzt"": 0.161, ""temporal"": 0.044}"
100000000331309100,coordinator,1.0,8,0.9516966749153795,Кандидат в координирующий узел: 5 плательщиков → 99 получателей; сигналы S2,2,False,5,99,984635.0,23001375.0,8,126,23.360306103276848,27494.970577315085,0.0011953620415003489,3,0.0,0.005095346283418953,0.9796879046550244,3,0.0,2,fast_pass;sync_in;cycles;external_funding;bridge;distributor;S2,"{""betweenness"": 0.15, ""degree"": 0.1, ""n_seed_upstream"": 0.198, ""role"": 0.198, ""seed_flow_kzt"": 0.202, ""temporal"": 0.083}"
100000006684930100,terminal,0.5,20,0.5509855789743152,"Вероятный конечный получатель: 1 плательщиков, получено 10 тыс., исходящих нет",2,False,1,0,10000.0,0.0,1,0,0.0,2933.199149783026,0.29331991497830256,1,1.0,0.0,0.0,1,0.0,0,,"{""betweenness"": 0.055, ""degree"": 0.032, ""n_seed_upstream"": 0.15, ""role"": 0.121, ""seed_flow_kzt"": 0.148, ""temporal"": 0.032}"
100000004479404100,peripheral,0.5,3,0.592587535910345,"Периферийный узел: 2 входящих, 1 исходящих, оборот 1.79 млн",2,False,2,1,1492000.0,300000.0,8,2,0.20107238605898123,1637.2632399936176,0.0010973614209072505,1,0.0,9.610122292273739e-05,0.0,1,0.0,1,cycles,"{""betweenness"": 0.14, ""degree"": 0.081, ""n_seed_upstream"": 0.15, ""role"": 0.026, ""seed_flow_kzt"": 0.138, ""temporal"": 0.044}"
100000004134060100,terminal,0.5,6,0.5784054384617573,"Вероятный конечный получатель: 1 плательщиков, получено 88 тыс., исходящих нет",2,False,1,0,88179.0,0.0,1,0,0.0,11220.673860364055,0.12724882183245506,1,1.0,0.0,0.0,1,0.0,0,,"{""betweenness"": 0.055, ""degree"": 0.032, ""n_seed_upstream"": 0.15, ""role"": 0.121, ""seed_flow_kzt"": 0.175, ""temporal"": 0.032}"
100000001083990100,terminal,0.5,11,0.6190232386153539,"Вероятный конечный получатель: 1 плательщиков, получено 50 тыс., исходящих нет",2,False,1,0,49900.0,0.0,2,0,0.0,45687.42102628346,0.9155795796850393,1,1.0,0.0,0.0,1,0.0,0,,"{""betweenness"": 0.055, ""degree"": 0.032, ""n_seed_upstream"": 0.15, ""role"": 0.121, ""seed_flow_kzt"": 0.215, ""temporal"": 0.032}"
100000004573782100,terminal,0.5,25,0.5706687146229769,"Вероятный конечный получатель: 1 плательщиков, получено 15 тыс., исходящих нет",2,False,1,0,15000.0,0.0,1,0,0.0,8108.108108108108,0.5405405405405406,1,1.0,0.0,0.0,1,0.0,0,,"{""betweenness"": 0.055, ""degree"": 0.032, ""n_seed_upstream"": 0.15, ""role"": 0.121, ""seed_flow_kzt"": 0.168, ""temporal"": 0.032}"
100000005660203100,peripheral,0.5,2,0.7005603436015587,"Периферийный узел: 1 входящих, 2 исходящих, оборот 614 тыс.",2,False,1,2,572899.0,41000.0,12,5,0.07156584319400104,522586.01561000146,0.9121782645981255,1,0.0,1.9418391435934565e-05,0.0,1,0.11764705882352941,1,near_threshold;cycles,"{""betweenness"": 0.125, ""degree"": 0.081, ""n_seed_upstream"": 0.15, ""role"": 0.026, ""seed_flow_kzt"": 0.248, ""temporal"": 0.056}"
100000008771627100,terminal,0.5,4,0.498421367010837,"Вероятный конечный получатель: 1 плательщиков, получено 16 тыс., исходящих нет",2,False,1,0,16500.0,0.0,1,0,0.0,283.55267100065106,0.017185010363675823,1,1.0,0.0,0.0,1,0.0,0,,"{""betweenness"": 0.055, ""degree"": 0.032, ""n_seed_upstream"": 0.15, ""role"": 0.121, ""seed_flow_kzt"": 0.097, ""temporal"": 0.032}"
100000000031787100,transit,0.50147168865704,25,0.8118553915294251,"Признаки транзита: получено 90 тыс., отдано 100%, 1→2 контрагента",2,False,1,2,90000.0,90000.0,2,4,1.0,48648.648648648654,0.5405405405405406,1,0.0,3.962937027741748e-07,0.0,1,0.0,1,cycles,"{""betweenness"": 0.112, ""degree"": 0.081, ""n_seed_upstream"": 0.15, ""role"": 0.189, ""seed_flow_kzt"": 0.217, ""temporal"": 0.044}"
100000001346560100,peripheral,0.5,14,0.6486218960662172,"Периферийный узел: 2 входящих, 1 исходящих, оборот 32 тыс.; есть источники вне выборки",2,False,2,1,10000.0,22200.0,2,1,2.22,5755.274462803369,0.2592465974235752,2,0.0,2.5759090680321364e-05,0.0,1,0.6666666666666666,0,near_threshold;external_funding,"{""betweenness"": 0.131, ""degree"": 0.081, ""n_seed_upstream"": 0.191, ""role"": 0.026, ""seed_flow_kzt"": 0.159, ""temporal"": 0.046}"
100000001703168100,peripheral,0.5,3,0.5304036180561481,"Периферийный узел: 1 входящих, 1 исходящих, оборот 135 тыс.; есть источники вне выборки",2,False,1,1,45000.0,90000.0,1,1,2.0,636.1728734072447,0.007068587482302718,1,0.0,1.922024458454748e-05,0.0,1,0.0,0,external_funding,"{""betweenness"": 0.122, ""degree"": 0.07, ""n_seed_upstream"": 0.15, ""role"": 0.026, ""seed_flow_kzt"": 0.119, ""temporal"": 0.032}"
100000004904960100,terminal,0.5,1,0.6090792729755098,"Вероятный конечный получатель: 2 плательщиков, получено 32 тыс., исходящих нет",2,False,2,0,32000.0,0.0,2,0,0.0,7863.513446540172,0.24573479520438035,1,1.0,0.0,0.0,1,0.0,0,,"{""betweenness"": 0.055, ""degree"": 0.07, ""n_seed_upstream"": 0.15, ""role"": 0.121, ""seed_flow_kzt"": 0.167, ""temporal"": 0.032}"
100000004467157100,peripheral,0.5,21,0.5384077139687686,"Периферийный узел: 1 входящих, 1 исходящих, оборот 27 тыс.",2,False,1,1,20000.0,7000.0,3,1,0.35,8265.937466403026,0.4132968733201513,1,0.0,0.0,0.0,1,0.5,1,near_threshold;cycles,"{""betweenness"": 0.055, ""degree"": 0.07, ""n_seed_upstream"": 0.15, ""role"": 0.026, ""seed_flow_kzt"": 0.168, ""temporal"": 0.058}"
100000008346837100,coordinator,1.0,3,0.9339647865289985,Кандидат в координирующий узел: 9 плательщиков → 25 получателей; сигналы S2,2,False,9,25,254359.0,1258643.0,12,26,4.948293553599441,13600.731826243045,0.01080586935790613,2,0.0,0.008627313909393785,0.7548386335848152,4,0.10526315789473684,7,fast_pass;sync_in;near_threshold;cycles;external_funding;bridge;distributor;S2,"{""betweenness"": 0.15, ""degree"": 0.099, ""n_seed_upstream"": 0.191, ""role"": 0.198, ""seed_flow_kzt"": 0.18, ""temporal"": 0.095}"
100000006385877100,peripheral,0.5,7,0.5865858861677616,"Периферийный узел: 1 входящих, 1 исходящих, оборот 90 тыс.",2,False,1,1,53706.62,36602.93,5,5,0.6815347903107661,30114.581523741595,0.560723827401095,1,0.0,0.0,0.2986339486640567,1,0.4,1,near_threshold;cycles,"{""betweenness"": 0.055, ""degree"": 0.07, ""n_seed_upstream"": 0.15, ""role"": 0.026, ""seed_flow_kzt"": 0.203, ""temporal"": 0.069}"
100000002459093100,peripheral,0.5,7,0.6194897175526922,"Периферийный узел: 1 входящих, 1 исходящих, оборот 555 тыс.",2,False,1,1,500000.0,55000.0,2,3,0.11,42682.9268292683,0.08536585365853659,1,0.0,1.1888811083225246e-06,0.0,1,0.0,0,,"{""betweenness"": 0.115, ""degree"": 0.07, ""n_seed_upstream"": 0.15, ""role"": 0.026, ""seed_flow_kzt"": 0.213, ""temporal"": 0.032}"
100000005053653100,peripheral,0.5,3,0.5602013823705095,"Периферийный узел: 2 входящих, 1 исходящих, оборот 88 тыс.",2,False,2,1,63073.0,25000.0,2,1,0.3963661154535221,1503.8607346224455,0.023843177502615154,1,0.0,1.922024458454748e-05,0.0,1,0.0,0,,"{""betweenness"": 0.122, ""degree"": 0.081, ""n_seed_upstream"": 0.15, ""role"": 0.026, ""seed_flow_kzt"": 0.137, ""temporal"": 0.032}"
100000001557930100,terminal,0.5,17,0.5711238160252582,"Вероятный конечный получатель: 1 плательщиков, получено 35 тыс., исходящих нет",2,False,1,0,34610.0,0.0,1,0,0.0,8306.62150990693,0.2400064001706712,1,1.0,0.0,0.0,1,0.0,0,,"{""betweenness"": 0.055, ""degree"": 0.032, ""n_seed_upstream"": 0.15, ""role"": 0.121, ""seed_flow_kzt"": 0.168, ""temporal"": 0.032}"
100000002820010100,terminal,0.5,17,0.5678243308587194,"Вероятный конечный получатель: 1 плательщиков, получено 30 тыс., исходящих нет",2,False,1,0,30000.0,0.0,1,0,0.0,7200.192005120136,0.2400064001706712,1,1.0,0.0,0.0,1,0.0,0,,"{""betweenness"": 0.055, ""degree"": 0.032, ""n_seed_upstream"": 0.15, ""role"": 0.121, ""seed_flow_kzt"": 0.165, ""temporal"": 0.032}"
100000000769919100,terminal,0.5,42,0.6451915692465227,"Вероятный конечный получатель: 1 плательщиков, получено 250 тыс., исходящих нет",2,False,1,0,250000.0,0.0,1,0,0.0,200000.0,0.8,1,1.0,0.0,0.0,1,0.0,0,,"{""betweenness"": 0.055, ""degree"": 0.032, ""n_seed_upstream"": 0.15, ""role"": 0.121, ""seed_flow_kzt"": 0.241, ""temporal"": 0.032}"
100000003188607100,peripheral,0.5,25,0.5887248627584833,"Периферийный узел: 1 входящих, 1 исходящих, оборот 23 тыс.",2,False,1,1,18000.0,5000.0,1,1,0.2777777777777778,9729.72972972973,0.5405405405405406,1,0.0,5.944405541612623e-07,0.0,1,0.5,0,near_threshold,"{""betweenness"": 0.113, ""degree"": 0.07, ""n_seed_upstream"": 0.15, ""role"": 0.026, ""seed_flow_kzt"": 0.171, ""temporal"": 0.046}"
100000002836052100,terminal,0.5,14,0.6141536536109451,"Вероятный конечный получатель: 1 плательщиков, получено 15 тыс., исходящих нет",2,False,1,0,15000.0,0.0,1,0,0.0,8632.911694205053,0.5755274462803369,2,1.0,0.0,0.0,1,0.0,0,,"{""betweenness"": 0.055, ""degree"": 0.032, ""n_seed_upstream"": 0.191, ""role"": 0.121, ""seed_flow_kzt"": 0.169, ""temporal"": 0.032}"
100000001102676100,transit,0.6014716886570399,5,0.7654179821941575,"Признаки транзита: получено 50 тыс., отдано 100%, медиана задержки 0 дн., 1→1 контрагента",2,False,1,1,50000.0,50000.0,1,1,1.0,6789.354402960997,0.13578708805921993,1,0.0,2.3975769017837576e-05,1.0,1,0.0,0,fast_pass,"{""betweenness"": 0.13, ""degree"": 0.07, ""n_seed_upstream"": 0.15, ""role"": 0.189, ""seed_flow_kzt"": 0.163, ""temporal"": 0.046}"
100000003390036100,peripheral,0.5,3,0.7456608925676251,"Периферийный узел: 2 входящих, 2 исходящих, оборот 293 тыс.",2,False,2,2,231300.0,62000.0,4,2,0.2680501513186338,90960.53719754174,0.39325783483589166,2,0.0,7.826800629789953e-05,0.043233895373973194,1,0.0,2,cycles,"{""betweenness"": 0.139, ""degree"": 0.087, ""n_seed_upstream"": 0.191, ""role"": 0.026, ""seed_flow_kzt"": 0.23, ""temporal"": 0.057}"
100000008335401100,terminal,0.5,7,0.5689620843644224,"Вероятный конечный получатель: 1 плательщиков, получено 150 тыс., исходящих нет",2,False,1,0,150000.0,0.0,3,0,0.0,7520.642602297499,0.05013761734864999,1,1.0,0.0,0.0,1,0.0,0,,"{""betweenness"": 0.055, ""degree"": 0.032, ""n_seed_upstream"": 0.15, ""role"": 0.121, ""seed_flow_kzt"": 0.166, ""temporal"": 0.032}"
100000006994985100,peripheral,0.5,7,0.616008191825241,"Периферийный узел: 1 входящих, 1 исходящих, оборот 59 тыс.",2,False,1,1,48500.0,10200.0,2,2,0.21030927835051547,16871.359896876365,0.34786309065724463,1,0.0,1.9616538287321655e-05,0.0,1,0.5,0,near_threshold,"{""betweenness"": 0.126, ""degree"": 0.07, ""n_seed_upstream"": 0.15, ""role"": 0.026, ""seed_flow_kzt"": 0.185, ""temporal"": 0.046}"
100000008356606100,terminal,0.5,2,0.5972466365161988,"Вероятный конечный получатель: 2 плательщиков, получено 168 тыс., исходящих нет",2,False,2,0,168500.0,0.0,2,0,0.0,4579.238469657883,0.027176489434171412,1,1.0,0.0,0.0,1,0.0,0,,"{""betweenness"": 0.055, ""degree"": 0.07, ""n_seed_upstream"": 0.15, ""role"": 0.121, ""seed_flow_kzt"": 0.156, ""temporal"": 0.032}"
100000007930878100,terminal,0.5,35,0.5739966436271582,"Вероятный конечный получатель: 1 плательщиков, получено 5 тыс., исходящих нет",2,False,1,0,5000.0,0.0,1,0,0.0,5000.0,1.0,1,1.0,0.0,0.0,1,1.0,0,near_threshold,"{""betweenness"": 0.055, ""degree"": 0.032, ""n_seed_upstream"": 0.15, ""role"": 0.121, ""seed_flow_kzt"": 0.157, ""temporal"": 0.047}"
100000008389800100,peripheral,0.5,2,0.6672127883494041,"Периферийный узел: 3 входящих, 7 исходящих, оборот 591 тыс.; есть источники вне выборки",2,False,3,7,189000.0,401620.0,3,8,2.124973544973545,13128.304212139237,0.0326883726212321,1,0.0,0.00015514898463608943,1.0,1,0.0,2,fast_pass;cycles;external_funding,"{""betweenness"": 0.142, ""degree"": 0.096, ""n_seed_upstream"": 0.15, ""role"": 0.026, ""seed_flow_kzt"": 0.179, ""temporal"": 0.059}"
100000005474472100,terminal,0.5,11,0.5989418892396963,"Вероятный конечный получатель: 1 плательщиков, получено 100 тыс., исходящих нет",2,False,1,0,100000.0,0.0,1,0,0.0,23500.0,0.235,1,1.0,0.0,0.0,1,0.0,0,,"{""betweenness"": 0.055, ""degree"": 0.032, ""n_seed_upstream"": 0.15, ""role"": 0.121, ""seed_flow_kzt"": 0.195, ""temporal"": 0.032}"
100000004486525100,peripheral,0.5,3,0.6641920527917627,"Периферийный узел: 8 входящих, 2 исходящих, оборот 632 тыс.",2,False,8,2,360924.0,271045.0,21,3,0.7509752745730403,13366.156125220692,0.03703315968242814,1,0.0,4.755524433290098e-06,0.07249448637386265,5,0.125,0,sync_in;near_threshold,"{""betweenness"": 0.118, ""degree"": 0.096, ""n_seed_upstream"": 0.15, ""role"": 0.026, ""seed_flow_kzt"": 0.179, ""temporal"": 0.08}"
100000003031890100,terminal,0.5,23,0.5639332138692151,"Вероятный конечный получатель: 1 плательщиков, получено 215 тыс., исходящих нет",2,False,1,0,215000.0,0.0,10,0,0.0,3265.9581496587807,0.015190503021668748,1,1.0,0.0,0.0,1,0.1,0,near_threshold,"{""betweenness"": 0.055, ""degree"": 0.032, ""n_seed_upstream"": 0.15, ""role"": 0.121, ""seed_flow_kzt"": 0.15, ""temporal"": 0.044}"
100000008624978100,terminal,0.5,6,0.5835253292374207,"Вероятный конечный получатель: 1 плательщиков, получено 109 тыс., исходящих нет",2,False,1,0,109000.0,0.0,1,0,0.0,13870.121579737603,0.12724882183245506,1,1.0,0.0,0.0,1,0.0,0,,"{""betweenness"": 0.055, ""degree"": 0.032, ""n_seed_upstream"": 0.15, ""role"": 0.121, ""seed_flow_kzt"": 0.18, ""temporal"": 0.032}"
100000000790311100,terminal,0.5,2,0.5361947834001762,"Вероятный конечный получатель: 1 плательщиков, получено 46 тыс., исходящих нет",2,False,1,0,46300.0,0.0,1,0,0.0,1283.4504548613536,0.027720312200029237,1,1.0,0.0,0.0,1,0.0,0,,"{""betweenness"": 0.055, ""degree"": 0.032, ""n_seed_upstream"": 0.15, ""role"": 0.121, ""seed_flow_kzt"": 0.134, ""temporal"": 0.032}"
100000008546855100,consolidator,0.6328021248340019,19,0.8274539920926129,"Признаки консолидации: 6 плательщиков, деньги от 1 seed за ≤2 колена, seed-поток 2 тыс., дальше ушло 14%",2,False,6,2,71790.0,10000.0,8,2,0.1392951664577239,1518.8433975720704,0.02115675438880165,1,0.0,5.8849614861964964e-05,0.26466081626967547,5,0.5,2,sync_in;near_threshold;cycles,"{""betweenness"": 0.137, ""degree"": 0.095, ""n_seed_upstream"": 0.15, ""role"": 0.194, ""seed_flow_kzt"": 0.137, ""temporal"": 0.096}"
100000002863356100,peripheral,0.5,4,0.5287311204027647,"Периферийный узел: 1 входящих, 1 исходящих, оборот 65 тыс.",2,False,1,1,45000.0,20000.0,1,1,0.4444444444444444,773.325466365412,0.017185010363675823,1,0.0,1.387027959709612e-06,0.0,1,0.0,0,,"{""betweenness"": 0.115, ""degree"": 0.07, ""n_seed_upstream"": 0.15, ""role"": 0.026, ""seed_flow_kzt"": 0.124, ""temporal"": 0.032}"
100000000332284100,peripheral,0.5,3,0.672736581619592,"Периферийный узел: 10 входящих, 3 исходящих, оборот 397 тыс.; есть источники вне выборки",2,False,10,3,107426.0,289500.0,12,3,2.69487833485376,6538.783093082596,0.022586470097003784,1,0.0,0.00010303636272128546,0.22340960288943087,3,0.26666666666666666,0,sync_in;near_threshold;external_funding,"{""betweenness"": 0.141, ""degree"": 0.097, ""n_seed_upstream"": 0.15, ""role"": 0.026, ""seed_flow_kzt"": 0.162, ""temporal"": 0.082}"
100000002605308100,terminal,0.5,12,0.6994851665386694,"Вероятный конечный получатель: 3 плательщиков, получено 2.57 млн, исходящих нет",2,False,3,0,2569521.84,0.0,7,0,0.0,30010.23743226806,0.011679308175200433,2,1.0,0.0,0.0,1,0.0,0,,"{""betweenness"": 0.055, ""degree"": 0.081, ""n_seed_upstream"": 0.191, ""role"": 0.121, ""seed_flow_kzt"": 0.203, ""temporal"": 0.032}"
100000005931985100,terminal,0.5,15,0.5334641749864891,"Вероятный конечный получатель: 1 плательщиков, получено 76 тыс., исходящих нет",2,False,1,0,76000.0,0.0,1,0,0.0,1106.8889271386392,0.014564327988666305,1,1.0,0.0,0.0,1,0.0,0,,"{""betweenness"": 0.055, ""degree"": 0.032, ""n_seed_upstream"": 0.15, ""role"": 0.121, ""seed_flow_kzt"": 0.131, ""temporal"": 0.032}"
100000001166289100,peripheral,0.5,4,0.5363654464260318,"Периферийный узел: 2 входящих, 1 исходящих, оборот 746 тыс.",2,False,2,1,721039.0,25000.0,10,1,0.0346721883282319,4751.973695896888,0.006590453076597643,1,0.0,0.0,0.0,1,0.18181818181818182,1,near_threshold;cycles,"{""betweenness"": 0.055, ""degree"": 0.081, ""n_seed_upstream"": 0.15, ""role"": 0.026, ""seed_flow_kzt"": 0.156, ""temporal"": 0.056}"
100000008477350100,coordinator,1.0,1,0.9290098700116619,"Кандидат в координирующий узел: 11 плательщиков → 39 получателей; сигналы S2, S3",2,False,11,39,610100.0,3374866.0,14,44,5.531660383543682,40938.53602901337,0.012130418223720104,2,0.0,0.0032440602509093953,0.30011473528929683,2,0.0,34,cycles;external_funding;bridge;distributor;S2;S3,"{""betweenness"": 0.149, ""degree"": 0.1, ""n_seed_upstream"": 0.191, ""role"": 0.198, ""seed_flow_kzt"": 0.212, ""temporal"": 0.058}"
100000003824464100,terminal,0.5,1,0.5638990812640441,"Вероятный конечный получатель: 1 плательщиков, получено 200 тыс., исходящих нет",2,False,1,0,200000.0,0.0,1,0,0.0,6190.7645484689165,0.030953822742344584,1,1.0,0.0,0.0,1,0.0,0,,"{""betweenness"": 0.055, ""degree"": 0.032, ""n_seed_upstream"": 0.15, ""role"": 0.121, ""seed_flow_kzt"": 0.161, ""temporal"": 0.032}"
100000002738256100,transit,0.6026866646455417,36,0.7764371248968911,"Признаки транзита: получено 150 тыс., отдано 117%, медиана задержки 1 дн., 1→1 контрагента",2,False,1,1,150200.0,175000.0,1,1,1.1651131824234353,146778.8390889052,0.8387362233651725,1,0.0,0.0,1.0,1,0.0,1,fast_pass;cycles,"{""betweenness"": 0.055, ""degree"": 0.07, ""n_seed_upstream"": 0.15, ""role"": 0.189, ""seed_flow_kzt"": 0.237, ""temporal"": 0.058}"
100000001857829100,coordinator,0.5,14,0.8516028102511589,Кандидат в координирующий узел: 6 плательщиков → 16 получателей; сигналы S3,2,False,6,16,888535.0,2390993.0,9,16,2.690938454872346,3995.8914433370587,0.0016712267427537674,1,0.0,0.0023268384758385672,0.6865233220976101,3,0.0,6,fast_pass;sync_in;cycles;external_funding;bridge;peripheral;S3,"{""betweenness"": 0.149, ""degree"": 0.099, ""n_seed_upstream"": 0.15, ""role"": 0.198, ""seed_flow_kzt"": 0.153, ""temporal"": 0.084}"
100000008672762100,terminal,0.5,4,0.49096908154848246,"Вероятный конечный получатель: 1 плательщиков, получено 13 тыс., исходящих нет",2,False,1,0,13000.0,0.0,1,0,0.0,223.4051347277857,0.017185010363675823,1,1.0,0.0,0.0,1,0.0,0,,"{""betweenness"": 0.055, ""degree"": 0.032, ""n_seed_upstream"": 0.15, ""role"": 0.121, ""seed_flow_kzt"": 0.09, ""temporal"": 0.032}"
100000001737722100,terminal,0.5,5,0.5707824899735472,"Вероятный конечный получатель: 1 плательщиков, получено 60 тыс., исходящих нет",2,False,1,0,60460.0,0.0,1,0,0.0,8209.687344060438,0.13578708805921993,1,1.0,0.0,0.0,1,0.0,0,,"{""betweenness"": 0.055, ""degree"": 0.032, ""n_seed_upstream"": 0.15, ""role"": 0.121, ""seed_flow_kzt"": 0.168, ""temporal"": 0.032}"
100000005572303100,peripheral,0.5,2,0.6001706630258554,"Периферийный узел: 1 входящих, 1 исходящих, оборот 95 тыс.",2,False,1,1,75000.0,20000.0,1,1,0.26666666666666666,11958.159952928132,0.15944213270570842,1,0.0,3.844048916909496e-05,0.0,1,0.0,0,,"{""betweenness"": 0.132, ""degree"": 0.07, ""n_seed_upstream"": 0.15, ""role"": 0.026, ""seed_flow_kzt"": 0.177, ""temporal"": 0.032}"
100000008733049100,terminal,0.5,2,0.4979093779332707,"Вероятный конечный получатель: 1 плательщиков, получено 10 тыс., исходящих нет",2,False,1,0,10000.0,0.0,1,0,0.0,277.20312200029235,0.027720312200029237,1,1.0,0.0,0.0,1,0.0,0,,"{""betweenness"": 0.055, ""degree"": 0.032, ""n_seed_upstream"": 0.15, ""role"": 0.121, ""seed_flow_kzt"": 0.097, ""temporal"": 0.032}"
100000000850297100,transit,0.6014716886570399,7,0.6441732798589185,"Признаки транзита: получено 18 тыс., отдано 100%, медиана задержки 0 дн., 1→1 контрагента",2,False,1,1,17520.0,17520.0,1,1,1.0,408.47037678382566,0.0233145192228211,1,0.0,0.0,1.0,1,0.0,1,fast_pass;cycles,"{""betweenness"": 0.055, ""degree"": 0.07, ""n_seed_upstream"": 0.15, ""role"": 0.189, ""seed_flow_kzt"": 0.108, ""temporal"": 0.058}"
100000005140601100,peripheral,0.5,1,0.6418636402423414,"Периферийный узел: 3 входящих, 2 исходящих, оборот 248 тыс.; есть источники вне выборки",2,False,3,2,52685.0,195300.0,4,5,3.706937458479643,12405.872979883123,0.0635221350736463,1,0.0,1.9616538287321655e-05,0.0,2,0.3333333333333333,2,near_threshold;cycles;external_funding,"{""betweenness"": 0.126, ""degree"": 0.09, ""n_seed_upstream"": 0.15, ""role"": 0.026, ""seed_flow_kzt"": 0.178, ""temporal"": 0.058}"
100000004410489100,terminal,0.5,3,0.5447279346929488,"Вероятный конечный получатель: 1 плательщиков, получено 54 тыс., исходящих нет",2,False,1,0,54000.0,0.0,1,0,0.0,2104.212677416196,0.03896690143363326,1,1.0,0.0,0.0,1,0.0,0,,"{""betweenness"": 0.055, ""degree"": 0.032, ""n_seed_upstream"": 0.15, ""role"": 0.121, ""seed_flow_kzt"": 0.142, ""temporal"": 0.032}"
100000006852430100,terminal,0.5,10,0.6551696674915379,"Вероятный конечный получатель: 1 плательщиков, получено 37 тыс., исходящих нет",2,False,1,0,37000.0,0.0,1,0,0.0,37000.0,1.0,2,1.0,0.0,0.0,1,0.0,0,,"{""betweenness"": 0.055, ""degree"": 0.032, ""n_seed_upstream"": 0.191, ""role"": 0.121, ""seed_flow_kzt"": 0.209, ""temporal"": 0.032}"
100000003166755100,terminal,0.5,3,0.5045652359416332,"Вероятный конечный получатель: 1 плательщиков, получено 24 тыс., исходящих нет",2,False,1,0,24010.0,0.0,1,0,0.0,339.43357090017656,0.014137174964605438,1,1.0,0.0,0.0,1,0.0,0,,"{""betweenness"": 0.055, ""degree"": 0.032, ""n_seed_upstream"": 0.15, ""role"": 0.121, ""seed_flow_kzt"": 0.103, ""temporal"": 0.032}"
100000008258083100,peripheral,0.5,15,0.618107347043263,"Периферийный узел: 2 входящих, 2 исходящих, оборот 5.20 млн",2,False,2,2,3149500.0,2045650.0,13,6,0.6495157961581204,5196.73354728125,0.0016500185893891888,1,0.0,7.767356574373826e-05,0.0,1,0.0,2,cycles,"{""betweenness"": 0.139, ""degree"": 0.087, ""n_seed_upstream"": 0.15, ""role"": 0.026, ""seed_flow_kzt"": 0.157, ""temporal"": 0.045}"
100000003054328100,peripheral,0.5,15,0.5570498051597123,"Периферийный узел: 1 входящих, 2 исходящих, оборот 334 тыс.; есть источники вне выборки",2,False,1,2,140000.0,193720.0,1,2,1.3837142857142857,2039.0059184132826,0.010525531274072283,1,0.0,7.925874055483496e-07,0.0,1,0.0,0,external_funding,"{""betweenness"": 0.114, ""degree"": 0.081, ""n_seed_upstream"": 0.15, ""role"": 0.026, ""seed_flow_kzt"": 0.142, ""temporal"": 0.032}"
100000008473207100,terminal,0.5,14,0.68071223369457,"Вероятный конечный получатель: 1 плательщиков, получено 202 тыс., исходящих нет",2,False,1,0,202000.0,0.0,4,0,0.0,116256.54414862806,0.5755274462803369,2,1.0,0.0,0.0,1,0.0,0,,"{""betweenness"": 0.055, ""degree"": 0.032, ""n_seed_upstream"": 0.191, ""role"": 0.121, ""seed_flow_kzt"": 0.234, ""temporal"": 0.032}"
100000008104567100,peripheral,0.5,12,0.6547316323918423,"Периферийный узел: 3 входящих, 3 исходящих, оборот 94 тыс.",2,False,3,3,53550.0,40000.0,3,4,0.7469654528478058,7722.987692831876,0.14422012498285483,1,0.0,0.0018816025007717821,0.0,1,0.2857142857142857,1,near_threshold;cycles;bridge,"{""betweenness"": 0.149, ""degree"": 0.092, ""n_seed_upstream"": 0.15, ""role"": 0.026, ""seed_flow_kzt"": 0.167, ""temporal"": 0.057}"
100000002721825100,terminal,0.5,1,0.5778365617089056,"Вероятный конечный получатель: 1 плательщиков, получено 11 тыс., исходящих нет",2,False,1,0,11000.0,0.0,1,0,0.0,11000.0,1.0,1,1.0,0.0,0.0,1,0.0,0,,"{""betweenness"": 0.055, ""degree"": 0.032, ""n_seed_upstream"": 0.15, ""role"": 0.121, ""seed_flow_kzt"": 0.175, ""temporal"": 0.032}"
100000003509750100,transit,0.6011238414778027,17,0.8140057456552037,"Признаки транзита: получено 82 тыс., отдано 95%, медиана задержки 0 дн., 3→3 контрагента",2,False,3,3,82290.0,78400.0,4,5,0.9527281565196257,19750.126494900782,0.24000639649889438,1,0.0,1.981468513870874e-06,0.7849070360918702,1,0.0,2,fast_pass;cycles,"{""betweenness"": 0.116, ""degree"": 0.092, ""n_seed_upstream"": 0.15, ""role"": 0.189, ""seed_flow_kzt"": 0.19, ""temporal"": 0.058}"
100000007322059100,peripheral,0.5,3,0.6288932502773273,"Периферийный узел: 2 входящих, 1 исходящих, оборот 52 тыс.",2,False,2,1,29000.0,22500.0,2,2,0.7758620689655172,4318.204283219076,0.1489035959730716,1,0.0,4.0025663980191654e-05,0.8275862068965517,1,0.25,1,fast_pass;near_threshold;cycles,"{""betweenness"": 0.134, ""degree"": 0.081, ""n_seed_upstream"": 0.15, ""role"": 0.026, ""seed_flow_kzt"": 0.154, ""temporal"": 0.069}"
100000004441291100,terminal,0.5,5,0.5821600250305772,"Вероятный конечный получатель: 1 плательщиков, получено 20 тыс., исходящих нет",2,False,1,0,20000.0,0.0,1,0,0.0,13010.211700319289,0.6505105850159645,1,1.0,0.0,0.0,1,0.0,0,,"{""betweenness"": 0.055, ""degree"": 0.032, ""n_seed_upstream"": 0.15, ""role"": 0.121, ""seed_flow_kzt"": 0.179, ""temporal"": 0.032}"
100000006122699100,terminal,0.5,2,0.6021389765907216,"Вероятный конечный получатель: 2 плательщиков, получено 46 тыс., исходящих нет",2,False,2,0,45865.0,0.0,2,0,0.0,5973.034173885399,0.13023076799052433,1,1.0,0.0,0.0,2,0.0,0,,"{""betweenness"": 0.055, ""degree"": 0.07, ""n_seed_upstream"": 0.15, ""role"": 0.121, ""seed_flow_kzt"": 0.16, ""temporal"": 0.032}"
100000008254069100,peripheral,0.5,12,0.6499075575276616,"Периферийный узел: 1 входящих, 5 исходящих, оборот 118 тыс.; есть источники вне выборки",2,False,1,5,10200.0,107500.0,2,6,10.53921568627451,9075.168412775995,0.08442017128163716,1,0.0,9.312902015193108e-05,0.0,1,0.5,1,near_threshold;cycles;external_funding,"{""betweenness"": 0.14, ""degree"": 0.092, ""n_seed_upstream"": 0.15, ""role"": 0.026, ""seed_flow_kzt"": 0.17, ""temporal"": 0.058}"
100000003336565100,terminal,0.5,4,0.4985351423614073,"Вероятный конечный получатель: 1 плательщиков, получено 17 тыс., исходящих нет",2,False,1,0,16550.0,0.0,1,0,0.0,284.41192151883484,0.017185010363675823,1,1.0,0.0,0.0,1,0.0,0,,"{""betweenness"": 0.055, ""degree"": 0.032, ""n_seed_upstream"": 0.15, ""role"": 0.121, ""seed_flow_kzt"": 0.097, ""temporal"": 0.032}"
100000002492277100,terminal,0.5,3,0.5433626304861052,"Вероятный конечный получатель: 1 плательщиков, получено 138 тыс., исходящих нет",2,False,1,0,138500.0,0.0,1,0,0.0,1957.9987325978532,0.014137174964605438,1,1.0,0.0,0.0,1,0.0,0,,"{""betweenness"": 0.055, ""degree"": 0.032, ""n_seed_upstream"": 0.15, ""role"": 0.121, ""seed_flow_kzt"": 0.141, ""temporal"": 0.032}"
100000001339466100,terminal,0.5,5,0.5575845493073925,"Вероятный конечный получатель: 1 плательщиков, получено 30 тыс., исходящих нет",2,False,1,0,30000.0,0.0,1,0,0.0,4469.323098749305,0.14897743662497684,1,1.0,0.0,0.0,1,0.0,0,,"{""betweenness"": 0.055, ""degree"": 0.032, ""n_seed_upstream"": 0.15, ""role"": 0.121, ""seed_flow_kzt"": 0.155, ""temporal"": 0.032}"
100000005022964100,terminal,0.5,5,0.5787467645134681,"Вероятный конечный получатель: 1 плательщиков, получено 20 тыс., исходящих нет",2,False,1,0,20000.0,0.0,1,0,0.0,11475.409836065573,0.5737704918032787,1,1.0,0.0,0.0,1,0.0,0,,"{""betweenness"": 0.055, ""degree"": 0.032, ""n_seed_upstream"": 0.15, ""role"": 0.121, ""seed_flow_kzt"": 0.176, ""temporal"": 0.032}"
100000003112436100,terminal,0.5,16,0.6389566800352703,"Вероятный конечный получатель: 1 плательщиков, получено 100 тыс., исходящих нет",2,False,1,0,100000.0,0.0,1,0,0.0,21505.044049875338,0.21505044049875338,2,1.0,0.0,0.0,1,0.0,0,,"{""betweenness"": 0.055, ""degree"": 0.032, ""n_seed_upstream"": 0.191, ""role"": 0.121, ""seed_flow_kzt"": 0.193, ""temporal"": 0.032}"
100000000489417100,transit,0.5021219994915613,3,0.7900731006627414,"Признаки транзита: получено 74 тыс., отдано 109%, 3→1 контрагента",2,False,3,1,73504.0,80000.0,3,1,1.0883761427949499,23494.199638006285,0.29367749547507854,1,0.0,1.3672132745709031e-05,0.0,2,0.0,0,,"{""betweenness"": 0.119, ""degree"": 0.087, ""n_seed_upstream"": 0.15, ""role"": 0.189, ""seed_flow_kzt"": 0.195, ""temporal"": 0.032}"
100000002217161100,peripheral,0.5,18,0.6452086355491082,"Периферийный узел: 2 входящих, 7 исходящих, оборот 1.40 млн; есть источники вне выборки",2,False,2,7,404750.0,995132.0,15,19,2.4586337245213095,3190.615120509394,0.0032062230141422354,1,0.0,0.00015514898463608943,0.3407041383570105,1,0.08823529411764706,1,near_threshold;cycles;external_funding,"{""betweenness"": 0.142, ""degree"": 0.096, ""n_seed_upstream"": 0.15, ""role"": 0.026, ""seed_flow_kzt"": 0.15, ""temporal"": 0.067}"
100000002469065100,terminal,0.5,16,0.6592086924367836,"Вероятный конечный получатель: 1 плательщиков, получено 200 тыс., исходящих нет",2,False,1,0,200000.0,0.0,1,0,0.0,43010.088099750676,0.21505044049875338,2,1.0,0.0,0.0,1,0.0,0,,"{""betweenness"": 0.055, ""degree"": 0.032, ""n_seed_upstream"": 0.191, ""role"": 0.121, ""seed_flow_kzt"": 0.213, ""temporal"": 0.032}"
100000007337374100,terminal,0.5,4,0.5049634496686292,"Вероятный конечный получатель: 1 плательщиков, получено 20 тыс., исходящих нет",2,False,1,0,20000.0,0.0,2,0,0.0,343.70020727351647,0.017185010363675823,1,1.0,0.0,0.0,1,0.0,0,,"{""betweenness"": 0.055, ""degree"": 0.032, ""n_seed_upstream"": 0.15, ""role"": 0.121, ""seed_flow_kzt"": 0.103, ""temporal"": 0.032}"
100000003249054100,consolidator,0.7656042496680037,3,0.7767613846460162,"Признаки консолидации: 7 плательщиков, деньги от 1 seed за ≤2 колена, seed-поток 2 тыс., дальше ушло 15%",2,False,7,1,99700.0,15000.0,11,1,0.15045135406218657,1988.4109249811963,0.019943941073031057,1,0.0,3.962937027741748e-05,0.0,2,0.25,0,near_threshold,"{""betweenness"": 0.134, ""degree"": 0.095, ""n_seed_upstream"": 0.15, ""role"": 0.194, ""seed_flow_kzt"": 0.141, ""temporal"": 0.045}"
100000003024542100,terminal,0.5,5,0.5716926927781096,"Вероятный конечный получатель: 1 плательщиков, получено 8 тыс., исходящих нет",2,False,1,0,8500.0,0.0,1,0,0.0,8500.0,1.0,1,1.0,0.0,0.0,1,0.0,0,,"{""betweenness"": 0.055, ""degree"": 0.032, ""n_seed_upstream"": 0.15, ""role"": 0.121, ""seed_flow_kzt"": 0.169, ""temporal"": 0.032}"
100000002718366100,coordinator,0.5,6,0.789231163068521,Кандидат в координирующий узел: 6 плательщиков → 0 получателей; сигналы S3,2,False,6,0,2525000.0,0.0,10,0,0.0,50632.40023508667,0.020052435736667987,1,1.0,0.0,0.0,3,0.0,0,sync_in;consolidator;S3,"{""betweenness"": 0.055, ""degree"": 0.092, ""n_seed_upstream"": 0.15, ""role"": 0.198, ""seed_flow_kzt"": 0.219, ""temporal"": 0.057}"
100000005059998100,terminal,0.5,3,0.5111642062747105,"Вероятный конечный получатель: 1 плательщиков, получено 18 тыс., исходящих нет",2,False,1,0,18000.0,0.0,1,0,0.0,423.03172737955344,0.023501762632197415,1,1.0,0.0,0.0,1,0.0,0,,"{""betweenness"": 0.055, ""degree"": 0.032, ""n_seed_upstream"": 0.15, ""role"": 0.121, ""seed_flow_kzt"": 0.11, ""temporal"": 0.032}"
100000004071070100,peripheral,0.5,1,0.5679210399067042,"Периферийный узел: 2 входящих, 1 исходящих, оборот 47 тыс.",2,False,2,1,41000.0,6000.0,5,1,0.14634146341463414,10769.97931388754,0.26268242228994,1,0.0,0.0,0.14634146341463414,1,0.3333333333333333,1,near_threshold;cycles,"{""betweenness"": 0.055, ""degree"": 0.081, ""n_seed_upstream"": 0.15, ""role"": 0.026, ""seed_flow_kzt"": 0.174, ""temporal"": 0.069}"
100000001584286100,terminal,0.5,15,0.5462752794607048,"Вероятный конечный получатель: 2 плательщиков, получено 739 тыс., исходящих нет",2,False,2,0,738699.0,0.0,3,0,0.0,369.85961375352537,0.0005006905569840021,1,1.0,0.0,0.0,1,0.0,0,,"{""betweenness"": 0.055, ""degree"": 0.07, ""n_seed_upstream"": 0.15, ""role"": 0.121, ""seed_flow_kzt"": 0.106, ""temporal"": 0.032}"
100000008701256100,terminal,0.5,3,0.5408595727735586,"Вероятный конечный получатель: 1 плательщиков, получено 58 тыс., исходящих нет",2,False,1,0,58250.0,0.0,1,0,0.0,1665.4224868547135,0.02859094398033843,1,1.0,0.0,0.0,1,0.0,0,,"{""betweenness"": 0.055, ""degree"": 0.032, ""n_seed_upstream"": 0.15, ""role"": 0.121, ""seed_flow_kzt"": 0.139, ""temporal"": 0.032}"
100000001490461100,peripheral,0.5,7,0.5618625024888357,"Периферийный узел: 1 входящих, 1 исходящих, оборот 25 тыс.",2,False,1,1,20000.0,5000.0,1,1,0.25,1002.7523469729998,0.05013761734864999,1,0.0,2.19943005039667e-05,0.0,1,0.5,0,near_threshold,"{""betweenness"": 0.129, ""degree"": 0.07, ""n_seed_upstream"": 0.15, ""role"": 0.026, ""seed_flow_kzt"": 0.129, ""temporal"": 0.046}"
100000008531186100,terminal,0.5,5,0.5917171544784823,"Вероятный конечный получатель: 1 плательщиков, получено 125 тыс., исходящих нет",2,False,1,0,125000.0,0.0,1,0,0.0,18622.179578122104,0.14897743662497684,1,1.0,0.0,0.0,1,0.0,0,,"{""betweenness"": 0.055, ""degree"": 0.032, ""n_seed_upstream"": 0.15, ""role"": 0.121, ""seed_flow_kzt"": 0.188, ""temporal"": 0.032}"
100000004765639100,peripheral,0.5,16,0.5526125664874705,"Периферийный узел: 1 входящих, 2 исходящих, оборот 16 тыс.; есть источники вне выборки",2,False,1,2,5000.0,11000.0,1,2,2.2,4563.135408867359,0.4148304917152144,1,0.0,0.0,1.0,1,0.6666666666666666,2,fast_pass;near_threshold;cycles;external_funding,"{""betweenness"": 0.055, ""degree"": 0.081, ""n_seed_upstream"": 0.15, ""role"": 0.026, ""seed_flow_kzt"": 0.155, ""temporal"": 0.073}"
100000002983879100,terminal,0.5,5,0.6279659811701794,"Вероятный конечный получатель: 2 плательщиков, получено 200 тыс., исходящих нет",2,False,2,0,200050.0,0.0,2,0,0.0,17101.06688637681,0.0854839634410238,1,1.0,0.0,0.0,1,0.0,0,,"{""betweenness"": 0.055, ""degree"": 0.07, ""n_seed_upstream"": 0.15, ""role"": 0.121, ""seed_flow_kzt"": 0.186, ""temporal"": 0.032}"
100000008734364100,terminal,0.5,4,0.5123019597804136,"Вероятный конечный получатель: 1 плательщиков, получено 26 тыс., исходящих нет",2,False,1,0,26200.0,0.0,1,0,0.0,450.24727152830656,0.017185010363675823,1,1.0,0.0,0.0,1,0.0,0,,"{""betweenness"": 0.055, ""degree"": 0.032, ""n_seed_upstream"": 0.15, ""role"": 0.121, ""seed_flow_kzt"": 0.111, ""temporal"": 0.032}"
100000003192220100,terminal,0.5,2,0.6058252979491993,"Вероятный конечный получатель: 1 плательщиков, получено 60 тыс., исходящих нет",2,False,1,0,60000.0,0.0,2,0,0.0,28393.100520969125,0.47321734966337164,1,1.0,0.0,0.0,1,0.0,0,,"{""betweenness"": 0.055, ""degree"": 0.032, ""n_seed_upstream"": 0.15, ""role"": 0.121, ""seed_flow_kzt"": 0.202, ""temporal"": 0.032}"
100000008060273100,terminal,0.5,14,0.6186193361208292,"Вероятный конечный получатель: 1 плательщиков, получено 10 тыс., исходящих нет",2,False,1,0,10000.0,0.0,2,0,0.0,5755.274462803369,0.5755274462803369,2,1.0,0.0,0.0,1,1.0,0,near_threshold,"{""betweenness"": 0.055, ""degree"": 0.032, ""n_seed_upstream"": 0.191, ""role"": 0.121, ""seed_flow_kzt"": 0.159, ""temporal"": 0.047}"
100000008205937100,terminal,0.5,20,0.5896805757032738,"Вероятный конечный получатель: 1 плательщиков, получено 35 тыс., исходящих нет",2,False,1,0,35000.0,0.0,3,0,0.0,10266.19702424059,0.29331991497830256,1,1.0,0.0,0.0,1,0.3333333333333333,0,near_threshold,"{""betweenness"": 0.055, ""degree"": 0.032, ""n_seed_upstream"": 0.15, ""role"": 0.121, ""seed_flow_kzt"": 0.174, ""temporal"": 0.045}"
100000005507142100,peripheral,0.5,31,0.6439798617629491,"Периферийный узел: 3 входящих, 3 исходящих, оборот 151 тыс.; есть источники вне выборки",2,False,3,3,51000.0,100000.0,3,4,1.9607843137254901,25260.11560693642,0.2526011560693642,1,0.0,4.5573775819030105e-06,0.0,1,0.0,2,cycles;external_funding,"{""betweenness"": 0.118, ""degree"": 0.092, ""n_seed_upstream"": 0.15, ""role"": 0.026, ""seed_flow_kzt"": 0.198, ""temporal"": 0.045}"
100000005539910100,peripheral,0.5,5,0.6623033819722958,"Периферийный узел: 1 входящих, 2 исходящих, оборот 124 тыс.",2,False,1,2,102000.0,22000.0,1,2,0.21568627450980393,58524.59016393442,0.5737704918032787,1,0.0,4.795153803567515e-05,0.0,1,0.0,0,,"{""betweenness"": 0.136, ""degree"": 0.081, ""n_seed_upstream"": 0.15, ""role"": 0.026, ""seed_flow_kzt"": 0.222, ""temporal"": 0.032}"
100000002459163100,terminal,0.5,38,0.5946753135933099,"Вероятный конечный получатель: 1 плательщиков, получено 20 тыс., исходящих нет",2,False,1,0,20180.0,0.0,1,0,0.0,20180.0,1.0,1,1.0,0.0,0.0,1,0.0,0,,"{""betweenness"": 0.055, ""degree"": 0.032, ""n_seed_upstream"": 0.15, ""role"": 0.121, ""seed_flow_kzt"": 0.191, ""temporal"": 0.032}"
100000004666651100,terminal,0.5,5,0.60992121056973,"Вероятный конечный получатель: 1 плательщиков, получено 429 тыс., исходящих нет",2,False,1,0,429250.0,0.0,1,0,0.0,34183.03151926354,0.0796343192062051,1,1.0,0.0,0.0,1,0.0,0,,"{""betweenness"": 0.055, ""degree"": 0.032, ""n_seed_upstream"": 0.15, ""role"": 0.121, ""seed_flow_kzt"": 0.206, ""temporal"": 0.032}"
100000003927792100,terminal,0.5,2,0.5069545183036095,"Вероятный конечный получатель: 1 плательщиков, получено 13 тыс., исходящих нет",2,False,1,0,13067.0,0.0,1,0,0.0,362.221319517782,0.027720312200029233,1,1.0,0.0,0.0,1,0.0,0,,"{""betweenness"": 0.055, ""degree"": 0.032, ""n_seed_upstream"": 0.15, ""role"": 0.121, ""seed_flow_kzt"": 0.105, ""temporal"": 0.032}"
100000000607941100,peripheral,0.5,2,0.6255710100406746,"Периферийный узел: 2 входящих, 1 исходящих, оборот 120 тыс.; есть источники вне выборки",2,False,2,1,50000.0,70000.0,3,4,1.4,6696.569573639754,0.09566527962342505,1,0.0,5.7660733753642434e-05,0.0,1,0.14285714285714285,1,near_threshold;cycles;external_funding,"{""betweenness"": 0.136, ""degree"": 0.081, ""n_seed_upstream"": 0.15, ""role"": 0.026, ""seed_flow_kzt"": 0.163, ""temporal"": 0.056}"
100000004158362100,terminal,0.5,3,0.5376738629575901,"Вероятный конечный получатель: 1 плательщиков, получено 12 тыс., исходящих нет",2,False,1,0,12000.0,0.0,1,0,0.0,1419.7505297780733,0.11831254414817277,1,1.0,0.0,0.0,1,0.0,0,,"{""betweenness"": 0.055, ""degree"": 0.032, ""n_seed_upstream"": 0.15, ""role"": 0.121, ""seed_flow_kzt"": 0.135, ""temporal"": 0.032}"
100000005664922100,peripheral,0.5,11,0.6407145092015814,"Периферийный узел: 2 входящих, 3 исходящих, оборот 559 тыс.; есть источники вне выборки",2,False,2,3,22000.0,537000.0,2,4,24.40909090909091,17159.774436090225,0.03195488721804511,1,0.0,3.962937027741748e-06,0.0,1,0.3333333333333333,1,near_threshold;cycles;external_funding,"{""betweenness"": 0.118, ""degree"": 0.09, ""n_seed_upstream"": 0.15, ""role"": 0.026, ""seed_flow_kzt"": 0.186, ""temporal"": 0.057}"
100000007594394100,coordinator,0.75,19,0.8258497596495719,Кандидат в координирующий узел: 6 плательщиков → 1 получателей; сигналы S3,2,False,6,1,395385.0,3376312.0,6,40,8.539302199122375,7105.537376367277,0.002104526292702593,1,0.0,3.923307657464331e-05,0.9873540979045741,2,0.021739130434782608,1,fast_pass;near_threshold;cycles;external_funding;peripheral;S3,"{""betweenness"": 0.134, ""degree"": 0.094, ""n_seed_upstream"": 0.15, ""role"": 0.198, ""seed_flow_kzt"": 0.164, ""temporal"": 0.068}"
100000000979567100,terminal,0.5,4,0.5754472793469295,"Вероятный конечный получатель: 1 плательщиков, получено 10 тыс., исходящих нет",2,False,1,0,10000.0,0.0,1,0,0.0,10000.0,1.0,1,1.0,0.0,0.0,1,0.0,0,,"{""betweenness"": 0.055, ""degree"": 0.032, ""n_seed_upstream"": 0.15, ""role"": 0.121, ""seed_flow_kzt"": 0.172, ""temporal"": 0.032}"
100000002831727100,peripheral,0.5,19,0.5241459737747816,"Периферийный узел: 1 входящих, 1 исходящих, оборот 83 тыс.; есть источники вне выборки",2,False,1,1,6000.0,77000.0,1,3,12.833333333333334,492.3356643356644,0.00639396966669694,1,0.0,1.922024458454748e-05,0.0,1,0.0,0,external_funding,"{""betweenness"": 0.122, ""degree"": 0.07, ""n_seed_upstream"": 0.15, ""role"": 0.026, ""seed_flow_kzt"": 0.113, ""temporal"": 0.032}"
100000003062895100,terminal,0.5,11,0.6172710982165713,"Вероятный конечный получатель: 2 плательщиков, получено 328 тыс., исходящих нет",2,False,2,0,328444.0,0.0,2,0,0.0,11156.256155626757,0.033966996369630006,1,1.0,0.0,0.0,1,0.0,0,,"{""betweenness"": 0.055, ""degree"": 0.07, ""n_seed_upstream"": 0.15, ""role"": 0.121, ""seed_flow_kzt"": 0.175, ""temporal"": 0.032}"
100000008376089100,terminal,0.5,15,0.49079841852262707,"Вероятный конечный получатель: 1 плательщиков, получено 135 тыс., исходящих нет",2,False,1,0,135000.0,0.0,1,0,0.0,222.75250956754047,0.0016500185893891888,1,1.0,0.0,0.0,1,0.0,0,,"{""betweenness"": 0.055, ""degree"": 0.032, ""n_seed_upstream"": 0.15, ""role"": 0.121, ""seed_flow_kzt"": 0.09, ""temporal"": 0.032}"
100000003219438100,terminal,0.5,21,0.5823875757317176,"Вероятный конечный получатель: 1 плательщиков, получено 32 тыс., исходящих нет",2,False,1,0,32000.0,0.0,1,0,0.0,13225.499946244841,0.4132968733201513,1,1.0,0.0,0.0,1,0.0,0,,"{""betweenness"": 0.055, ""degree"": 0.032, ""n_seed_upstream"": 0.15, ""role"": 0.121, ""seed_flow_kzt"": 0.179, ""temporal"": 0.032}"
100000000967918100,terminal,0.5,13,0.5470034417043548,"Вероятный конечный получатель: 1 плательщиков, получено 21 тыс., исходящих нет",2,False,1,0,21200.0,0.0,3,0,0.0,2364.1675054250786,0.11151733516156032,1,1.0,0.0,0.0,1,0.0,0,,"{""betweenness"": 0.055, ""degree"": 0.032, ""n_seed_upstream"": 0.15, ""role"": 0.121, ""seed_flow_kzt"": 0.145, ""temporal"": 0.032}"
100000003254723100,terminal,0.5,20,0.6521147993287254,"Вероятный конечный получатель: 1 плательщиков, получено 270 тыс., исходящих нет",2,False,1,0,269850.0,0.0,6,0,0.0,133802.18320094643,0.4958391076559067,1,1.0,0.0,0.0,1,0.16666666666666666,0,near_threshold,"{""betweenness"": 0.055, ""degree"": 0.032, ""n_seed_upstream"": 0.15, ""role"": 0.121, ""seed_flow_kzt"": 0.236, ""temporal"": 0.044}"
100000003823811100,peripheral,0.5,12,0.6669226612054499,"Периферийный узел: 1 входящих, 3 исходящих, оборот 96 тыс.; есть источники вне выборки",2,False,1,3,30000.0,66130.0,1,3,2.2043333333333335,10602.920222937093,0.1603344960371555,2,0.0,0.00012364363526554253,0.0,1,0.0,0,external_funding,"{""betweenness"": 0.142, ""degree"": 0.087, ""n_seed_upstream"": 0.191, ""role"": 0.026, ""seed_flow_kzt"": 0.174, ""temporal"": 0.032}"
100000008587459100,peripheral,0.5,3,0.5598259237136274,"Периферийный узел: 2 входящих, 2 исходящих, оборот 868 тыс.; есть источники вне выборки",2,False,2,2,181507.0,686500.0,2,4,3.782223275135394,804.8811403559557,0.001172441573715886,1,0.0,1.1888811083225246e-06,0.0,1,0.0,3,cycles;external_funding,"{""betweenness"": 0.115, ""degree"": 0.087, ""n_seed_upstream"": 0.15, ""role"": 0.026, ""seed_flow_kzt"": 0.124, ""temporal"": 0.046}"
100000008603331100,peripheral,0.5,29,0.6306112580709388,"Периферийный узел: 2 входящих, 6 исходящих, оборот 781 тыс.; есть источники вне выборки",2,False,2,6,39500.0,741774.0,3,6,18.779088607594936,2531.137646153328,0.0034122760384609437,1,0.0,0.00019814685138708741,0.0,1,0.2222222222222222,1,near_threshold;cycles;external_funding,"{""betweenness"": 0.144, ""degree"": 0.095, ""n_seed_upstream"": 0.15, ""role"": 0.026, ""seed_flow_kzt"": 0.146, ""temporal"": 0.056}"
100000008758168100,peripheral,0.5,6,0.6214807861876723,"Периферийный узел: 2 входящих, 5 исходящих, оборот 1.61 млн; есть источники вне выборки",2,False,2,5,75410.0,1533600.0,2,5,20.33682535472749,8329.969130750591,0.0054316439298060714,1,0.0,6.003849597028749e-05,0.0,1,0.0,0,external_funding,"{""betweenness"": 0.137, ""degree"": 0.094, ""n_seed_upstream"": 0.15, ""role"": 0.026, ""seed_flow_kzt"": 0.168, ""temporal"": 0.032}"
100000003724440100,terminal,0.5,3,0.5744915664021389,"Вероятный конечный получатель: 2 плательщиков, получено 50 тыс., исходящих нет",2,False,2,0,50000.0,0.0,2,0,0.0,1244.3192697884847,0.024886385395769695,1,1.0,0.0,0.0,1,0.0,0,,"{""betweenness"": 0.055, ""degree"": 0.07, ""n_seed_upstream"": 0.15, ""role"": 0.121, ""seed_flow_kzt"": 0.133, ""temporal"": 0.032}"
100000000291906100,transit,0.5027585438391893,1,0.7987939812839547,"Признаки транзита: получено 388 тыс., отдано 117%, 2→2 контрагента",2,False,2,2,388000.0,455854.0,3,6,1.1748814432989692,9823.838309705958,0.02155040497550961,1,0.0,7.806985944651244e-05,0.0,1,0.0,1,cycles,"{""betweenness"": 0.139, ""degree"": 0.087, ""n_seed_upstream"": 0.15, ""role"": 0.189, ""seed_flow_kzt"": 0.172, ""temporal"": 0.044}"
100000005077484100,peripheral,0.5,24,0.6466308274312369,"Периферийный узел: 1 входящих, 2 исходящих, оборот 164 тыс.",2,False,1,2,150000.0,13550.0,1,2,0.09033333333333333,50998.7250318742,0.3399915002124947,1,0.0,3.962937027741748e-07,0.0,1,0.0,1,cycles,"{""betweenness"": 0.112, ""degree"": 0.081, ""n_seed_upstream"": 0.15, ""role"": 0.026, ""seed_flow_kzt"": 0.219, ""temporal"": 0.044}"
100000004192107100,terminal,0.5,5,0.5537161873880023,"Вероятный конечный получатель: 1 плательщиков, получено 25 тыс., исходящих нет",2,False,1,0,25000.0,0.0,1,0,0.0,3394.6772014804983,0.13578708805921993,1,1.0,0.0,0.0,1,0.0,0,,"{""betweenness"": 0.055, ""degree"": 0.032, ""n_seed_upstream"": 0.15, ""role"": 0.121, ""seed_flow_kzt"": 0.151, ""temporal"": 0.032}"
100000002193259100,peripheral,0.5,10,0.610518531160224,"Периферийный узел: 2 входящих, 3 исходящих, оборот 106 тыс.; есть источники вне выборки",2,False,2,3,48000.0,58000.0,2,3,1.2083333333333333,1365.338382822949,0.023540316942600125,1,0.0,6.43977267008034e-05,0.8333333333333334,1,0.0,2,fast_pass;cycles;external_funding,"{""betweenness"": 0.138, ""degree"": 0.09, ""n_seed_upstream"": 0.15, ""role"": 0.026, ""seed_flow_kzt"": 0.135, ""temporal"": 0.058}"
100000005481280100,peripheral,0.5,2,0.5833432886765082,"Периферийный узел: 1 входящих, 3 исходящих, оборот 83 тыс.; есть источники вне выборки",2,False,1,3,32700.0,50000.0,1,3,1.529051987767584,906.4542089409559,0.01812908417881912,1,0.0,4.4583041562094664e-05,1.0,1,0.0,0,fast_pass;external_funding,"{""betweenness"": 0.135, ""degree"": 0.087, ""n_seed_upstream"": 0.15, ""role"": 0.026, ""seed_flow_kzt"": 0.126, ""temporal"": 0.046}"
100000004527381100,peripheral,0.5,2,0.6317433228091134,"Периферийный узел: 1 входящих, 1 исходящих, оборот 393 тыс.; есть источники вне выборки",2,False,1,1,119333.17,273866.11,1,1,2.2949705433954364,22455.20362711548,0.08199336393654359,1,0.0,0.00032139419294985577,0.0,1,0.0,0,external_funding,"{""betweenness"": 0.145, ""degree"": 0.07, ""n_seed_upstream"": 0.15, ""role"": 0.026, ""seed_flow_kzt"": 0.194, ""temporal"": 0.032}"
100000001578517100,terminal,0.5,16,0.6070426942003014,"Вероятный конечный получатель: 1 плательщиков, получено 30 тыс., исходящих нет",2,False,1,0,30000.0,0.0,1,0,0.0,6451.5132149626015,0.21505044049875338,2,1.0,0.0,0.0,1,0.0,0,,"{""betweenness"": 0.055, ""degree"": 0.032, ""n_seed_upstream"": 0.191, ""role"": 0.121, ""seed_flow_kzt"": 0.162, ""temporal"": 0.032}"
100000003741418100,consolidator,1.0,3,0.7748784025940779,"Признаки консолидации: 9 плательщиков, деньги от 1 seed за ≤2 колена, seed-поток 1 тыс., дальше ушло 26%",2,False,9,3,151900.0,39920.0,13,3,0.2628044766293614,995.8615424002123,0.0065560338538526155,1,0.0,2.7938706045579324e-05,0.0,2,0.3125,1,near_threshold;cycles,"{""betweenness"": 0.131, ""degree"": 0.097, ""n_seed_upstream"": 0.15, ""role"": 0.194, ""seed_flow_kzt"": 0.129, ""temporal"": 0.057}"
100000008737514100,terminal,0.5,2,0.5467758910032141,"Вероятный конечный получатель: 1 плательщиков, получено 85 тыс., исходящих нет",2,False,1,0,85000.0,0.0,1,0,0.0,2356.2265370024847,0.027720312200029233,1,1.0,0.0,0.0,1,0.0,0,,"{""betweenness"": 0.055, ""degree"": 0.032, ""n_seed_upstream"": 0.15, ""role"": 0.121, ""seed_flow_kzt"": 0.144, ""temporal"": 0.032}"
100000002870463100,peripheral,0.5,17,0.644799044287055,"Периферийный узел: 3 входящих, 1 исходящих, оборот 217 тыс.",2,False,3,1,207000.0,10000.0,4,1,0.04830917874396135,25342.966637664627,0.12242979052011897,1,0.0,1.9418391435934565e-05,0.0,1,0.0,1,cycles,"{""betweenness"": 0.125, ""degree"": 0.087, ""n_seed_upstream"": 0.15, ""role"": 0.026, ""seed_flow_kzt"": 0.199, ""temporal"": 0.044}"
100000008545727100,peripheral,0.5,7,0.6060130272776403,"Периферийный узел: 1 входящих, 6 исходящих, оборот 1.90 млн; есть источники вне выборки",2,False,1,6,30000.0,1866500.0,1,7,62.21666666666667,1504.1285204595,0.0008058550873075274,1,0.0,0.00013493800579460652,0.0,1,0.0,1,cycles;external_funding,"{""betweenness"": 0.142, ""degree"": 0.094, ""n_seed_upstream"": 0.15, ""role"": 0.026, ""seed_flow_kzt"": 0.137, ""temporal"": 0.044}"
100000000425407100,terminal,0.5,5,0.5616804619279233,"Вероятный конечный получатель: 1 плательщиков, получено 20 тыс., исходящих нет",2,False,1,0,20000.0,0.0,1,0,0.0,5608.73898045228,0.280436949022614,1,1.0,0.0,0.0,1,0.0,0,,"{""betweenness"": 0.055, ""degree"": 0.032, ""n_seed_upstream"": 0.15, ""role"": 0.121, ""seed_flow_kzt"": 0.159, ""temporal"": 0.032}"
100000001418900100,terminal,0.5,4,0.5229968427340216,"Вероятный конечный получатель: 1 плательщиков, получено 40 тыс., исходящих нет",2,False,1,0,40140.0,0.0,2,0,0.0,689.8063159979475,0.017185010363675823,1,1.0,0.0,0.0,1,0.0,0,,"{""betweenness"": 0.055, ""degree"": 0.032, ""n_seed_upstream"": 0.15, ""role"": 0.121, ""seed_flow_kzt"": 0.121, ""temporal"": 0.032}"
100000001677929100,peripheral,0.5,7,0.6885342890462781,"Периферийный узел: 3 входящих, 2 исходящих, оборот 413 тыс.; есть источники вне выборки",2,False,3,2,126777.0,286098.0,3,4,2.2567027142147236,63010.70374557681,0.22024167853524598,1,0.0,1.1888811083225246e-06,0.605606695220742,1,0.14285714285714285,2,fast_pass;near_threshold;cycles;external_funding,"{""betweenness"": 0.115, ""degree"": 0.09, ""n_seed_upstream"": 0.15, ""role"": 0.026, ""seed_flow_kzt"": 0.223, ""temporal"": 0.07}"
100000002539625100,terminal,0.5,11,0.5630457661347669,"Вероятный конечный получатель: 1 плательщиков, получено 95 тыс., исходящих нет",2,False,1,0,94700.0,0.0,1,0,0.0,5917.203777172977,0.06248367240942954,1,1.0,0.0,0.0,1,0.0,0,,"{""betweenness"": 0.055, ""degree"": 0.032, ""n_seed_upstream"": 0.15, ""role"": 0.121, ""seed_flow_kzt"": 0.16, ""temporal"": 0.032}"
100000001965374100,peripheral,0.5,11,0.6710128850584519,"Периферийный узел: 2 входящих, 3 исходящих, оборот 4.84 млн; есть источники вне выборки",2,False,2,3,1759720.0,3082100.0,8,5,1.7514718250630783,93635.88108209119,0.030380546082895164,1,0.0,1.5851748110966993e-06,0.0,2,0.0,1,cycles;external_funding,"{""betweenness"": 0.116, ""degree"": 0.09, ""n_seed_upstream"": 0.15, ""role"": 0.026, ""seed_flow_kzt"": 0.23, ""temporal"": 0.044}"
100000001287955100,peripheral,0.5,15,0.5651961202605454,"Периферийный узел: 1 входящих, 4 исходящих, оборот 328 тыс.; есть источники вне выборки",2,False,1,4,17520.0,310000.0,1,5,17.69406392694064,408.47037678382566,0.0013176463767220182,1,0.0,0.0006802381408118711,0.0,1,0.0,0,external_funding,"{""betweenness"": 0.147, ""degree"": 0.09, ""n_seed_upstream"": 0.15, ""role"": 0.026, ""seed_flow_kzt"": 0.108, ""temporal"": 0.032}"
100000005402643100,peripheral,0.5,6,0.5846858378132377,"Периферийный узел: 1 входящих, 1 исходящих, оборот 218 тыс.",2,False,1,1,127800.0,90000.0,1,1,0.704225352112676,14577.940075705877,0.11406838869879403,1,0.0,3.962937027741748e-07,0.0,1,0.0,0,,"{""betweenness"": 0.112, ""degree"": 0.07, ""n_seed_upstream"": 0.15, ""role"": 0.026, ""seed_flow_kzt"": 0.182, ""temporal"": 0.032}"
100000008752616100,peripheral,0.5,6,0.6220041528002958,"Периферийный узел: 2 входящих, 7 исходящих, оборот 1.33 млн; есть источники вне выборки",2,False,2,7,64510.0,1265000.0,2,7,19.6093628894745,6938.661109597383,0.005485107596519671,1,0.0,0.00011353814584480109,0.0,1,0.0,0,external_funding,"{""betweenness"": 0.141, ""degree"": 0.096, ""n_seed_upstream"": 0.15, ""role"": 0.026, ""seed_flow_kzt"": 0.164, ""temporal"": 0.032}"
100000000733373100,terminal,0.5,2,0.5644110703416105,"Вероятный конечный получатель: 1 плательщиков, получено 11 тыс., исходящих нет",2,False,1,0,10710.0,0.0,1,0,0.0,6361.409583218743,0.59396914875992,1,1.0,0.0,0.0,1,0.0,0,,"{""betweenness"": 0.055, ""degree"": 0.032, ""n_seed_upstream"": 0.15, ""role"": 0.121, ""seed_flow_kzt"": 0.162, ""temporal"": 0.032}"
100000008531133100,peripheral,0.5,2,0.6372614273117728,"Периферийный узел: 1 входящих, 3 исходящих, оборот 183 тыс.; есть источники вне выборки",2,False,1,3,25000.0,158271.68,1,3,6.3308672,25000.0,0.1579562433405648,1,0.0,2.377762216645049e-05,0.0,1,0.0,0,external_funding,"{""betweenness"": 0.13, ""degree"": 0.087, ""n_seed_upstream"": 0.15, ""role"": 0.026, ""seed_flow_kzt"": 0.198, ""temporal"": 0.032}"
100000005933757100,distributor,0.9507405022537099,12,0.8189492846374833,"Веерная рассылка: 34 получателей, отдано 3.00 млн",2,False,4,34,1246000.0,3002628.0,6,46,2.409813804173355,3319.9240516268073,0.0011056727811859502,1,0.0,0.0038646561894537528,0.6412520064205457,2,0.0,3,fast_pass;cycles;external_funding;bridge,"{""betweenness"": 0.15, ""degree"": 0.099, ""n_seed_upstream"": 0.15, ""role"": 0.192, ""seed_flow_kzt"": 0.151, ""temporal"": 0.058}"
100000006490557100,terminal,0.5,7,0.5234235002986602,"Вероятный конечный получатель: 1 плательщиков, получено 5 тыс., исходящих нет",2,False,1,0,5000.0,0.0,1,0,0.0,407.8381416260771,0.08156762832521543,1,1.0,0.0,0.0,1,1.0,0,near_threshold,"{""betweenness"": 0.055, ""degree"": 0.032, ""n_seed_upstream"": 0.15, ""role"": 0.121, ""seed_flow_kzt"": 0.107, ""temporal"": 0.047}"
100000008497298100,terminal,0.5,6,0.6286941434138293,"Вероятный конечный получатель: 1 плательщиков, получено 600 тыс., исходящих нет",2,False,1,0,600000.0,0.0,1,0,0.0,68441.03321927642,0.11406838869879403,1,1.0,0.0,0.0,1,0.0,0,,"{""betweenness"": 0.055, ""degree"": 0.032, ""n_seed_upstream"": 0.15, ""role"": 0.121, ""seed_flow_kzt"": 0.224, ""temporal"": 0.032}"
100000005168487100,peripheral,0.5,10,0.520647381744745,"Периферийный узел: 1 входящих, 1 исходящих, оборот 119 тыс.; есть источники вне выборки",2,False,1,1,15000.0,103510.0,1,14,6.900666666666667,3303.6736851378732,0.03191646879661746,1,0.0,0.0,1.0,1,0.0,1,fast_pass;cycles;external_funding,"{""betweenness"": 0.055, ""degree"": 0.07, ""n_seed_upstream"": 0.15, ""role"": 0.026, ""seed_flow_kzt"": 0.15, ""temporal"": 0.058}"
100000005799271100,terminal,0.5,10,0.6157237534488154,"Вероятный конечный получатель: 1 плательщиков, получено 45 тыс., исходящих нет",2,False,1,0,45000.0,0.0,2,0,0.0,40037.50770342351,0.8897223934094113,1,1.0,0.0,0.0,1,0.0,0,,"{""betweenness"": 0.055, ""degree"": 0.032, ""n_seed_upstream"": 0.15, ""role"": 0.121, ""seed_flow_kzt"": 0.212, ""temporal"": 0.032}"
100000000912487100,terminal,0.5,5,0.5385840657621526,"Вероятный конечный получатель: 1 плательщиков, получено 10 тыс., исходящих нет",2,False,1,0,10000.0,0.0,1,0,0.0,1489.7743662497685,0.14897743662497684,1,1.0,0.0,0.0,1,0.0,0,,"{""betweenness"": 0.055, ""degree"": 0.032, ""n_seed_upstream"": 0.15, ""role"": 0.121, ""seed_flow_kzt"": 0.136, ""temporal"": 0.032}"
100000007982908100,terminal,0.5,4,0.5163978724009443,"Вероятный конечный получатель: 1 плательщиков, получено 31 тыс., исходящих нет",2,False,1,0,31080.0,0.0,1,0,0.0,534.1101221030445,0.017185010363675823,1,1.0,0.0,0.0,1,0.0,0,,"{""betweenness"": 0.055, ""degree"": 0.032, ""n_seed_upstream"": 0.15, ""role"": 0.121, ""seed_flow_kzt"": 0.115, ""temporal"": 0.032}"
100000005413948100,peripheral,0.5,11,0.5965526068777199,"Периферийный узел: 2 входящих, 1 исходящих, оборот 33 тыс.",2,False,2,1,28215.0,5000.0,2,1,0.177210703526493,1762.9768170320542,0.06248367240942953,1,0.0,2.1796153652579615e-05,0.0,1,0.6666666666666666,1,near_threshold;cycles,"{""betweenness"": 0.129, ""degree"": 0.081, ""n_seed_upstream"": 0.15, ""role"": 0.026, ""seed_flow_kzt"": 0.139, ""temporal"": 0.058}"
100000000724540100,peripheral,0.5,6,0.5793497738714908,"Периферийный узел: 1 входящих, 1 исходящих, оборот 150 тыс.; есть источники вне выборки",2,False,1,1,50000.0,100000.0,1,1,2.0,6362.441091622753,0.06362441091622753,1,0.0,1.981468513870874e-05,0.0,1,0.0,0,external_funding,"{""betweenness"": 0.127, ""degree"": 0.07, ""n_seed_upstream"": 0.15, ""role"": 0.026, ""seed_flow_kzt"": 0.162, ""temporal"": 0.032}"
100000005730108100,terminal,0.5,13,0.528116733509685,"Вероятный конечный получатель: 1 плательщиков, получено 8 тыс., исходящих нет",2,False,1,0,8000.0,0.0,1,0,0.0,892.1386812924825,0.11151733516156032,1,1.0,0.0,0.0,1,0.0,0,,"{""betweenness"": 0.055, ""degree"": 0.032, ""n_seed_upstream"": 0.15, ""role"": 0.121, ""seed_flow_kzt"": 0.126, ""temporal"": 0.032}"
100000002566204100,terminal,0.5,7,0.5426799783826833,"Вероятный конечный получатель: 1 плательщиков, получено 81 тыс., исходящих нет",2,False,1,0,80805.0,0.0,1,0,0.0,1883.929725800059,0.0233145192228211,1,1.0,0.0,0.0,1,0.0,0,,"{""betweenness"": 0.055, ""degree"": 0.032, ""n_seed_upstream"": 0.15, ""role"": 0.121, ""seed_flow_kzt"": 0.14, ""temporal"": 0.032}"
100000000625169100,terminal,0.5,4,0.4833461330602724,"Вероятный конечный получатель: 1 плательщиков, получено 10 тыс., исходящих нет",2,False,1,0,10000.0,0.0,1,0,0.0,171.85010363675823,0.017185010363675823,1,1.0,0.0,0.0,1,0.0,0,,"{""betweenness"": 0.055, ""degree"": 0.032, ""n_seed_upstream"": 0.15, ""role"": 0.121, ""seed_flow_kzt"": 0.082, ""temporal"": 0.032}"
100000001114385100,terminal,0.5,3,0.510254003470148,"Вероятный конечный получатель: 1 плательщиков, получено 30 тыс., исходящих нет",2,False,1,0,29500.0,0.0,1,0,0.0,417.04666145586043,0.014137174964605438,1,1.0,0.0,0.0,1,0.0,0,,"{""betweenness"": 0.055, ""degree"": 0.032, ""n_seed_upstream"": 0.15, ""role"": 0.121, ""seed_flow_kzt"": 0.109, ""temporal"": 0.032}"
100000002964966100,terminal,0.5,5,0.6051426458457775,"Вероятный конечный получатель: 1 плательщиков, получено 200 тыс., исходящих нет",2,False,1,0,200000.0,0.0,1,0,0.0,27157.417611843986,0.13578708805921993,1,1.0,0.0,0.0,1,0.0,0,,"{""betweenness"": 0.055, ""degree"": 0.032, ""n_seed_upstream"": 0.15, ""role"": 0.121, ""seed_flow_kzt"": 0.201, ""temporal"": 0.032}"
100000008771814100,terminal,0.5,4,0.5088886992633045,"Вероятный конечный получатель: 1 плательщиков, получено 24 тыс., исходящих нет",2,False,1,0,23700.0,0.0,1,0,0.0,407.284745619117,0.017185010363675823,1,1.0,0.0,0.0,1,0.0,0,,"{""betweenness"": 0.055, ""degree"": 0.032, ""n_seed_upstream"": 0.15, ""role"": 0.121, ""seed_flow_kzt"": 0.107, ""temporal"": 0.032}"
100000001241318100,terminal,0.5,1,0.5841510936655573,"Вероятный конечный получатель: 1 плательщиков, получено 53 тыс., исходящих нет",2,False,1,0,53000.0,0.0,1,0,0.0,14095.0,0.2659433962264151,1,1.0,0.0,0.0,1,0.0,0,,"{""betweenness"": 0.055, ""degree"": 0.032, ""n_seed_upstream"": 0.15, ""role"": 0.121, ""seed_flow_kzt"": 0.181, ""temporal"": 0.032}"
100000001250022100,terminal,0.5,17,0.580225844070882,"Вероятный конечный получатель: 1 плательщиков, получено 50 тыс., исходящих нет",2,False,1,0,50000.0,0.0,1,0,0.0,12000.320008533561,0.24000640017067124,1,1.0,0.0,0.0,1,0.0,0,,"{""betweenness"": 0.055, ""degree"": 0.032, ""n_seed_upstream"": 0.15, ""role"": 0.121, ""seed_flow_kzt"": 0.177, ""temporal"": 0.032}"
100000006534886100,peripheral,0.5,2,0.5918764399692806,"Периферийный узел: 1 входящих, 1 исходящих, оборот 239 тыс.; есть источники вне выборки",2,False,1,1,71700.0,167500.0,5,8,2.336122733612273,36012.23405084402,0.2149984122438449,1,0.0,0.0,0.810320781032078,1,0.23076923076923078,1,fast_pass;near_threshold;cycles;external_funding,"{""betweenness"": 0.055, ""degree"": 0.07, ""n_seed_upstream"": 0.15, ""role"": 0.026, ""seed_flow_kzt"": 0.209, ""temporal"": 0.069}"
100000008655035100,terminal,0.5,7,0.6486844725090308,"Вероятный конечный получатель: 1 плательщиков, получено 30 тыс., исходящих нет",2,False,1,0,30000.0,0.0,1,0,0.0,30000.0,1.0,2,1.0,0.0,0.0,1,0.0,0,,"{""betweenness"": 0.055, ""degree"": 0.032, ""n_seed_upstream"": 0.191, ""role"": 0.121, ""seed_flow_kzt"": 0.203, ""temporal"": 0.032}"
100000005932987100,terminal,0.5,21,0.5899081264044145,"Вероятный конечный получатель: 1 плательщиков, получено 25 тыс., исходящих нет",2,False,1,0,25000.0,0.0,3,0,0.0,10332.421833003782,0.4132968733201513,1,1.0,0.0,0.0,1,0.3333333333333333,0,near_threshold,"{""betweenness"": 0.055, ""degree"": 0.032, ""n_seed_upstream"": 0.15, ""role"": 0.121, ""seed_flow_kzt"": 0.174, ""temporal"": 0.045}"
100000008636603100,peripheral,0.5,2,0.6696589583866654,"Периферийный узел: 2 входящих, 6 исходящих, оборот 195 тыс.; есть источники вне выборки",2,False,2,6,35460.0,159375.0,2,7,4.494500846023689,11505.576497348207,0.0721918525323809,1,0.0,0.003377611228744292,1.0,1,0.0,2,fast_pass;cycles;external_funding;bridge,"{""betweenness"": 0.149, ""degree"": 0.095, ""n_seed_upstream"": 0.15, ""role"": 0.026, ""seed_flow_kzt"": 0.176, ""temporal"": 0.059}"
100000008710843100,peripheral,0.5,6,0.6014165031146003,"Периферийный узел: 2 входящих, 13 исходящих, оборот 2.02 млн; есть источники вне выборки",2,False,2,13,33944.0,1985500.0,3,14,58.49340089559274,462.1909463617143,0.00023278315102579414,1,0.0,0.0007876337342636725,0.463822766910205,1,0.0,1,cycles;external_funding,"{""betweenness"": 0.147, ""degree"": 0.098, ""n_seed_upstream"": 0.15, ""role"": 0.026, ""seed_flow_kzt"": 0.111, ""temporal"": 0.056}"
100000000917179100,terminal,0.5,12,0.5531473106351509,"Вероятный конечный получатель: 1 плательщиков, получено 94 тыс., исходящих нет",2,False,1,0,94465.0,0.0,2,0,0.0,3309.996643633111,0.03503939706381317,1,1.0,0.0,0.0,1,0.0,0,,"{""betweenness"": 0.055, ""degree"": 0.032, ""n_seed_upstream"": 0.15, ""role"": 0.121, ""seed_flow_kzt"": 0.151, ""temporal"": 0.032}"
100000004209339100,peripheral,0.5,10,0.6684017407628637,"Периферийный узел: 1 входящих, 2 исходящих, оборот 377 тыс.; есть источники вне выборки",2,False,1,2,138500.0,238500.0,6,11,1.7220216606498195,26625.035133516507,0.11163536741871798,1,0.0,2.1003566247031264e-05,0.1299638989169675,1,0.17647058823529413,1,near_threshold;cycles;external_funding,"{""betweenness"": 0.128, ""degree"": 0.081, ""n_seed_upstream"": 0.15, ""role"": 0.026, ""seed_flow_kzt"": 0.201, ""temporal"": 0.068}"
100000008765627100,terminal,0.5,17,0.5846630827431236,"Вероятный конечный получатель: 1 плательщиков, получено 60 тыс., исходящих нет",2,False,1,0,60000.0,0.0,1,0,0.0,14400.384010240272,0.2400064001706712,1,1.0,0.0,0.0,1,0.0,0,,"{""betweenness"": 0.055, ""degree"": 0.032, ""n_seed_upstream"": 0.15, ""role"": 0.121, ""seed_flow_kzt"": 0.181, ""temporal"": 0.032}"
100000002443664100,terminal,0.5,6,0.6485820746935176,"Вероятный конечный получатель: 3 плательщиков, получено 557 тыс., исходящих нет",2,False,3,0,556880.0,0.0,3,0,0.0,8869.87207559747,0.01592779786596299,1,1.0,0.0,0.0,3,0.0,0,sync_in,"{""betweenness"": 0.055, ""degree"": 0.081, ""n_seed_upstream"": 0.15, ""role"": 0.121, ""seed_flow_kzt"": 0.169, ""temporal"": 0.057}"
100000008144528100,consolidator,0.5,2,0.7598031686435133,"Признаки консолидации: 5 плательщиков, деньги от 1 seed за ≤2 колена, seed-поток 36 тыс., дальше ушло 0%",2,False,5,0,1068202.6,0.0,13,0,0.0,36018.29956225741,0.033718603157604506,1,1.0,0.0,0.0,2,0.23076923076923078,0,near_threshold,"{""betweenness"": 0.055, ""degree"": 0.09, ""n_seed_upstream"": 0.15, ""role"": 0.194, ""seed_flow_kzt"": 0.209, ""temporal"": 0.045}"
100000003988112100,peripheral,0.5,12,0.6299741161077452,"Периферийный узел: 1 входящих, 1 исходящих, оборот 156 тыс.",2,False,1,1,92000.0,64000.0,2,5,0.6956521739130435,32515.622017007085,0.3534306740979031,2,0.0,0.0,0.32608695652173914,1,0.2857142857142857,1,near_threshold;cycles,"{""betweenness"": 0.055, ""degree"": 0.07, ""n_seed_upstream"": 0.191, ""role"": 0.026, ""seed_flow_kzt"": 0.205, ""temporal"": 0.069}"
100000008008463100,terminal,0.5,17,0.5820462496800068,"Вероятный конечный получатель: 1 плательщиков, получено 54 тыс., исходящих нет",2,False,1,0,54180.0,0.0,1,0,0.0,13003.546761246966,0.2400064001706712,1,1.0,0.0,0.0,1,0.0,0,,"{""betweenness"": 0.055, ""degree"": 0.032, ""n_seed_upstream"": 0.15, ""role"": 0.121, ""seed_flow_kzt"": 0.179, ""temporal"": 0.032}"
100000006679055100,terminal,0.5,5,0.5551952669454162,"Вероятный конечный получатель: 1 плательщиков, получено 25 тыс., исходящих нет",2,False,1,0,25000.0,0.0,1,0,0.0,3724.435915624421,0.14897743662497684,1,1.0,0.0,0.0,1,0.0,0,,"{""betweenness"": 0.055, ""degree"": 0.032, ""n_seed_upstream"": 0.15, ""role"": 0.121, ""seed_flow_kzt"": 0.153, ""temporal"": 0.032}"
100000007382543100,peripheral,0.5,21,0.6429786386779304,"Периферийный узел: 3 входящих, 5 исходящих, оборот 645 тыс.; есть источники вне выборки",2,False,3,5,218000.0,427000.0,3,8,1.9587155963302751,4714.422746505866,0.011040802685025447,1,0.0,0.00023064293501456974,0.5045871559633027,1,0.0,2,fast_pass;cycles;external_funding,"{""betweenness"": 0.144, ""degree"": 0.095, ""n_seed_upstream"": 0.15, ""role"": 0.026, ""seed_flow_kzt"": 0.156, ""temporal"": 0.058}"
100000007749092100,peripheral,0.5,2,0.48090565179053957,"Периферийный узел: 1 входящих, 1 исходящих, оборот 78 тыс.; есть источники вне выборки",2,False,1,1,7650.0,70375.0,1,5,9.199346405228757,845.4075555177402,0.012012895993147286,1,0.0,0.0,0.0,1,0.0,1,cycles;external_funding,"{""betweenness"": 0.055, ""degree"": 0.07, ""n_seed_upstream"": 0.15, ""role"": 0.026, ""seed_flow_kzt"": 0.125, ""temporal"": 0.044}"
100000004221668100,peripheral,0.5,17,0.7004238131808743,"Периферийный узел: 4 входящих, 3 исходящих, оборот 1.86 млн",2,False,4,3,1128300.0,731440.0,8,10,0.6482673047948241,73648.65684378867,0.06527399818861564,1,0.0,4.5573775819030105e-06,0.6005494992466542,1,0.2777777777777778,3,fast_pass;near_threshold;cycles,"{""betweenness"": 0.118, ""degree"": 0.094, ""n_seed_upstream"": 0.15, ""role"": 0.026, ""seed_flow_kzt"": 0.227, ""temporal"": 0.071}"
100000008174521100,terminal,0.5,2,0.6216400716784709,"Вероятный конечный получатель: 1 плательщиков, получено 82 тыс., исходящих нет",2,False,1,0,82110.0,0.0,1,0,0.0,48770.806804677035,0.59396914875992,1,1.0,0.0,0.0,1,0.0,0,,"{""betweenness"": 0.055, ""degree"": 0.032, ""n_seed_upstream"": 0.15, ""role"": 0.121, ""seed_flow_kzt"": 0.218, ""temporal"": 0.032}"
100000002692750100,peripheral,0.5,17,0.6632875387547287,"Периферийный узел: 3 входящих, 1 исходящих, оборот 190 тыс.",2,False,3,1,112830.0,77000.0,3,8,0.682442612780289,28263.377386299144,0.25049523518832884,1,0.0,1.981468513870874e-05,0.0,1,0.45454545454545453,1,near_threshold;cycles,"{""betweenness"": 0.127, ""degree"": 0.087, ""n_seed_upstream"": 0.15, ""role"": 0.026, ""seed_flow_kzt"": 0.202, ""temporal"": 0.057}"
100000002173070100,terminal,0.5,16,0.6070426942003014,"Вероятный конечный получатель: 1 плательщиков, получено 30 тыс., исходящих нет",2,False,1,0,30000.0,0.0,1,0,0.0,6451.5132149626015,0.21505044049875338,2,1.0,0.0,0.0,1,0.0,0,,"{""betweenness"": 0.055, ""degree"": 0.032, ""n_seed_upstream"": 0.191, ""role"": 0.121, ""seed_flow_kzt"": 0.162, ""temporal"": 0.032}"
100000005911352100,peripheral,0.5,34,0.6217822908666837,"Периферийный узел: 2 входящих, 3 исходящих, оборот 39 тыс.; есть источники вне выборки",2,False,2,3,15000.0,24000.0,2,3,1.6,5228.163671128107,0.21784015296367112,1,0.0,9.7488250882447e-05,0.0,1,0.0,1,cycles;external_funding,"{""betweenness"": 0.14, ""degree"": 0.09, ""n_seed_upstream"": 0.15, ""role"": 0.026, ""seed_flow_kzt"": 0.158, ""temporal"": 0.044}"
100000003068941100,peripheral,0.5,13,0.612936257359843,"Периферийный узел: 3 входящих, 1 исходящих, оборот 119 тыс.",2,False,3,1,94000.0,25000.0,3,2,0.26595744680851063,7327.214164446029,0.07794908685580881,1,0.0,1.981468513870874e-05,0.0,1,0.2,0,near_threshold,"{""betweenness"": 0.127, ""degree"": 0.087, ""n_seed_upstream"": 0.15, ""role"": 0.026, ""seed_flow_kzt"": 0.165, ""temporal"": 0.044}"
100000001420847100,terminal,0.5,19,0.5407457974229882,"Вероятный конечный получатель: 1 плательщиков, получено 20 тыс., исходящих нет",2,False,1,0,20000.0,0.0,2,0,0.0,1641.1188811188813,0.08205594405594406,1,1.0,0.0,0.0,1,0.0,0,,"{""betweenness"": 0.055, ""degree"": 0.032, ""n_seed_upstream"": 0.15, ""role"": 0.121, ""seed_flow_kzt"": 0.138, ""temporal"": 0.032}"
100000005602999100,peripheral,0.5,10,0.603646499985778,"Периферийный узел: 1 входящих, 2 исходящих, оборот 21 тыс.; есть источники вне выборки",2,False,1,2,5000.0,16000.0,1,3,3.2,961.1926040980688,0.06007453774676047,1,0.0,4.200713249406253e-05,1.0,1,0.75,1,fast_pass;near_threshold;cycles;external_funding,"{""betweenness"": 0.135, ""degree"": 0.081, ""n_seed_upstream"": 0.15, ""role"": 0.026, ""seed_flow_kzt"": 0.127, ""temporal"": 0.071}"
100000000723383100,peripheral,0.5,16,0.6082600904514036,"Периферийный узел: 1 входящих, 2 исходящих, оборот 82 тыс.; есть источники вне выборки",2,False,1,2,6800.0,75000.0,1,2,11.029411764705882,6205.864156059609,0.08274485541412811,1,0.0,0.0002389651027728274,0.0,1,0.0,0,external_funding,"{""betweenness"": 0.144, ""degree"": 0.081, ""n_seed_upstream"": 0.15, ""role"": 0.026, ""seed_flow_kzt"": 0.161, ""temporal"": 0.032}"
100000006977207100,peripheral,0.5,14,0.6258497596495719,"Периферийный узел: 1 входящих, 15 исходящих, оборот 4.57 млн; есть источники вне выборки",2,False,1,15,414000.0,4157018.0,1,15,10.041106280193237,8965.436907190973,0.002156699082657562,1,0.0,5.290520932035234e-05,0.0,1,0.0,0,external_funding,"{""betweenness"": 0.136, ""degree"": 0.098, ""n_seed_upstream"": 0.15, ""role"": 0.026, ""seed_flow_kzt"": 0.17, ""temporal"": 0.032}"
100000001273783100,terminal,0.5,7,0.5167391984526553,"Вероятный конечный получатель: 1 плательщиков, получено 23 тыс., исходящих нет",2,False,1,0,23200.0,0.0,1,0,0.0,540.8968459694495,0.023314519222821097,1,1.0,0.0,0.0,1,0.0,0,,"{""betweenness"": 0.055, ""degree"": 0.032, ""n_seed_upstream"": 0.15, ""role"": 0.121, ""seed_flow_kzt"": 0.115, ""temporal"": 0.032}"
100000000201868100,transit,0.6014716886570399,2,0.7687004010581107,"Признаки транзита: получено 190 тыс., отдано 100%, медиана задержки 1 дн., 1→1 контрагента",2,False,1,1,190000.0,190000.0,1,1,1.0,89911.48498306889,0.4732173496633717,1,0.0,0.0,1.0,1,0.0,1,fast_pass;cycles,"{""betweenness"": 0.055, ""degree"": 0.07, ""n_seed_upstream"": 0.15, ""role"": 0.189, ""seed_flow_kzt"": 0.229, ""temporal"": 0.058}"
100000007777377100,peripheral,0.5,16,0.7327075689051965,"Периферийный узел: 1 входящих, 2 исходящих, оборот 466 тыс.",2,False,1,2,456290.0,10000.0,7,2,0.021915886826360427,98125.36549517619,0.21505044049875338,2,0.0,0.00013592874005154197,0.0,1,0.2222222222222222,0,near_threshold,"{""betweenness"": 0.142, ""degree"": 0.081, ""n_seed_upstream"": 0.191, ""role"": 0.026, ""seed_flow_kzt"": 0.232, ""temporal"": 0.045}"
100000004192865100,terminal,0.5,24,0.5940495491651733,"Вероятный конечный получатель: 1 плательщиков, получено 67 тыс., исходящих нет",2,False,1,0,66666.0,0.0,1,0,0.0,20000.0,0.3000030000300003,1,1.0,0.0,0.0,1,0.0,0,,"{""betweenness"": 0.055, ""degree"": 0.032, ""n_seed_upstream"": 0.15, ""role"": 0.121, ""seed_flow_kzt"": 0.191, ""temporal"": 0.032}"
100000006901046100,peripheral,0.5,2,0.5902665187587108,"Периферийный узел: 1 входящих, 1 исходящих, оборот 81 тыс.",2,False,1,1,75800.0,5500.0,3,1,0.07255936675461741,51740.24082053534,0.6825889290308093,1,0.0,0.0,0.0,1,0.25,1,near_threshold;cycles,"{""betweenness"": 0.055, ""degree"": 0.07, ""n_seed_upstream"": 0.15, ""role"": 0.026, ""seed_flow_kzt"": 0.22, ""temporal"": 0.056}"
100000000437046100,coordinator,1.0,1,0.9208976875159994,"Кандидат в координирующий узел: 9 плательщиков → 42 получателей; сигналы S2, S3",2,False,9,42,1107200.0,7606224.0,20,73,6.86978323699422,36889.8867167484,0.004849960600259524,1,0.0,0.0026672547665215836,0.7633670520231214,3,0.010752688172043012,42,fast_pass;sync_in;near_threshold;cycles;external_funding;bridge;distributor;S2;S3,"{""betweenness"": 0.149, ""degree"": 0.1, ""n_seed_upstream"": 0.15, ""role"": 0.198, ""seed_flow_kzt"": 0.209, ""temporal"": 0.095}"
100000008765494100,terminal,0.5,4,0.5097989020678669,"Вероятный конечный получатель: 1 плательщиков, получено 24 тыс., исходящих нет",2,False,1,0,24000.0,0.0,1,0,0.0,412.44024872821973,0.017185010363675823,1,1.0,0.0,0.0,1,0.0,0,,"{""betweenness"": 0.055, ""degree"": 0.032, ""n_seed_upstream"": 0.15, ""role"": 0.121, ""seed_flow_kzt"": 0.108, ""temporal"": 0.032}"
100000008713270100,peripheral,0.5,17,0.5878829251642632,"Периферийный узел: 1 входящих, 3 исходящих, оборот 220 тыс.; есть источники вне выборки",2,False,1,3,30000.0,190000.0,1,3,6.333333333333333,7200.192005120136,0.037895747395369134,1,0.0,1.1888811083225246e-06,0.0,1,0.0,0,external_funding,"{""betweenness"": 0.115, ""degree"": 0.087, ""n_seed_upstream"": 0.15, ""role"": 0.026, ""seed_flow_kzt"": 0.165, ""temporal"": 0.032}"
100000003603979100,terminal,0.5,23,0.5961657706857808,"Вероятный конечный получатель: 1 плательщиков, получено 165 тыс., исходящих нет",2,False,1,0,165000.0,0.0,3,0,0.0,13651.202023514958,0.08273455771827247,1,1.0,0.0,0.0,1,0.3333333333333333,0,near_threshold,"{""betweenness"": 0.055, ""degree"": 0.032, ""n_seed_upstream"": 0.15, ""role"": 0.121, ""seed_flow_kzt"": 0.18, ""temporal"": 0.045}"
100000000943371100,terminal,0.5,20,0.5579258753591034,"Вероятный конечный получатель: 1 плательщиков, получено 16 тыс., исходящих нет",2,False,1,0,15500.0,0.0,1,0,0.0,4546.458682163689,0.29331991497830256,1,1.0,0.0,0.0,1,0.0,0,,"{""betweenness"": 0.055, ""degree"": 0.032, ""n_seed_upstream"": 0.15, ""role"": 0.121, ""seed_flow_kzt"": 0.155, ""temporal"": 0.032}"
100000008672480100,terminal,0.5,4,0.49096908154848246,"Вероятный конечный получатель: 1 плательщиков, получено 13 тыс., исходящих нет",2,False,1,0,13000.0,0.0,1,0,0.0,223.4051347277857,0.017185010363675823,1,1.0,0.0,0.0,1,0.0,0,,"{""betweenness"": 0.055, ""degree"": 0.032, ""n_seed_upstream"": 0.15, ""role"": 0.121, ""seed_flow_kzt"": 0.09, ""temporal"": 0.032}"
100000008691168100,terminal,0.5,4,0.5097989020678669,"Вероятный конечный получатель: 1 плательщиков, получено 24 тыс., исходящих нет",2,False,1,0,24000.0,0.0,1,0,0.0,412.44024872821973,0.017185010363675823,1,1.0,0.0,0.0,1,0.0,0,,"{""betweenness"": 0.055, ""degree"": 0.032, ""n_seed_upstream"": 0.15, ""role"": 0.121, ""seed_flow_kzt"": 0.108, ""temporal"": 0.032}"
100000003237045100,peripheral,0.5,2,0.5281224222772136,"Периферийный узел: 1 входящих, 1 исходящих, оборот 490 тыс.",2,False,1,1,340200.0,150000.0,2,1,0.4409171075837742,9616.003423755597,0.028265736107453254,1,0.0,0.0,0.0,1,0.0,1,cycles,"{""betweenness"": 0.055, ""degree"": 0.07, ""n_seed_upstream"": 0.15, ""role"": 0.026, ""seed_flow_kzt"": 0.171, ""temporal"": 0.044}"
100000008736394100,terminal,0.5,4,0.4975680518815598,"Вероятный конечный получатель: 1 плательщиков, получено 16 тыс., исходящих нет",2,False,1,0,16000.0,0.0,1,0,0.0,274.96016581881315,0.017185010363675823,1,1.0,0.0,0.0,1,0.0,0,,"{""betweenness"": 0.055, ""degree"": 0.032, ""n_seed_upstream"": 0.15, ""role"": 0.121, ""seed_flow_kzt"": 0.096, ""temporal"": 0.032}"
100000004160650100,peripheral,0.5,23,0.6273800381147423,"Периферийный узел: 2 входящих, 10 исходящих, оборот 1.56 млн; есть источники вне выборки",2,False,2,10,75100.0,1489827.0,4,40,19.83790945406125,3511.6030967781135,0.002357054273266704,1,0.0,5.746258690225535e-06,0.7336884154460719,1,0.09090909090909091,12,fast_pass;near_threshold;cycles;external_funding,"{""betweenness"": 0.118, ""degree"": 0.097, ""n_seed_upstream"": 0.15, ""role"": 0.026, ""seed_flow_kzt"": 0.152, ""temporal"": 0.07}"
100000000629812100,terminal,0.5,16,0.6271923087863014,"Вероятный конечный получатель: 2 плательщиков, получено 22 тыс., исходящих нет",2,False,2,0,22000.0,0.0,2,0,0.0,2314.983169466298,0.10522650770301355,2,1.0,0.0,0.0,1,0.0,0,,"{""betweenness"": 0.055, ""degree"": 0.07, ""n_seed_upstream"": 0.191, ""role"": 0.121, ""seed_flow_kzt"": 0.144, ""temporal"": 0.032}"
100000000955444100,terminal,0.5,35,0.5526922092328697,"Вероятный конечный получатель: 1 плательщиков, получено 7 тыс., исходящих нет",2,False,1,0,6910.0,0.0,1,0,0.0,3288.123094958968,0.47584994138335285,1,1.0,0.0,0.0,1,0.0,0,,"{""betweenness"": 0.055, ""degree"": 0.032, ""n_seed_upstream"": 0.15, ""role"": 0.121, ""seed_flow_kzt"": 0.15, ""temporal"": 0.032}"
100000008731444100,peripheral,0.5,5,0.6524276815427936,"Периферийный узел: 3 входящих, 9 исходящих, оборот 1.32 млн; есть источники вне выборки",2,False,3,9,439000.0,879767.8,5,9,2.0040268792710707,12935.255251983059,0.014703033291265101,1,0.0,0.00012166216675167166,0.5694760820045558,1,0.0,0,fast_pass;external_funding,"{""betweenness"": 0.142, ""degree"": 0.097, ""n_seed_upstream"": 0.15, ""role"": 0.026, ""seed_flow_kzt"": 0.179, ""temporal"": 0.045}"
100000008413748100,peripheral,0.5,8,0.6635150894558692,"Периферийный узел: 2 входящих, 18 исходящих, оборот 1.40 млн; есть источники вне выборки",2,False,2,18,26480.0,1377320.22,2,21,52.01360347432024,5178.488524460305,0.003759829013807918,1,0.0,0.0005437149602061679,1.0,2,0.08695652173913043,6,fast_pass;near_threshold;cycles;external_funding,"{""betweenness"": 0.146, ""degree"": 0.099, ""n_seed_upstream"": 0.15, ""role"": 0.026, ""seed_flow_kzt"": 0.157, ""temporal"": 0.071}"
100000006787636100,terminal,0.5,2,0.574081975140086,"Вероятный конечный получатель: 1 плательщиков, получено 20 тыс., исходящих нет",2,False,1,0,20000.0,0.0,1,0,0.0,9464.366840323042,0.47321734966337164,1,1.0,0.0,0.0,1,0.0,0,,"{""betweenness"": 0.055, ""degree"": 0.032, ""n_seed_upstream"": 0.15, ""role"": 0.121, ""seed_flow_kzt"": 0.171, ""temporal"": 0.032}"
100000005942793100,terminal,0.5,3,0.6081008049606051,"Вероятный конечный получатель: 4 плательщиков, получено 55 тыс., исходящих нет",2,False,4,0,55000.0,0.0,4,0,0.0,1506.9525399986512,0.027399137090884568,1,1.0,0.0,0.0,2,0.25,0,near_threshold,"{""betweenness"": 0.055, ""degree"": 0.087, ""n_seed_upstream"": 0.15, ""role"": 0.121, ""seed_flow_kzt"": 0.137, ""temporal"": 0.045}"
100000008730846100,peripheral,0.5,3,0.6370111215405181,"Периферийный узел: 7 входящих, 3 исходящих, оборот 518 тыс.; есть источники вне выборки",2,False,7,3,155042.0,363370.0,11,4,2.343687516930896,1832.1574227271858,0.00504212626999253,1,0.0,0.00013315468413212274,0.11609757356071258,4,0.0,0,sync_in;external_funding,"{""betweenness"": 0.142, ""degree"": 0.096, ""n_seed_upstream"": 0.15, ""role"": 0.026, ""seed_flow_kzt"": 0.14, ""temporal"": 0.069}"
100000002570206100,terminal,0.5,8,0.5834798190971925,"Вероятный конечный получатель: 2 плательщиков, получено 167 тыс., исходящих нет",2,False,2,0,166959.6,0.0,2,0,0.0,2079.9313039738345,0.012457692184060303,1,1.0,0.0,0.0,1,0.0,0,,"{""betweenness"": 0.055, ""degree"": 0.07, ""n_seed_upstream"": 0.15, ""role"": 0.121, ""seed_flow_kzt"": 0.142, ""temporal"": 0.032}"
100000000785800100,transit,0.6014716886570399,38,0.7268310720482406,"Признаки транзита: получено 19 тыс., отдано 100%, медиана задержки 0 дн., 1→1 контрагента",2,False,1,1,19000.0,19000.0,1,1,1.0,19000.0,1.0,1,0.0,0.0,1.0,1,0.0,1,fast_pass;cycles,"{""betweenness"": 0.055, ""degree"": 0.07, ""n_seed_upstream"": 0.15, ""role"": 0.189, ""seed_flow_kzt"": 0.189, ""temporal"": 0.058}"
100000007382152100,terminal,0.5,18,0.5069260744659668,"Вероятный конечный получатель: 1 плательщиков, получено 6 тыс., исходящих нет",2,False,1,0,5860.0,0.0,1,0,0.0,228.4741501036485,0.03898876281632227,1,1.0,0.0,0.0,1,1.0,0,near_threshold,"{""betweenness"": 0.055, ""degree"": 0.032, ""n_seed_upstream"": 0.15, ""role"": 0.121, ""seed_flow_kzt"": 0.091, ""temporal"": 0.047}"
100000000910216100,peripheral,0.5,3,0.597405922006997,"Периферийный узел: 1 входящих, 1 исходящих, оборот 123 тыс.",2,False,1,1,71000.0,52010.0,3,1,0.7325352112676057,2766.6500017879616,0.03896690143363326,1,0.0,0.00046465436650272,0.0,1,0.25,0,near_threshold,"{""betweenness"": 0.146, ""degree"": 0.07, ""n_seed_upstream"": 0.15, ""role"": 0.026, ""seed_flow_kzt"": 0.148, ""temporal"": 0.045}"
100000003131016100,peripheral,0.5,1,0.577961714594533,"Периферийный узел: 1 входящих, 1 исходящих, оборот 532 тыс.",2,False,1,1,405700.0,126000.0,7,4,0.31057431599704216,35816.957396088044,0.08828434162210512,1,0.0,0.0,0.0,1,0.18181818181818182,1,near_threshold;cycles,"{""betweenness"": 0.055, ""degree"": 0.07, ""n_seed_upstream"": 0.15, ""role"": 0.026, ""seed_flow_kzt"": 0.208, ""temporal"": 0.056}"
100000003221384100,terminal,0.5,2,0.5843217566914128,"Вероятный конечный получатель: 1 плательщиков, получено 511 тыс., исходящих нет",2,False,1,0,511200.0,0.0,1,0,0.0,14170.623596654945,0.027720312200029233,1,1.0,0.0,0.0,1,0.0,0,,"{""betweenness"": 0.055, ""degree"": 0.032, ""n_seed_upstream"": 0.15, ""role"": 0.121, ""seed_flow_kzt"": 0.181, ""temporal"": 0.032}"
100000002156381100,peripheral,0.5,10,0.6204454304974826,"Периферийный узел: 2 входящих, 1 исходящих, оборот 83 тыс.",2,False,2,1,61000.0,21800.0,7,3,0.35737704918032787,2612.462656791343,0.042827256658633905,1,0.0,4.240342619683671e-05,0.08196721311475409,2,0.4,1,near_threshold;cycles,"{""betweenness"": 0.135, ""degree"": 0.081, ""n_seed_upstream"": 0.15, ""role"": 0.026, ""seed_flow_kzt"": 0.146, ""temporal"": 0.069}"
100000002779485100,terminal,0.5,5,0.608783457064027,"Вероятный конечный получатель: 1 плательщиков, получено 91 тыс., исходящих нет",2,False,1,0,91000.0,0.0,2,0,0.0,32003.262388690626,0.35168420207352336,1,1.0,0.0,0.0,1,0.0,0,,"{""betweenness"": 0.055, ""degree"": 0.032, ""n_seed_upstream"": 0.15, ""role"": 0.121, ""seed_flow_kzt"": 0.205, ""temporal"": 0.032}"
100000008774237100,peripheral,0.5,23,0.46679181955229393,"Периферийный узел: 1 входящих, 1 исходящих, оборот 60 тыс.",2,False,1,1,50000.0,10000.0,1,1,0.2,759.5251510834374,0.01519050302166875,1,0.0,0.0,0.0,1,0.0,0,,"{""betweenness"": 0.055, ""degree"": 0.07, ""n_seed_upstream"": 0.15, ""role"": 0.026, ""seed_flow_kzt"": 0.123, ""temporal"": 0.032}"
100000002628146100,terminal,0.5,3,0.5578121000085331,"Вероятный конечный получатель: 1 плательщиков, получено 30 тыс., исходящих нет",2,False,1,0,30500.0,0.0,2,0,0.0,4541.559677178684,0.1489035959730716,1,1.0,0.0,0.0,1,0.0,0,,"{""betweenness"": 0.055, ""degree"": 0.032, ""n_seed_upstream"": 0.15, ""role"": 0.121, ""seed_flow_kzt"": 0.155, ""temporal"": 0.032}"
100000002852402100,terminal,0.5,2,0.5770401342549137,"Вероятный конечный получатель: 1 плательщиков, получено 55 тыс., исходящих нет",2,False,1,0,55000.0,0.0,1,0,0.0,10349.479524354807,0.18817235498826923,1,1.0,0.0,0.0,1,0.0,0,,"{""betweenness"": 0.055, ""degree"": 0.032, ""n_seed_upstream"": 0.15, ""role"": 0.121, ""seed_flow_kzt"": 0.174, ""temporal"": 0.032}"
100000006989106100,terminal,0.5,7,0.6277839406092669,"Вероятный конечный получатель: 1 плательщиков, получено 64 тыс., исходящих нет",2,False,1,0,64000.0,0.0,2,0,0.0,64000.0,1.0,1,1.0,0.0,0.0,1,0.0,0,,"{""betweenness"": 0.055, ""degree"": 0.032, ""n_seed_upstream"": 0.15, ""role"": 0.121, ""seed_flow_kzt"": 0.224, ""temporal"": 0.032}"
100000002958343100,peripheral,0.5,7,0.6925391813863526,"Периферийный узел: 1 входящих, 2 исходящих, оборот 4.29 млн",2,False,1,2,2900000.0,1390000.0,4,17,0.4793103448275862,236546.12214312472,0.08156762832521543,1,0.0,3.962937027741748e-07,0.034482758620689655,1,0.047619047619047616,1,near_threshold;cycles,"{""betweenness"": 0.112, ""degree"": 0.081, ""n_seed_upstream"": 0.15, ""role"": 0.026, ""seed_flow_kzt"": 0.242, ""temporal"": 0.066}"
100000008461532100,peripheral,0.5,28,0.6231817276786984,"Периферийный узел: 2 входящих, 8 исходящих, оборот 3.10 млн; есть источники вне выборки",2,False,2,8,565300.0,2530090.0,2,9,4.475658942154608,816.5070765136732,0.0003227185896603177,1,0.0,0.00027126303954892267,0.990624447196179,1,0.09090909090909091,1,fast_pass;near_threshold;cycles;external_funding,"{""betweenness"": 0.145, ""degree"": 0.096, ""n_seed_upstream"": 0.15, ""role"": 0.026, ""seed_flow_kzt"": 0.124, ""temporal"": 0.068}"
100000004400305100,coordinator,1.0,13,0.8733964786528997,Кандидат в координирующий узел: 7 плательщиков → 82 получателей; сигналы S2,2,False,7,82,222800.0,5830181.0,9,101,26.167778276481148,4934.913453764931,0.0008464425810733716,2,0.0,0.0020276367302440655,1.0,2,0.0,42,fast_pass;cycles;external_funding;bridge;distributor;S2,"{""betweenness"": 0.149, ""degree"": 0.1, ""n_seed_upstream"": 0.191, ""role"": 0.198, ""seed_flow_kzt"": 0.156, ""temporal"": 0.06}"
100000000297649100,peripheral,0.5,10,0.5077566345251301,"Периферийный узел: 1 входящих, 1 исходящих, оборот 111 тыс.; есть источники вне выборки",2,False,1,1,40000.0,70600.0,1,2,1.765,3402.6458133828223,0.04819611633673655,1,0.0,0.0,0.0,1,0.0,1,cycles;external_funding,"{""betweenness"": 0.055, ""degree"": 0.07, ""n_seed_upstream"": 0.15, ""role"": 0.026, ""seed_flow_kzt"": 0.151, ""temporal"": 0.044}"
100000003191430100,terminal,0.5,2,0.5993401029666923,"Вероятный конечный получатель: 1 плательщиков, получено 180 тыс., исходящих нет",2,False,1,0,180000.0,0.0,1,0,0.0,23519.999999999996,0.13066666666666665,1,1.0,0.0,0.0,1,0.0,0,,"{""betweenness"": 0.055, ""degree"": 0.032, ""n_seed_upstream"": 0.15, ""role"": 0.121, ""seed_flow_kzt"": 0.196, ""temporal"": 0.032}"
100000003275398100,peripheral,0.5,23,0.49990044656825094,"Периферийный узел: 1 входящих, 1 исходящих, оборот 320 тыс.",2,False,1,1,300000.0,20000.0,1,1,0.06666666666666667,4557.150906500624,0.015190503021668746,1,0.0,0.0,0.0,1,0.0,0,,"{""betweenness"": 0.055, ""degree"": 0.07, ""n_seed_upstream"": 0.15, ""role"": 0.026, ""seed_flow_kzt"": 0.155, ""temporal"": 0.032}"
100000005203590100,terminal,0.5,17,0.5970645959552863,"Вероятный конечный получатель: 1 плательщиков, получено 90 тыс., исходящих нет",2,False,1,0,90000.0,0.0,1,0,0.0,21600.57601536041,0.2400064001706712,1,1.0,0.0,0.0,1,0.0,0,,"{""betweenness"": 0.055, ""degree"": 0.032, ""n_seed_upstream"": 0.15, ""role"": 0.121, ""seed_flow_kzt"": 0.194, ""temporal"": 0.032}"
100000008672603100,terminal,0.5,5,0.5506442529226043,"Вероятный конечный получатель: 1 плательщиков, получено 21 тыс., исходящих нет",2,False,1,0,21200.0,0.0,1,0,0.0,2878.6862668554627,0.13578708805921993,1,1.0,0.0,0.0,1,0.0,0,,"{""betweenness"": 0.055, ""degree"": 0.032, ""n_seed_upstream"": 0.15, ""role"": 0.121, ""seed_flow_kzt"": 0.148, ""temporal"": 0.032}"
100000000718427100,terminal,0.5,4,0.4672469209545751,"Вероятный конечный получатель: 1 плательщиков, получено 6 тыс., исходящих нет",2,False,1,0,6000.0,0.0,1,0,0.0,103.11006218205493,0.017185010363675823,1,1.0,0.0,0.0,1,0.0,0,,"{""betweenness"": 0.055, ""degree"": 0.032, ""n_seed_upstream"": 0.15, ""role"": 0.121, ""seed_flow_kzt"": 0.067, ""temporal"": 0.032}"
100000003104347100,peripheral,0.5,1,0.5917854196888244,"Периферийный узел: 1 входящих, 1 исходящих, оборот 450 тыс.",2,False,1,1,418000.0,32000.0,1,1,0.07655502392344497,12938.697906300034,0.03095382274234458,1,0.0,1.922024458454748e-05,0.0,1,0.0,0,,"{""betweenness"": 0.122, ""degree"": 0.07, ""n_seed_upstream"": 0.15, ""role"": 0.026, ""seed_flow_kzt"": 0.179, ""temporal"": 0.032}"
100000002974256100,terminal,0.5,11,0.5675967801575788,"Вероятный конечный получатель: 1 плательщиков, получено 7 тыс., исходящих нет",2,False,1,0,7200.0,0.0,1,0,0.0,7200.0,1.0,1,1.0,0.0,0.0,1,0.0,0,,"{""betweenness"": 0.055, ""degree"": 0.032, ""n_seed_upstream"": 0.15, ""role"": 0.121, ""seed_flow_kzt"": 0.165, ""temporal"": 0.032}"
100000007173936100,terminal,0.5,15,0.43004238131808736,"Вероятный конечный получатель: 1 плательщиков, получено 10 тыс., исходящих нет",2,False,1,0,10000.0,0.0,1,0,0.0,16.50018589389189,0.0016500185893891888,1,1.0,0.0,0.0,1,0.0,0,,"{""betweenness"": 0.055, ""degree"": 0.032, ""n_seed_upstream"": 0.15, ""role"": 0.121, ""seed_flow_kzt"": 0.03, ""temporal"": 0.032}"
100000002744581100,terminal,0.5,7,0.5799982933697415,"Вероятный конечный получатель: 1 плательщиков, получено 12 тыс., исходящих нет",2,False,1,0,12000.0,0.0,1,0,0.0,12000.0,1.0,1,1.0,0.0,0.0,1,0.0,0,,"{""betweenness"": 0.055, ""degree"": 0.032, ""n_seed_upstream"": 0.15, ""role"": 0.121, ""seed_flow_kzt"": 0.177, ""temporal"": 0.032}"
100000000596954100,peripheral,0.5,5,0.6710185738259805,"Периферийный узел: 1 входящих, 2 исходящих, оборот 168 тыс.",2,False,1,2,120000.0,48100.0,1,2,0.4008333333333333,95325.01472995091,0.7943751227495909,1,0.0,4.834783173844933e-05,0.0,1,0.0,0,,"{""betweenness"": 0.136, ""degree"": 0.081, ""n_seed_upstream"": 0.15, ""role"": 0.026, ""seed_flow_kzt"": 0.231, ""temporal"": 0.032}"
100000004950490100,terminal,0.5,7,0.5754472793469295,"Вероятный конечный получатель: 1 плательщиков, получено 10 тыс., исходящих нет",2,False,1,0,10000.0,0.0,1,0,0.0,10000.0,1.0,1,1.0,0.0,0.0,1,0.0,0,,"{""betweenness"": 0.055, ""degree"": 0.032, ""n_seed_upstream"": 0.15, ""role"": 0.121, ""seed_flow_kzt"": 0.172, ""temporal"": 0.032}"
100000008772058100,terminal,0.5,4,0.5273203060556929,"Вероятный конечный получатель: 1 плательщиков, получено 50 тыс., исходящих нет",2,False,1,0,50000.0,0.0,1,0,0.0,859.2505181837911,0.017185010363675823,1,1.0,0.0,0.0,1,0.0,0,,"{""betweenness"": 0.055, ""degree"": 0.032, ""n_seed_upstream"": 0.15, ""role"": 0.121, ""seed_flow_kzt"": 0.125, ""temporal"": 0.032}"
100000000971908100,terminal,0.5,17,0.596609494553005,"Вероятный конечный получатель: 1 плательщиков, получено 89 тыс., исходящих нет",2,False,1,0,89000.0,0.0,1,0,0.0,21360.56961518974,0.24000640017067124,1,1.0,0.0,0.0,1,0.0,0,,"{""betweenness"": 0.055, ""degree"": 0.032, ""n_seed_upstream"": 0.15, ""role"": 0.121, ""seed_flow_kzt"": 0.193, ""temporal"": 0.032}"
100000008687492100,terminal,0.5,4,0.49614585999943106,"Вероятный конечный получатель: 1 плательщиков, получено 15 тыс., исходящих нет",2,False,1,0,15000.0,0.0,1,0,0.0,257.77515545513734,0.017185010363675823,1,1.0,0.0,0.0,1,0.0,0,,"{""betweenness"": 0.055, ""degree"": 0.032, ""n_seed_upstream"": 0.15, ""role"": 0.121, ""seed_flow_kzt"": 0.095, ""temporal"": 0.032}"
100000003159641100,peripheral,0.5,2,0.5832181357908809,"Периферийный узел: 4 входящих, 1 исходящих, оборот 262 тыс.; есть источники вне выборки",2,False,4,1,64000.0,197800.0,7,1,3.090625,720.2404314002838,0.0036412559727011314,1,0.0,5.8849614861964964e-05,0.0,1,0.375,0,near_threshold;external_funding,"{""betweenness"": 0.137, ""degree"": 0.09, ""n_seed_upstream"": 0.15, ""role"": 0.026, ""seed_flow_kzt"": 0.122, ""temporal"": 0.045}"
100000005326681100,terminal,0.5,2,0.5276616321074039,"Вероятный конечный получатель: 1 плательщиков, получено 31 тыс., исходящих нет",2,False,1,0,31228.0,0.0,1,0,0.0,865.6499093825129,0.027720312200029233,1,1.0,0.0,0.0,1,0.0,0,,"{""betweenness"": 0.055, ""degree"": 0.032, ""n_seed_upstream"": 0.15, ""role"": 0.121, ""seed_flow_kzt"": 0.126, ""temporal"": 0.032}"
100000006888238100,peripheral,0.5,40,0.5461728816451915,"Периферийный узел: 1 входящих, 1 исходящих, оборот 48 тыс.; есть источники вне выборки",2,False,1,1,18000.0,30000.0,1,1,1.6666666666666667,2343.3179723502303,0.07811059907834102,1,0.0,3.962937027741748e-07,0.0,1,0.0,0,external_funding,"{""betweenness"": 0.112, ""degree"": 0.07, ""n_seed_upstream"": 0.15, ""role"": 0.026, ""seed_flow_kzt"": 0.144, ""temporal"": 0.032}"
100000001290243100,terminal,0.5,2,0.5729442216343829,"Вероятный конечный получатель: 1 плательщиков, получено 10 тыс., исходящих нет",2,False,1,0,10000.0,0.0,1,0,0.0,9010.037752189452,0.9010037752189451,1,1.0,0.0,0.0,1,0.0,0,,"{""betweenness"": 0.055, ""degree"": 0.032, ""n_seed_upstream"": 0.15, ""role"": 0.121, ""seed_flow_kzt"": 0.17, ""temporal"": 0.032}"
100000008289539100,terminal,0.5,2,0.5100264527690076,"Вероятный конечный получатель: 1 плательщиков, получено 15 тыс., исходящих нет",2,False,1,0,14912.0,0.0,1,0,0.0,413.36529552683595,0.027720312200029233,1,1.0,0.0,0.0,1,0.0,0,,"{""betweenness"": 0.055, ""degree"": 0.032, ""n_seed_upstream"": 0.15, ""role"": 0.121, ""seed_flow_kzt"": 0.108, ""temporal"": 0.032}"
100000000821507100,terminal,0.5,15,0.5214039878260375,"Вероятный конечный получатель: 1 плательщиков, получено 400 тыс., исходящих нет",2,False,1,0,400000.0,0.0,1,0,0.0,660.0074357556755,0.0016500185893891888,1,1.0,0.0,0.0,1,0.0,0,,"{""betweenness"": 0.055, ""degree"": 0.032, ""n_seed_upstream"": 0.15, ""role"": 0.121, ""seed_flow_kzt"": 0.12, ""temporal"": 0.032}"
100000003086040100,terminal,0.5,1,0.551668231077737,"Вероятный конечный получатель: 1 плательщиков, получено 10 тыс., исходящих нет",2,False,1,0,10500.0,0.0,1,0,0.0,3140.1023205874235,0.2990573638654689,1,1.0,0.0,0.0,1,0.0,0,,"{""betweenness"": 0.055, ""degree"": 0.032, ""n_seed_upstream"": 0.15, ""role"": 0.121, ""seed_flow_kzt"": 0.149, ""temporal"": 0.032}"
100000002969048100,terminal,0.5,17,0.6036635662883636,"Вероятный конечный получатель: 1 плательщиков, получено 108 тыс., исходящих нет",2,False,1,0,108470.0,0.0,1,0,0.0,26033.494226512707,0.2400064001706712,1,1.0,0.0,0.0,1,0.0,0,,"{""betweenness"": 0.055, ""degree"": 0.032, ""n_seed_upstream"": 0.15, ""role"": 0.121, ""seed_flow_kzt"": 0.2, ""temporal"": 0.032}"
100000002826669100,terminal,0.5,1,0.5927411326336148,"Вероятный конечный получатель: 1 плательщиков, получено 160 тыс., исходящих нет",2,False,1,0,159900.0,0.0,4,0,0.0,19490.992731842907,0.1218948888795679,1,1.0,0.0,0.0,1,0.0,0,,"{""betweenness"": 0.055, ""degree"": 0.032, ""n_seed_upstream"": 0.15, ""role"": 0.121, ""seed_flow_kzt"": 0.189, ""temporal"": 0.032}"
100000002293421100,transit,0.5025485340158496,16,0.8480757743834798,"Признаки транзита: получено 41 тыс., отдано 115%, медиана задержки 0 дн., 2→2 контрагента",2,False,2,2,41000.0,47000.0,6,5,1.146341463414634,34928.72740242106,0.7431644128174693,1,0.0,1.9616538287321655e-05,0.36585365853658536,1,0.36363636363636365,2,near_threshold;cycles,"{""betweenness"": 0.126, ""degree"": 0.087, ""n_seed_upstream"": 0.15, ""role"": 0.189, ""seed_flow_kzt"": 0.207, ""temporal"": 0.07}"
100000004732589100,terminal,0.5,7,0.5607702591233609,"Вероятный конечный получатель: 1 плательщиков, получено 228 тыс., исходящих нет",2,False,1,0,227520.0,0.0,1,0,0.0,5304.519413576257,0.0233145192228211,1,1.0,0.0,0.0,1,0.0,0,,"{""betweenness"": 0.055, ""degree"": 0.032, ""n_seed_upstream"": 0.15, ""role"": 0.121, ""seed_flow_kzt"": 0.158, ""temporal"": 0.032}"
100000003003821100,terminal,0.5,5,0.6153255397218192,"Вероятный конечный получатель: 1 плательщиков, получено 40 тыс., исходящих нет",2,False,1,0,40000.0,0.0,1,0,0.0,40000.0,1.0,1,1.0,0.0,0.0,1,0.0,0,,"{""betweenness"": 0.055, ""degree"": 0.032, ""n_seed_upstream"": 0.15, ""role"": 0.121, ""seed_flow_kzt"": 0.211, ""temporal"": 0.032}"
100000005237935150,terminal,0.5,15,0.5149187928435304,"Вероятный конечный получатель: 1 плательщиков, получено 35 тыс., исходящих нет",2,False,1,0,34508.0,0.0,1,0,0.0,502.58583023289685,0.014564327988666305,1,1.0,0.0,0.0,1,0.0,0,,"{""betweenness"": 0.055, ""degree"": 0.032, ""n_seed_upstream"": 0.15, ""role"": 0.121, ""seed_flow_kzt"": 0.113, ""temporal"": 0.032}"
100000004463277100,terminal,0.5,24,0.6109451887248627,"Вероятный конечный получатель: 1 плательщиков, получено 35 тыс., исходящих нет",2,False,1,0,35000.0,0.0,1,0,0.0,35000.0,1.0,1,1.0,0.0,0.0,1,0.0,0,,"{""betweenness"": 0.055, ""degree"": 0.032, ""n_seed_upstream"": 0.15, ""role"": 0.121, ""seed_flow_kzt"": 0.207, ""temporal"": 0.032}"
100000006523053100,terminal,0.5,5,0.5683647637739283,"Вероятный конечный получатель: 1 плательщиков, получено 5 тыс., исходящих нет",2,False,1,0,5000.0,0.0,1,0,0.0,3439.3677531898443,0.6878735506379688,1,1.0,0.0,0.0,1,1.0,0,near_threshold,"{""betweenness"": 0.055, ""degree"": 0.032, ""n_seed_upstream"": 0.15, ""role"": 0.121, ""seed_flow_kzt"": 0.151, ""temporal"": 0.047}"
100000001954903100,terminal,0.5,7,0.5202662343203345,"Вероятный конечный получатель: 1 плательщиков, получено 27 тыс., исходящих нет",2,False,1,0,27118.0,0.0,1,0,0.0,632.2431322844626,0.0233145192228211,1,1.0,0.0,0.0,1,0.0,0,,"{""betweenness"": 0.055, ""degree"": 0.032, ""n_seed_upstream"": 0.15, ""role"": 0.121, ""seed_flow_kzt"": 0.118, ""temporal"": 0.032}"
100000005328215100,terminal,0.5,7,0.5200386836191938,"Вероятный конечный получатель: 1 плательщиков, получено 27 тыс., исходящих нет",2,False,1,0,27000.0,0.0,1,0,0.0,629.4920190161697,0.0233145192228211,1,1.0,0.0,0.0,1,0.0,0,,"{""betweenness"": 0.055, ""degree"": 0.032, ""n_seed_upstream"": 0.15, ""role"": 0.121, ""seed_flow_kzt"": 0.118, ""temporal"": 0.032}"
100000004424023100,peripheral,0.5,7,0.6005916318229655,"Периферийный узел: 1 входящих, 1 исходящих, оборот 150 тыс.; есть источники вне выборки",2,False,1,1,50000.0,100000.0,1,1,2.0,14466.859049423452,0.14466859049423453,1,0.0,2.0409125692870002e-05,0.0,1,0.0,0,external_funding,"{""betweenness"": 0.128, ""degree"": 0.07, ""n_seed_upstream"": 0.15, ""role"": 0.026, ""seed_flow_kzt"": 0.182, ""temporal"": 0.032}"
100000002299948100,terminal,0.5,3,0.5309611172739426,"Вероятный конечный получатель: 1 плательщиков, получено 7 тыс., исходящих нет",2,False,1,0,6750.0,0.0,1,0,0.0,1005.0992728182334,0.14890359597307162,1,1.0,0.0,0.0,1,0.0,0,,"{""betweenness"": 0.055, ""degree"": 0.032, ""n_seed_upstream"": 0.15, ""role"": 0.121, ""seed_flow_kzt"": 0.129, ""temporal"": 0.032}"
100000005105153100,terminal,0.5,1,0.5507580282731745,"Вероятный конечный получатель: 1 плательщиков, получено 30 тыс., исходящих нет",2,False,1,0,30000.0,0.0,1,0,0.0,2899.5383156825055,0.09665127718941685,1,1.0,0.0,0.0,1,0.0,0,,"{""betweenness"": 0.055, ""degree"": 0.032, ""n_seed_upstream"": 0.15, ""role"": 0.121, ""seed_flow_kzt"": 0.148, ""temporal"": 0.032}"
100000001985793100,terminal,0.5,7,0.6120829422305657,"Вероятный конечный получатель: 1 плательщиков, получено 420 тыс., исходящих нет",2,False,1,0,420000.0,0.0,1,0,0.0,35853.65853658537,0.08536585365853659,1,1.0,0.0,0.0,1,0.0,0,,"{""betweenness"": 0.055, ""degree"": 0.032, ""n_seed_upstream"": 0.15, ""role"": 0.121, ""seed_flow_kzt"": 0.208, ""temporal"": 0.032}"
100000003134934100,terminal,0.5,5,0.6510851324060641,"Вероятный конечный получатель: 4 плательщиков, получено 379 тыс., исходящих нет",2,False,4,0,379354.0,0.0,4,0,0.0,20014.123553418664,0.05275843553361415,1,1.0,0.0,0.0,2,0.0,0,,"{""betweenness"": 0.055, ""degree"": 0.087, ""n_seed_upstream"": 0.15, ""role"": 0.121, ""seed_flow_kzt"": 0.191, ""temporal"": 0.032}"
100000006240939100,peripheral,0.5,6,0.6255425662030321,"Периферийный узел: 1 входящих, 5 исходящих, оборот 938 тыс.; есть источники вне выборки",2,False,1,5,160000.0,778015.0,1,5,4.86259375,13658.536585365855,0.01755562114530678,1,0.0,4.161083879128836e-06,1.0,1,0.0,0,fast_pass;external_funding,"{""betweenness"": 0.118, ""degree"": 0.092, ""n_seed_upstream"": 0.15, ""role"": 0.026, ""seed_flow_kzt"": 0.18, ""temporal"": 0.046}"
100000008656043100,terminal,0.5,4,0.5123019597804136,"Вероятный конечный получатель: 1 плательщиков, получено 26 тыс., исходящих нет",2,False,1,0,26200.0,0.0,1,0,0.0,450.24727152830656,0.017185010363675823,1,1.0,0.0,0.0,1,0.0,0,,"{""betweenness"": 0.055, ""degree"": 0.032, ""n_seed_upstream"": 0.15, ""role"": 0.121, ""seed_flow_kzt"": 0.111, ""temporal"": 0.032}"
100000002605184100,terminal,0.5,2,0.6044599937423557,"Вероятный конечный получатель: 1 плательщиков, получено 140 тыс., исходящих нет",2,False,1,0,140000.0,0.0,1,0,0.0,26344.129698357694,0.18817235498826923,1,1.0,0.0,0.0,1,0.0,0,,"{""betweenness"": 0.055, ""degree"": 0.032, ""n_seed_upstream"": 0.15, ""role"": 0.121, ""seed_flow_kzt"": 0.201, ""temporal"": 0.032}"
100000003157333100,terminal,0.5,17,0.5678243308587194,"Вероятный конечный получатель: 1 плательщиков, получено 30 тыс., исходящих нет",2,False,1,0,30000.0,0.0,1,0,0.0,7200.192005120136,0.2400064001706712,1,1.0,0.0,0.0,1,0.0,0,,"{""betweenness"": 0.055, ""degree"": 0.032, ""n_seed_upstream"": 0.15, ""role"": 0.121, ""seed_flow_kzt"": 0.165, ""temporal"": 0.032}"
100000007898453100,peripheral,0.5,5,0.6352532923742071,"Периферийный узел: 1 входящих, 2 исходящих, оборот 345 тыс.; есть источники вне выборки",2,False,1,2,24750.0,320000.0,1,2,12.929292929292929,19660.784288052375,0.06143995090016367,1,0.0,2.3975769017837576e-05,0.0,1,0.0,1,cycles;external_funding,"{""betweenness"": 0.13, ""degree"": 0.081, ""n_seed_upstream"": 0.15, ""role"": 0.026, ""seed_flow_kzt"": 0.19, ""temporal"": 0.044}"
100000002710570100,terminal,0.5,1,0.6164064055522371,"Вероятный конечный получатель: 1 плательщиков, получено 225 тыс., исходящих нет",2,False,1,0,225015.0,0.0,1,0,0.0,41190.29317169288,0.18305576593423942,1,1.0,0.0,0.0,1,0.0,0,,"{""betweenness"": 0.055, ""degree"": 0.032, ""n_seed_upstream"": 0.15, ""role"": 0.121, ""seed_flow_kzt"": 0.212, ""temporal"": 0.032}"
100000004979498100,peripheral,0.5,36,0.6195124726228062,"Периферийный узел: 1 входящих, 1 исходящих, оборот 900 тыс.",2,False,1,1,700000.0,200000.0,2,1,0.2857142857142857,684055.8412931667,0.9772226304188096,1,0.0,0.0,0.2857142857142857,1,0.0,1,cycles,"{""betweenness"": 0.055, ""degree"": 0.07, ""n_seed_upstream"": 0.15, ""role"": 0.026, ""seed_flow_kzt"": 0.249, ""temporal"": 0.056}"
100000001541418100,terminal,0.5,6,0.6014563244872998,"Вероятный конечный получатель: 2 плательщиков, получено 97 тыс., исходящих нет",2,False,2,0,96900.0,0.0,2,0,0.0,5755.275488377322,0.05939396788831086,1,1.0,0.0,0.0,1,0.0,0,,"{""betweenness"": 0.055, ""degree"": 0.07, ""n_seed_upstream"": 0.15, ""role"": 0.121, ""seed_flow_kzt"": 0.16, ""temporal"": 0.032}"
100000007797290100,peripheral,0.5,18,0.5652757630059447,"Периферийный узел: 1 входящих, 1 исходящих, оборот 120 тыс.",2,False,1,1,100000.0,20000.0,1,1,0.2,3898.876281632227,0.03898876281632227,1,0.0,1.922024458454748e-05,0.0,1,0.0,0,,"{""betweenness"": 0.122, ""degree"": 0.07, ""n_seed_upstream"": 0.15, ""role"": 0.026, ""seed_flow_kzt"": 0.153, ""temporal"": 0.032}"
100000008683818100,terminal,0.5,4,0.5003555479705322,"Вероятный конечный получатель: 1 плательщиков, получено 17 тыс., исходящих нет",2,False,1,0,17400.0,0.0,1,0,0.0,299.0191803279593,0.017185010363675823,1,1.0,0.0,0.0,1,0.0,0,,"{""betweenness"": 0.055, ""degree"": 0.032, ""n_seed_upstream"": 0.15, ""role"": 0.121, ""seed_flow_kzt"": 0.099, ""temporal"": 0.032}"
100000006567935100,terminal,0.5,15,0.503768808487641,"Вероятный конечный получатель: 1 плательщиков, получено 200 тыс., исходящих нет",2,False,1,0,200000.0,0.0,1,0,0.0,330.00371787783774,0.0016500185893891888,1,1.0,0.0,0.0,1,0.0,0,,"{""betweenness"": 0.055, ""degree"": 0.032, ""n_seed_upstream"": 0.15, ""role"": 0.121, ""seed_flow_kzt"": 0.102, ""temporal"": 0.032}"
100000002132479100,peripheral,0.5,12,0.5334698637540176,"Периферийный узел: 1 входящих, 1 исходящих, оборот 50 тыс.",2,False,1,1,30000.0,20000.0,2,1,0.6666666666666666,11811.782381036262,0.3937260793678754,1,0.0,0.0,0.0,1,0.0,1,cycles,"{""betweenness"": 0.055, ""degree"": 0.07, ""n_seed_upstream"": 0.15, ""role"": 0.026, ""seed_flow_kzt"": 0.176, ""temporal"": 0.044}"
100000002170580100,terminal,0.5,7,0.5542850641408539,"Вероятный конечный получатель: 1 плательщиков, получено 150 тыс., исходящих нет",2,False,1,0,150000.0,0.0,1,0,0.0,3497.177883423165,0.0233145192228211,1,1.0,0.0,0.0,1,0.0,0,,"{""betweenness"": 0.055, ""degree"": 0.032, ""n_seed_upstream"": 0.15, ""role"": 0.121, ""seed_flow_kzt"": 0.152, ""temporal"": 0.032}"
100000001232297100,peripheral,0.5,20,0.5179281508661148,"Периферийный узел: 1 входящих, 2 исходящих, оборот 50 тыс.; есть источники вне выборки",2,False,1,2,5000.0,45000.0,1,2,9.0,1466.599574891513,0.03259110166425584,1,0.0,0.0,0.0,1,0.3333333333333333,2,near_threshold;cycles;external_funding,"{""betweenness"": 0.055, ""degree"": 0.081, ""n_seed_upstream"": 0.15, ""role"": 0.026, ""seed_flow_kzt"": 0.136, ""temporal"": 0.058}"
100000002028158100,terminal,0.5,2,0.5294820377165287,"Вероятный конечный получатель: 1 плательщиков, получено 35 тыс., исходящих нет",2,False,1,0,34800.0,0.0,1,0,0.0,964.6668645610173,0.027720312200029233,1,1.0,0.0,0.0,1,0.0,0,,"{""betweenness"": 0.055, ""degree"": 0.032, ""n_seed_upstream"": 0.15, ""role"": 0.121, ""seed_flow_kzt"": 0.127, ""temporal"": 0.032}"
100000005519998100,transit,0.6017142746994092,21,0.835674261171317,"Признаки транзита: получено 182 тыс., отдано 103%, медиана задержки 2 дн., 3→3 контрагента",2,False,3,3,182000.0,188000.0,5,8,1.032967032967033,11839.445943355897,0.06297577629444626,1,0.0,8.916608312418933e-05,0.5054945054945055,1,0.07692307692307693,8,fast_pass;near_threshold;cycles,"{""betweenness"": 0.14, ""degree"": 0.092, ""n_seed_upstream"": 0.15, ""role"": 0.189, ""seed_flow_kzt"": 0.176, ""temporal"": 0.07}"
100000002335358100,terminal,0.5,2,0.6409818812754217,"Вероятный конечный получатель: 1 плательщиков, получено 140 тыс., исходящих нет",2,False,1,0,140000.0,0.0,2,0,0.0,139987.1203571381,0.9999080025509864,1,1.0,0.0,0.0,1,0.0,0,,"{""betweenness"": 0.055, ""degree"": 0.032, ""n_seed_upstream"": 0.15, ""role"": 0.121, ""seed_flow_kzt"": 0.236, ""temporal"": 0.032}"
100000007289427100,terminal,0.5,5,0.5808516084990186,"Вероятный конечный получатель: 1 плательщиков, получено 12 тыс., исходящих нет",2,False,1,0,12300.0,0.0,1,0,0.0,12300.0,1.0,1,1.0,0.0,0.0,1,0.0,0,,"{""betweenness"": 0.055, ""degree"": 0.032, ""n_seed_upstream"": 0.15, ""role"": 0.121, ""seed_flow_kzt"": 0.178, ""temporal"": 0.032}"
100000004592467100,terminal,0.5,5,0.47919333276445647,"Вероятный конечный получатель: 1 плательщиков, получено 7 тыс., исходящих нет",2,False,1,0,7000.0,0.0,1,0,0.0,151.5895129235189,0.02165564470335984,1,1.0,0.0,0.0,1,0.0,0,,"{""betweenness"": 0.055, ""degree"": 0.032, ""n_seed_upstream"": 0.15, ""role"": 0.121, ""seed_flow_kzt"": 0.078, ""temporal"": 0.032}"
100000004993576100,terminal,0.5,2,0.5583809767613847,"Вероятный конечный получатель: 1 плательщиков, получено 167 тыс., исходящих нет",2,False,1,0,167000.0,0.0,1,0,0.0,4629.292137404882,0.027720312200029233,1,1.0,0.0,0.0,1,0.0,0,,"{""betweenness"": 0.055, ""degree"": 0.032, ""n_seed_upstream"": 0.15, ""role"": 0.121, ""seed_flow_kzt"": 0.156, ""temporal"": 0.032}"
100000001648936100,terminal,0.5,17,0.5975196973575675,"Вероятный конечный получатель: 1 плательщиков, получено 93 тыс., исходящих нет",2,False,1,0,92740.0,0.0,1,0,0.0,22258.193551828048,0.2400064001706712,1,1.0,0.0,0.0,1,0.0,0,,"{""betweenness"": 0.055, ""degree"": 0.032, ""n_seed_upstream"": 0.15, ""role"": 0.121, ""seed_flow_kzt"": 0.194, ""temporal"": 0.032}"
100000008512552100,peripheral,0.5,18,0.6620246323633984,"Периферийный узел: 4 входящих, 6 исходящих, оборот 1.70 млн; есть источники вне выборки",2,False,4,6,394360.0,1302275.0,9,11,3.3022492139162187,9937.731195593167,0.007631054267027446,1,0.0,0.00048367646423588036,0.2244142407952125,2,0.0,2,cycles;external_funding,"{""betweenness"": 0.146, ""degree"": 0.096, ""n_seed_upstream"": 0.15, ""role"": 0.026, ""seed_flow_kzt"": 0.172, ""temporal"": 0.057}"
100000007629096100,peripheral,0.5,3,0.6528998492476604,"Периферийный узел: 4 входящих, 1 исходящих, оборот 1.84 млн",2,False,4,1,1075170.0,765205.0,5,5,0.7117060557865268,23851.443539139625,0.02218388119008122,1,0.0,1.6644335516515343e-05,0.6651692290521499,2,0.0,1,fast_pass;cycles,"{""betweenness"": 0.119, ""degree"": 0.09, ""n_seed_upstream"": 0.15, ""role"": 0.026, ""seed_flow_kzt"": 0.197, ""temporal"": 0.057}"
100000001601320100,transit,0.5019284196195696,25,0.7767727621810734,"Признаки транзита: получено 44 тыс., отдано 106%, 2→1 контрагента",2,False,2,1,43500.0,46200.0,2,1,1.0620689655172413,21081.081081081084,0.45630045630045635,1,0.0,9.90734256935437e-07,0.0,1,0.0,0,,"{""betweenness"": 0.114, ""degree"": 0.081, ""n_seed_upstream"": 0.15, ""role"": 0.189, ""seed_flow_kzt"": 0.193, ""temporal"": 0.032}"
100000005782781100,peripheral,0.5,3,0.6657450863270471,"Периферийный узел: 6 входящих, 10 исходящих, оборот 1.44 млн; есть источники вне выборки",2,False,6,10,171888.0,1263597.0,10,10,7.351281066741134,3293.8444519870973,0.0026067206965409836,1,0.0,0.0005104262891731372,0.09890161035092618,3,0.0,1,sync_in;cycles;external_funding,"{""betweenness"": 0.146, ""degree"": 0.098, ""n_seed_upstream"": 0.15, ""role"": 0.026, ""seed_flow_kzt"": 0.15, ""temporal"": 0.081}"
100000002723538100,coordinator,0.5,5,0.8286258782034873,Кандидат в координирующий узел: 3 плательщиков → 12 получателей; сигналы S3,2,False,3,12,105647.0,560499.0,3,14,5.305394379395534,6091.344401813376,0.010867716805584623,1,0.0,0.000303759123176405,0.8580177383172263,1,0.0,5,fast_pass;cycles;external_funding;peripheral;S3,"{""betweenness"": 0.145, ""degree"": 0.098, ""n_seed_upstream"": 0.15, ""role"": 0.198, ""seed_flow_kzt"": 0.161, ""temporal"": 0.059}"
100000002340562100,terminal,0.5,7,0.6128793696845578,"Вероятный конечный получатель: 1 плательщиков, получено 37 тыс., исходящих нет",2,False,1,0,36650.0,0.0,2,0,0.0,36650.0,1.0,1,1.0,0.0,0.0,1,0.0,0,,"{""betweenness"": 0.055, ""degree"": 0.032, ""n_seed_upstream"": 0.15, ""role"": 0.121, ""seed_flow_kzt"": 0.209, ""temporal"": 0.032}"
100000005939154100,terminal,0.5,2,0.5543988394914241,"Вероятный конечный получатель: 1 плательщиков, получено 22 тыс., исходящих нет",2,False,1,0,22000.0,0.0,2,0,0.0,3507.7269195255853,0.15944213270570842,1,1.0,0.0,0.0,1,0.0,0,,"{""betweenness"": 0.055, ""degree"": 0.032, ""n_seed_upstream"": 0.15, ""role"": 0.121, ""seed_flow_kzt"": 0.152, ""temporal"": 0.032}"
100000004386258100,peripheral,0.5,11,0.7419347498364478,"Периферийный узел: 3 входящих, 3 исходящих, оборот 102 тыс.",2,False,3,3,61700.0,40000.0,3,3,0.6482982171799028,34270.62207206978,0.5554395797742266,2,0.0,0.00012047328564334914,0.1620745542949757,2,0.16666666666666666,2,near_threshold;cycles,"{""betweenness"": 0.141, ""degree"": 0.092, ""n_seed_upstream"": 0.191, ""role"": 0.026, ""seed_flow_kzt"": 0.206, ""temporal"": 0.069}"
100000008406609100,terminal,0.5,12,0.6027533634838012,"Вероятный конечный получатель: 1 плательщиков, получено 34 тыс., исходящих нет",2,False,1,0,34000.0,0.0,1,0,0.0,25500.0,0.75,1,1.0,0.0,0.0,1,0.0,0,,"{""betweenness"": 0.055, ""degree"": 0.032, ""n_seed_upstream"": 0.15, ""role"": 0.121, ""seed_flow_kzt"": 0.199, ""temporal"": 0.032}"
100000007242833100,peripheral,0.5,11,0.6870608982563927,"Периферийный узел: 1 входящих, 1 исходящих, оборот 152 тыс.",2,False,1,1,107500.0,45000.0,3,2,0.4186046511627907,71582.29708229836,0.6658818333237057,2,0.0,1.981468513870874e-05,0.0,1,0.0,0,,"{""betweenness"": 0.127, ""degree"": 0.07, ""n_seed_upstream"": 0.191, ""role"": 0.026, ""seed_flow_kzt"": 0.226, ""temporal"": 0.032}"
100000004698193100,peripheral,0.5,17,0.6506015871661404,"Периферийный узел: 2 входящих, 3 исходящих, оборот 261 тыс.",2,False,2,3,222700.0,38000.0,15,5,0.17063313875168387,18277.771237228106,0.0820735125156179,1,0.0,1.5851748110966993e-06,0.0794791198922317,1,0.1,1,near_threshold;cycles,"{""betweenness"": 0.116, ""degree"": 0.09, ""n_seed_upstream"": 0.15, ""role"": 0.026, ""seed_flow_kzt"": 0.188, ""temporal"": 0.067}"
100000002733905100,peripheral,0.5,4,0.5678072645561338,"Периферийный узел: 3 входящих, 2 исходящих, оборот 818 тыс.; есть источники вне выборки",2,False,3,2,100000.0,717839.0,5,3,7.17839,979.0013151356281,0.0013638173951758376,1,0.0,1.7833216624837866e-06,0.0,2,0.0,2,cycles;external_funding,"{""betweenness"": 0.116, ""degree"": 0.09, ""n_seed_upstream"": 0.15, ""role"": 0.026, ""seed_flow_kzt"": 0.128, ""temporal"": 0.045}"
100000006912294100,peripheral,0.5,7,0.5920414142276075,"Периферийный узел: 1 входящих, 2 исходящих, оборот 36 тыс.; есть источники вне выборки",2,False,1,2,6335.09,30000.0,1,2,4.7355286191672095,3552.235911797096,0.11840786372434677,1,0.0,5.944405541612623e-07,0.0,1,0.3333333333333333,1,near_threshold;cycles;external_funding,"{""betweenness"": 0.113, ""degree"": 0.081, ""n_seed_upstream"": 0.15, ""role"": 0.026, ""seed_flow_kzt"": 0.152, ""temporal"": 0.057}"
100000003036198100,terminal,0.5,3,0.4895468896663537,"Вероятный конечный получатель: 1 плательщиков, получено 15 тыс., исходящих нет",2,False,1,0,15000.0,0.0,1,0,0.0,212.05762446908156,0.014137174964605438,1,1.0,0.0,0.0,1,0.0,0,,"{""betweenness"": 0.055, ""degree"": 0.032, ""n_seed_upstream"": 0.15, ""role"": 0.121, ""seed_flow_kzt"": 0.088, ""temporal"": 0.032}"
100000004687099100,terminal,0.5,25,0.5879056802343772,"Вероятный конечный получатель: 1 плательщиков, получено 30 тыс., исходящих нет",2,False,1,0,30000.0,0.0,1,0,0.0,16216.216216216217,0.5405405405405406,1,1.0,0.0,0.0,1,0.0,0,,"{""betweenness"": 0.055, ""degree"": 0.032, ""n_seed_upstream"": 0.15, ""role"": 0.121, ""seed_flow_kzt"": 0.185, ""temporal"": 0.032}"
100000005242320100,distributor,0.5321957501609793,15,0.7839178541968882,"Веерная рассылка: 21 получателей, отдано 8.94 млн",2,False,2,21,365700.0,8936295.0,2,29,24.43613617719442,2866.2659701172133,0.0003207443319761952,1,0.0,2.9722027708063113e-05,1.0,1,0.0,0,fast_pass;external_funding,"{""betweenness"": 0.131, ""degree"": 0.099, ""n_seed_upstream"": 0.15, ""role"": 0.192, ""seed_flow_kzt"": 0.148, ""temporal"": 0.046}"
100000008762832100,peripheral,0.5,5,0.5185084051540234,"Периферийный узел: 1 входящих, 1 исходящих, оборот 235 тыс.",2,False,1,1,150000.0,85000.0,1,4,0.5666666666666667,3248.346705503976,0.02165564470335984,1,0.0,0.0,0.0,1,0.2,1,near_threshold;cycles,"{""betweenness"": 0.055, ""degree"": 0.07, ""n_seed_upstream"": 0.15, ""role"": 0.026, ""seed_flow_kzt"": 0.15, ""temporal"": 0.056}"
100000002489253100,terminal,0.5,2,0.5379014136587308,"Вероятный конечный получатель: 1 плательщиков, получено 51 тыс., исходящих нет",2,False,1,0,51000.0,0.0,1,0,0.0,1441.552541480116,0.028265736107453254,1,1.0,0.0,0.0,1,0.0,0,,"{""betweenness"": 0.055, ""degree"": 0.032, ""n_seed_upstream"": 0.15, ""role"": 0.121, ""seed_flow_kzt"": 0.136, ""temporal"": 0.032}"
100000004756901100,terminal,0.5,16,0.6511306425462924,"Вероятный конечный получатель: 1 плательщиков, получено 153 тыс., исходящих нет",2,False,1,0,153248.0,0.0,1,0,0.0,32956.04990555296,0.21505044049875338,2,1.0,0.0,0.0,1,0.0,0,,"{""betweenness"": 0.055, ""degree"": 0.032, ""n_seed_upstream"": 0.191, ""role"": 0.121, ""seed_flow_kzt"": 0.205, ""temporal"": 0.032}"
100000008749989100,terminal,0.5,4,0.4975680518815598,"Вероятный конечный получатель: 1 плательщиков, получено 16 тыс., исходящих нет",2,False,1,0,16000.0,0.0,1,0,0.0,274.96016581881315,0.017185010363675823,1,1.0,0.0,0.0,1,0.0,0,,"{""betweenness"": 0.055, ""degree"": 0.032, ""n_seed_upstream"": 0.15, ""role"": 0.121, ""seed_flow_kzt"": 0.096, ""temporal"": 0.032}"
100000001380986100,terminal,0.5,6,0.5704411639218363,"Вероятный конечный получатель: 1 плательщиков, получено 70 тыс., исходящих нет",2,False,1,0,70170.0,0.0,1,0,0.0,8004.178834994377,0.11406838869879403,1,1.0,0.0,0.0,1,0.0,0,,"{""betweenness"": 0.055, ""degree"": 0.032, ""n_seed_upstream"": 0.15, ""role"": 0.121, ""seed_flow_kzt"": 0.167, ""temporal"": 0.032}"
100000003089018100,terminal,0.5,6,0.6043462183917854,"Вероятный конечный получатель: 1 плательщиков, получено 230 тыс., исходящих нет",2,False,1,0,230000.0,0.0,1,0,0.0,26235.729400722626,0.11406838869879403,1,1.0,0.0,0.0,1,0.0,0,,"{""betweenness"": 0.055, ""degree"": 0.032, ""n_seed_upstream"": 0.15, ""role"": 0.121, ""seed_flow_kzt"": 0.201, ""temporal"": 0.032}"
100000008742266100,terminal,0.5,4,0.5066131922518985,"Вероятный конечный получатель: 1 плательщиков, получено 21 тыс., исходящих нет",2,False,1,0,21000.0,0.0,1,0,0.0,360.8852176371923,0.017185010363675823,1,1.0,0.0,0.0,1,0.0,0,,"{""betweenness"": 0.055, ""degree"": 0.032, ""n_seed_upstream"": 0.15, ""role"": 0.121, ""seed_flow_kzt"": 0.105, ""temporal"": 0.032}"
100000003044431100,terminal,0.5,3,0.5735813635975766,"Вероятный конечный получатель: 2 плательщиков, получено 60 тыс., исходящих нет",2,False,2,0,60000.0,0.0,2,0,0.0,1204.8679042540082,0.0200811317375668,1,1.0,0.0,0.0,1,0.0,0,,"{""betweenness"": 0.055, ""degree"": 0.07, ""n_seed_upstream"": 0.15, ""role"": 0.121, ""seed_flow_kzt"": 0.132, ""temporal"": 0.032}"
100000003321423100,terminal,0.5,10,0.592399806581904,"Вероятный конечный получатель: 1 плательщиков, получено 100 тыс., исходящих нет",2,False,1,0,100000.0,0.0,2,0,0.0,19223.852081961377,0.19223852078963347,1,1.0,0.0,0.0,1,0.0,0,,"{""betweenness"": 0.055, ""degree"": 0.032, ""n_seed_upstream"": 0.15, ""role"": 0.121, ""seed_flow_kzt"": 0.189, ""temporal"": 0.032}"
100000002540623100,terminal,0.5,7,0.5463207896009329,"Вероятный конечный получатель: 1 плательщиков, получено 100 тыс., исходящих нет",2,False,1,0,100000.0,0.0,1,0,0.0,2331.45192228211,0.0233145192228211,1,1.0,0.0,0.0,1,0.0,0,,"{""betweenness"": 0.055, ""degree"": 0.032, ""n_seed_upstream"": 0.15, ""role"": 0.121, ""seed_flow_kzt"": 0.144, ""temporal"": 0.032}"
100000004225615100,terminal,0.5,6,0.5765281451773473,"Вероятный конечный получатель: 1 плательщиков, получено 90 тыс., исходящих нет",2,False,1,0,90000.0,0.0,2,0,0.0,10266.154982891463,0.11406838869879403,1,1.0,0.0,0.0,1,0.0,0,,"{""betweenness"": 0.055, ""degree"": 0.032, ""n_seed_upstream"": 0.15, ""role"": 0.121, ""seed_flow_kzt"": 0.173, ""temporal"": 0.032}"
100000004820260100,transit,0.5008794313729835,2,0.8540489802884204,"Признаки транзита: получено 234 тыс., отдано 92%, медиана задержки 2 дн., 1→3 контрагента",2,False,1,3,234200.0,215350.0,12,10,0.9195132365499573,44828.50896563167,0.19141122526798776,1,0.0,1.9616538287321655e-05,0.08795900939368062,1,0.18181818181818182,2,near_threshold;cycles,"{""betweenness"": 0.126, ""degree"": 0.087, ""n_seed_upstream"": 0.15, ""role"": 0.189, ""seed_flow_kzt"": 0.215, ""temporal"": 0.069}"
100000000795129100,terminal,0.5,2,0.573740649088375,"Вероятный конечный получатель: 1 плательщиков, получено 332 тыс., исходящих нет",2,False,1,0,332000.0,0.0,1,0,0.0,9203.143650409706,0.027720312200029233,1,1.0,0.0,0.0,1,0.0,0,,"{""betweenness"": 0.055, ""degree"": 0.032, ""n_seed_upstream"": 0.15, ""role"": 0.121, ""seed_flow_kzt"": 0.171, ""temporal"": 0.032}"
100000008213966100,peripheral,0.5,2,0.675211195494496,"Периферийный узел: 3 входящих, 1 исходящих, оборот 624 тыс.; есть источники вне выборки",2,False,3,1,187004.0,436900.0,7,8,2.336313661739856,34736.02482805595,0.07950566451832444,1,0.0,4.319601360238506e-05,0.12299202156103613,1,0.0,1,cycles;external_funding,"{""betweenness"": 0.135, ""degree"": 0.087, ""n_seed_upstream"": 0.15, ""role"": 0.026, ""seed_flow_kzt"": 0.207, ""temporal"": 0.056}"
100000008478414100,terminal,0.5,4,0.4833461330602724,"Вероятный конечный получатель: 1 плательщиков, получено 10 тыс., исходящих нет",2,False,1,0,10000.0,0.0,1,0,0.0,171.85010363675823,0.017185010363675823,1,1.0,0.0,0.0,1,0.0,0,,"{""betweenness"": 0.055, ""degree"": 0.032, ""n_seed_upstream"": 0.15, ""role"": 0.121, ""seed_flow_kzt"": 0.082, ""temporal"": 0.032}"
100000001330595100,peripheral,0.5,23,0.556264755240777,"Периферийный узел: 3 входящих, 1 исходящих, оборот 241 тыс.; есть источники вне выборки",2,False,3,1,87000.0,154000.0,6,1,1.7701149425287357,744.068569207089,0.004831614085760319,1,0.0,1.1888811083225246e-06,0.0,2,0.14285714285714285,0,near_threshold;external_funding,"{""betweenness"": 0.115, ""degree"": 0.087, ""n_seed_upstream"": 0.15, ""role"": 0.026, ""seed_flow_kzt"": 0.123, ""temporal"": 0.044}"
100000000076451100,peripheral,0.5,2,0.6342293142190742,"Периферийный узел: 3 входящих, 4 исходящих, оборот 146 тыс.",2,False,3,4,87707.0,58000.0,4,4,0.661292713238396,1969.9860053278242,0.022460989491462698,1,0.0,9.76863977338341e-05,0.05700799252055138,2,0.25,2,near_threshold;cycles,"{""betweenness"": 0.14, ""degree"": 0.094, ""n_seed_upstream"": 0.15, ""role"": 0.026, ""seed_flow_kzt"": 0.141, ""temporal"": 0.069}"
100000005664632100,terminal,0.5,5,0.5875074665073811,"Вероятный конечный получатель: 1 плательщиков, получено 199 тыс., исходящих нет",2,False,1,0,198620.0,0.0,18,0,0.0,15816.968480736457,0.0796343192062051,1,1.0,0.0,0.0,1,0.0,0,,"{""betweenness"": 0.055, ""degree"": 0.032, ""n_seed_upstream"": 0.15, ""role"": 0.121, ""seed_flow_kzt"": 0.184, ""temporal"": 0.032}"
100000002457464100,terminal,0.5,5,0.5731717723355235,"Вероятный конечный получатель: 1 плательщиков, получено 67 тыс., исходящих нет",2,False,1,0,66647.0,0.0,1,0,0.0,9049.802057882831,0.13578708805921993,1,1.0,0.0,0.0,1,0.0,0,,"{""betweenness"": 0.055, ""degree"": 0.032, ""n_seed_upstream"": 0.15, ""role"": 0.121, ""seed_flow_kzt"": 0.17, ""temporal"": 0.032}"
100000002757240100,terminal,0.5,5,0.5693034104161333,"Вероятный конечный получатель: 1 плательщиков, получено 51 тыс., исходящих нет",2,False,1,0,51183.0,0.0,1,0,0.0,7625.11213877619,0.14897743662497684,1,1.0,0.0,0.0,1,0.0,0,,"{""betweenness"": 0.055, ""degree"": 0.032, ""n_seed_upstream"": 0.15, ""role"": 0.121, ""seed_flow_kzt"": 0.166, ""temporal"": 0.032}"
100000003718221100,peripheral,0.5,27,0.679949938845749,"Периферийный узел: 2 входящих, 4 исходящих, оборот 774 тыс.; есть источники вне выборки",2,False,2,4,350000.0,423500.0,6,8,1.21,32307.788716468895,0.07628757666226421,1,0.0,3.923307657464331e-05,0.34285714285714286,1,0.0,4,cycles;external_funding,"{""betweenness"": 0.134, ""degree"": 0.092, ""n_seed_upstream"": 0.15, ""role"": 0.026, ""seed_flow_kzt"": 0.205, ""temporal"": 0.058}"
100000008629581100,terminal,0.5,5,0.5685069829621412,"Вероятный конечный получатель: 1 плательщиков, получено 54 тыс., исходящих нет",2,False,1,0,54184.0,0.0,1,0,0.0,7357.487579400773,0.13578708805921993,1,1.0,0.0,0.0,1,0.0,0,,"{""betweenness"": 0.055, ""degree"": 0.032, ""n_seed_upstream"": 0.15, ""role"": 0.121, ""seed_flow_kzt"": 0.166, ""temporal"": 0.032}"
100000004806903100,terminal,0.5,8,0.5730579969849532,"Вероятный конечный получатель: 1 плательщиков, получено 18 тыс., исходящих нет",2,False,1,0,18000.0,0.0,1,0,0.0,9010.758258373504,0.5005976810207502,1,1.0,0.0,0.0,1,0.0,0,,"{""betweenness"": 0.055, ""degree"": 0.032, ""n_seed_upstream"": 0.15, ""role"": 0.121, ""seed_flow_kzt"": 0.17, ""temporal"": 0.032}"
100000000913911100,peripheral,0.5,5,0.5987939812839548,"Периферийный узел: 2 входящих, 1 исходящих, оборот 1.07 млн; есть источники вне выборки",2,False,2,1,467000.0,600000.0,2,1,1.284796573875803,9722.651790803817,0.016204419651339695,1,0.0,1.9418391435934565e-05,0.0,2,0.0,0,external_funding,"{""betweenness"": 0.125, ""degree"": 0.081, ""n_seed_upstream"": 0.15, ""role"": 0.026, ""seed_flow_kzt"": 0.171, ""temporal"": 0.032}"
100000004905207100,terminal,0.5,12,0.5771539096054839,"Вероятный конечный получатель: 1 плательщиков, получено 380 тыс., исходящих нет",2,False,1,0,380000.0,0.0,1,0,0.0,10419.03776513192,0.027418520434557683,1,1.0,0.0,0.0,1,0.0,0,,"{""betweenness"": 0.055, ""degree"": 0.032, ""n_seed_upstream"": 0.15, ""role"": 0.121, ""seed_flow_kzt"": 0.174, ""temporal"": 0.032}"
100000003831201100,terminal,0.5,1,0.6140285007253178,"Вероятный конечный получатель: 1 плательщиков, получено 40 тыс., исходящих нет",2,False,1,0,40500.0,0.0,3,0,0.0,24614.11717975707,0.6077559797470882,1,1.0,0.0,0.0,1,0.3333333333333333,0,near_threshold,"{""betweenness"": 0.055, ""degree"": 0.032, ""n_seed_upstream"": 0.15, ""role"": 0.121, ""seed_flow_kzt"": 0.197, ""temporal"": 0.045}"
100000003073398100,terminal,0.5,17,0.5976334727081377,"Вероятный конечный получатель: 1 плательщиков, получено 93 тыс., исходящих нет",2,False,1,0,92960.0,0.0,1,0,0.0,22310.994959865595,0.2400064001706712,1,1.0,0.0,0.0,1,0.0,0,,"{""betweenness"": 0.055, ""degree"": 0.032, ""n_seed_upstream"": 0.15, ""role"": 0.121, ""seed_flow_kzt"": 0.194, ""temporal"": 0.032}"
100000008418934100,terminal,0.5,6,0.6162926302016668,"Вероятный конечный получатель: 1 плательщиков, получено 360 тыс., исходящих нет",2,False,1,0,360000.0,0.0,1,0,0.0,41064.61993156585,0.11406838869879403,1,1.0,0.0,0.0,1,0.0,0,,"{""betweenness"": 0.055, ""degree"": 0.032, ""n_seed_upstream"": 0.15, ""role"": 0.121, ""seed_flow_kzt"": 0.212, ""temporal"": 0.032}"
100000002741024100,peripheral,0.5,3,0.6830275620786755,"Периферийный узел: 5 входящих, 6 исходящих, оборот 1.25 млн",2,False,5,6,817980.85,434989.0,9,7,0.5317838431058625,17504.37274557289,0.021399489664792142,1,0.0,0.00011868996398086536,0.025410130322733107,1,0.0625,3,near_threshold;cycles,"{""betweenness"": 0.141, ""degree"": 0.097, ""n_seed_upstream"": 0.15, ""role"": 0.026, ""seed_flow_kzt"": 0.186, ""temporal"": 0.068}"
100000008106997100,peripheral,0.5,3,0.5666296896777313,"Периферийный узел: 2 входящих, 1 исходящих, оборот 56 тыс.",2,False,2,1,35600.0,20600.0,2,1,0.5786516853932584,1068.6398317277656,0.03001797280134173,1,0.0,1.922024458454748e-05,0.5786516853932584,1,0.0,0,fast_pass,"{""betweenness"": 0.122, ""degree"": 0.081, ""n_seed_upstream"": 0.15, ""role"": 0.026, ""seed_flow_kzt"": 0.13, ""temporal"": 0.045}"
100000007998965100,coordinator,0.75,7,0.7791961771482206,Кандидат в координирующий узел: 5 плательщиков → 1 получателей; сигналы S3,2,False,5,1,278000.0,26000.0,7,3,0.09352517985611511,3461.3508105792034,0.01245090219632807,1,0.0,1.981468513870874e-05,0.0539568345323741,2,0.0,0,consolidator;S3,"{""betweenness"": 0.127, ""degree"": 0.092, ""n_seed_upstream"": 0.15, ""role"": 0.198, ""seed_flow_kzt"": 0.152, ""temporal"": 0.044}"
100000001822623100,terminal,0.5,1,0.5641835196404699,"Вероятный конечный получатель: 1 плательщиков, получено 201 тыс., исходящих нет",2,False,1,0,201300.0,0.0,1,0,0.0,6231.004518033964,0.03095382274234458,1,1.0,0.0,0.0,1,0.0,0,,"{""betweenness"": 0.055, ""degree"": 0.032, ""n_seed_upstream"": 0.15, ""role"": 0.121, ""seed_flow_kzt"": 0.161, ""temporal"": 0.032}"
100000006424479100,peripheral,0.5,20,0.6793696845578405,"Периферийный узел: 1 входящих, 2 исходящих, оборот 720 тыс.",2,False,1,2,500000.0,220000.0,2,3,0.44,146659.95748915127,0.29331991497830256,1,0.0,7.311618816183526e-05,0.0,1,0.0,0,,"{""betweenness"": 0.138, ""degree"": 0.081, ""n_seed_upstream"": 0.15, ""role"": 0.026, ""seed_flow_kzt"": 0.237, ""temporal"": 0.032}"
100000008696692100,terminal,0.5,4,0.5035412577865004,"Вероятный конечный получатель: 1 плательщиков, получено 19 тыс., исходящих нет",2,False,1,0,19000.0,0.0,1,0,0.0,326.51519690984065,0.017185010363675823,1,1.0,0.0,0.0,1,0.0,0,,"{""betweenness"": 0.055, ""degree"": 0.032, ""n_seed_upstream"": 0.15, ""role"": 0.121, ""seed_flow_kzt"": 0.102, ""temporal"": 0.032}"
100000002748532100,peripheral,0.5,6,0.6269875131552748,"Периферийный узел: 3 входящих, 2 исходящих, оборот 1.00 млн; есть источники вне выборки",2,False,3,2,355575.0,646685.0,3,7,1.8187021022287844,15667.91318521812,0.0242280448521585,1,0.0,2.9127587153901848e-05,0.0,1,0.0,0,external_funding,"{""betweenness"": 0.131, ""degree"": 0.09, ""n_seed_upstream"": 0.15, ""role"": 0.026, ""seed_flow_kzt"": 0.184, ""temporal"": 0.032}"
100000004456564100,terminal,0.5,12,0.5701851693830531,"Вероятный конечный получатель: 1 плательщиков, получено 10 тыс., исходящих нет",2,False,1,0,10000.0,0.0,2,0,0.0,3937.260793678754,0.3937260793678754,1,1.0,0.0,0.0,1,1.0,0,near_threshold,"{""betweenness"": 0.055, ""degree"": 0.032, ""n_seed_upstream"": 0.15, ""role"": 0.121, ""seed_flow_kzt"": 0.153, ""temporal"": 0.047}"
100000001530740100,terminal,0.5,2,0.5828995648092841,"Вероятный конечный получатель: 1 плательщиков, получено 15 тыс., исходящих нет",2,False,1,0,15000.0,0.0,1,0,0.0,13485.0,0.899,1,1.0,0.0,0.0,1,0.0,0,,"{""betweenness"": 0.055, ""degree"": 0.032, ""n_seed_upstream"": 0.15, ""role"": 0.121, ""seed_flow_kzt"": 0.18, ""temporal"": 0.032}"
100000001386612100,terminal,0.5,12,0.6394117814375515,"Вероятный конечный получатель: 1 плательщиков, получено 62 тыс., исходящих нет",2,False,1,0,62264.0,0.0,1,0,0.0,22006.007492031837,0.3534306740979031,2,1.0,0.0,0.0,1,0.0,0,,"{""betweenness"": 0.055, ""degree"": 0.032, ""n_seed_upstream"": 0.191, ""role"": 0.121, ""seed_flow_kzt"": 0.194, ""temporal"": 0.032}"
100000003360542100,peripheral,0.5,3,0.7375999089797194,"Периферийный узел: 2 входящих, 2 исходящих, оборот 369 тыс.",2,False,2,2,317000.0,51800.0,3,5,0.16340694006309148,124662.73364297765,0.3932578348358916,2,0.0,9.90734256935437e-07,0.05362776025236593,1,0.125,3,near_threshold;cycles,"{""betweenness"": 0.114, ""degree"": 0.087, ""n_seed_upstream"": 0.191, ""role"": 0.026, ""seed_flow_kzt"": 0.235, ""temporal"": 0.068}"
100000008352542100,terminal,0.5,10,0.5971783713058565,"Вероятный конечный получатель: 1 плательщиков, получено 50 тыс., исходящих нет",2,False,1,0,50220.0,0.0,1,0,0.0,21708.683473389356,0.43227167410173944,1,1.0,0.0,0.0,1,0.0,0,,"{""betweenness"": 0.055, ""degree"": 0.032, ""n_seed_upstream"": 0.15, ""role"": 0.121, ""seed_flow_kzt"": 0.194, ""temporal"": 0.032}"
100000001138376100,terminal,0.5,2,0.5112779816252808,"Вероятный конечный получатель: 1 плательщиков, получено 15 тыс., исходящих нет",2,False,1,0,15300.0,0.0,1,0,0.0,424.1207766604473,0.027720312200029233,1,1.0,0.0,0.0,1,0.0,0,,"{""betweenness"": 0.055, ""degree"": 0.032, ""n_seed_upstream"": 0.15, ""role"": 0.121, ""seed_flow_kzt"": 0.11, ""temporal"": 0.032}"
100000003246024100,peripheral,0.5,1,0.5960406178001536,"Периферийный узел: 1 входящих, 1 исходящих, оборот 30 тыс.",2,False,1,1,25000.0,5000.0,1,1,0.2,2207.108540552628,0.0882843416221051,1,0.0,0.001629559705807407,0.0,1,0.5,0,near_threshold;bridge,"{""betweenness"": 0.148, ""degree"": 0.07, ""n_seed_upstream"": 0.15, ""role"": 0.026, ""seed_flow_kzt"": 0.143, ""temporal"": 0.046}"
100000002680477100,terminal,0.5,15,0.5070682936541798,"Вероятный конечный получатель: 1 плательщиков, получено 25 тыс., исходящих нет",2,False,1,0,25000.0,0.0,1,0,0.0,364.1081997166576,0.014564327988666305,1,1.0,0.0,0.0,1,0.0,0,,"{""betweenness"": 0.055, ""degree"": 0.032, ""n_seed_upstream"": 0.15, ""role"": 0.121, ""seed_flow_kzt"": 0.106, ""temporal"": 0.032}"
100000005882013100,peripheral,0.5,20,0.5901413658730836,"Периферийный узел: 2 входящих, 1 исходящих, оборот 145 тыс.",2,False,2,1,135000.0,10000.0,3,1,0.07407407407407407,35687.25632236015,0.2643500468322974,1,0.0,0.0,0.1111111111111111,1,0.0,2,cycles,"{""betweenness"": 0.055, ""degree"": 0.081, ""n_seed_upstream"": 0.15, ""role"": 0.026, ""seed_flow_kzt"": 0.208, ""temporal"": 0.057}"
100000005665181100,peripheral,0.5,3,0.6177375771539095,"Периферийный узел: 4 входящих, 11 исходящих, оборот 227 тыс.; есть источники вне выборки",2,False,4,11,45498.0,181915.0,5,11,3.998307617917271,1100.5861433551272,0.006050002162301774,1,0.0,0.0001872487745607976,0.0,2,0.1875,1,near_threshold;cycles;external_funding,"{""betweenness"": 0.143, ""degree"": 0.098, ""n_seed_upstream"": 0.15, ""role"": 0.026, ""seed_flow_kzt"": 0.131, ""temporal"": 0.056}"
100000008141170100,terminal,0.5,2,0.5563330204511192,"Вероятный конечный получатель: 1 плательщиков, получено 11 тыс., исходящих нет",2,False,1,0,11000.0,0.0,1,0,0.0,4054.065869755684,0.3685514427050622,1,1.0,0.0,0.0,1,0.0,0,,"{""betweenness"": 0.055, ""degree"": 0.032, ""n_seed_upstream"": 0.15, ""role"": 0.121, ""seed_flow_kzt"": 0.154, ""temporal"": 0.032}"
100000001382002100,transit,0.501672373473909,1,0.7462525243905908,"Признаки транзита: получено 55 тыс., отдано 103%, 1→1 контрагента",2,False,1,1,55000.0,56500.0,2,3,1.0272727272727273,54400.945417050905,0.9628485914522285,1,0.0,0.0,0.0,1,0.0,1,cycles,"{""betweenness"": 0.055, ""degree"": 0.07, ""n_seed_upstream"": 0.15, ""role"": 0.189, ""seed_flow_kzt"": 0.221, ""temporal"": 0.044}"
100000002481735100,terminal,0.5,2,0.5947890889438803,"Вероятный конечный получатель: 1 плательщиков, получено 22 тыс., исходящих нет",2,False,1,0,22436.0,0.0,2,0,0.0,20214.920700812254,0.9010037752189451,1,1.0,0.0,0.0,1,0.0,0,,"{""betweenness"": 0.055, ""degree"": 0.032, ""n_seed_upstream"": 0.15, ""role"": 0.121, ""seed_flow_kzt"": 0.191, ""temporal"": 0.032}"
100000000806727100,peripheral,0.5,14,0.6006598970333077,"Периферийный узел: 1 входящих, 1 исходящих, оборот 50 тыс.",2,False,1,1,45000.0,5000.0,1,1,0.1111111111111111,25898.73508261516,0.5755274462803369,2,0.0,0.0,0.0,1,0.5,0,near_threshold,"{""betweenness"": 0.055, ""degree"": 0.07, ""n_seed_upstream"": 0.191, ""role"": 0.026, ""seed_flow_kzt"": 0.2, ""temporal"": 0.046}"
100000003039473100,terminal,0.5,2,0.5956992917484426,"Вероятный конечный получатель: 1 плательщиков, получено 23 тыс., исходящих нет",2,False,1,0,23000.0,0.0,1,0,0.0,20980.100085756887,0.9121782645981256,1,1.0,0.0,0.0,1,0.0,0,,"{""betweenness"": 0.055, ""degree"": 0.032, ""n_seed_upstream"": 0.15, ""role"": 0.121, ""seed_flow_kzt"": 0.192, ""temporal"": 0.032}"
100000005205745100,terminal,0.5,7,0.5446141593423784,"Вероятный конечный получатель: 1 плательщиков, получено 6 тыс., исходящих нет",2,False,1,0,6000.0,0.0,1,0,0.0,2087.178543943468,0.34786309065724463,1,1.0,0.0,0.0,1,0.0,0,,"{""betweenness"": 0.055, ""degree"": 0.032, ""n_seed_upstream"": 0.15, ""role"": 0.121, ""seed_flow_kzt"": 0.142, ""temporal"": 0.032}"
100000004356593100,peripheral,0.5,3,0.5334186648462611,"Периферийный узел: 1 входящих, 1 исходящих, оборот 60 тыс.",2,False,1,1,50000.0,10000.0,1,1,0.2,706.8587482302719,0.014137174964605438,1,0.0,1.922024458454748e-05,0.0,1,0.0,0,,"{""betweenness"": 0.122, ""degree"": 0.07, ""n_seed_upstream"": 0.15, ""role"": 0.026, ""seed_flow_kzt"": 0.122, ""temporal"": 0.032}"
100000008688881100,terminal,0.5,4,0.5250447990442871,"Вероятный конечный получатель: 1 плательщиков, получено 44 тыс., исходящих нет",2,False,1,0,44211.0,0.0,1,0,0.0,759.7664931884718,0.017185010363675823,1,1.0,0.0,0.0,1,0.0,0,,"{""betweenness"": 0.055, ""degree"": 0.032, ""n_seed_upstream"": 0.15, ""role"": 0.121, ""seed_flow_kzt"": 0.123, ""temporal"": 0.032}"
100000008111003100,consolidator,0.6328021248340019,5,0.8455101402281197,"Признаки консолидации: 6 плательщиков, деньги от 1 seed за ≤2 колена, seed-поток 16 тыс., дальше ушло 16%",2,False,6,1,222716.0,35000.0,9,1,0.15715081089818422,15807.059813243124,0.07097406478763593,1,0.0,0.0006713215324994521,0.15715081089818422,2,0.0,9,cycles,"{""betweenness"": 0.147, ""degree"": 0.094, ""n_seed_upstream"": 0.15, ""role"": 0.194, ""seed_flow_kzt"": 0.184, ""temporal"": 0.058}"
100000003016773100,terminal,0.5,11,0.5508718036237449,"Вероятный конечный получатель: 1 плательщиков, получено 47 тыс., исходящих нет",2,False,1,0,46555.0,0.0,1,0,0.0,2908.927369020992,0.062483672409429536,1,1.0,0.0,0.0,1,0.0,0,,"{""betweenness"": 0.055, ""degree"": 0.032, ""n_seed_upstream"": 0.15, ""role"": 0.121, ""seed_flow_kzt"": 0.148, ""temporal"": 0.032}"
100000004674799100,terminal,0.5,1,0.6094661091674488,"Вероятный конечный получатель: 1 плательщиков, получено 140 тыс., исходящих нет",2,False,1,0,140000.0,0.0,5,0,0.0,33363.07186114714,0.23830765615105098,1,1.0,0.0,0.0,1,0.0,0,,"{""betweenness"": 0.055, ""degree"": 0.032, ""n_seed_upstream"": 0.15, ""role"": 0.121, ""seed_flow_kzt"": 0.206, ""temporal"": 0.032}"
100000005834479100,peripheral,0.5,3,0.4345365076656142,"Периферийный узел: 1 входящих, 2 исходящих, оборот 22 тыс.; есть источники вне выборки",2,False,1,2,7500.0,14470.0,1,2,1.9293333333333333,106.02881223454078,0.007327492206948222,1,0.0,0.0,0.0,1,0.3333333333333333,0,near_threshold;external_funding,"{""betweenness"": 0.055, ""degree"": 0.081, ""n_seed_upstream"": 0.15, ""role"": 0.026, ""seed_flow_kzt"": 0.068, ""temporal"": 0.045}"
100000003278020100,terminal,0.5,3,0.5565605711522599,"Вероятный конечный получатель: 1 плательщиков, получено 190 тыс., исходящих нет",2,False,1,0,190000.0,0.0,1,0,0.0,4106.605351170569,0.02161371237458194,1,1.0,0.0,0.0,1,0.0,0,,"{""betweenness"": 0.055, ""degree"": 0.032, ""n_seed_upstream"": 0.15, ""role"": 0.121, ""seed_flow_kzt"": 0.154, ""temporal"": 0.032}"
100000000831684100,peripheral,0.5,11,0.5623915578689875,"Периферийный узел: 1 входящих, 1 исходящих, оборот 65 тыс.; есть источники вне выборки",2,False,1,1,15000.0,50000.0,2,3,3.3333333333333335,12669.825347861788,0.25339650695723576,1,0.0,0.0,0.6666666666666666,1,0.6,1,fast_pass;near_threshold;cycles;external_funding,"{""betweenness"": 0.055, ""degree"": 0.07, ""n_seed_upstream"": 0.15, ""role"": 0.026, ""seed_flow_kzt"": 0.178, ""temporal"": 0.071}"
100000000307908100,terminal,0.5,32,0.5525499900446567,"Вероятный конечный получатель: 1 плательщиков, получено 5 тыс., исходящих нет",2,False,1,0,5000.0,0.0,1,0,0.0,1449.2638561395063,0.28985277122790126,1,1.0,0.0,0.0,1,1.0,0,near_threshold,"{""betweenness"": 0.055, ""degree"": 0.032, ""n_seed_upstream"": 0.15, ""role"": 0.121, ""seed_flow_kzt"": 0.136, ""temporal"": 0.047}"
100000001782980100,peripheral,0.5,24,0.5894188923969621,"Периферийный узел: 1 входящих, 1 исходящих, оборот 646 тыс.; есть источники вне выборки",2,False,1,1,50000.0,596200.0,1,3,11.924,16999.575010624736,0.028513208672634578,1,0.0,5.944405541612623e-07,0.0,1,0.0,0,external_funding,"{""betweenness"": 0.113, ""degree"": 0.07, ""n_seed_upstream"": 0.15, ""role"": 0.026, ""seed_flow_kzt"": 0.185, ""temporal"": 0.032}"
100000002454724100,terminal,0.5,15,0.4890917882640725,"Вероятный конечный получатель: 1 плательщиков, получено 125 тыс., исходящих нет",2,False,1,0,125000.0,0.0,3,0,0.0,206.2523236736486,0.0016500185893891888,1,1.0,0.0,0.0,1,0.0,0,,"{""betweenness"": 0.055, ""degree"": 0.032, ""n_seed_upstream"": 0.15, ""role"": 0.121, ""seed_flow_kzt"": 0.088, ""temporal"": 0.032}"
100000005904580100,terminal,0.5,10,0.6180675256705634,"Вероятный конечный получатель: 2 плательщиков, получено 72 тыс., исходящих нет",2,False,2,0,72000.0,0.0,2,0,0.0,11675.162370581673,0.16215503292474545,1,1.0,0.0,0.0,2,0.0,0,,"{""betweenness"": 0.055, ""degree"": 0.07, ""n_seed_upstream"": 0.15, ""role"": 0.121, ""seed_flow_kzt"": 0.176, ""temporal"": 0.032}"
100000008474308100,peripheral,0.5,10,0.5258469152658076,"Периферийный узел: 1 входящих, 1 исходящих, оборот 24 тыс.",2,False,1,1,14000.0,10000.0,2,1,0.7142857142857143,8575.0,0.6125,1,0.0,0.0,0.0,1,0.0,1,cycles,"{""betweenness"": 0.055, ""degree"": 0.07, ""n_seed_upstream"": 0.15, ""role"": 0.026, ""seed_flow_kzt"": 0.169, ""temporal"": 0.044}"
100000000795033100,terminal,0.5,13,0.5490513980146201,"Вероятный конечный получатель: 1 плательщиков, получено 18 тыс., исходящих нет",2,False,1,0,18200.0,0.0,1,0,0.0,2647.0398056303056,0.1454417475621047,1,1.0,0.0,0.0,1,0.0,0,,"{""betweenness"": 0.055, ""degree"": 0.032, ""n_seed_upstream"": 0.15, ""role"": 0.121, ""seed_flow_kzt"": 0.147, ""temporal"": 0.032}"
100000000861294100,terminal,0.5,17,0.6123104929317063,"Вероятный конечный получатель: 1 плательщиков, получено 150 тыс., исходящих нет",2,False,1,0,150000.0,0.0,1,0,0.0,36000.96002560068,0.2400064001706712,1,1.0,0.0,0.0,1,0.0,0,,"{""betweenness"": 0.055, ""degree"": 0.032, ""n_seed_upstream"": 0.15, ""role"": 0.121, ""seed_flow_kzt"": 0.208, ""temporal"": 0.032}"
100000006557763100,terminal,0.5,5,0.5754472793469295,"Вероятный конечный получатель: 1 плательщиков, получено 10 тыс., исходящих нет",2,False,1,0,10000.0,0.0,1,0,0.0,10000.0,1.0,1,1.0,0.0,0.0,1,0.0,0,,"{""betweenness"": 0.055, ""degree"": 0.032, ""n_seed_upstream"": 0.15, ""role"": 0.121, ""seed_flow_kzt"": 0.172, ""temporal"": 0.032}"
100000005608515100,terminal,0.5,7,0.5728532013539266,"Вероятный конечный получатель: 1 плательщиков, получено 64 тыс., исходящих нет",2,False,1,0,64000.0,0.0,4,0,0.0,5220.328212813787,0.08156762832521543,1,1.0,0.0,0.0,1,0.25,0,near_threshold,"{""betweenness"": 0.055, ""degree"": 0.032, ""n_seed_upstream"": 0.15, ""role"": 0.121, ""seed_flow_kzt"": 0.158, ""temporal"": 0.045}"
100000003922499100,terminal,0.5,11,0.6202178797963421,"Вероятный конечный получатель: 1 плательщиков, получено 50 тыс., исходящих нет",2,False,1,0,50000.0,0.0,1,0,0.0,47101.0,0.94202,1,1.0,0.0,0.0,1,0.0,0,,"{""betweenness"": 0.055, ""degree"": 0.032, ""n_seed_upstream"": 0.15, ""role"": 0.121, ""seed_flow_kzt"": 0.216, ""temporal"": 0.032}"
100000008603629100,coordinator,1.0,1,0.9178485081207156,"Кандидат в координирующий узел: 19 плательщиков → 61 получателей; сигналы S2, S3",2,False,19,61,1817300.0,4986156.0,45,74,2.7437165025037142,33165.43513578832,0.006651503710631661,1,0.0,0.005654318551181927,0.703012711164915,4,0.008403361344537815,73,fast_pass;sync_in;near_threshold;cycles;external_funding;bridge;distributor;S2;S3,"{""betweenness"": 0.15, ""degree"": 0.1, ""n_seed_upstream"": 0.15, ""role"": 0.198, ""seed_flow_kzt"": 0.205, ""temporal"": 0.095}"
100000004825069100,terminal,0.5,4,0.528139488579799,"Вероятный конечный получатель: 1 плательщиков, получено 30 тыс., исходящих нет",2,False,1,0,30000.0,0.0,4,0,0.0,515.5503109102747,0.017185010363675823,1,1.0,0.0,0.0,1,0.25,0,near_threshold,"{""betweenness"": 0.055, ""degree"": 0.032, ""n_seed_upstream"": 0.15, ""role"": 0.121, ""seed_flow_kzt"": 0.114, ""temporal"": 0.045}"
100000004331458100,terminal,0.5,33,0.6574337969678868,"Вероятный конечный получатель: 2 плательщиков, получено 250 тыс., исходящих нет",2,False,2,0,250000.0,0.0,2,0,0.0,44661.117650355925,0.1786444706014237,1,1.0,0.0,0.0,1,0.0,0,,"{""betweenness"": 0.055, ""degree"": 0.07, ""n_seed_upstream"": 0.15, ""role"": 0.121, ""seed_flow_kzt"": 0.214, ""temporal"": 0.032}"
100000002911170100,terminal,0.5,15,0.5144636914412493,"Вероятный конечный получатель: 1 плательщиков, получено 300 тыс., исходящих нет",2,False,1,0,300000.0,0.0,2,0,0.0,495.0055768167566,0.0016500185893891888,1,1.0,0.0,0.0,1,0.0,0,,"{""betweenness"": 0.055, ""degree"": 0.032, ""n_seed_upstream"": 0.15, ""role"": 0.121, ""seed_flow_kzt"": 0.113, ""temporal"": 0.032}"
100000008011159100,peripheral,0.5,8,0.6476092954461415,"Периферийный узел: 3 входящих, 5 исходящих, оборот 516 тыс.",2,False,3,5,363000.0,153037.0,6,5,0.4215895316804408,7446.373469897406,0.020513425536907454,1,0.0,0.00011928440453502662,0.0,1,0.09090909090909091,1,near_threshold;cycles,"{""betweenness"": 0.141, ""degree"": 0.095, ""n_seed_upstream"": 0.15, ""role"": 0.026, ""seed_flow_kzt"": 0.166, ""temporal"": 0.055}"
100000003854444100,peripheral,0.5,19,0.6676166908439286,"Периферийный узел: 1 входящих, 14 исходящих, оборот 2.53 млн; есть источники вне выборки",2,False,1,14,210000.0,2322909.0,4,14,11.061471428571428,17231.748251748253,0.007418176197065082,1,0.0,0.0011623294302366548,0.6190476190476191,1,0.0,0,fast_pass;external_funding;bridge,"{""betweenness"": 0.148, ""degree"": 0.098, ""n_seed_upstream"": 0.15, ""role"": 0.026, ""seed_flow_kzt"": 0.186, ""temporal"": 0.045}"
100000008547948100,coordinator,0.6931745009658756,6,0.8567852774696362,Кандидат в координирующий узел: 6 плательщиков → 26 получателей; сигналы S2,2,False,6,26,212665.0,5185600.0,7,31,24.383890155878966,5829.971974345289,0.0011242617969656912,1,0.0,0.001457370091952028,0.16457809230479864,4,0.0,5,sync_in;cycles;external_funding;bridge;distributor;S2,"{""betweenness"": 0.148, ""degree"": 0.099, ""n_seed_upstream"": 0.15, ""role"": 0.198, ""seed_flow_kzt"": 0.16, ""temporal"": 0.083}"
100000005175148100,peripheral,0.5,2,0.5648491054413061,"Периферийный узел: 2 входящих, 1 исходящих, оборот 94 тыс.",2,False,2,1,79000.0,15000.0,4,1,0.189873417721519,15121.486796339028,0.1914112252247164,1,0.0,0.0,0.0,1,0.2,2,near_threshold;cycles,"{""betweenness"": 0.055, ""degree"": 0.081, ""n_seed_upstream"": 0.15, ""role"": 0.026, ""seed_flow_kzt"": 0.183, ""temporal"": 0.057}"
100000002087788100,terminal,0.5,8,0.561566686577353,"Вероятный конечный получатель: 1 плательщиков, получено 100 тыс., исходящих нет",2,False,1,0,100500.0,0.0,1,0,0.0,5600.261371599207,0.0557239937472558,1,1.0,0.0,0.0,1,0.0,0,,"{""betweenness"": 0.055, ""degree"": 0.032, ""n_seed_upstream"": 0.15, ""role"": 0.121, ""seed_flow_kzt"": 0.159, ""temporal"": 0.032}"
100000004150593100,peripheral,0.5,2,0.6705179622834712,"Периферийный узел: 1 входящих, 11 исходящих, оборот 928 тыс.; есть источники вне выборки",2,False,1,11,57000.0,871165.0,2,16,15.28359649122807,9088.201564225381,0.010432239086998881,1,0.0,0.00020904492821337723,1.0,1,0.05555555555555555,1,fast_pass;near_threshold;cycles;external_funding,"{""betweenness"": 0.144, ""degree"": 0.097, ""n_seed_upstream"": 0.15, ""role"": 0.026, ""seed_flow_kzt"": 0.17, ""temporal"": 0.068}"
100000001597505100,peripheral,0.5,3,0.5624313792416873,"Периферийный узел: 1 входящих, 1 исходящих, оборот 39 тыс.",2,False,1,1,26460.0,12920.0,1,1,0.48828420256991684,3939.989149447475,0.14890359597307162,1,0.0,9.709195717967283e-06,0.0,1,0.0,0,,"{""betweenness"": 0.119, ""degree"": 0.07, ""n_seed_upstream"": 0.15, ""role"": 0.026, ""seed_flow_kzt"": 0.153, ""temporal"": 0.032}"
100000007629121100,terminal,0.5,5,0.6060528486503399,"Вероятный конечный получатель: 1 плательщиков, получено 29 тыс., исходящих нет",2,False,1,0,29000.0,0.0,1,0,0.0,29000.0,1.0,1,1.0,0.0,0.0,1,0.0,0,,"{""betweenness"": 0.055, ""degree"": 0.032, ""n_seed_upstream"": 0.15, ""role"": 0.121, ""seed_flow_kzt"": 0.202, ""temporal"": 0.032}"
100000005614315100,terminal,0.5,2,0.6515629888784594,"Вероятный конечный получатель: 1 плательщиков, получено 455 тыс., исходящих нет",2,False,1,0,455000.0,0.0,1,0,0.0,449367.21295228804,0.987620248246787,1,1.0,0.0,0.0,1,0.0,0,,"{""betweenness"": 0.055, ""degree"": 0.032, ""n_seed_upstream"": 0.15, ""role"": 0.121, ""seed_flow_kzt"": 0.247, ""temporal"": 0.032}"
100000008324800100,transit,0.6012550583229077,3,0.771897488409136,"Признаки транзита: получено 526 тыс., отдано 97%, медиана задержки 1 дн., 3→1 контрагента",2,False,3,1,526500.0,511000.0,17,13,0.9705603038936372,3279.1919045714876,0.006228282824589969,1,0.0,1.922024458454748e-05,0.5413105413105413,2,0.0,1,fast_pass;cycles,"{""betweenness"": 0.122, ""degree"": 0.087, ""n_seed_upstream"": 0.15, ""role"": 0.189, ""seed_flow_kzt"": 0.15, ""temporal"": 0.057}"
100000005030592100,terminal,0.5,2,0.4979093779332707,"Вероятный конечный получатель: 1 плательщиков, получено 10 тыс., исходящих нет",2,False,1,0,10000.0,0.0,1,0,0.0,277.20312200029235,0.027720312200029237,1,1.0,0.0,0.0,1,0.0,0,,"{""betweenness"": 0.055, ""degree"": 0.032, ""n_seed_upstream"": 0.15, ""role"": 0.121, ""seed_flow_kzt"": 0.097, ""temporal"": 0.032}"
100000001633685100,terminal,0.5,18,0.596620872088062,"Вероятный конечный получатель: 3 плательщиков, получено 45 тыс., исходящих нет",2,False,3,0,45000.0,0.0,3,0,0.0,1097.4929634281905,0.024388732520626455,1,1.0,0.0,0.0,1,0.3333333333333333,0,near_threshold,"{""betweenness"": 0.055, ""degree"": 0.081, ""n_seed_upstream"": 0.15, ""role"": 0.121, ""seed_flow_kzt"": 0.131, ""temporal"": 0.045}"
100000001848426100,terminal,0.5,17,0.5979747987598486,"Вероятный конечный получатель: 1 плательщиков, получено 96 тыс., исходящих нет",2,False,1,0,95530.0,0.0,1,0,0.0,22927.81140830422,0.2400064001706712,1,1.0,0.0,0.0,1,0.0,0,,"{""betweenness"": 0.055, ""degree"": 0.032, ""n_seed_upstream"": 0.15, ""role"": 0.121, ""seed_flow_kzt"": 0.194, ""temporal"": 0.032}"
100000004580202100,peripheral,0.5,27,0.6093750888869927,"Периферийный узел: 1 входящих, 3 исходящих, оборот 54 тыс.; есть источники вне выборки",2,False,1,3,9000.0,45000.0,1,4,5.0,1586.9067409522127,0.035264594243382505,1,0.0,5.9444055416126226e-05,1.0,1,0.2,0,fast_pass;near_threshold;external_funding,"{""betweenness"": 0.137, ""degree"": 0.087, ""n_seed_upstream"": 0.15, ""role"": 0.026, ""seed_flow_kzt"": 0.138, ""temporal"": 0.058}"
100000008717375100,terminal,0.5,5,0.556219245100549,"Вероятный конечный получатель: 1 плательщиков, получено 30 тыс., исходящих нет",2,False,1,0,29506.0,0.0,1,0,0.0,4006.5338202753433,0.13578708805921993,1,1.0,0.0,0.0,1,0.0,0,,"{""betweenness"": 0.055, ""degree"": 0.032, ""n_seed_upstream"": 0.15, ""role"": 0.121, ""seed_flow_kzt"": 0.154, ""temporal"": 0.032}"
100000007861311100,terminal,0.5,25,0.6007054071735358,"Вероятный конечный получатель: 1 плательщиков, получено 45 тыс., исходящих нет",2,False,1,0,45000.0,0.0,1,0,0.0,24324.324324324327,0.5405405405405406,1,1.0,0.0,0.0,1,0.0,0,,"{""betweenness"": 0.055, ""degree"": 0.032, ""n_seed_upstream"": 0.15, ""role"": 0.121, ""seed_flow_kzt"": 0.197, ""temporal"": 0.032}"
100000005578559100,distributor,0.5321957501609793,7,0.828591745598316,"Веерная рассылка: 21 получателей, отдано 893 тыс.",2,False,2,21,131000.0,893163.6699999999,2,23,6.818043282442748,6891.761014293182,0.007716123310628143,1,0.0,0.000981421354920244,1.0,1,0.0,1,fast_pass;cycles;external_funding;bridge,"{""betweenness"": 0.148, ""degree"": 0.099, ""n_seed_upstream"": 0.15, ""role"": 0.192, ""seed_flow_kzt"": 0.163, ""temporal"": 0.058}"
100000008764436100,terminal,0.5,4,0.4915948459766191,"Вероятный конечный получатель: 1 плательщиков, получено 13 тыс., исходящих нет",2,False,1,0,13100.0,0.0,1,0,0.0,225.12363576415328,0.017185010363675823,1,1.0,0.0,0.0,1,0.0,0,,"{""betweenness"": 0.055, ""degree"": 0.032, ""n_seed_upstream"": 0.15, ""role"": 0.121, ""seed_flow_kzt"": 0.09, ""temporal"": 0.032}"
100000000190228100,peripheral,0.5,7,0.5777455414284495,"Периферийный узел: 1 входящих, 1 исходящих, оборот 34 тыс.; есть источники вне выборки",2,False,1,1,5000.0,28560.0,1,1,5.712,2390.8443939581707,0.08371303900413762,1,0.0,2.159800680119253e-05,0.0,1,0.5,0,near_threshold;external_funding,"{""betweenness"": 0.129, ""degree"": 0.07, ""n_seed_upstream"": 0.15, ""role"": 0.026, ""seed_flow_kzt"": 0.145, ""temporal"": 0.046}"
100000003971049100,terminal,0.5,18,0.5580396507096737,"Вероятный конечный получатель: 1 плательщиков, получено 56 тыс., исходящих нет",2,False,1,0,55900.0,0.0,7,0,0.0,2179.4718414324147,0.03898876281632227,1,1.0,0.0,0.0,1,0.2857142857142857,0,near_threshold,"{""betweenness"": 0.055, ""degree"": 0.032, ""n_seed_upstream"": 0.15, ""role"": 0.121, ""seed_flow_kzt"": 0.143, ""temporal"": 0.045}"
100000008743913100,peripheral,0.5,6,0.6619336120829422,"Периферийный узел: 3 входящих, 13 исходящих, оборот 2.00 млн; есть источники вне выборки",2,False,3,13,149300.0,1850600.0,3,13,12.395177494976558,9752.604866971758,0.005269969127294801,1,0.0,0.0003112887035291143,0.5110515740120563,2,0.1875,0,fast_pass;near_threshold;external_funding,"{""betweenness"": 0.145, ""degree"": 0.098, ""n_seed_upstream"": 0.15, ""role"": 0.026, ""seed_flow_kzt"": 0.172, ""temporal"": 0.057}"
100000004400361100,terminal,0.5,16,0.587075120175214,"Вероятный конечный получатель: 1 плательщиков, получено 10 тыс., исходящих нет",2,False,1,0,10000.0,0.0,1,0,0.0,2150.5044049875337,0.21505044049875338,2,1.0,0.0,0.0,1,0.0,0,,"{""betweenness"": 0.055, ""degree"": 0.032, ""n_seed_upstream"": 0.191, ""role"": 0.121, ""seed_flow_kzt"": 0.143, ""temporal"": 0.032}"
100000002175422100,peripheral,0.5,30,0.6636174872713826,"Периферийный узел: 3 входящих, 6 исходящих, оборот 1.69 млн; есть источники вне выборки",2,False,3,6,68500.0,1621188.0,5,14,23.66697810218978,7453.256659518944,0.004597404285942743,1,0.0,0.00015871562796105702,0.43795620437956206,2,0.05263157894736842,3,near_threshold;cycles;external_funding,"{""betweenness"": 0.143, ""degree"": 0.096, ""n_seed_upstream"": 0.15, ""role"": 0.026, ""seed_flow_kzt"": 0.166, ""temporal"": 0.069}"
100000004544958100,peripheral,0.5,10,0.6747333390221008,"Периферийный узел: 1 входящих, 2 исходящих, оборот 191 тыс.",2,False,1,2,168000.0,23200.0,3,2,0.1380952380952381,50400.0,0.3,1,0.0,2.0805419395644178e-05,0.0,1,0.2,1,near_threshold;cycles,"{""betweenness"": 0.128, ""degree"": 0.081, ""n_seed_upstream"": 0.15, ""role"": 0.026, ""seed_flow_kzt"": 0.219, ""temporal"": 0.056}"
100000008466579100,peripheral,0.5,6,0.6395312455556503,"Периферийный узел: 2 входящих, 17 исходящих, оборот 1.97 млн; есть источники вне выборки",2,False,2,17,36952.0,1933000.0,2,20,52.31110630006495,6063.565318359562,0.0031368677280701304,1,0.0,0.0005161725478633627,0.0,1,0.0,1,cycles;external_funding,"{""betweenness"": 0.146, ""degree"": 0.098, ""n_seed_upstream"": 0.15, ""role"": 0.026, ""seed_flow_kzt"": 0.161, ""temporal"": 0.044}"
100000001184915100,terminal,0.5,2,0.5614529112267828,"Вероятный конечный получатель: 1 плательщиков, получено 201 тыс., исходящих нет",2,False,1,0,201000.0,0.0,2,0,0.0,5571.782752205876,0.027720312200029233,1,1.0,0.0,0.0,1,0.0,0,,"{""betweenness"": 0.055, ""degree"": 0.032, ""n_seed_upstream"": 0.15, ""role"": 0.121, ""seed_flow_kzt"": 0.159, ""temporal"": 0.032}"
100000004435304100,terminal,0.5,4,0.5123019597804136,"Вероятный конечный получатель: 1 плательщиков, получено 26 тыс., исходящих нет",2,False,1,0,26200.0,0.0,1,0,0.0,450.24727152830656,0.017185010363675823,1,1.0,0.0,0.0,1,0.0,0,,"{""betweenness"": 0.055, ""degree"": 0.032, ""n_seed_upstream"": 0.15, ""role"": 0.121, ""seed_flow_kzt"": 0.111, ""temporal"": 0.032}"
100000008762728100,terminal,0.5,2,0.5763574821514917,"Вероятный конечный получатель: 1 плательщиков, получено 17 тыс., исходящих нет",2,False,1,0,17026.0,0.0,1,0,0.0,10112.918726786398,0.59396914875992,1,1.0,0.0,0.0,1,0.0,0,,"{""betweenness"": 0.055, ""degree"": 0.032, ""n_seed_upstream"": 0.15, ""role"": 0.121, ""seed_flow_kzt"": 0.173, ""temporal"": 0.032}"
100000004285800100,peripheral,0.5,1,0.49744289899593247,"Периферийный узел: 1 входящих, 1 исходящих, оборот 20 тыс.; есть источники вне выборки",2,False,1,1,5000.0,15000.0,1,1,3.0,1787.1621469409479,0.11914414312939653,1,0.0,0.0,0.0,1,0.5,0,near_threshold;external_funding,"{""betweenness"": 0.055, ""degree"": 0.07, ""n_seed_upstream"": 0.15, ""role"": 0.026, ""seed_flow_kzt"": 0.14, ""temporal"": 0.046}"
100000008557672100,terminal,0.5,4,0.5268652046534118,"Вероятный конечный получатель: 1 плательщиков, получено 49 тыс., исходящих нет",2,False,1,0,49125.0,0.0,1,0,0.0,844.2136341155748,0.017185010363675823,1,1.0,0.0,0.0,1,0.0,0,,"{""betweenness"": 0.055, ""degree"": 0.032, ""n_seed_upstream"": 0.15, ""role"": 0.121, ""seed_flow_kzt"": 0.125, ""temporal"": 0.032}"
100000005142589100,terminal,0.5,1,0.5576983246579629,"Вероятный конечный получатель: 1 плательщиков, получено 50 тыс., исходящих нет",2,False,1,0,50000.0,0.0,2,0,0.0,4517.958444780084,0.0903591688956017,1,1.0,0.0,0.0,1,0.0,0,,"{""betweenness"": 0.055, ""degree"": 0.032, ""n_seed_upstream"": 0.15, ""role"": 0.121, ""seed_flow_kzt"": 0.155, ""temporal"": 0.032}"
100000003747133100,peripheral,0.5,3,0.6248712916346674,"Периферийный узел: 5 входящих, 2 исходящих, оборот 487 тыс.",2,False,5,2,237068.0,250000.0,8,2,1.0545497494389795,8602.017816022975,0.0344080712640919,1,0.0,9.610122292273739e-05,0.0,2,0.0,0,,"{""betweenness"": 0.14, ""degree"": 0.094, ""n_seed_upstream"": 0.15, ""role"": 0.026, ""seed_flow_kzt"": 0.169, ""temporal"": 0.032}"
100000003289405100,terminal,0.5,5,0.569530961117274,"Вероятный конечный получатель: 1 плательщиков, получено 355 тыс., исходящих нет",2,False,1,0,355000.0,0.0,1,0,0.0,7687.753869692743,0.02165564470335984,1,1.0,0.0,0.0,1,0.0,0,,"{""betweenness"": 0.055, ""degree"": 0.032, ""n_seed_upstream"": 0.15, ""role"": 0.121, ""seed_flow_kzt"": 0.167, ""temporal"": 0.032}"
100000002691858100,terminal,0.5,3,0.5694171857667036,"Вероятный конечный получатель: 1 плательщиков, получено 52 тыс., исходящих нет",2,False,1,0,51500.0,0.0,1,0,0.0,7668.535192613189,0.14890359597307162,1,1.0,0.0,0.0,1,0.0,0,,"{""betweenness"": 0.055, ""degree"": 0.032, ""n_seed_upstream"": 0.15, ""role"": 0.121, ""seed_flow_kzt"": 0.166, ""temporal"": 0.032}"
100000007534354100,peripheral,0.5,15,0.5461501265750776,"Периферийный узел: 1 входящих, 3 исходящих, оборот 198 тыс.; есть источники вне выборки",2,False,1,3,50000.0,147810.0,1,3,2.9562,728.2163994333152,0.004926705902397099,1,0.0,2.377762216645049e-06,0.0,1,0.0,0,external_funding,"{""betweenness"": 0.117, ""degree"": 0.087, ""n_seed_upstream"": 0.15, ""role"": 0.026, ""seed_flow_kzt"": 0.122, ""temporal"": 0.032}"
100000000765628100,terminal,0.5,2,0.5739966436271582,"Вероятный конечный получатель: 1 плательщиков, получено 5 тыс., исходящих нет",2,False,1,0,5000.0,0.0,1,0,0.0,5000.0,1.0,1,1.0,0.0,0.0,1,1.0,0,near_threshold,"{""betweenness"": 0.055, ""degree"": 0.032, ""n_seed_upstream"": 0.15, ""role"": 0.121, ""seed_flow_kzt"": 0.157, ""temporal"": 0.047}"
100000004962193100,consolidator,0.8984063745020054,3,0.742765309895611,"Признаки консолидации: 8 плательщиков, деньги от 1 seed за ≤2 колена, seed-поток 11 тыс., дальше ушло 0%",2,False,8,0,900468.0,0.0,11,0,0.0,10578.062492851592,0.011747294176863134,1,1.0,0.0,0.0,5,0.0,0,sync_in,"{""betweenness"": 0.055, ""degree"": 0.095, ""n_seed_upstream"": 0.15, ""role"": 0.194, ""seed_flow_kzt"": 0.174, ""temporal"": 0.057}"
100000005032294100,terminal,0.5,12,0.5557641436982678,"Вероятный конечный получатель: 1 плательщиков, получено 10 тыс., исходящих нет",2,False,1,0,10000.0,0.0,1,0,0.0,3937.260793678754,0.3937260793678754,1,1.0,0.0,0.0,1,0.0,0,,"{""betweenness"": 0.055, ""degree"": 0.032, ""n_seed_upstream"": 0.15, ""role"": 0.121, ""seed_flow_kzt"": 0.153, ""temporal"": 0.032}"
100000001251686100,terminal,0.5,5,0.549392724066331,"Вероятный конечный получатель: 1 плательщиков, получено 18 тыс., исходящих нет",2,False,1,0,18000.0,0.0,1,0,0.0,2681.593859249583,0.14897743662497684,1,1.0,0.0,0.0,1,0.0,0,,"{""betweenness"": 0.055, ""degree"": 0.032, ""n_seed_upstream"": 0.15, ""role"": 0.121, ""seed_flow_kzt"": 0.147, ""temporal"": 0.032}"
100000002398779100,consolidator,1.0,3,0.9052251329749409,"Признаки консолидации: 13 плательщиков, деньги от 2 seed за ≤2 колена, seed-поток 30 тыс., дальше ушло 6%",2,False,13,1,1095690.0,66000.0,28,3,0.06023601566136407,30411.36642466306,0.027755447639992208,2,0.0,1.2681398488773594e-05,0.013416203488212907,7,0.0967741935483871,0,sync_in;near_threshold,"{""betweenness"": 0.119, ""degree"": 0.098, ""n_seed_upstream"": 0.191, ""role"": 0.194, ""seed_flow_kzt"": 0.204, ""temporal"": 0.08}"
100000008512827100,peripheral,0.5,6,0.6381943851864492,"Периферийный узел: 3 входящих, 10 исходящих, оборот 2.05 млн; есть источники вне выборки",2,False,3,10,107949.0,1944500.0,3,10,18.01313583266172,6949.013234989883,0.0035736761301053653,1,0.0,0.00013810835541679993,0.5049606758747186,1,0.0,0,fast_pass;external_funding,"{""betweenness"": 0.142, ""degree"": 0.097, ""n_seed_upstream"": 0.15, ""role"": 0.026, ""seed_flow_kzt"": 0.164, ""temporal"": 0.045}"
100000003943483100,terminal,0.5,11,0.5736268737378046,"Вероятный конечный получатель: 1 плательщиков, получено 10 тыс., исходящих нет",2,False,1,0,10000.0,0.0,1,0,0.0,9155.795796850394,0.9155795796850394,1,1.0,0.0,0.0,1,0.0,0,,"{""betweenness"": 0.055, ""degree"": 0.032, ""n_seed_upstream"": 0.15, ""role"": 0.121, ""seed_flow_kzt"": 0.171, ""temporal"": 0.032}"
100000005031696100,peripheral,0.5,5,0.6267144523139061,"Периферийный узел: 1 входящих, 2 исходящих, оборот 120 тыс.; есть источники вне выборки",2,False,1,2,5000.0,115000.0,1,3,23.0,5000.0,0.043478260869565216,1,0.0,9.59030760713503e-05,1.0,1,0.5,0,fast_pass;near_threshold;external_funding,"{""betweenness"": 0.14, ""degree"": 0.081, ""n_seed_upstream"": 0.15, ""role"": 0.026, ""seed_flow_kzt"": 0.157, ""temporal"": 0.059}"
100000002703376100,terminal,0.5,18,0.5421111016298319,"Вероятный конечный получатель: 1 плательщиков, получено 47 тыс., исходящих нет",2,False,1,0,46501.0,0.0,1,0,0.0,1813.0164597218018,0.03898876281632227,1,1.0,0.0,0.0,1,0.0,0,,"{""betweenness"": 0.055, ""degree"": 0.032, ""n_seed_upstream"": 0.15, ""role"": 0.121, ""seed_flow_kzt"": 0.14, ""temporal"": 0.032}"
100000003617552100,terminal,0.5,24,0.5883607816366584,"Вероятный конечный получатель: 1 плательщиков, получено 25 тыс., исходящих нет",2,False,1,0,25000.0,0.0,1,0,0.0,16500.0,0.66,1,1.0,0.0,0.0,1,0.0,0,,"{""betweenness"": 0.055, ""degree"": 0.032, ""n_seed_upstream"": 0.15, ""role"": 0.121, ""seed_flow_kzt"": 0.185, ""temporal"": 0.032}"
100000007617808100,terminal,0.5,16,0.6776402992291719,"Вероятный конечный получатель: 1 плательщиков, получено 450 тыс., исходящих нет",2,False,1,0,450000.0,0.0,1,0,0.0,96772.69822443902,0.21505044049875338,2,1.0,0.0,0.0,1,0.0,0,,"{""betweenness"": 0.055, ""degree"": 0.032, ""n_seed_upstream"": 0.191, ""role"": 0.121, ""seed_flow_kzt"": 0.231, ""temporal"": 0.032}"
100000002613776100,terminal,0.5,3,0.5340330517393406,"Вероятный конечный получатель: 1 плательщиков, получено 30 тыс., исходящих нет",2,False,1,0,30000.0,0.0,2,0,0.0,1169.0070430089977,0.03896690143363326,1,1.0,0.0,0.0,1,0.0,0,,"{""betweenness"": 0.055, ""degree"": 0.032, ""n_seed_upstream"": 0.15, ""role"": 0.121, ""seed_flow_kzt"": 0.132, ""temporal"": 0.032}"
100000002578405100,distributor,1.0,9,0.8127542167989303,"Веерная рассылка: 116 получателей, отдано 3.11 млн",2,False,2,116,1200351.0,3108352.0,7,120,2.589535894084314,2065.523782050601,0.0006645076819004414,1,0.0,0.00017100073274705643,0.04291161501927353,1,0.023622047244094488,2,near_threshold;cycles;external_funding,"{""betweenness"": 0.143, ""degree"": 0.1, ""n_seed_upstream"": 0.15, ""role"": 0.192, ""seed_flow_kzt"": 0.142, ""temporal"": 0.067}"
100000006161893100,terminal,0.5,2,0.5838666552891315,"Вероятный конечный получатель: 1 плательщиков, получено 14 тыс., исходящих нет",2,False,1,0,14000.0,0.0,1,0,0.0,14000.0,1.0,1,1.0,0.0,0.0,1,0.0,0,,"{""betweenness"": 0.055, ""degree"": 0.032, ""n_seed_upstream"": 0.15, ""role"": 0.121, ""seed_flow_kzt"": 0.181, ""temporal"": 0.032}"
100000002633701100,terminal,0.5,6,0.607645703558324,"Вероятный конечный получатель: 1 плательщиков, получено 267 тыс., исходящих нет",2,False,1,0,266850.0,0.0,1,0,0.0,30439.149524273187,0.11406838869879403,1,1.0,0.0,0.0,1,0.0,0,,"{""betweenness"": 0.055, ""degree"": 0.032, ""n_seed_upstream"": 0.15, ""role"": 0.121, ""seed_flow_kzt"": 0.204, ""temporal"": 0.032}"
100000002432143100,terminal,0.5,5,0.5803396194214523,"Вероятный конечный получатель: 1 плательщиков, получено 81 тыс., исходящих нет",2,False,1,0,81310.0,0.0,1,0,0.0,12113.355371976866,0.14897743662497684,1,1.0,0.0,0.0,1,0.0,0,,"{""betweenness"": 0.055, ""degree"": 0.032, ""n_seed_upstream"": 0.15, ""role"": 0.121, ""seed_flow_kzt"": 0.177, ""temporal"": 0.032}"
100000000490383100,peripheral,0.5,2,0.6444520294678159,"Периферийный узел: 3 входящих, 8 исходящих, оборот 524 тыс.; есть источники вне выборки",2,False,3,8,62600.0,461375.0,3,9,7.37020766773163,7415.164779378838,0.016071882480365944,1,0.0,4.339416045377214e-05,0.07987220447284345,1,0.4166666666666667,0,near_threshold;external_funding,"{""betweenness"": 0.135, ""degree"": 0.097, ""n_seed_upstream"": 0.15, ""role"": 0.026, ""seed_flow_kzt"": 0.166, ""temporal"": 0.057}"
100000005809252100,terminal,0.5,8,0.5454105867963706,"Вероятный конечный получатель: 1 плательщиков, получено 25 тыс., исходящих нет",2,False,1,0,25000.0,0.0,1,0,0.0,2189.004643789097,0.08756018575156388,1,1.0,0.0,0.0,1,0.0,0,,"{""betweenness"": 0.055, ""degree"": 0.032, ""n_seed_upstream"": 0.15, ""role"": 0.121, ""seed_flow_kzt"": 0.143, ""temporal"": 0.032}"
100000006612238100,peripheral,0.5,4,0.5037744972551697,"Периферийный узел: 1 входящих, 1 исходящих, оборот 185 тыс.",2,False,1,1,160000.0,25000.0,1,1,0.15625,2749.6016581881318,0.017185010363675823,1,0.0,0.0,0.0,1,0.0,1,cycles,"{""betweenness"": 0.055, ""degree"": 0.07, ""n_seed_upstream"": 0.15, ""role"": 0.026, ""seed_flow_kzt"": 0.147, ""temporal"": 0.044}"
100000002593038100,terminal,0.5,10,0.5476860938077766,"Вероятный конечный получатель: 1 плательщиков, получено 28 тыс., исходящих нет",2,False,1,0,28500.0,0.0,1,0,0.0,2424.385142035261,0.08506614533434001,1,1.0,0.0,0.0,1,0.0,0,,"{""betweenness"": 0.055, ""degree"": 0.032, ""n_seed_upstream"": 0.15, ""role"": 0.121, ""seed_flow_kzt"": 0.145, ""temporal"": 0.032}"
100000002947299100,terminal,0.5,5,0.5813635975765851,"Вероятный конечный получатель: 1 плательщиков, получено 85 тыс., исходящих нет",2,False,1,0,85000.0,0.0,1,0,0.0,12663.082113123031,0.14897743662497684,1,1.0,0.0,0.0,1,0.0,0,,"{""betweenness"": 0.055, ""degree"": 0.032, ""n_seed_upstream"": 0.15, ""role"": 0.121, ""seed_flow_kzt"": 0.178, ""temporal"": 0.032}"
100000004336312100,transit,0.5000258804951025,21,0.8194271411098784,"Признаки транзита: получено 90 тыс., отдано 80%, 3→2 контрагента",2,False,3,2,90415.0,72650.0,7,3,0.8035171155228668,9268.700462523351,0.10251286249541947,1,0.0,4.359230730515923e-06,0.0,3,0.2,8,sync_in;near_threshold;cycles,"{""betweenness"": 0.118, ""degree"": 0.09, ""n_seed_upstream"": 0.15, ""role"": 0.189, ""seed_flow_kzt"": 0.171, ""temporal"": 0.083}"
100000001308856100,terminal,0.5,4,0.5129846118838354,"Вероятный конечный получатель: 1 плательщиков, получено 27 тыс., исходящих нет",2,False,1,0,27000.0,0.0,1,0,0.0,463.99527981924723,0.017185010363675823,1,1.0,0.0,0.0,1,0.0,0,,"{""betweenness"": 0.055, ""degree"": 0.032, ""n_seed_upstream"": 0.15, ""role"": 0.121, ""seed_flow_kzt"": 0.111, ""temporal"": 0.032}"
100000008238989100,terminal,0.5,1,0.5638990812640441,"Вероятный конечный получатель: 1 плательщиков, получено 200 тыс., исходящих нет",2,False,1,0,200000.0,0.0,2,0,0.0,6190.7645484689165,0.030953822742344584,1,1.0,0.0,0.0,1,0.0,0,,"{""betweenness"": 0.055, ""degree"": 0.032, ""n_seed_upstream"": 0.15, ""role"": 0.121, ""seed_flow_kzt"": 0.161, ""temporal"": 0.032}"
100000005561741100,terminal,0.5,7,0.5356259066473248,"Вероятный конечный получатель: 1 плательщиков, получено 25 тыс., исходящих нет",2,False,1,0,25000.0,0.0,1,0,0.0,1253.4404337162498,0.05013761734864999,1,1.0,0.0,0.0,1,0.0,0,,"{""betweenness"": 0.055, ""degree"": 0.032, ""n_seed_upstream"": 0.15, ""role"": 0.121, ""seed_flow_kzt"": 0.133, ""temporal"": 0.032}"
100000006248077100,terminal,0.5,16,0.6195010950877492,"Вероятный конечный получатель: 1 плательщиков, получено 50 тыс., исходящих нет",2,False,1,0,50000.0,0.0,1,0,0.0,10752.522024937669,0.21505044049875338,2,1.0,0.0,0.0,1,0.0,0,,"{""betweenness"": 0.055, ""degree"": 0.032, ""n_seed_upstream"": 0.191, ""role"": 0.121, ""seed_flow_kzt"": 0.174, ""temporal"": 0.032}"
100000000646541100,terminal,0.5,3,0.6005119890775662,"Вероятный конечный получатель: 3 плательщиков, получено 25 тыс., исходящих нет",2,False,3,0,25300.0,0.0,4,0,0.0,1270.3563532312448,0.05021171356645236,1,1.0,0.0,0.0,1,0.75,0,near_threshold,"{""betweenness"": 0.055, ""degree"": 0.081, ""n_seed_upstream"": 0.15, ""role"": 0.121, ""seed_flow_kzt"": 0.134, ""temporal"": 0.046}"
100000006595426100,terminal,0.5,3,0.5439315072389567,"Вероятный конечный получатель: 1 плательщиков, получено 85 тыс., исходящих нет",2,False,1,0,84800.0,0.0,3,0,0.0,1992.9494712103408,0.023501762632197415,1,1.0,0.0,0.0,1,0.0,0,,"{""betweenness"": 0.055, ""degree"": 0.032, ""n_seed_upstream"": 0.15, ""role"": 0.121, ""seed_flow_kzt"": 0.142, ""temporal"": 0.032}"
100000002956898100,terminal,0.5,2,0.6060073385101118,"Вероятный конечный получатель: 2 плательщиков, получено 290 тыс., исходящих нет",2,False,2,0,290240.0,0.0,2,0,0.0,7055.974107946628,0.024310825895626473,1,1.0,0.0,0.0,1,0.0,0,,"{""betweenness"": 0.055, ""degree"": 0.07, ""n_seed_upstream"": 0.15, ""role"": 0.121, ""seed_flow_kzt"": 0.164, ""temporal"": 0.032}"
100000001262647100,terminal,0.5,2,0.5573569986062519,"Вероятный конечный получатель: 1 плательщиков, получено 24 тыс., исходящих нет",2,False,1,0,23650.0,0.0,1,0,0.0,4450.276195472567,0.18817235498826923,1,1.0,0.0,0.0,1,0.0,0,,"{""betweenness"": 0.055, ""degree"": 0.032, ""n_seed_upstream"": 0.15, ""role"": 0.121, ""seed_flow_kzt"": 0.155, ""temporal"": 0.032}"
100000005849100100,terminal,0.5,5,0.6093523338168785,"Вероятный конечный получатель: 1 плательщиков, получено 33 тыс., исходящих нет",2,False,1,0,33300.0,0.0,1,0,0.0,33300.0,1.0,1,1.0,0.0,0.0,1,0.0,0,,"{""betweenness"": 0.055, ""degree"": 0.032, ""n_seed_upstream"": 0.15, ""role"": 0.121, ""seed_flow_kzt"": 0.206, ""temporal"": 0.032}"
100000000533217100,terminal,0.5,1,0.624370680092158,"Вероятный конечный получатель: 1 плательщиков, получено 54 тыс., исходящих нет",2,False,1,0,53587.0,0.0,1,0,0.0,53003.33567388194,0.9891080984918347,1,1.0,0.0,0.0,1,0.0,0,,"{""betweenness"": 0.055, ""degree"": 0.032, ""n_seed_upstream"": 0.15, ""role"": 0.121, ""seed_flow_kzt"": 0.22, ""temporal"": 0.032}"
100000002812641100,peripheral,0.5,7,0.5778991381517193,"Периферийный узел: 1 входящих, 1 исходящих, оборот 17 тыс.",2,False,1,1,10000.0,7023.95,1,1,0.702395,7274.860213943621,0.727486021394362,2,0.0,0.0,1.0,1,0.0,1,fast_pass;cycles,"{""betweenness"": 0.055, ""degree"": 0.07, ""n_seed_upstream"": 0.191, ""role"": 0.026, ""seed_flow_kzt"": 0.165, ""temporal"": 0.058}"
100000008647905100,peripheral,0.5,19,0.5883835367067725,"Периферийный узел: 1 входящих, 2 исходящих, оборот 394 тыс.; есть источники вне выборки",2,False,1,2,50000.0,344222.0,1,2,6.88444,4102.797202797203,0.011919044113383813,1,0.0,3.844048916909496e-05,0.0,1,0.0,0,external_funding,"{""betweenness"": 0.132, ""degree"": 0.081, ""n_seed_upstream"": 0.15, ""role"": 0.026, ""seed_flow_kzt"": 0.154, ""temporal"": 0.032}"
100000002842337100,terminal,0.5,25,0.6050288704952071,"Вероятный конечный получатель: 1 плательщиков, получено 50 тыс., исходящих нет",2,False,1,0,50000.0,0.0,1,0,0.0,27027.02702702703,0.5405405405405406,1,1.0,0.0,0.0,1,0.0,0,,"{""betweenness"": 0.055, ""degree"": 0.032, ""n_seed_upstream"": 0.15, ""role"": 0.121, ""seed_flow_kzt"": 0.201, ""temporal"": 0.032}"
100000002445750100,peripheral,0.5,1,0.6325966379383906,"Периферийный узел: 1 входящих, 1 исходящих, оборот 80 тыс.",2,False,1,1,70000.0,10000.0,1,1,0.14285714285714285,46943.85831288901,0.6706265473269859,1,0.0,1.9418391435934565e-05,0.0,1,0.0,0,,"{""betweenness"": 0.125, ""degree"": 0.07, ""n_seed_upstream"": 0.15, ""role"": 0.026, ""seed_flow_kzt"": 0.216, ""temporal"": 0.032}"
100000005619339100,transit,0.5021230580566458,2,0.6348323235770971,"Признаки транзита: получено 5 тыс., отдано 109%, 1→1 контрагента",2,False,1,1,5000.0,5442.6,1,1,1.0885200000000002,426.61551349934524,0.07838450621014684,1,0.0,0.0,0.0,1,1.0,0,near_threshold,"{""betweenness"": 0.055, ""degree"": 0.07, ""n_seed_upstream"": 0.15, ""role"": 0.189, ""seed_flow_kzt"": 0.11, ""temporal"": 0.047}"
100000006844768100,peripheral,0.5,1,0.6616833063116875,"Периферийный узел: 1 входящих, 2 исходящих, оборот 470 тыс.",2,False,1,2,282000.0,188000.0,5,5,0.6666666666666666,27255.660167415554,0.09665127718941685,1,0.0,3.883678287186913e-05,0.0,1,0.1,1,near_threshold;cycles,"{""betweenness"": 0.133, ""degree"": 0.081, ""n_seed_upstream"": 0.15, ""role"": 0.026, ""seed_flow_kzt"": 0.202, ""temporal"": 0.055}"
100000002488629100,terminal,0.5,17,0.5898967488693574,"Вероятный конечный получатель: 1 плательщиков, получено 73 тыс., исходящих нет",2,False,1,0,73050.0,0.0,1,0,0.0,17532.46753246753,0.24000640017067118,1,1.0,0.0,0.0,1,0.0,0,,"{""betweenness"": 0.055, ""degree"": 0.032, ""n_seed_upstream"": 0.15, ""role"": 0.121, ""seed_flow_kzt"": 0.186, ""temporal"": 0.032}"
100000002796853100,peripheral,0.5,6,0.6210313735529196,"Периферийный узел: 1 входящих, 1 исходящих, оборот 245 тыс.",2,False,1,1,199000.0,46167.62,8,5,0.23199809045226133,173561.42510561354,0.8721679653548419,1,0.0,0.0,0.21105527638190955,1,0.15384615384615385,1,near_threshold;cycles,"{""betweenness"": 0.055, ""degree"": 0.07, ""n_seed_upstream"": 0.15, ""role"": 0.026, ""seed_flow_kzt"": 0.239, ""temporal"": 0.068}"
100000006755850100,terminal,0.5,10,0.6848081463151008,"Вероятный конечный получатель: 1 плательщиков, получено 443 тыс., исходящих нет",2,False,1,0,443475.8,0.0,3,0,0.0,165233.3824805989,0.3725871456359037,2,1.0,0.0,0.0,1,0.0,0,,"{""betweenness"": 0.055, ""degree"": 0.032, ""n_seed_upstream"": 0.191, ""role"": 0.121, ""seed_flow_kzt"": 0.238, ""temporal"": 0.032}"
100000008733194100,coordinator,1.0,20,0.8148306169468384,"Кандидат в координирующий узел: 4 плательщиков → 8 получателей; сигналы S1, S3",2,False,4,8,251424.0,159695.0,4,8,0.6351621165839378,2009.2002276150558,0.007991282564970153,1,0.0,0.00020171349471205497,0.05568283059691995,2,0.08333333333333333,1,near_threshold;cycles;peripheral;S1;S3,"{""betweenness"": 0.144, ""degree"": 0.097, ""n_seed_upstream"": 0.15, ""role"": 0.198, ""seed_flow_kzt"": 0.142, ""temporal"": 0.066}"
100000001904863100,terminal,0.5,12,0.5834115538868504,"Вероятный конечный получатель: 1 плательщиков, получено 500 тыс., исходящих нет",2,False,1,0,500000.0,0.0,1,0,0.0,13709.260217278841,0.027418520434557683,1,1.0,0.0,0.0,1,0.0,0,,"{""betweenness"": 0.055, ""degree"": 0.032, ""n_seed_upstream"": 0.15, ""role"": 0.121, ""seed_flow_kzt"": 0.18, ""temporal"": 0.032}"
100000001641951100,terminal,0.5,14,0.6405836675484256,"Вероятный конечный получатель: 1 плательщиков, получено 25 тыс., исходящих нет",2,False,1,0,25000.0,0.0,4,0,0.0,14388.186157008424,0.5755274462803369,2,1.0,0.0,0.0,1,0.75,0,near_threshold,"{""betweenness"": 0.055, ""degree"": 0.032, ""n_seed_upstream"": 0.191, ""role"": 0.121, ""seed_flow_kzt"": 0.181, ""temporal"": 0.046}"
100000004816564100,peripheral,0.5,2,0.5936513354381773,"Периферийный узел: 1 входящих, 1 исходящих, оборот 290 тыс.",2,False,1,1,285480.0,5000.0,1,1,0.01751436177665686,7913.594726864346,0.027720312200029233,1,0.0,1.922024458454748e-05,0.0,1,0.5,0,near_threshold,"{""betweenness"": 0.122, ""degree"": 0.07, ""n_seed_upstream"": 0.15, ""role"": 0.026, ""seed_flow_kzt"": 0.167, ""temporal"": 0.046}"
100000002205022100,peripheral,0.5,16,0.6229257331399152,"Периферийный узел: 1 входящих, 3 исходящих, оборот 525 тыс.; есть источники вне выборки",2,False,1,3,7100.0,518000.0,1,3,72.95774647887323,7100.0,0.013706563706563707,1,0.0,5.4292237280061953e-05,1.0,1,0.0,0,fast_pass;external_funding,"{""betweenness"": 0.136, ""degree"": 0.087, ""n_seed_upstream"": 0.15, ""role"": 0.026, ""seed_flow_kzt"": 0.164, ""temporal"": 0.046}"
100000002267998100,peripheral,0.5,27,0.6974485877634609,"Периферийный узел: 2 входящих, 3 исходящих, оборот 1.53 млн; есть источники вне выборки",2,False,2,3,420000.0,1115000.0,4,12,2.6547619047619047,54048.56900017359,0.048474052914953894,1,0.0,5.8849614861964964e-05,0.47619047619047616,1,0.0,4,cycles;external_funding,"{""betweenness"": 0.137, ""degree"": 0.09, ""n_seed_upstream"": 0.15, ""role"": 0.026, ""seed_flow_kzt"": 0.221, ""temporal"": 0.058}"
100000002199091100,terminal,0.5,4,0.5335779503370595,"Вероятный конечный получатель: 1 плательщиков, получено 65 тыс., исходящих нет",2,False,1,0,65000.0,0.0,1,0,0.0,1117.0256736389285,0.017185010363675823,1,1.0,0.0,0.0,1,0.0,0,,"{""betweenness"": 0.055, ""degree"": 0.032, ""n_seed_upstream"": 0.15, ""role"": 0.121, ""seed_flow_kzt"": 0.131, ""temporal"": 0.032}"
100000008571443100,terminal,0.5,3,0.5702818784310378,"Вероятный конечный получатель: 2 плательщиков, получено 65 тыс., исходящих нет",2,False,2,0,65000.0,0.0,2,0,0.0,1019.7788401211806,0.015688905232633547,1,1.0,0.0,0.0,1,0.0,0,,"{""betweenness"": 0.055, ""degree"": 0.07, ""n_seed_upstream"": 0.15, ""role"": 0.121, ""seed_flow_kzt"": 0.129, ""temporal"": 0.032}"
100000002742067100,terminal,0.5,2,0.5055892140967659,"Вероятный конечный получатель: 1 плательщиков, получено 13 тыс., исходящих нет",2,False,1,0,12730.0,0.0,1,0,0.0,352.87957430637215,0.027720312200029233,1,1.0,0.0,0.0,1,0.0,0,,"{""betweenness"": 0.055, ""degree"": 0.032, ""n_seed_upstream"": 0.15, ""role"": 0.121, ""seed_flow_kzt"": 0.104, ""temporal"": 0.032}"
100000003292979100,terminal,0.5,10,0.5963819438518645,"Вероятный конечный получатель: 1 плательщиков, получено 49 тыс., исходящих нет",2,False,1,0,48950.0,0.0,1,0,0.0,21159.698447280145,0.43227167410173944,1,1.0,0.0,0.0,1,0.0,0,,"{""betweenness"": 0.055, ""degree"": 0.032, ""n_seed_upstream"": 0.15, ""role"": 0.121, ""seed_flow_kzt"": 0.193, ""temporal"": 0.032}"
100000002558173100,terminal,0.5,3,0.5373325369058793,"Вероятный конечный получатель: 1 плательщиков, получено 9 тыс., исходящих нет",2,False,1,0,9300.0,0.0,1,0,0.0,1384.8034425495662,0.14890359597307162,1,1.0,0.0,0.0,1,0.0,0,,"{""betweenness"": 0.055, ""degree"": 0.032, ""n_seed_upstream"": 0.15, ""role"": 0.121, ""seed_flow_kzt"": 0.135, ""temporal"": 0.032}"
100000004687282100,terminal,0.5,2,0.5935375600876069,"Вероятный конечный получатель: 1 плательщиков, получено 20 тыс., исходящих нет",2,False,1,0,20000.0,0.0,1,0,0.0,19998.160051019728,0.9999080025509863,1,1.0,0.0,0.0,1,0.0,0,,"{""betweenness"": 0.055, ""degree"": 0.032, ""n_seed_upstream"": 0.15, ""role"": 0.121, ""seed_flow_kzt"": 0.19, ""temporal"": 0.032}"
100000003034546100,terminal,0.5,6,0.6257359842990016,"Вероятный конечный получатель: 1 плательщиков, получено 487 тыс., исходящих нет",2,False,1,0,486715.0,0.0,2,0,0.0,55518.79580553353,0.11406838869879403,1,1.0,0.0,0.0,1,0.0,0,,"{""betweenness"": 0.055, ""degree"": 0.032, ""n_seed_upstream"": 0.15, ""role"": 0.121, ""seed_flow_kzt"": 0.222, ""temporal"": 0.032}"
100000003798151100,terminal,0.5,2,0.6487754927894872,"Вероятный конечный получатель: 1 плательщиков, получено 350 тыс., исходящих нет",2,False,1,0,350000.0,0.0,3,0,0.0,300361.6173558082,0.8581760495880234,1,1.0,0.0,0.0,1,0.0,0,,"{""betweenness"": 0.055, ""degree"": 0.032, ""n_seed_upstream"": 0.15, ""role"": 0.121, ""seed_flow_kzt"": 0.244, ""temporal"": 0.032}"
100000008710791100,distributor,0.5965872504829378,6,0.81394316921239,"Веерная рассылка: 23 получателей, отдано 5.52 млн",2,False,3,23,181510.0,5521511.0,3,25,30.41987218335078,6961.199086342266,0.0012607416858070673,1,0.0,0.00030772206020414675,0.933887940058399,1,0.0,0,fast_pass;external_funding,"{""betweenness"": 0.145, ""degree"": 0.099, ""n_seed_upstream"": 0.15, ""role"": 0.192, ""seed_flow_kzt"": 0.164, ""temporal"": 0.045}"
100000008688476100,terminal,0.5,4,0.5097989020678669,"Вероятный конечный получатель: 1 плательщиков, получено 24 тыс., исходящих нет",2,False,1,0,24000.0,0.0,1,0,0.0,412.44024872821973,0.017185010363675823,1,1.0,0.0,0.0,1,0.0,0,,"{""betweenness"": 0.055, ""degree"": 0.032, ""n_seed_upstream"": 0.15, ""role"": 0.121, ""seed_flow_kzt"": 0.108, ""temporal"": 0.032}"
100000003242289100,distributor,0.5965872504829378,18,0.8254344796199904,"Веерная рассылка: 23 получателей, отдано 2.38 млн",2,False,3,23,550791.0,2377741.0,8,26,4.316956885642648,5846.453593478147,0.002458826925841859,1,0.0,0.0009528882083205034,0.38738468856608044,2,0.0,8,cycles;external_funding;bridge,"{""betweenness"": 0.147, ""degree"": 0.099, ""n_seed_upstream"": 0.15, ""role"": 0.192, ""seed_flow_kzt"": 0.16, ""temporal"": 0.058}"
100000006564102100,terminal,0.5,5,0.6106038626731518,"Вероятный конечный получатель: 1 плательщиков, получено 233 тыс., исходящих нет",2,False,1,0,233235.0,0.0,1,0,0.0,34746.75243122647,0.14897743662497684,1,1.0,0.0,0.0,1,0.0,0,,"{""betweenness"": 0.055, ""degree"": 0.032, ""n_seed_upstream"": 0.15, ""role"": 0.121, ""seed_flow_kzt"": 0.207, ""temporal"": 0.032}"
100000001526235100,peripheral,0.5,26,0.6452370793867508,"Периферийный узел: 3 входящих, 8 исходящих, оборот 515 тыс.; есть источники вне выборки",2,False,3,8,82000.0,432750.0,4,9,5.277439024390244,8279.545302307472,0.019132398156689708,1,0.0,0.0002566001725462782,0.0,1,0.0,3,cycles;external_funding,"{""betweenness"": 0.145, ""degree"": 0.097, ""n_seed_upstream"": 0.15, ""role"": 0.026, ""seed_flow_kzt"": 0.168, ""temporal"": 0.046}"
100000004398811100,peripheral,0.5,16,0.6077139687686662,"Периферийный узел: 1 входящих, 3 исходящих, оборот 1.47 млн; есть источники вне выборки",2,False,1,3,426000.0,1040672.0,1,4,2.4428920187793426,9225.304643631292,0.008864757237276772,1,0.0,1.1888811083225246e-06,1.0,1,0.0,0,fast_pass;external_funding,"{""betweenness"": 0.115, ""degree"": 0.087, ""n_seed_upstream"": 0.15, ""role"": 0.026, ""seed_flow_kzt"": 0.171, ""temporal"": 0.046}"
100000002957787100,distributor,0.9507405022537099,1,0.8092214921637226,"Веерная рассылка: 34 получателей, отдано 1.28 млн",2,False,4,34,84956.0,1276153.96,7,41,15.02135175855737,999.0281257643804,0.0007828429461319703,1,0.0,0.0038569284622496564,1.0,2,0.125,6,fast_pass;near_threshold;cycles;external_funding;bridge,"{""betweenness"": 0.15, ""degree"": 0.099, ""n_seed_upstream"": 0.15, ""role"": 0.192, ""seed_flow_kzt"": 0.129, ""temporal"": 0.071}"
100000002621915100,terminal,0.5,2,0.5739966436271582,"Вероятный конечный получатель: 1 плательщиков, получено 5 тыс., исходящих нет",2,False,1,0,5000.0,0.0,1,0,0.0,5000.0,1.0,1,1.0,0.0,0.0,1,1.0,0,near_threshold,"{""betweenness"": 0.055, ""degree"": 0.032, ""n_seed_upstream"": 0.15, ""role"": 0.121, ""seed_flow_kzt"": 0.157, ""temporal"": 0.047}"
100000008283183100,terminal,0.5,4,0.5145774667918196,"Вероятный конечный получатель: 1 плательщиков, получено 29 тыс., исходящих нет",2,False,1,0,29000.0,0.0,1,0,0.0,498.36530054659886,0.017185010363675823,1,1.0,0.0,0.0,1,0.0,0,,"{""betweenness"": 0.055, ""degree"": 0.032, ""n_seed_upstream"": 0.15, ""role"": 0.121, ""seed_flow_kzt"": 0.113, ""temporal"": 0.032}"
100000003843844100,peripheral,0.5,3,0.4006314531956651,"Периферийный узел: 1 входящих, 1 исходящих, оборот 255 тыс.; есть источники вне выборки",3,False,1,1,16680.0,238000.0,1,1,14.268585131894485,180.24190088987424,0.0007573189113019926,0,0.0,1.922024458454748e-05,0.0,1,0.0,0,external_funding,"{""betweenness"": 0.122, ""degree"": 0.07, ""n_seed_upstream"": 0.058, ""role"": 0.026, ""seed_flow_kzt"": 0.084, ""temporal"": 0.032}"
100000000954884100,terminal,0.5,18,0.37479307108115023,"Вероятный конечный получатель: 1 плательщиков, получено 34 тыс., исходящих нет",3,False,1,0,34000.0,0.0,1,0,0.0,109.011582480836,0.0032062230141422354,0,1.0,0.0,0.0,1,0.0,0,,"{""betweenness"": 0.055, ""degree"": 0.032, ""n_seed_upstream"": 0.058, ""role"": 0.121, ""seed_flow_kzt"": 0.069, ""temporal"": 0.032}"
100000005893892100,terminal,0.5,8,0.37877520835111067,"Вероятный конечный получатель: 1 плательщиков, получено 103 тыс., исходящих нет",3,False,1,0,102780.0,0.0,1,0,0.0,122.85931062540585,0.0011953620415003489,0,1.0,0.0,0.0,1,0.0,0,,"{""betweenness"": 0.055, ""degree"": 0.032, ""n_seed_upstream"": 0.058, ""role"": 0.121, ""seed_flow_kzt"": 0.072, ""temporal"": 0.032}"
100000001819396100,terminal,0.5,28,0.3587507466507381,"Вероятный конечный получатель: 1 плательщиков, получено 166 тыс., исходящих нет",3,False,1,0,166080.0,0.0,1,0,0.0,53.59710337078556,0.0003227185896603177,0,1.0,0.0,0.0,1,0.0,0,,"{""betweenness"": 0.055, ""degree"": 0.032, ""n_seed_upstream"": 0.058, ""role"": 0.121, ""seed_flow_kzt"": 0.053, ""temporal"": 0.032}"
100000008472324100,terminal,0.5,8,0.4003925249594675,"Вероятный конечный получатель: 1 плательщиков, получено 205 тыс., исходящих нет",3,False,1,0,205200.0,0.0,1,0,0.0,245.28829091587158,0.0011953620415003489,0,1.0,0.0,0.0,1,0.0,0,,"{""betweenness"": 0.055, ""degree"": 0.032, ""n_seed_upstream"": 0.058, ""role"": 0.121, ""seed_flow_kzt"": 0.094, ""temporal"": 0.032}"
100000002646745100,terminal,0.5,9,0.3242768154279375,"Вероятный конечный получатель: 1 плательщиков, получено 12 тыс., исходящих нет",3,False,1,0,12300.0,0.0,1,0,0.0,8.173444487375429,0.0006645076819004413,0,1.0,0.0,0.0,1,0.0,0,,"{""betweenness"": 0.055, ""degree"": 0.032, ""n_seed_upstream"": 0.058, ""role"": 0.121, ""seed_flow_kzt"": 0.019, ""temporal"": 0.032}"
100000008405209100,terminal,0.5,18,0.3818471428165088,"Вероятный конечный получатель: 1 плательщиков, получено 54 тыс., исходящих нет",3,False,1,0,54400.0,0.0,1,0,0.0,133.7601847657971,0.0024588269258418584,0,1.0,0.0,0.0,1,0.0,0,,"{""betweenness"": 0.055, ""degree"": 0.032, ""n_seed_upstream"": 0.058, ""role"": 0.121, ""seed_flow_kzt"": 0.075, ""temporal"": 0.032}"
100000004417753100,terminal,0.5,5,0.4789657820633159,"Вероятный конечный получатель: 2 плательщиков, получено 192 тыс., исходящих нет",3,False,2,0,192099.0,0.0,2,0,0.0,1198.6366231192164,0.006239681742847263,0,1.0,0.0,0.0,2,0.0,0,,"{""betweenness"": 0.055, ""degree"": 0.07, ""n_seed_upstream"": 0.058, ""role"": 0.121, ""seed_flow_kzt"": 0.132, ""temporal"": 0.032}"
100000003457710100,peripheral,0.5,8,0.4236140740108655,"Периферийный узел: 1 входящих, 1 исходящих, оборот 1.63 млн; есть источники вне выборки",3,False,1,1,326555.0,1306000.0,1,2,3.999326300316945,390.35145146214643,0.00029889085104299113,0,0.0,1.922024458454748e-05,0.0,1,0.0,0,external_funding,"{""betweenness"": 0.122, ""degree"": 0.07, ""n_seed_upstream"": 0.058, ""role"": 0.026, ""seed_flow_kzt"": 0.107, ""temporal"": 0.032}"
100000007333038100,peripheral,0.5,15,0.3575219728645788,"Периферийный узел: 1 входящих, 2 исходящих, оборот 52 тыс.; есть источники вне выборки",3,False,1,2,17500.0,34994.0,1,2,1.9996571428571428,23.05881159263532,0.000658936148843668,0,0.0,1.5851748110966993e-06,0.0,1,0.0,0,external_funding,"{""betweenness"": 0.116, ""degree"": 0.081, ""n_seed_upstream"": 0.058, ""role"": 0.026, ""seed_flow_kzt"": 0.037, ""temporal"": 0.032}"
100000006444163100,terminal,0.5,3,0.3805956139602354,"Вероятный конечный получатель: 1 плательщиков, получено 6 тыс., исходящих нет",3,False,1,0,6026.0,0.0,1,0,0.0,128.95332472003744,0.021399489664792135,0,1.0,0.0,0.0,1,0.0,0,,"{""betweenness"": 0.055, ""degree"": 0.032, ""n_seed_upstream"": 0.058, ""role"": 0.121, ""seed_flow_kzt"": 0.074, ""temporal"": 0.032}"
100000008706947100,terminal,0.5,9,0.3295673692294564,"Вероятный конечный получатель: 1 плательщиков, получено 17 тыс., исходящих нет",3,False,1,0,17200.0,0.0,1,0,0.0,11.429532128687592,0.0006645076819004414,0,1.0,0.0,0.0,1,0.0,0,,"{""betweenness"": 0.055, ""degree"": 0.032, ""n_seed_upstream"": 0.058, ""role"": 0.121, ""seed_flow_kzt"": 0.024, ""temporal"": 0.032}"
100000008761219100,peripheral,0.5,6,0.4314759507352732,"Периферийный узел: 2 входящих, 2 исходящих, оборот 425 тыс.; есть источники вне выборки",3,False,2,2,50000.0,375000.0,2,2,7.5,117.64822296026895,0.0003137285945607172,0,0.0,4.517748211625593e-05,0.0,1,0.25,0,near_threshold;external_funding,"{""betweenness"": 0.135, ""degree"": 0.087, ""n_seed_upstream"": 0.058, ""role"": 0.026, ""seed_flow_kzt"": 0.071, ""temporal"": 0.045}"
100000005022552100,peripheral,0.5,2,0.4082657792189322,"Периферийный узел: 1 входящих, 1 исходящих, оборот 246 тыс.",3,False,1,1,241000.0,5000.0,3,1,0.02074688796680498,2514.1696199667304,0.010432239086998881,0,0.0,0.0,0.0,1,0.25,0,near_threshold,"{""betweenness"": 0.055, ""degree"": 0.07, ""n_seed_upstream"": 0.058, ""role"": 0.026, ""seed_flow_kzt"": 0.146, ""temporal"": 0.045}"
100000008735832100,terminal,0.5,9,0.3304206843587336,"Вероятный конечный получатель: 1 плательщиков, получено 18 тыс., исходящих нет",3,False,1,0,17600.0,0.0,1,0,0.0,11.695335201447769,0.0006645076819004414,0,1.0,0.0,0.0,1,0.0,0,,"{""betweenness"": 0.055, ""degree"": 0.032, ""n_seed_upstream"": 0.058, ""role"": 0.121, ""seed_flow_kzt"": 0.025, ""temporal"": 0.032}"
100000005661528100,terminal,0.5,14,0.3540859572773558,"Вероятный конечный получатель: 1 плательщиков, получено 25 тыс., исходящих нет",3,False,1,0,25000.0,0.0,1,0,0.0,41.780668568844185,0.0016712267427537674,0,1.0,0.0,0.0,1,0.0,0,,"{""betweenness"": 0.055, ""degree"": 0.032, ""n_seed_upstream"": 0.058, ""role"": 0.121, ""seed_flow_kzt"": 0.048, ""temporal"": 0.032}"
100000002529880100,terminal,0.5,6,0.45336632818499867,"Вероятный конечный получатель: 2 плательщиков, получено 147 тыс., исходящих нет",3,False,2,0,147000.0,0.0,2,0,0.0,406.77919588648933,0.002767205414193805,0,1.0,0.0,0.0,2,0.0,0,,"{""betweenness"": 0.055, ""degree"": 0.07, ""n_seed_upstream"": 0.058, ""role"": 0.121, ""seed_flow_kzt"": 0.107, ""temporal"": 0.032}"
100000001969496100,terminal,0.5,12,0.34350484967431805,"Вероятный конечный получатель: 1 плательщиков, получено 23 тыс., исходящих нет",3,False,1,0,22740.0,0.0,1,0,0.0,25.142999044168505,0.0011056727811859502,0,1.0,0.0,0.0,1,0.0,0,,"{""betweenness"": 0.055, ""degree"": 0.032, ""n_seed_upstream"": 0.058, ""role"": 0.121, ""seed_flow_kzt"": 0.038, ""temporal"": 0.032}"
100000003215448100,peripheral,0.5,1,0.45701851693830525,"Периферийный узел: 1 входящих, 2 исходящих, оборот 215 тыс.; есть источники вне выборки",3,False,1,2,91309.0,124000.0,1,4,1.3580260434349298,607.3421523140663,0.004897920583177954,0,0.0,3.844048916909496e-05,0.0,1,0.0,0,external_funding,"{""betweenness"": 0.132, ""degree"": 0.081, ""n_seed_upstream"": 0.058, ""role"": 0.026, ""seed_flow_kzt"": 0.118, ""temporal"": 0.032}"
100000006894637100,terminal,0.5,1,0.4011889524134596,"Вероятный конечный получатель: 1 плательщиков, получено 53 тыс., исходящих нет",3,False,1,0,52831.0,0.0,1,0,0.0,256.2282684723109,0.004849960600259524,0,1.0,0.0,0.0,1,0.0,0,,"{""betweenness"": 0.055, ""degree"": 0.032, ""n_seed_upstream"": 0.058, ""role"": 0.121, ""seed_flow_kzt"": 0.094, ""temporal"": 0.032}"
100000002936322100,terminal,0.5,14,0.49307392553403295,"Вероятный конечный получатель: 2 плательщиков, получено 787 тыс., исходящих нет",3,False,2,0,787133.0,0.0,2,0,0.0,2538.888116833523,0.00322548809011123,0,1.0,0.0,0.0,1,0.0,0,,"{""betweenness"": 0.055, ""degree"": 0.07, ""n_seed_upstream"": 0.058, ""role"": 0.121, ""seed_flow_kzt"": 0.146, ""temporal"": 0.032}"
100000005061890100,terminal,0.5,3,0.4261626418636402,"Вероятный конечный получатель: 1 плательщиков, получено 90 тыс., исходящих нет",3,False,1,0,90000.0,0.0,1,0,0.0,636.1728734072447,0.007068587482302718,0,1.0,0.0,0.0,1,0.0,0,,"{""betweenness"": 0.055, ""degree"": 0.032, ""n_seed_upstream"": 0.058, ""role"": 0.121, ""seed_flow_kzt"": 0.119, ""temporal"": 0.032}"
100000004017410100,peripheral,0.5,21,0.5743891685866257,"Периферийный узел: 2 входящих, 5 исходящих, оборот 1.52 млн; есть источники вне выборки",3,False,2,5,193650.0,1330915.0,6,11,6.872785954040795,14276.886667900755,0.010727121317214665,0,0.0,4.0818251385740005e-05,0.025819777949909632,2,0.11764705882352941,7,near_threshold;cycles;external_funding,"{""betweenness"": 0.135, ""degree"": 0.094, ""n_seed_upstream"": 0.058, ""role"": 0.026, ""seed_flow_kzt"": 0.181, ""temporal"": 0.069}"
100000002983426100,terminal,0.5,7,0.42826748584919067,"Вероятный конечный получатель: 1 плательщиков, получено 89 тыс., исходящих нет",3,False,1,0,88945.0,0.0,1,0,0.0,686.3105878638202,0.007716123310628143,0,1.0,0.0,0.0,1,0.0,0,,"{""betweenness"": 0.055, ""degree"": 0.032, ""n_seed_upstream"": 0.058, ""role"": 0.121, ""seed_flow_kzt"": 0.121, ""temporal"": 0.032}"
100000005530114100,peripheral,0.5,18,0.421884688682197,"Периферийный узел: 2 входящих, 1 исходящих, оборот 162 тыс.",3,False,2,1,136970.0,25000.0,2,1,0.1825217200846901,197.0279860076639,0.0014384754764376426,0,0.0,2.972202770806311e-06,0.3429218076951157,1,0.0,0,,"{""betweenness"": 0.117, ""degree"": 0.081, ""n_seed_upstream"": 0.058, ""role"": 0.026, ""seed_flow_kzt"": 0.086, ""temporal"": 0.045}"
100000001169666100,peripheral,0.5,7,0.40735557641436976,"Периферийный узел: 1 входящих, 1 исходящих, оборот 244 тыс.",3,False,1,1,220000.0,24000.0,2,1,0.10909090909090909,177.28811920765602,0.0008058550873075274,0,0.0,2.19943005039667e-05,0.0,1,0.0,0,,"{""betweenness"": 0.129, ""degree"": 0.07, ""n_seed_upstream"": 0.058, ""role"": 0.026, ""seed_flow_kzt"": 0.083, ""temporal"": 0.032}"
100000001784279100,terminal,0.5,1,0.3893563159541485,"Вероятный конечный получатель: 1 плательщиков, получено 36 тыс., исходящих нет",3,False,1,0,35674.0,0.0,1,0,0.0,173.01749445365826,0.004849960600259524,0,1.0,0.0,0.0,1,0.0,0,,"{""betweenness"": 0.055, ""degree"": 0.032, ""n_seed_upstream"": 0.058, ""role"": 0.121, ""seed_flow_kzt"": 0.083, ""temporal"": 0.032}"
100000008744364100,terminal,0.5,9,0.3348579230309753,"Вероятный конечный получатель: 1 плательщиков, получено 24 тыс., исходящих нет",3,False,1,0,23700.0,0.0,1,0,0.0,15.748832061040462,0.0006645076819004414,0,1.0,0.0,0.0,1,0.0,0,,"{""betweenness"": 0.055, ""degree"": 0.032, ""n_seed_upstream"": 0.058, ""role"": 0.121, ""seed_flow_kzt"": 0.029, ""temporal"": 0.032}"
100000008714412100,terminal,0.5,7,0.38230224421878994,"Вероятный конечный получатель: 1 плательщиков, получено 169 тыс., исходящих нет",3,False,1,0,169000.0,0.0,1,0,0.0,136.18950975497214,0.0008058550873075274,0,1.0,0.0,0.0,1,0.0,0,,"{""betweenness"": 0.055, ""degree"": 0.032, ""n_seed_upstream"": 0.058, ""role"": 0.121, ""seed_flow_kzt"": 0.076, ""temporal"": 0.032}"
100000007754369100,terminal,0.5,1,0.4141593423784736,"Вероятный конечный получатель: 1 плательщиков, получено 82 тыс., исходящих нет",3,False,1,0,82424.0,0.0,1,0,0.0,399.753152515791,0.004849960600259524,0,1.0,0.0,0.0,1,0.0,0,,"{""betweenness"": 0.055, ""degree"": 0.032, ""n_seed_upstream"": 0.058, ""role"": 0.121, ""seed_flow_kzt"": 0.107, ""temporal"": 0.032}"
100000003122817100,terminal,0.5,28,0.38378132377620383,"Вероятный конечный получатель: 1 плательщиков, получено 445 тыс., исходящих нет",3,False,1,0,444680.0,0.0,1,0,0.0,143.50650245015007,0.0003227185896603177,0,1.0,0.0,0.0,1,0.0,0,,"{""betweenness"": 0.055, ""degree"": 0.032, ""n_seed_upstream"": 0.058, ""role"": 0.121, ""seed_flow_kzt"": 0.077, ""temporal"": 0.032}"
100000003711830100,terminal,0.5,1,0.4095514406803765,"Вероятный конечный получатель: 1 плательщиков, получено 50 тыс., исходящих нет",3,False,1,0,50000.0,0.0,1,0,0.0,332.57518553158303,0.006651503710631661,0,1.0,0.0,0.0,1,0.0,0,,"{""betweenness"": 0.055, ""degree"": 0.032, ""n_seed_upstream"": 0.058, ""role"": 0.121, ""seed_flow_kzt"": 0.102, ""temporal"": 0.032}"
100000001110358100,terminal,0.5,1,0.4457433796967886,"Вероятный конечный получатель: 2 плательщиков, получено 32 тыс., исходящих нет",3,False,2,0,32000.0,0.0,2,0,0.0,301.12906147813914,0.009410283171191847,0,1.0,0.0,0.0,2,0.0,0,,"{""betweenness"": 0.055, ""degree"": 0.07, ""n_seed_upstream"": 0.058, ""role"": 0.121, ""seed_flow_kzt"": 0.1, ""temporal"": 0.032}"
100000006530134100,terminal,0.5,8,0.42594646869755665,"Вероятный конечный получатель: 2 плательщиков, получено 145 тыс., исходящих нет",3,False,2,0,144663.0,0.0,2,0,0.0,163.26222423875143,0.001128569324836008,0,1.0,0.0,0.0,1,0.0,0,,"{""betweenness"": 0.055, ""degree"": 0.07, ""n_seed_upstream"": 0.058, ""role"": 0.121, ""seed_flow_kzt"": 0.08, ""temporal"": 0.032}"
100000001639766100,terminal,0.5,17,0.46467559803168634,"Вероятный конечный получатель: 1 плательщиков, получено 20 тыс., исходящих нет",3,False,1,0,20000.0,0.0,1,0,0.0,4800.127929977888,0.2400063964988944,0,1.0,0.0,0.0,1,0.0,0,,"{""betweenness"": 0.055, ""degree"": 0.032, ""n_seed_upstream"": 0.058, ""role"": 0.121, ""seed_flow_kzt"": 0.156, ""temporal"": 0.032}"
100000003242795100,terminal,0.5,8,0.3813920414142275,"Вероятный конечный получатель: 1 плательщиков, получено 111 тыс., исходящих нет",3,False,1,0,111000.0,0.0,1,0,0.0,132.68518660653874,0.0011953620415003489,0,1.0,0.0,0.0,1,0.0,0,,"{""betweenness"": 0.055, ""degree"": 0.032, ""n_seed_upstream"": 0.058, ""role"": 0.121, ""seed_flow_kzt"": 0.075, ""temporal"": 0.032}"
100000004970752100,terminal,0.5,1,0.47138834371533395,"Вероятный конечный получатель: 1 плательщиков, получено 10 тыс., исходящих нет",3,False,1,0,10000.0,0.0,1,0,0.0,6706.265473269859,0.6706265473269859,0,1.0,0.0,0.0,1,0.0,0,,"{""betweenness"": 0.055, ""degree"": 0.032, ""n_seed_upstream"": 0.058, ""role"": 0.121, ""seed_flow_kzt"": 0.163, ""temporal"": 0.032}"
100000004564736100,terminal,0.5,27,0.4354808430753477,"Вероятный конечный получатель: 1 плательщиков, получено 15 тыс., исходящих нет",3,False,1,0,15000.0,0.0,2,0,0.0,528.9689136507376,0.035264594243382505,0,1.0,0.0,0.0,1,0.5,0,near_threshold,"{""betweenness"": 0.055, ""degree"": 0.032, ""n_seed_upstream"": 0.058, ""role"": 0.121, ""seed_flow_kzt"": 0.115, ""temporal"": 0.046}"
100000005873152100,transit,0.50147168865704,3,0.6412947634894899,"Признаки транзита: получено 10 тыс., отдано 100%, 1→1 контрагента",3,False,1,1,10000.0,10000.0,1,1,1.0,3932.5783483589166,0.39325783483589166,0,0.0,3.962937027741748e-07,0.0,1,0.0,2,cycles,"{""betweenness"": 0.112, ""degree"": 0.07, ""n_seed_upstream"": 0.058, ""role"": 0.189, ""seed_flow_kzt"": 0.153, ""temporal"": 0.045}"
100000001637376100,peripheral,0.5,8,0.40658190403049177,"Периферийный узел: 1 входящих, 1 исходящих, оборот 351 тыс.; есть источники вне выборки",3,False,1,1,116700.0,234250.0,1,2,2.0072836332476434,139.4987502430907,0.0005955122742501204,0,0.0,1.922024458454748e-05,1.0,1,0.0,0,fast_pass;external_funding,"{""betweenness"": 0.122, ""degree"": 0.07, ""n_seed_upstream"": 0.058, ""role"": 0.026, ""seed_flow_kzt"": 0.076, ""temporal"": 0.046}"
100000006710485100,terminal,0.5,9,0.33263930369485445,"Вероятный конечный получатель: 1 плательщиков, получено 20 тыс., исходящих нет",3,False,1,0,20000.0,0.0,1,0,0.0,13.290153638008828,0.0006645076819004414,0,1.0,0.0,0.0,1,0.0,0,,"{""betweenness"": 0.055, ""degree"": 0.032, ""n_seed_upstream"": 0.058, ""role"": 0.121, ""seed_flow_kzt"": 0.027, ""temporal"": 0.032}"
100000003582677100,peripheral,0.5,5,0.4487584264869015,"Периферийный узел: 2 входящих, 4 исходящих, оборот 86 тыс.; есть источники вне выборки",3,False,2,4,29756.989999999998,56000.0,2,5,1.881910771217116,150.36329259256686,0.0026850587962958367,0,0.0,0.00011571776121005905,0.0,1,0.14285714285714285,0,near_threshold;external_funding,"{""betweenness"": 0.141, ""degree"": 0.092, ""n_seed_upstream"": 0.058, ""role"": 0.026, ""seed_flow_kzt"": 0.078, ""temporal"": 0.044}"
100000008713685100,terminal,0.5,9,0.34816963904770026,"Вероятный конечный получатель: 1 плательщиков, получено 50 тыс., исходящих нет",3,False,1,0,49700.0,0.0,1,0,0.0,33.02603179045194,0.0006645076819004414,0,1.0,0.0,0.0,1,0.0,0,,"{""betweenness"": 0.055, ""degree"": 0.032, ""n_seed_upstream"": 0.058, ""role"": 0.121, ""seed_flow_kzt"": 0.042, ""temporal"": 0.032}"
100000008070101100,terminal,0.5,6,0.3762721506385641,"Вероятный конечный получатель: 1 плательщиков, получено 100 тыс., исходящих нет",3,False,1,0,100000.0,0.0,1,0,0.0,112.42617969656912,0.0011242617969656912,0,1.0,0.0,0.0,1,0.0,0,,"{""betweenness"": 0.055, ""degree"": 0.032, ""n_seed_upstream"": 0.058, ""role"": 0.121, ""seed_flow_kzt"": 0.07, ""temporal"": 0.032}"
100000004475818100,peripheral,0.5,3,0.4173848735671416,"Периферийный узел: 1 входящих, 3 исходящих, оборот 67 тыс.; есть источники вне выборки",3,False,1,3,13000.0,53989.0,1,3,4.153,78.65002810992306,0.0014567787532631287,0,0.0,1.763506977345078e-05,1.0,1,0.0,1,fast_pass;cycles;external_funding,"{""betweenness"": 0.119, ""degree"": 0.087, ""n_seed_upstream"": 0.058, ""role"": 0.026, ""seed_flow_kzt"": 0.061, ""temporal"": 0.058}"
100000007197866100,peripheral,0.5,1,0.4052734874989333,"Периферийный узел: 1 входящих, 1 исходящих, оборот 35 тыс.",3,False,1,1,20000.0,15000.0,1,1,0.75,133.03007421263322,0.006651503710631662,0,0.0,1.922024458454748e-05,1.0,1,0.0,0,fast_pass,"{""betweenness"": 0.122, ""degree"": 0.07, ""n_seed_upstream"": 0.058, ""role"": 0.026, ""seed_flow_kzt"": 0.075, ""temporal"": 0.046}"
100000006965162100,terminal,0.5,21,0.3755326108598572,"Вероятный конечный получатель: 1 плательщиков, получено 10 тыс., исходящих нет",3,False,1,0,10000.0,0.0,1,0,0.0,110.40802685025447,0.011040802685025447,0,1.0,0.0,0.0,1,0.0,0,,"{""betweenness"": 0.055, ""degree"": 0.032, ""n_seed_upstream"": 0.058, ""role"": 0.121, ""seed_flow_kzt"": 0.069, ""temporal"": 0.032}"
100000005995391100,terminal,0.5,9,0.3295673692294564,"Вероятный конечный получатель: 1 плательщиков, получено 17 тыс., исходящих нет",3,False,1,0,17200.0,0.0,1,0,0.0,11.429532128687592,0.0006645076819004414,0,1.0,0.0,0.0,1,0.0,0,,"{""betweenness"": 0.055, ""degree"": 0.032, ""n_seed_upstream"": 0.058, ""role"": 0.121, ""seed_flow_kzt"": 0.024, ""temporal"": 0.032}"
100000003834495100,peripheral,0.5,1,0.4845407742412606,"Периферийный узел: 3 входящих, 1 исходящих, оборот 622 тыс.",3,False,3,1,602441.0,20000.0,5,1,0.0331982716979754,4208.525736424603,0.006985789042287299,0,0.0,2.774055919419224e-06,0.0,2,0.0,0,,"{""betweenness"": 0.117, ""degree"": 0.087, ""n_seed_upstream"": 0.058, ""role"": 0.026, ""seed_flow_kzt"": 0.154, ""temporal"": 0.032}"
100000001223977100,peripheral,0.5,5,0.4281082003583923,"Периферийный узел: 1 входящих, 1 исходящих, оборот 23 тыс.; есть источники вне выборки",3,False,1,1,5000.0,18000.0,1,1,3.6,217.3913043478261,0.012077294685990338,0,0.0,2.4173915869224665e-05,0.0,1,0.5,0,near_threshold;external_funding,"{""betweenness"": 0.13, ""degree"": 0.07, ""n_seed_upstream"": 0.058, ""role"": 0.026, ""seed_flow_kzt"": 0.089, ""temporal"": 0.046}"
100000001046057100,terminal,0.5,29,0.4042608868788577,"Вероятный конечный получатель: 1 плательщиков, получено 83 тыс., исходящих нет",3,False,1,0,83420.0,0.0,1,0,0.0,284.65206712841194,0.0034122760384609437,0,1.0,0.0,0.0,1,0.0,0,,"{""betweenness"": 0.055, ""degree"": 0.032, ""n_seed_upstream"": 0.058, ""role"": 0.121, ""seed_flow_kzt"": 0.097, ""temporal"": 0.032}"
100000002989353100,peripheral,0.5,15,0.41548482521261765,"Периферийный узел: 1 входящих, 2 исходящих, оборот 821 тыс.",3,False,1,2,500000.0,321160.0,2,2,0.64232,160.3721659880976,0.0003207443319761952,0,0.0,2.774055919419224e-06,0.6,1,0.0,0,fast_pass,"{""betweenness"": 0.117, ""degree"": 0.081, ""n_seed_upstream"": 0.058, ""role"": 0.026, ""seed_flow_kzt"": 0.08, ""temporal"": 0.045}"
100000006714366100,peripheral,0.5,3,0.4000511989077566,"Периферийный узел: 1 входящих, 1 исходящих, оборот 16 тыс.",3,False,1,1,10500.0,5000.0,1,1,0.47619047619047616,113.46162825801436,0.01080586935790613,0,0.0,1.922024458454748e-05,0.0,1,0.5,0,near_threshold,"{""betweenness"": 0.122, ""degree"": 0.07, ""n_seed_upstream"": 0.058, ""role"": 0.026, ""seed_flow_kzt"": 0.07, ""temporal"": 0.046}"
100000001063678100,peripheral,0.5,27,0.49460989276673206,"Периферийный узел: 1 входящих, 2 исходящих, оборот 125 тыс.; есть источники вне выборки",3,False,1,2,35000.0,90000.0,1,2,2.5714285714285716,1696.5918520233863,0.018851020578037624,0,0.0,3.962937027741748e-05,1.0,1,0.0,0,fast_pass;external_funding,"{""betweenness"": 0.134, ""degree"": 0.081, ""n_seed_upstream"": 0.058, ""role"": 0.026, ""seed_flow_kzt"": 0.139, ""temporal"": 0.046}"
100000004889043100,terminal,0.5,13,0.44141991637511724,"Вероятный конечный получатель: 2 плательщиков, получено 272 тыс., исходящих нет",3,False,2,0,272000.0,0.0,4,0,0.0,265.1243280946548,0.0009747217944656427,0,1.0,0.0,0.0,2,0.0,0,,"{""betweenness"": 0.055, ""degree"": 0.07, ""n_seed_upstream"": 0.058, ""role"": 0.121, ""seed_flow_kzt"": 0.096, ""temporal"": 0.032}"
100000002984403100,peripheral,0.5,26,0.4288818727422703,"Периферийный узел: 1 входящих, 1 исходящих, оборот 45 тыс.; есть источники вне выборки",3,False,1,1,20000.0,25000.0,1,1,1.25,382.6479631337942,0.015305918525351767,0,0.0,2.0012831990095827e-05,0.0,1,0.0,0,external_funding,"{""betweenness"": 0.127, ""degree"": 0.07, ""n_seed_upstream"": 0.058, ""role"": 0.026, ""seed_flow_kzt"": 0.106, ""temporal"": 0.032}"
100000003951827100,peripheral,0.5,3,0.2766504536792104,"Периферийный узел: 1 входящих, 2 исходящих, оборот 26 тыс.; есть источники вне выборки",3,False,1,2,9000.0,17000.0,1,2,1.8888888888888888,7.617983229660345,0.00044811666056825556,0,0.0,0.0,0.0,1,0.0,0,external_funding,"{""betweenness"": 0.055, ""degree"": 0.081, ""n_seed_upstream"": 0.058, ""role"": 0.026, ""seed_flow_kzt"": 0.018, ""temporal"": 0.032}"
100000000933075100,peripheral,0.5,10,0.4885741104189777,"Периферийный узел: 1 входящих, 2 исходящих, оборот 95 тыс.; есть источники вне выборки",3,False,1,2,40000.0,55000.0,1,2,1.375,941.612677704005,0.017120230503659614,0,0.0,2.139985994980544e-05,1.0,1,0.0,1,fast_pass;cycles;external_funding,"{""betweenness"": 0.129, ""degree"": 0.081, ""n_seed_upstream"": 0.058, ""role"": 0.026, ""seed_flow_kzt"": 0.127, ""temporal"": 0.058}"
100000008502995100,terminal,0.5,16,0.4969877975936513,"Вероятный конечный получатель: 1 плательщиков, получено 25 тыс., исходящих нет",3,False,1,0,25000.0,0.0,2,0,0.0,18579.110320436732,0.7431644128174693,0,1.0,0.0,0.0,1,0.0,0,,"{""betweenness"": 0.055, ""degree"": 0.032, ""n_seed_upstream"": 0.058, ""role"": 0.121, ""seed_flow_kzt"": 0.188, ""temporal"": 0.032}"
100000008086440100,peripheral,0.5,1,0.5213755439883949,"Периферийный узел: 1 входящих, 5 исходящих, оборот 361 тыс.",3,False,1,5,199733.0,161300.0,1,6,0.8075781167859092,2422.8448230782874,0.012130418223720104,0,0.0,0.00016584891461099215,0.0,1,0.0,5,cycles,"{""betweenness"": 0.143, ""degree"": 0.092, ""n_seed_upstream"": 0.058, ""role"": 0.026, ""seed_flow_kzt"": 0.145, ""temporal"": 0.046}"
100000008465789100,peripheral,0.5,6,0.4265210342179367,"Периферийный узел: 1 входящих, 16 исходящих, оборот 1.89 млн; есть источники вне выборки",3,False,1,16,30099.0,1858100.0,1,17,61.732947938469714,15.708576383994679,8.454107090035347e-06,0,0.0,0.0008363778597048959,1.0,1,0.0,2,fast_pass;cycles;external_funding;bridge,"{""betweenness"": 0.147, ""degree"": 0.098, ""n_seed_upstream"": 0.058, ""role"": 0.026, ""seed_flow_kzt"": 0.029, ""temporal"": 0.059}"
100000002550141100,terminal,0.5,14,0.38810478709787516,"Вероятный конечный получатель: 1 плательщиков, получено 101 тыс., исходящих нет",3,False,1,0,100586.0,0.0,1,0,0.0,168.10201314663044,0.0016712267427537674,0,1.0,0.0,0.0,1,0.0,0,,"{""betweenness"": 0.055, ""degree"": 0.032, ""n_seed_upstream"": 0.058, ""role"": 0.121, ""seed_flow_kzt"": 0.082, ""temporal"": 0.032}"
100000008739887100,peripheral,0.5,1,0.4981255510993542,"Периферийный узел: 2 входящих, 2 исходящих, оборот 521 тыс.; есть источники вне выборки",3,False,2,2,214000.0,307000.0,3,2,1.4345794392523366,1823.3825535306319,0.005939356851891309,0,0.0,3.844048916909496e-05,0.3411214953271028,1,0.0,0,external_funding,"{""betweenness"": 0.132, ""degree"": 0.087, ""n_seed_upstream"": 0.058, ""role"": 0.026, ""seed_flow_kzt"": 0.14, ""temporal"": 0.045}"
100000008532050100,terminal,0.5,8,0.4228062690218164,"Вероятный конечный получатель: 1 плательщиков, получено 455 тыс., исходящих нет",3,False,1,0,455156.0,0.0,1,0,0.0,544.0762053611328,0.0011953620415003489,0,1.0,0.0,0.0,1,0.0,0,,"{""betweenness"": 0.055, ""degree"": 0.032, ""n_seed_upstream"": 0.058, ""role"": 0.121, ""seed_flow_kzt"": 0.115, ""temporal"": 0.032}"
100000008422226100,terminal,0.5,13,0.36580481838609663,"Вероятный конечный получатель: 1 плательщиков, получено 87 тыс., исходящих нет",3,False,1,0,87450.0,0.0,1,0,0.0,74.02140371486635,0.0008464425810733717,0,1.0,0.0,0.0,1,0.0,0,,"{""betweenness"": 0.055, ""degree"": 0.032, ""n_seed_upstream"": 0.058, ""role"": 0.121, ""seed_flow_kzt"": 0.06, ""temporal"": 0.032}"
100000002369874100,terminal,0.5,6,0.5189009301134908,"Вероятный конечный получатель: 4 плательщиков, получено 600 тыс., исходящих нет",3,False,4,0,600000.0,0.0,4,0,0.0,1019.4418586591105,0.0016990697644318508,0,1.0,0.0,0.0,4,0.0,0,sync_in,"{""betweenness"": 0.055, ""degree"": 0.087, ""n_seed_upstream"": 0.058, ""role"": 0.121, ""seed_flow_kzt"": 0.129, ""temporal"": 0.057}"
100000003321895100,peripheral,0.5,2,0.4654492704155644,"Периферийный узел: 1 входящих, 2 исходящих, оборот 578 тыс.; есть источники вне выборки",3,False,1,2,24000.0,553830.0,1,3,23.07625,784.5209429095704,0.00141653746259605,0,0.0,3.962937027741748e-05,0.0,1,0.0,0,external_funding,"{""betweenness"": 0.134, ""degree"": 0.081, ""n_seed_upstream"": 0.058, ""role"": 0.026, ""seed_flow_kzt"": 0.124, ""temporal"": 0.032}"
100000001875239100,terminal,0.5,6,0.507887476178286,"Вероятный конечный получатель: 3 плательщиков, получено 712 тыс., исходящих нет",3,False,3,0,712000.0,0.0,3,0,0.0,805.7903843158376,0.0011317280678593226,0,1.0,0.0,0.0,3,0.0,0,sync_in,"{""betweenness"": 0.055, ""degree"": 0.081, ""n_seed_upstream"": 0.058, ""role"": 0.121, ""seed_flow_kzt"": 0.124, ""temporal"": 0.057}"
100000002216999100,terminal,0.5,9,0.334744147680405,"Вероятный конечный получатель: 1 плательщиков, получено 24 тыс., исходящих нет",3,False,1,0,23677.0,0.0,1,0,0.0,15.733548384356752,0.0006645076819004414,0,1.0,0.0,0.0,1,0.0,0,,"{""betweenness"": 0.055, ""degree"": 0.032, ""n_seed_upstream"": 0.058, ""role"": 0.121, ""seed_flow_kzt"": 0.029, ""temporal"": 0.032}"
100000002653948100,terminal,0.5,8,0.37217623801803335,"Вероятный конечный получатель: 1 плательщиков, получено 85 тыс., исходящих нет",3,False,1,0,85200.0,0.0,1,0,0.0,101.84484593582972,0.0011953620415003489,0,1.0,0.0,0.0,1,0.0,0,,"{""betweenness"": 0.055, ""degree"": 0.032, ""n_seed_upstream"": 0.058, ""role"": 0.121, ""seed_flow_kzt"": 0.066, ""temporal"": 0.032}"
100000008632060100,peripheral,0.5,3,0.39509059362289156,"Периферийный узел: 1 входящих, 9 исходящих, оборот 345 тыс.; есть источники вне выборки",3,False,1,9,6000.0,339200.0,1,12,56.53333333333333,4.697057676791822,1.3847457773560796e-05,0,0.0,0.0005036892962259762,0.0,1,0.0,4,cycles;external_funding,"{""betweenness"": 0.146, ""degree"": 0.096, ""n_seed_upstream"": 0.058, ""role"": 0.026, ""seed_flow_kzt"": 0.014, ""temporal"": 0.046}"
100000008746449100,peripheral,0.5,6,0.3899934579173422,"Периферийный узел: 1 входящих, 10 исходящих, оборот 1.02 млн; есть источники вне выборки",3,False,1,10,10000.0,1009000.0,1,10,100.9,5.218969528553998,5.1724177686362716e-06,0,0.0,0.00015851748110966993,0.0,1,0.09090909090909091,0,near_threshold;external_funding,"{""betweenness"": 0.143, ""degree"": 0.097, ""n_seed_upstream"": 0.058, ""role"": 0.026, ""seed_flow_kzt"": 0.015, ""temporal"": 0.044}"
100000003031761100,terminal,0.5,14,0.43600420968797104,"Вероятный конечный получатель: 1 плательщиков, получено 460 тыс., исходящих нет",3,False,1,0,460408.0,0.0,1,0,0.0,992.9615112482028,0.002156699082657562,0,1.0,0.0,0.0,1,0.0,0,,"{""betweenness"": 0.055, ""degree"": 0.032, ""n_seed_upstream"": 0.058, ""role"": 0.121, ""seed_flow_kzt"": 0.128, ""temporal"": 0.032}"
100000008388049100,terminal,0.5,15,0.3860568307876098,"Вероятный конечный получатель: 1 плательщиков, получено 496 тыс., исходящих нет",3,False,1,0,496400.0,0.0,1,0,0.0,159.2174863929833,0.0003207443319761952,0,1.0,0.0,0.0,1,0.0,0,,"{""betweenness"": 0.055, ""degree"": 0.032, ""n_seed_upstream"": 0.058, ""role"": 0.121, ""seed_flow_kzt"": 0.08, ""temporal"": 0.032}"
100000002677201100,peripheral,0.5,6,0.4355832408908609,"Периферийный узел: 1 входящих, 1 исходящих, оборот 238 тыс.",3,False,1,1,150000.0,87750.0,1,1,0.585,470.53015921051957,0.0031368677280701304,0,0.0,2.139985994980544e-05,0.0,1,0.0,0,,"{""betweenness"": 0.129, ""degree"": 0.07, ""n_seed_upstream"": 0.058, ""role"": 0.026, ""seed_flow_kzt"": 0.112, ""temporal"": 0.032}"
100000002901457100,peripheral,0.5,1,0.5064766618312142,"Периферийный узел: 1 входящих, 3 исходящих, оборот 459 тыс.",3,False,1,3,340000.0,119000.0,1,3,0.35,4124.342196064836,0.012130418223720105,0,0.0,7.569209722986739e-05,0.0,1,0.0,0,,"{""betweenness"": 0.138, ""degree"": 0.087, ""n_seed_upstream"": 0.058, ""role"": 0.026, ""seed_flow_kzt"": 0.154, ""temporal"": 0.032}"
100000001160401100,terminal,0.5,1,0.35124157351309837,"Вероятный конечный получатель: 1 плательщиков, получено 47 тыс., исходящих нет",3,False,1,0,47190.0,0.0,2,0,0.0,36.94235862796768,0.0007828429461319703,0,1.0,0.0,0.0,1,0.0,0,,"{""betweenness"": 0.055, ""degree"": 0.032, ""n_seed_upstream"": 0.058, ""role"": 0.121, ""seed_flow_kzt"": 0.045, ""temporal"": 0.032}"
100000002842321100,terminal,0.5,8,0.39208692436783565,"Вероятный конечный получатель: 1 плательщиков, получено 160 тыс., исходящих нет",3,False,1,0,160000.0,0.0,1,0,0.0,191.2579266400558,0.0011953620415003489,0,1.0,0.0,0.0,1,0.0,0,,"{""betweenness"": 0.055, ""degree"": 0.032, ""n_seed_upstream"": 0.058, ""role"": 0.121, ""seed_flow_kzt"": 0.085, ""temporal"": 0.032}"
100000002547110100,coordinator,0.5,6,0.6184998720027305,Кандидат в координирующий узел: 6 плательщиков → 0 получателей; сигналы S3,3,False,6,0,1500000.0,0.0,10,0,0.0,2351.373809264599,0.0015675825395097328,0,1.0,0.0,0.0,5,0.0,0,sync_in;consolidator;S3,"{""betweenness"": 0.055, ""degree"": 0.092, ""n_seed_upstream"": 0.058, ""role"": 0.198, ""seed_flow_kzt"": 0.144, ""temporal"": 0.057}"
100000001600934100,peripheral,0.5,1,0.43817163011633525,"Периферийный узел: 1 входящих, 1 исходящих, оборот 191 тыс.",3,False,1,1,180300.0,11000.0,2,1,0.06100942872989462,11453.040953778429,0.0635221350736463,0,0.0,0.0,0.0,1,0.0,1,cycles,"{""betweenness"": 0.055, ""degree"": 0.07, ""n_seed_upstream"": 0.058, ""role"": 0.026, ""seed_flow_kzt"": 0.175, ""temporal"": 0.044}"
100000002818726100,terminal,0.5,3,0.37763745484540767,"Вероятный конечный получатель: 1 плательщиков, получено 11 тыс., исходящих нет",3,False,1,0,10879.0,0.0,1,0,0.0,117.55705274466078,0.01080586935790613,0,1.0,0.0,0.0,1,0.0,0,,"{""betweenness"": 0.055, ""degree"": 0.032, ""n_seed_upstream"": 0.058, ""role"": 0.121, ""seed_flow_kzt"": 0.071, ""temporal"": 0.032}"
100000008712827100,terminal,0.5,9,0.3567027903404727,"Вероятный конечный получатель: 1 плательщиков, получено 76 тыс., исходящих нет",3,False,1,0,76000.0,0.0,1,0,0.0,50.50258382443355,0.0006645076819004414,0,1.0,0.0,0.0,1,0.0,0,,"{""betweenness"": 0.055, ""degree"": 0.032, ""n_seed_upstream"": 0.058, ""role"": 0.121, ""seed_flow_kzt"": 0.051, ""temporal"": 0.032}"
100000008259451100,terminal,0.5,12,0.36136757971385497,"Вероятный конечный получатель: 1 плательщиков, получено 55 тыс., исходящих нет",3,False,1,0,55000.0,0.0,1,0,0.0,60.81200296522726,0.0011056727811859502,0,1.0,0.0,0.0,1,0.0,0,,"{""betweenness"": 0.055, ""degree"": 0.032, ""n_seed_upstream"": 0.058, ""role"": 0.121, ""seed_flow_kzt"": 0.055, ""temporal"": 0.032}"
100000003060517100,terminal,0.5,8,0.43975879625679093,"Вероятный конечный получатель: 1 плательщиков, получено 316 тыс., исходящих нет",3,False,1,0,315955.0,0.0,1,0,0.0,1187.9367760576808,0.0037598290138079185,0,1.0,0.0,0.0,1,0.0,0,,"{""betweenness"": 0.055, ""degree"": 0.032, ""n_seed_upstream"": 0.058, ""role"": 0.121, ""seed_flow_kzt"": 0.132, ""temporal"": 0.032}"
100000002621434100,terminal,0.5,6,0.3722900133686036,"Вероятный конечный получатель: 1 плательщиков, получено 81 тыс., исходящих нет",3,False,1,0,81000.0,0.0,1,0,0.0,102.12007655037245,0.0012607416858070673,0,1.0,0.0,0.0,1,0.0,0,,"{""betweenness"": 0.055, ""degree"": 0.032, ""n_seed_upstream"": 0.058, ""role"": 0.121, ""seed_flow_kzt"": 0.066, ""temporal"": 0.032}"
100000001860090100,terminal,0.5,17,0.4296043462183918,"Вероятный конечный получатель: 1 плательщиков, получено 5 тыс., исходящих нет",3,False,1,0,5000.0,0.0,1,0,0.0,410.36756257808946,0.0820735125156179,0,1.0,0.0,0.0,1,1.0,0,near_threshold,"{""betweenness"": 0.055, ""degree"": 0.032, ""n_seed_upstream"": 0.058, ""role"": 0.121, ""seed_flow_kzt"": 0.108, ""temporal"": 0.047}"
100000004689658100,peripheral,0.5,14,0.4406234889211252,"Периферийный узел: 1 входящих, 1 исходящих, оборот 463 тыс.",3,False,1,1,456100.0,7092.0,1,1,0.015549221661916246,762.2465173699933,0.0016712267427537674,0,0.0,1.922024458454748e-05,0.0,1,0.0,0,,"{""betweenness"": 0.122, ""degree"": 0.07, ""n_seed_upstream"": 0.058, ""role"": 0.026, ""seed_flow_kzt"": 0.123, ""temporal"": 0.032}"
100000003486970100,terminal,0.5,8,0.3902665187587108,"Вероятный конечный получатель: 1 плательщиков, получено 150 тыс., исходящих нет",3,False,1,0,150000.0,0.0,1,0,0.0,179.30430622505233,0.0011953620415003489,0,1.0,0.0,0.0,1,0.0,0,,"{""betweenness"": 0.055, ""degree"": 0.032, ""n_seed_upstream"": 0.058, ""role"": 0.121, ""seed_flow_kzt"": 0.084, ""temporal"": 0.032}"
100000004659919100,peripheral,0.5,5,0.48318684756947405,"Периферийный узел: 1 входящих, 1 исходящих, оборот 149 тыс.",3,False,1,1,110000.0,39000.0,2,1,0.35454545454545455,4782.608695652174,0.043478260869565216,0,0.0,2.4173915869224665e-05,0.0,1,0.0,0,,"{""betweenness"": 0.13, ""degree"": 0.07, ""n_seed_upstream"": 0.058, ""role"": 0.026, ""seed_flow_kzt"": 0.156, ""temporal"": 0.032}"
100000006111439100,peripheral,0.5,3,0.41311829792075544,"Периферийный узел: 3 входящих, 4 исходящих, оборот 45 тыс.",3,False,3,4,20570.0,24000.0,3,4,1.166747690811862,49.71758959686141,0.0020715662332025588,0,0.0,6.340699244386797e-06,0.0,1,0.7142857142857143,1,near_threshold;cycles,"{""betweenness"": 0.118, ""degree"": 0.094, ""n_seed_upstream"": 0.058, ""role"": 0.026, ""seed_flow_kzt"": 0.05, ""temporal"": 0.058}"
100000002521039100,terminal,0.5,13,0.40562619108570125,"Вероятный конечный получатель: 1 плательщиков, получено 349 тыс., исходящих нет",3,False,1,0,349370.0,0.0,1,0,0.0,295.7216445496038,0.0008464425810733715,0,1.0,0.0,0.0,1,0.0,0,,"{""betweenness"": 0.055, ""degree"": 0.032, ""n_seed_upstream"": 0.058, ""role"": 0.121, ""seed_flow_kzt"": 0.099, ""temporal"": 0.032}"
100000008493007100,transit,0.6014716886570399,9,0.5211536820547829,"Признаки транзита: получено 26 тыс., отдано 100%, медиана задержки 1 дн., 1→1 контрагента",3,False,1,1,26150.0,26150.0,1,1,1.0,17.376875881696545,0.0006645076819004415,0,0.0,1.387027959709612e-06,1.0,1,0.0,0,fast_pass,"{""betweenness"": 0.115, ""degree"": 0.07, ""n_seed_upstream"": 0.058, ""role"": 0.189, ""seed_flow_kzt"": 0.032, ""temporal"": 0.046}"
100000007793871100,terminal,0.5,7,0.4088119009016696,"Вероятный конечный получатель: 1 плательщиков, получено 26 тыс., исходящих нет",3,False,1,0,26000.0,0.0,3,0,0.0,323.7234571045298,0.01245090219632807,0,1.0,0.0,0.0,1,0.0,0,,"{""betweenness"": 0.055, ""degree"": 0.032, ""n_seed_upstream"": 0.058, ""role"": 0.121, ""seed_flow_kzt"": 0.102, ""temporal"": 0.032}"
100000001650895100,peripheral,0.5,7,0.3965469181101914,"Периферийный узел: 1 входящих, 1 исходящих, оборот 164 тыс.",3,False,1,1,153500.0,10000.0,1,1,0.06514657980456026,123.69875590170545,0.0008058550873075274,0,0.0,2.19943005039667e-05,0.0,1,0.0,0,,"{""betweenness"": 0.129, ""degree"": 0.07, ""n_seed_upstream"": 0.058, ""role"": 0.026, ""seed_flow_kzt"": 0.073, ""temporal"": 0.032}"
100000002567887100,terminal,0.5,8,0.36148135506442525,"Вероятный конечный получатель: 1 плательщиков, получено 51 тыс., исходящих нет",3,False,1,0,50915.0,0.0,1,0,0.0,60.86185834299027,0.0011953620415003489,0,1.0,0.0,0.0,1,0.0,0,,"{""betweenness"": 0.055, ""degree"": 0.032, ""n_seed_upstream"": 0.058, ""role"": 0.121, ""seed_flow_kzt"": 0.055, ""temporal"": 0.032}"
100000008055972100,terminal,0.5,9,0.33895383565150605,"Вероятный конечный получатель: 1 плательщиков, получено 28 тыс., исходящих нет",3,False,1,0,28300.0,0.0,1,0,0.0,18.805567397782493,0.0006645076819004414,0,1.0,0.0,0.0,1,0.0,0,,"{""betweenness"": 0.055, ""degree"": 0.032, ""n_seed_upstream"": 0.058, ""role"": 0.121, ""seed_flow_kzt"": 0.033, ""temporal"": 0.032}"
100000008684452100,terminal,0.5,9,0.3495349432545439,"Вероятный конечный получатель: 1 плательщиков, получено 52 тыс., исходящих нет",3,False,1,0,51800.0,0.0,1,0,0.0,34.42149792244287,0.0006645076819004414,0,1.0,0.0,0.0,1,0.0,0,,"{""betweenness"": 0.055, ""degree"": 0.032, ""n_seed_upstream"": 0.058, ""role"": 0.121, ""seed_flow_kzt"": 0.044, ""temporal"": 0.032}"
100000000764836100,peripheral,0.5,1,0.4785220581960917,"Периферийный узел: 1 входящих, 2 исходящих, оборот 302 тыс.",3,False,1,2,251716.0,50000.0,1,2,0.1986365586613485,1674.2899080253592,0.006651503710631661,0,0.0,3.844048916909496e-05,0.0,1,0.0,0,,"{""betweenness"": 0.132, ""degree"": 0.081, ""n_seed_upstream"": 0.058, ""role"": 0.026, ""seed_flow_kzt"": 0.139, ""temporal"": 0.032}"
100000003072676100,terminal,0.5,8,0.37786500554654834,"Вероятный конечный получатель: 1 плательщиков, получено 32 тыс., исходящих нет",3,False,1,0,31545.0,0.0,1,0,0.0,118.60380624057078,0.003759829013807918,0,1.0,0.0,0.0,1,0.0,0,,"{""betweenness"": 0.055, ""degree"": 0.032, ""n_seed_upstream"": 0.058, ""role"": 0.121, ""seed_flow_kzt"": 0.072, ""temporal"": 0.032}"
100000008757369100,peripheral,0.5,1,0.4159342378473703,"Периферийный узел: 1 входящих, 1 исходящих, оборот 84 тыс.; есть источники вне выборки",3,False,1,1,25961.0,58398.0,1,3,2.249451099726513,125.9098271433375,0.002156064028619773,0,0.0,1.922024458454748e-05,1.0,1,0.25,0,fast_pass;near_threshold;external_funding,"{""betweenness"": 0.122, ""degree"": 0.07, ""n_seed_upstream"": 0.058, ""role"": 0.026, ""seed_flow_kzt"": 0.073, ""temporal"": 0.058}"
100000007618425100,terminal,0.5,8,0.3844639758796256,"Вероятный конечный получатель: 1 плательщиков, получено 39 тыс., исходящих нет",3,False,1,0,39348.0,0.0,1,0,0.0,147.94175203531395,0.003759829013807918,0,1.0,0.0,0.0,1,0.0,0,,"{""betweenness"": 0.055, ""degree"": 0.032, ""n_seed_upstream"": 0.058, ""role"": 0.121, ""seed_flow_kzt"": 0.078, ""temporal"": 0.032}"
100000004671609100,terminal,0.5,6,0.41177006001649735,"Вероятный конечный получатель: 1 плательщиков, получено 100 тыс., исходящих нет",3,False,1,0,100000.0,0.0,1,0,0.0,357.36761301053656,0.0035736761301053657,0,1.0,0.0,0.0,1,0.0,0,,"{""betweenness"": 0.055, ""degree"": 0.032, ""n_seed_upstream"": 0.058, ""role"": 0.121, ""seed_flow_kzt"": 0.105, ""temporal"": 0.032}"
100000004676985100,transit,0.5002951588844095,13,0.5225644964018545,"Признаки транзита: получено 32 тыс., отдано 84%, 1→1 контрагента",3,False,1,1,32260.0,27102.0,1,1,0.8401115933044018,27.306237665426966,0.0008464425810733716,0,0.0,1.922024458454748e-05,0.0,1,0.0,0,,"{""betweenness"": 0.122, ""degree"": 0.07, ""n_seed_upstream"": 0.058, ""role"": 0.189, ""seed_flow_kzt"": 0.04, ""temporal"": 0.032}"
100000002531406100,transit,0.5011886716076092,14,0.6078163665841796,"Признаки транзита: получено 520 тыс., отдано 96%, 1→1 контрагента",3,False,1,1,520000.0,500000.0,1,1,0.9615384615384616,1121.4835229819323,0.002156699082657562,0,0.0,7.925874055483496e-07,0.0,1,0.0,0,,"{""betweenness"": 0.114, ""degree"": 0.07, ""n_seed_upstream"": 0.058, ""role"": 0.189, ""seed_flow_kzt"": 0.132, ""temporal"": 0.032}"
100000002877262100,terminal,0.5,6,0.3576129931450351,"Вероятный конечный получатель: 1 плательщиков, получено 100 тыс., исходящих нет",3,False,1,0,100000.0,0.0,1,0,0.0,52.18969528553998,0.0005218969528553998,0,1.0,0.0,0.0,1,0.0,0,,"{""betweenness"": 0.055, ""degree"": 0.032, ""n_seed_upstream"": 0.058, ""role"": 0.121, ""seed_flow_kzt"": 0.052, ""temporal"": 0.032}"
100000007591246100,peripheral,0.5,2,0.3942372784936143,"Периферийный узел: 1 входящих, 1 исходящих, оборот 132 тыс.; есть источники вне выборки",3,False,1,1,12190.0,120000.0,1,1,9.844134536505333,195.91624743566086,0.0016326353952971738,0,0.0,7.925874055483496e-07,0.0,1,0.0,0,external_funding,"{""betweenness"": 0.114, ""degree"": 0.07, ""n_seed_upstream"": 0.058, ""role"": 0.026, ""seed_flow_kzt"": 0.086, ""temporal"": 0.032}"
100000008712184100,terminal,0.5,9,0.33121711181272573,"Вероятный конечный получатель: 1 плательщиков, получено 18 тыс., исходящих нет",3,False,1,0,18000.0,0.0,1,0,0.0,11.961138274207945,0.0006645076819004414,0,1.0,0.0,0.0,1,0.0,0,,"{""betweenness"": 0.055, ""degree"": 0.032, ""n_seed_upstream"": 0.058, ""role"": 0.121, ""seed_flow_kzt"": 0.026, ""temporal"": 0.032}"
100000002975437100,peripheral,0.5,30,0.4073385101117843,"Периферийный узел: 1 входящих, 1 исходящих, оборот 538 тыс.",3,False,1,1,530000.0,8500.0,2,1,0.016037735849056604,2436.6242715496537,0.004597404285942743,0,0.0,0.0,0.0,1,0.0,1,cycles,"{""betweenness"": 0.055, ""degree"": 0.07, ""n_seed_upstream"": 0.058, ""role"": 0.026, ""seed_flow_kzt"": 0.145, ""temporal"": 0.044}"
100000005008589100,terminal,0.5,1,0.34907984185226265,"Вероятный конечный получатель: 1 плательщиков, получено 43 тыс., исходящих нет",3,False,1,0,42806.68,0.0,1,0,0.0,33.51090748532849,0.0007828429461319703,0,1.0,0.0,0.0,1,0.0,0,,"{""betweenness"": 0.055, ""degree"": 0.032, ""n_seed_upstream"": 0.058, ""role"": 0.121, ""seed_flow_kzt"": 0.043, ""temporal"": 0.032}"
100000000782285100,terminal,0.5,3,0.38105071536251667,"Вероятный конечный получатель: 1 плательщиков, получено 6 тыс., исходящих нет",3,False,1,0,6151.0,0.0,1,0,0.0,131.62826092813646,0.02139948966479214,0,1.0,0.0,0.0,1,0.0,0,,"{""betweenness"": 0.055, ""degree"": 0.032, ""n_seed_upstream"": 0.058, ""role"": 0.121, ""seed_flow_kzt"": 0.075, ""temporal"": 0.032}"
100000005198498100,terminal,0.5,9,0.3394089370537873,"Вероятный конечный получатель: 1 плательщиков, получено 29 тыс., исходящих нет",3,False,1,0,28800.0,0.0,1,0,0.0,19.137821238732712,0.0006645076819004414,0,1.0,0.0,0.0,1,0.0,0,,"{""betweenness"": 0.055, ""degree"": 0.032, ""n_seed_upstream"": 0.058, ""role"": 0.121, ""seed_flow_kzt"": 0.034, ""temporal"": 0.032}"
100000008517538100,peripheral,0.5,6,0.4795972352589811,"Периферийный узел: 3 входящих, 17 исходящих, оборот 1.59 млн; есть источники вне выборки",3,False,3,17,155500.0,1439000.0,6,18,9.254019292604502,211.6878442518409,0.00014710760545645648,0,0.0,0.00019695797027876488,0.17041800643086816,1,0.08333333333333333,0,near_threshold;external_funding,"{""betweenness"": 0.144, ""degree"": 0.099, ""n_seed_upstream"": 0.058, ""role"": 0.026, ""seed_flow_kzt"": 0.088, ""temporal"": 0.055}"
100000005756535100,terminal,0.5,4,0.4105754188355093,"Вероятный конечный получатель: 1 плательщиков, получено 20 тыс., исходящих нет",3,False,1,0,20000.0,0.0,1,0,0.0,343.70020727351647,0.017185010363675823,0,1.0,0.0,0.0,1,0.0,0,,"{""betweenness"": 0.055, ""degree"": 0.032, ""n_seed_upstream"": 0.058, ""role"": 0.121, ""seed_flow_kzt"": 0.103, ""temporal"": 0.032}"
100000004917367100,terminal,0.5,8,0.4514321472253036,"Вероятный конечный получатель: 2 плательщиков, получено 120 тыс., исходящих нет",3,False,2,0,120000.0,0.0,2,0,0.0,362.14456862443694,0.003017871405203641,0,1.0,0.0,0.0,1,0.0,0,,"{""betweenness"": 0.055, ""degree"": 0.07, ""n_seed_upstream"": 0.058, ""role"": 0.121, ""seed_flow_kzt"": 0.105, ""temporal"": 0.032}"
100000001222263100,peripheral,0.5,8,0.45644964018545375,"Периферийный узел: 1 входящих, 1 исходящих, оборот 1.17 млн",3,False,1,1,745570.0,420000.0,1,5,0.5633273870998028,891.2260772814151,0.0011953620415003489,0,0.0,1.922024458454748e-05,0.0,1,0.3333333333333333,0,near_threshold,"{""betweenness"": 0.122, ""degree"": 0.07, ""n_seed_upstream"": 0.058, ""role"": 0.026, ""seed_flow_kzt"": 0.126, ""temporal"": 0.045}"
100000001149815100,terminal,0.5,9,0.3233666126233751,"Вероятный конечный получатель: 1 плательщиков, получено 12 тыс., исходящих нет",3,False,1,0,12000.0,0.0,1,0,0.0,7.974092182805297,0.0006645076819004414,0,1.0,0.0,0.0,1,0.0,0,,"{""betweenness"": 0.055, ""degree"": 0.032, ""n_seed_upstream"": 0.058, ""role"": 0.121, ""seed_flow_kzt"": 0.018, ""temporal"": 0.032}"
100000006020215100,transit,0.502403758139832,3,0.6125266660977898,"Признаки транзита: получено 30 тыс., отдано 113%, 1→2 контрагента",3,False,1,2,30000.0,33800.0,1,2,1.1266666666666667,324.1760807371839,0.009591008305833842,0,0.0,5.785888060502952e-05,0.0,1,0.0,0,,"{""betweenness"": 0.137, ""degree"": 0.081, ""n_seed_upstream"": 0.058, ""role"": 0.189, ""seed_flow_kzt"": 0.102, ""temporal"": 0.032}"
100000000673868100,peripheral,0.5,15,0.5182353443126546,"Периферийный узел: 1 входящих, 5 исходящих, оборот 2.41 млн",3,False,1,5,2030650.0,383000.0,5,19,0.18860955851574618,3350.610248543156,0.0016500185893891888,0,0.0,4.1016398237127094e-05,0.0,1,0.0,2,cycles,"{""betweenness"": 0.135, ""degree"": 0.092, ""n_seed_upstream"": 0.058, ""role"": 0.026, ""seed_flow_kzt"": 0.151, ""temporal"": 0.045}"
100000008749900100,terminal,0.5,9,0.32894160480131973,"Вероятный конечный получатель: 1 плательщиков, получено 17 тыс., исходящих нет",3,False,1,0,17150.0,0.0,1,0,0.0,11.39630674459257,0.0006645076819004414,0,1.0,0.0,0.0,1,0.0,0,,"{""betweenness"": 0.055, ""degree"": 0.032, ""n_seed_upstream"": 0.058, ""role"": 0.121, ""seed_flow_kzt"": 0.024, ""temporal"": 0.032}"
100000002862113100,terminal,0.5,12,0.3578405438461757,"Вероятный конечный получатель: 1 плательщиков, получено 47 тыс., исходящих нет",3,False,1,0,47405.0,0.0,2,0,0.0,52.41441819211997,0.0011056727811859502,0,1.0,0.0,0.0,1,0.0,0,,"{""betweenness"": 0.055, ""degree"": 0.032, ""n_seed_upstream"": 0.058, ""role"": 0.121, ""seed_flow_kzt"": 0.052, ""temporal"": 0.032}"
100000001066017100,peripheral,0.5,13,0.47347043263077043,"Периферийный узел: 2 входящих, 4 исходящих, оборот 219 тыс.",3,False,2,4,136123.0,82500.0,3,4,0.6060695106631503,556.6832825307187,0.004089560783487865,0,0.0,7.688097833818992e-05,0.0,1,0.0,0,,"{""betweenness"": 0.138, ""degree"": 0.092, ""n_seed_upstream"": 0.058, ""role"": 0.026, ""seed_flow_kzt"": 0.116, ""temporal"": 0.032}"
100000008436257100,terminal,0.5,18,0.43823420655914885,"Вероятный конечный получатель: 2 плательщиков, получено 35 тыс., исходящих нет",3,False,2,0,35000.0,0.0,2,0,0.0,235.81561284115256,0.006737588938318644,0,1.0,0.0,0.0,2,0.0,0,,"{""betweenness"": 0.055, ""degree"": 0.07, ""n_seed_upstream"": 0.058, ""role"": 0.121, ""seed_flow_kzt"": 0.092, ""temporal"": 0.032}"
100000003016438100,peripheral,0.5,6,0.45592627357283044,"Периферийный узел: 1 входящих, 1 исходящих, оборот 500 тыс.; есть источники вне выборки",3,False,1,1,200000.0,300000.0,1,3,1.5,627.373545614026,0.0020912451520467535,0,0.0,2.139985994980544e-05,1.0,1,0.0,0,fast_pass;external_funding,"{""betweenness"": 0.129, ""degree"": 0.07, ""n_seed_upstream"": 0.058, ""role"": 0.026, ""seed_flow_kzt"": 0.118, ""temporal"": 0.046}"
100000002534091100,terminal,0.5,5,0.39982364820661603,"Вероятный конечный получатель: 1 плательщиков, получено 22 тыс., исходящих нет",3,False,1,0,22200.0,0.0,1,0,0.0,241.26331308397863,0.010867716805584623,0,1.0,0.0,0.0,1,0.0,0,,"{""betweenness"": 0.055, ""degree"": 0.032, ""n_seed_upstream"": 0.058, ""role"": 0.121, ""seed_flow_kzt"": 0.093, ""temporal"": 0.032}"
100000006882208100,terminal,0.5,2,0.49380208777768286,"Вероятный конечный получатель: 1 плательщиков, получено 18 тыс., исходящих нет",3,False,1,0,18000.0,0.0,1,0,0.0,16419.20876276626,0.9121782645981255,0,1.0,0.0,0.0,1,0.0,0,,"{""betweenness"": 0.055, ""degree"": 0.032, ""n_seed_upstream"": 0.058, ""role"": 0.121, ""seed_flow_kzt"": 0.185, ""temporal"": 0.032}"
100000005362848100,terminal,0.5,7,0.3968654890917882,"Вероятный конечный получатель: 1 плательщиков, получено 29 тыс., исходящих нет",3,False,1,0,29000.0,0.0,1,0,0.0,223.76757600821614,0.007716123310628143,0,1.0,0.0,0.0,1,0.0,0,,"{""betweenness"": 0.055, ""degree"": 0.032, ""n_seed_upstream"": 0.058, ""role"": 0.121, ""seed_flow_kzt"": 0.09, ""temporal"": 0.032}"
100000001073568100,peripheral,0.5,12,0.46488039366271294,"Периферийный узел: 1 входящих, 2 исходящих, оборот 927 тыс.",3,False,1,2,707465.0,219503.0,4,3,0.31026693900051594,782.2247941417182,0.0011056727811859502,0,0.0,1.922024458454748e-05,0.26429576021428625,1,0.0,0,,"{""betweenness"": 0.122, ""degree"": 0.081, ""n_seed_upstream"": 0.058, ""role"": 0.026, ""seed_flow_kzt"": 0.124, ""temporal"": 0.044}"
100000008687733100,terminal,0.5,9,0.32677987314048407,"Вероятный конечный получатель: 1 плательщиков, получено 15 тыс., исходящих нет",3,False,1,0,14650.0,0.0,1,0,0.0,9.735037539841468,0.0006645076819004414,0,1.0,0.0,0.0,1,0.0,0,,"{""betweenness"": 0.055, ""degree"": 0.032, ""n_seed_upstream"": 0.058, ""role"": 0.121, ""seed_flow_kzt"": 0.022, ""temporal"": 0.032}"
100000007229557100,terminal,0.5,6,0.5328042779531813,"Вероятный конечный получатель: 3 плательщиков, получено 878 тыс., исходящих нет",3,False,3,0,878000.0,0.0,3,0,0.0,2933.708094365312,0.003341353182648419,0,1.0,0.0,0.0,3,0.0,0,sync_in,"{""betweenness"": 0.055, ""degree"": 0.081, ""n_seed_upstream"": 0.058, ""role"": 0.121, ""seed_flow_kzt"": 0.149, ""temporal"": 0.057}"
100000001052789100,terminal,0.5,19,0.4217822908666837,"Вероятный конечный получатель: 1 плательщиков, получено 71 тыс., исходящих нет",3,False,1,0,70975.0,0.0,1,0,0.0,526.5050555866942,0.007418176197065082,0,1.0,0.0,0.0,1,0.0,0,,"{""betweenness"": 0.055, ""degree"": 0.032, ""n_seed_upstream"": 0.058, ""role"": 0.121, ""seed_flow_kzt"": 0.114, ""temporal"": 0.032}"
100000006967370100,peripheral,0.5,8,0.38942458116449064,"Периферийный узел: 1 входящих, 1 исходящих, оборот 47 тыс.",3,False,1,1,33225.0,13526.27,1,1,0.40711121143717083,124.92031898376808,0.003759829013807918,0,0.0,1.922024458454748e-05,0.0,1,0.0,0,,"{""betweenness"": 0.122, ""degree"": 0.07, ""n_seed_upstream"": 0.058, ""role"": 0.026, ""seed_flow_kzt"": 0.073, ""temporal"": 0.032}"
100000001837130100,terminal,0.5,1,0.43224962311915116,"Вероятный конечный получатель: 1 плательщиков, получено 173 тыс., исходящих нет",3,False,1,0,172900.0,0.0,1,0,0.0,838.5581877848717,0.004849960600259524,0,1.0,0.0,0.0,1,0.0,0,,"{""betweenness"": 0.055, ""degree"": 0.032, ""n_seed_upstream"": 0.058, ""role"": 0.121, ""seed_flow_kzt"": 0.125, ""temporal"": 0.032}"
100000005820746100,peripheral,0.5,11,0.486412378758142,"Периферийный узел: 1 входящих, 1 исходящих, оборот 2.05 млн",3,False,1,1,1989000.0,60000.0,2,1,0.030165912518853696,60426.90615887848,0.030380546082895164,0,0.0,0.0,0.0,1,0.0,1,cycles,"{""betweenness"": 0.055, ""degree"": 0.07, ""n_seed_upstream"": 0.058, ""role"": 0.026, ""seed_flow_kzt"": 0.223, ""temporal"": 0.044}"
100000002883402100,terminal,0.5,6,0.44954347640583664,"Вероятный конечный получатель: 3 плательщиков, получено 300 тыс., исходящих нет",3,False,3,0,300000.0,0.0,3,0,0.0,235.05355029001734,0.0007835118343000578,0,1.0,0.0,0.0,1,0.0,0,,"{""betweenness"": 0.055, ""degree"": 0.081, ""n_seed_upstream"": 0.058, ""role"": 0.121, ""seed_flow_kzt"": 0.092, ""temporal"": 0.032}"
100000008582730100,transit,0.6014716886570399,19,0.5229058224535654,"Признаки транзита: получено 5 тыс., отдано 100%, медиана задержки 0 дн., 1→1 контрагента",3,False,1,1,5000.0,5000.0,1,1,1.0,105.78377194400825,0.02115675438880165,0,0.0,0.0,1.0,1,1.0,1,fast_pass;near_threshold;cycles,"{""betweenness"": 0.055, ""degree"": 0.07, ""n_seed_upstream"": 0.058, ""role"": 0.189, ""seed_flow_kzt"": 0.067, ""temporal"": 0.072}"
100000003116106100,terminal,0.5,8,0.42439912392980056,"Вероятный конечный получатель: 1 плательщиков, получено 494 тыс., исходящих нет",3,False,1,0,494050.0,0.0,2,0,0.0,590.5686166032474,0.0011953620415003489,0,1.0,0.0,0.0,1,0.0,0,,"{""betweenness"": 0.055, ""degree"": 0.032, ""n_seed_upstream"": 0.058, ""role"": 0.121, ""seed_flow_kzt"": 0.117, ""temporal"": 0.032}"
100000001818442100,terminal,0.5,7,0.4090394516028102,"Вероятный конечный получатель: 1 плательщиков, получено 42 тыс., исходящих нет",3,False,1,0,42215.0,0.0,1,0,0.0,325.73614555816704,0.007716123310628142,0,1.0,0.0,0.0,1,0.0,0,,"{""betweenness"": 0.055, ""degree"": 0.032, ""n_seed_upstream"": 0.058, ""role"": 0.121, ""seed_flow_kzt"": 0.102, ""temporal"": 0.032}"
100000008690762100,terminal,0.5,9,0.33815740819751394,"Вероятный конечный получатель: 1 плательщиков, получено 27 тыс., исходящих нет",3,False,1,0,26750.0,0.0,1,0,0.0,17.77558049083681,0.0006645076819004414,0,1.0,0.0,0.0,1,0.0,0,,"{""betweenness"": 0.055, ""degree"": 0.032, ""n_seed_upstream"": 0.058, ""role"": 0.121, ""seed_flow_kzt"": 0.033, ""temporal"": 0.032}"
100000008712991100,terminal,0.5,9,0.35454105867963703,"Вероятный конечный получатель: 1 плательщиков, получено 66 тыс., исходящих нет",3,False,1,0,66100.0,0.0,1,0,0.0,43.92395777361918,0.0006645076819004414,0,1.0,0.0,0.0,1,0.0,0,,"{""betweenness"": 0.055, ""degree"": 0.032, ""n_seed_upstream"": 0.058, ""role"": 0.121, ""seed_flow_kzt"": 0.049, ""temporal"": 0.032}"
100000003292191100,terminal,0.5,6,0.3444150524788804,"Вероятный конечный получатель: 1 плательщиков, получено 112 тыс., исходящих нет",3,False,1,0,112000.0,0.0,1,0,0.0,26.071712914888945,0.00023278315102579416,0,1.0,0.0,0.0,1,0.0,0,,"{""betweenness"": 0.055, ""degree"": 0.032, ""n_seed_upstream"": 0.058, ""role"": 0.121, ""seed_flow_kzt"": 0.039, ""temporal"": 0.032}"
100000005367284100,peripheral,0.5,1,0.4330460505731432,"Периферийный узел: 1 входящих, 2 исходящих, оборот 62 тыс.; есть источники вне выборки",3,False,1,2,13700.0,48300.0,1,5,3.5255474452554743,166.1867296649654,0.003440719040682514,0,0.0,3.844048916909496e-05,1.0,1,0.0,0,fast_pass;external_funding,"{""betweenness"": 0.132, ""degree"": 0.081, ""n_seed_upstream"": 0.058, ""role"": 0.026, ""seed_flow_kzt"": 0.081, ""temporal"": 0.046}"
100000003216073100,peripheral,0.5,14,0.36886537531643765,"Периферийный узел: 1 входящих, 1 исходящих, оборот 107 тыс.; есть источники вне выборки",3,False,1,1,37001.0,70000.0,1,1,1.891840761060512,79.80002275741245,0.001140000325105892,0,0.0,7.925874055483496e-07,0.0,1,0.0,0,external_funding,"{""betweenness"": 0.114, ""degree"": 0.07, ""n_seed_upstream"": 0.058, ""role"": 0.026, ""seed_flow_kzt"": 0.061, ""temporal"": 0.032}"
100000006169033100,peripheral,0.5,8,0.4881986517620957,"Периферийный узел: 1 входящих, 3 исходящих, оборот 1.19 млн; есть источники вне выборки",3,False,1,3,49000.0,1140271.0,1,10,23.270836734693876,1005.1578513084653,0.0008815078619981261,0,0.0,3.923307657464331e-05,0.0,1,0.0,1,cycles;external_funding,"{""betweenness"": 0.134, ""degree"": 0.087, ""n_seed_upstream"": 0.058, ""role"": 0.026, ""seed_flow_kzt"": 0.129, ""temporal"": 0.044}"
100000004407753100,peripheral,0.5,21,0.4221634382910942,"Периферийный узел: 1 входящих, 1 исходящих, оборот 350 тыс.",3,False,1,1,250000.0,100000.0,4,1,0.4,2760.2006712563616,0.011040802685025447,0,0.0,0.0,0.4,1,0.0,1,cycles,"{""betweenness"": 0.055, ""degree"": 0.07, ""n_seed_upstream"": 0.058, ""role"": 0.026, ""seed_flow_kzt"": 0.148, ""temporal"": 0.056}"
100000004420041100,peripheral,0.5,10,0.4873453366328184,"Периферийный узел: 1 входящих, 7 исходящих, оборот 721 тыс.; есть источники вне выборки",3,False,1,7,69638.0,651830.0,1,11,9.360263074758034,463.1974154009676,0.0007106107656919252,0,0.0,0.00016426373979989547,0.0,1,0.16666666666666666,0,near_threshold;external_funding,"{""betweenness"": 0.143, ""degree"": 0.095, ""n_seed_upstream"": 0.058, ""role"": 0.026, ""seed_flow_kzt"": 0.111, ""temporal"": 0.044}"
100000004715209100,peripheral,0.5,29,0.4109394999573342,"Периферийный узел: 1 входящих, 5 исходящих, оборот 355 тыс.; есть источники вне выборки",3,False,1,5,5000.0,350450.0,1,17,70.09,17.061380192304718,4.8684206569566896e-05,0,0.0,7.767356574373826e-05,0.0,1,0.2777777777777778,1,near_threshold;cycles;external_funding,"{""betweenness"": 0.139, ""degree"": 0.092, ""n_seed_upstream"": 0.058, ""role"": 0.026, ""seed_flow_kzt"": 0.031, ""temporal"": 0.057}"
100000004580254100,terminal,0.5,18,0.41604801319794066,"Вероятный конечный получатель: 2 плательщиков, получено 28 тыс., исходящих нет",3,False,2,0,27940.0,0.0,2,0,0.0,115.63628464855262,0.004138736028938891,0,1.0,0.0,0.0,1,0.0,0,,"{""betweenness"": 0.055, ""degree"": 0.07, ""n_seed_upstream"": 0.058, ""role"": 0.121, ""seed_flow_kzt"": 0.071, ""temporal"": 0.032}"
100000001056414100,terminal,0.5,15,0.3676252239952214,"Вероятный конечный получатель: 1 плательщиков, получено 250 тыс., исходящих нет",3,False,1,0,250000.0,0.0,1,0,0.0,80.1860829940488,0.0003207443319761952,0,1.0,0.0,0.0,1,0.0,0,,"{""betweenness"": 0.055, ""degree"": 0.032, ""n_seed_upstream"": 0.058, ""role"": 0.121, ""seed_flow_kzt"": 0.061, ""temporal"": 0.032}"
100000008686494100,terminal,0.5,9,0.32797451432147223,"Вероятный конечный получатель: 1 плательщиков, получено 16 тыс., исходящих нет",3,False,1,0,15700.0,0.0,1,0,0.0,10.43277060583693,0.0006645076819004414,0,1.0,0.0,0.0,1,0.0,0,,"{""betweenness"": 0.055, ""degree"": 0.032, ""n_seed_upstream"": 0.058, ""role"": 0.121, ""seed_flow_kzt"": 0.023, ""temporal"": 0.032}"
100000002822472100,terminal,0.5,15,0.42025770116904165,"Вероятный конечный получатель: 2 плательщиков, получено 267 тыс., исходящих нет",3,False,2,0,266722.0,0.0,2,0,0.0,132.17981409555864,0.000495571471777951,0,1.0,0.0,0.0,1,0.0,0,,"{""betweenness"": 0.055, ""degree"": 0.07, ""n_seed_upstream"": 0.058, ""role"": 0.121, ""seed_flow_kzt"": 0.075, ""temporal"": 0.032}"
100000001831496100,peripheral,0.5,10,0.35053616633956247,"Периферийный узел: 1 входящих, 1 исходящих, оборот 398 тыс.; есть источники вне выборки",3,False,1,1,25000.0,373000.0,1,1,14.92,27.641819529648753,7.410675477117628e-05,0,0.0,2.972202770806311e-06,0.0,1,0.0,0,external_funding,"{""betweenness"": 0.117, ""degree"": 0.07, ""n_seed_upstream"": 0.058, ""role"": 0.026, ""seed_flow_kzt"": 0.04, ""temporal"": 0.032}"
100000008732488100,peripheral,0.5,1,0.4440367494382341,"Периферийный узел: 1 входящих, 1 исходящих, оборот 147 тыс.",3,False,1,1,137000.0,10000.0,1,1,0.072992700729927,911.2560083565376,0.006651503710631661,0,0.0,1.922024458454748e-05,0.0,1,0.0,0,,"{""betweenness"": 0.122, ""degree"": 0.07, ""n_seed_upstream"": 0.058, ""role"": 0.026, ""seed_flow_kzt"": 0.127, ""temporal"": 0.032}"
100000004007197100,terminal,0.5,23,0.34270842222032594,"Вероятный конечный получатель: 1 плательщиков, получено 10 тыс., исходящих нет",3,False,1,0,10048.0,0.0,1,0,0.0,23.68368133778384,0.002357054273266704,0,1.0,0.0,0.0,1,0.0,0,,"{""betweenness"": 0.055, ""degree"": 0.032, ""n_seed_upstream"": 0.058, ""role"": 0.121, ""seed_flow_kzt"": 0.037, ""temporal"": 0.032}"
100000002815005100,terminal,0.5,6,0.4221236169183946,"Вероятный конечный получатель: 1 плательщиков, получено 476 тыс., исходящих нет",3,False,1,0,476500.0,0.0,1,0,0.0,535.7107462541519,0.0011242617969656912,0,1.0,0.0,0.0,1,0.0,0,,"{""betweenness"": 0.055, ""degree"": 0.032, ""n_seed_upstream"": 0.058, ""role"": 0.121, ""seed_flow_kzt"": 0.115, ""temporal"": 0.032}"
100000005756189100,peripheral,0.5,8,0.3903689165742241,"Периферийный узел: 1 входящих, 1 исходящих, оборот 114 тыс.",3,False,1,1,65000.0,49050.0,1,1,0.7546153846153846,77.69853269752268,0.0011953620415003489,0,0.0,1.922024458454748e-05,1.0,1,0.0,0,fast_pass,"{""betweenness"": 0.122, ""degree"": 0.07, ""n_seed_upstream"": 0.058, ""role"": 0.026, ""seed_flow_kzt"": 0.061, ""temporal"": 0.046}"
100000004877085100,peripheral,0.5,3,0.47087635463776767,"Периферийный узел: 1 входящих, 3 исходящих, оборот 121 тыс.; есть источники вне выборки",3,False,1,3,25000.0,95600.0,1,9,3.824,270.1467339476532,0.002825802656356205,0,0.0,5.7660733753642434e-05,1.0,1,0.2,0,fast_pass;near_threshold;external_funding,"{""betweenness"": 0.136, ""degree"": 0.087, ""n_seed_upstream"": 0.058, ""role"": 0.026, ""seed_flow_kzt"": 0.096, ""temporal"": 0.058}"
100000002713074100,peripheral,0.5,8,0.4730949739738885,"Периферийный узел: 2 входящих, 1 исходящих, оборот 1.13 млн",3,False,2,1,700000.0,430000.0,2,2,0.6142857142857143,2306.6297876740277,0.003295185410962897,0,0.0,1.922024458454748e-05,0.0,2,0.0,0,,"{""betweenness"": 0.122, ""degree"": 0.081, ""n_seed_upstream"": 0.058, ""role"": 0.026, ""seed_flow_kzt"": 0.144, ""temporal"": 0.032}"
100000002356167100,peripheral,0.5,8,0.45641550758028265,"Периферийный узел: 1 входящих, 2 исходящих, оборот 330 тыс.",3,False,1,2,300000.0,29500.0,1,3,0.09833333333333333,358.60861245010466,0.0011953620415003489,0,0.0,3.844048916909496e-05,0.0,1,0.25,0,near_threshold,"{""betweenness"": 0.132, ""degree"": 0.081, ""n_seed_upstream"": 0.058, ""role"": 0.026, ""seed_flow_kzt"": 0.105, ""temporal"": 0.045}"
100000004140487100,peripheral,0.5,3,0.44543618625024883,"Периферийный узел: 1 входящих, 10 исходящих, оборот 287 тыс.; есть источники вне выборки",3,False,1,10,24510.0,262600.0,1,19,10.713994288045695,60.26584795238396,0.00022949675534038064,0,0.0,0.00011551961435867196,1.0,1,0.0,3,fast_pass;cycles;external_funding,"{""betweenness"": 0.141, ""degree"": 0.097, ""n_seed_upstream"": 0.058, ""role"": 0.026, ""seed_flow_kzt"": 0.055, ""temporal"": 0.059}"
100000003147719100,terminal,0.5,6,0.3799129618568136,"Вероятный конечный получатель: 1 плательщиков, получено 100 тыс., исходящих нет",3,False,1,0,100000.0,0.0,1,0,0.0,126.07416858070673,0.0012607416858070673,0,1.0,0.0,0.0,1,0.0,0,,"{""betweenness"": 0.055, ""degree"": 0.032, ""n_seed_upstream"": 0.058, ""role"": 0.121, ""seed_flow_kzt"": 0.074, ""temporal"": 0.032}"
100000008745884100,terminal,0.5,9,0.33263930369485445,"Вероятный конечный получатель: 1 плательщиков, получено 20 тыс., исходящих нет",3,False,1,0,20000.0,0.0,1,0,0.0,13.290153638008828,0.0006645076819004414,0,1.0,0.0,0.0,1,0.0,0,,"{""betweenness"": 0.055, ""degree"": 0.032, ""n_seed_upstream"": 0.058, ""role"": 0.121, ""seed_flow_kzt"": 0.027, ""temporal"": 0.032}"
100000002559089100,terminal,0.5,6,0.49387035298802506,"Вероятный конечный получатель: 2 плательщиков, получено 715 тыс., исходящих нет",3,False,2,0,715000.0,0.0,2,0,0.0,2675.946340005882,0.0037425822937145205,0,1.0,0.0,0.0,2,0.0,0,,"{""betweenness"": 0.055, ""degree"": 0.07, ""n_seed_upstream"": 0.058, ""role"": 0.121, ""seed_flow_kzt"": 0.147, ""temporal"": 0.032}"
100000004984689100,terminal,0.5,1,0.4110874079130755,"Вероятный конечный получатель: 1 плательщиков, получено 53 тыс., исходящих нет",3,False,1,0,53030.0,0.0,1,0,0.0,352.72924177479695,0.006651503710631661,0,1.0,0.0,0.0,1,0.0,0,,"{""betweenness"": 0.055, ""degree"": 0.032, ""n_seed_upstream"": 0.058, ""role"": 0.121, ""seed_flow_kzt"": 0.104, ""temporal"": 0.032}"
100000004340038100,peripheral,0.5,3,0.3841909150382569,"Периферийный узел: 1 входящих, 1 исходящих, оборот 59 тыс.; есть источники вне выборки",3,False,1,1,9978.0,49000.0,1,1,4.910803768290238,107.82096445318736,0.0022004278459834153,0,0.0,1.922024458454748e-05,0.0,1,0.0,0,external_funding,"{""betweenness"": 0.122, ""degree"": 0.07, ""n_seed_upstream"": 0.058, ""role"": 0.026, ""seed_flow_kzt"": 0.068, ""temporal"": 0.032}"
100000005052998100,peripheral,0.5,1,0.27752083511107317,"Периферийный узел: 1 входящих, 1 исходящих, оборот 38 тыс.; есть источники вне выборки",3,False,1,1,9500.0,28400.0,1,1,2.9894736842105263,8.04120452019703,0.0002831410042322898,0,0.0,0.0,0.0,1,0.0,1,cycles;external_funding,"{""betweenness"": 0.055, ""degree"": 0.07, ""n_seed_upstream"": 0.058, ""role"": 0.026, ""seed_flow_kzt"": 0.018, ""temporal"": 0.044}"
100000007597382100,terminal,0.5,8,0.3387262849503655,"Вероятный конечный получатель: 1 плательщиков, получено 16 тыс., исходящих нет",3,False,1,0,15700.0,0.0,1,0,0.0,18.76718405155548,0.0011953620415003489,0,1.0,0.0,0.0,1,0.0,0,,"{""betweenness"": 0.055, ""degree"": 0.032, ""n_seed_upstream"": 0.058, ""role"": 0.121, ""seed_flow_kzt"": 0.033, ""temporal"": 0.032}"
100000008697670100,terminal,0.5,9,0.3357681258355377,"Вероятный конечный получатель: 1 плательщиков, получено 25 тыс., исходящих нет",3,False,1,0,25350.0,0.0,1,0,0.0,16.845269736176192,0.0006645076819004415,0,1.0,0.0,0.0,1,0.0,0,,"{""betweenness"": 0.055, ""degree"": 0.032, ""n_seed_upstream"": 0.058, ""role"": 0.121, ""seed_flow_kzt"": 0.03, ""temporal"": 0.032}"
100000008460102100,distributor,0.8541532517707721,22,0.6054384617572602,"Веерная рассылка: 31 получателей, отдано 477 тыс.",3,False,1,31,17500.0,476570.0,1,34,27.23257142857143,23.05881159263532,4.838494154612191e-05,0,0.0,0.0009776565647438894,1.0,1,0.2571428571428571,0,fast_pass;near_threshold;external_funding;bridge,"{""betweenness"": 0.147, ""degree"": 0.099, ""n_seed_upstream"": 0.058, ""role"": 0.192, ""seed_flow_kzt"": 0.037, ""temporal"": 0.058}"
100000004399686100,terminal,0.5,11,0.5065449270415564,"Вероятный конечный получатель: 1 плательщиков, получено 806 тыс., исходящих нет",3,False,1,0,806000.0,0.0,2,0,0.0,24486.7201428135,0.030380546082895164,0,1.0,0.0,0.0,1,0.0,0,,"{""betweenness"": 0.055, ""degree"": 0.032, ""n_seed_upstream"": 0.058, ""role"": 0.121, ""seed_flow_kzt"": 0.197, ""temporal"": 0.032}"
100000008688155100,terminal,0.5,9,0.3344597093039792,"Вероятный конечный получатель: 1 плательщиков, получено 24 тыс., исходящих нет",3,False,1,0,23600.0,0.0,1,0,0.0,15.682381292850417,0.0006645076819004414,0,1.0,0.0,0.0,1,0.0,0,,"{""betweenness"": 0.055, ""degree"": 0.032, ""n_seed_upstream"": 0.058, ""role"": 0.121, ""seed_flow_kzt"": 0.029, ""temporal"": 0.032}"
100000004386331100,transit,0.50055188324639,11,0.7031202889893904,"Признаки транзита: получено 20 тыс., отдано 88%, 1→2 контрагента",3,False,1,2,20000.0,17500.0,1,2,0.875,11108.791595484532,0.5554395797742266,0,0.0,2.0210978841482916e-05,0.0,1,0.3333333333333333,1,near_threshold;cycles,"{""betweenness"": 0.128, ""degree"": 0.081, ""n_seed_upstream"": 0.058, ""role"": 0.189, ""seed_flow_kzt"": 0.175, ""temporal"": 0.057}"
100000007999728100,terminal,0.5,12,0.3441875017777398,"Вероятный конечный получатель: 1 плательщиков, получено 23 тыс., исходящих нет",3,False,1,0,23250.0,0.0,1,0,0.0,25.70689216257334,0.0011056727811859502,0,1.0,0.0,0.0,1,0.0,0,,"{""betweenness"": 0.055, ""degree"": 0.032, ""n_seed_upstream"": 0.058, ""role"": 0.121, ""seed_flow_kzt"": 0.039, ""temporal"": 0.032}"
100000001597424100,terminal,0.5,12,0.3585231959495975,"Вероятный конечный получатель: 1 плательщиков, получено 48 тыс., исходящих нет",3,False,1,0,48100.0,0.0,1,0,0.0,53.182860775044205,0.0011056727811859502,0,1.0,0.0,0.0,1,0.0,0,,"{""betweenness"": 0.055, ""degree"": 0.032, ""n_seed_upstream"": 0.058, ""role"": 0.121, ""seed_flow_kzt"": 0.053, ""temporal"": 0.032}"
100000003677936100,peripheral,0.5,3,0.40125721762380173,"Периферийный узел: 1 входящих, 1 исходящих, оборот 84 тыс.",3,False,1,1,71000.0,13000.0,1,2,0.18309859154929578,185.07716945440984,0.0026067206965409836,0,0.0,1.922024458454748e-05,0.0,1,0.0,0,,"{""betweenness"": 0.122, ""degree"": 0.07, ""n_seed_upstream"": 0.058, ""role"": 0.026, ""seed_flow_kzt"": 0.085, ""temporal"": 0.032}"
100000002943472100,terminal,0.5,6,0.3691043035526353,"Вероятный конечный получатель: 1 плательщиков, получено 170 тыс., исходящих нет",3,False,1,0,170000.0,0.0,1,0,0.0,88.72248198541797,0.0005218969528553998,0,1.0,0.0,0.0,1,0.0,0,,"{""betweenness"": 0.055, ""degree"": 0.032, ""n_seed_upstream"": 0.058, ""role"": 0.121, ""seed_flow_kzt"": 0.063, ""temporal"": 0.032}"
100000004892144100,peripheral,0.5,11,0.5014933014762352,"Периферийный узел: 2 входящих, 1 исходящих, оборот 4.68 млн",3,False,2,1,4500000.0,180300.0,7,1,0.04006666666666667,67252.52047468917,0.014945004549930927,0,0.0,0.0,0.0,2,0.0,4,cycles,"{""betweenness"": 0.055, ""degree"": 0.081, ""n_seed_upstream"": 0.058, ""role"": 0.026, ""seed_flow_kzt"": 0.224, ""temporal"": 0.046}"
100000008077552100,terminal,0.5,1,0.4433996074750405,"Вероятный конечный получатель: 1 плательщиков, получено 214 тыс., исходящих нет",3,False,1,0,214000.0,0.0,1,0,0.0,1423.4217940751753,0.00665150371063166,0,1.0,0.0,0.0,1,0.0,0,,"{""betweenness"": 0.055, ""degree"": 0.032, ""n_seed_upstream"": 0.058, ""role"": 0.121, ""seed_flow_kzt"": 0.136, ""temporal"": 0.032}"
100000002914245100,terminal,0.5,14,0.4068777199419745,"Вероятный конечный получатель: 1 плательщиков, получено 141 тыс., исходящих нет",3,False,1,0,140611.0,0.0,1,0,0.0,303.25561471156243,0.002156699082657562,0,1.0,0.0,0.0,1,0.0,0,,"{""betweenness"": 0.055, ""degree"": 0.032, ""n_seed_upstream"": 0.058, ""role"": 0.121, ""seed_flow_kzt"": 0.1, ""temporal"": 0.032}"
100000004906181100,peripheral,0.5,8,0.4591745598316125,"Периферийный узел: 1 входящих, 7 исходящих, оборот 2.57 млн; есть источники вне выборки",3,False,1,7,100000.0,2473417.91,1,33,24.734179100000002,119.53620415003489,4.832834906982415e-05,0,0.0,0.00013454171209183234,1.0,1,0.058823529411764705,0,fast_pass;near_threshold;external_funding,"{""betweenness"": 0.142, ""degree"": 0.095, ""n_seed_upstream"": 0.058, ""role"": 0.026, ""seed_flow_kzt"": 0.072, ""temporal"": 0.057}"
100000008514970100,peripheral,0.5,14,0.4333759990897971,"Периферийный узел: 1 входящих, 1 исходящих, оборот 411 тыс.",3,False,1,1,379966.0,31000.0,1,1,0.0815862471905381,819.4723236410632,0.002156699082657562,0,0.0,7.925874055483496e-07,0.0,1,0.0,0,,"{""betweenness"": 0.114, ""degree"": 0.07, ""n_seed_upstream"": 0.058, ""role"": 0.026, ""seed_flow_kzt"": 0.124, ""temporal"": 0.032}"
100000008258458100,peripheral,0.5,2,0.42527519412919185,"Периферийный узел: 1 входящих, 2 исходящих, оборот 1.58 млн; есть источники вне выборки",3,False,1,2,19000.0,1557988.0,1,4,81.99936842105264,198.21254265297875,0.00012722340778810795,0,0.0,3.844048916909496e-05,0.0,1,0.0,0,external_funding,"{""betweenness"": 0.132, ""degree"": 0.081, ""n_seed_upstream"": 0.058, ""role"": 0.026, ""seed_flow_kzt"": 0.087, ""temporal"": 0.032}"
100000003484058100,peripheral,0.5,12,0.38840060300935797,"Периферийный узел: 1 входящих, 1 исходящих, оборот 116 тыс.",3,False,1,1,110000.0,6000.0,1,1,0.05454545454545454,121.62400593045452,0.0011056727811859502,0,0.0,1.922024458454748e-05,0.0,1,0.0,0,,"{""betweenness"": 0.122, ""degree"": 0.07, ""n_seed_upstream"": 0.058, ""role"": 0.026, ""seed_flow_kzt"": 0.072, ""temporal"": 0.032}"
100000003574895100,peripheral,0.5,13,0.3662485422533207,"Периферийный узел: 1 входящих, 1 исходящих, оборот 48 тыс.",3,False,1,1,27968.0,20000.0,1,1,0.7151029748283753,23.673306107460057,0.0008464425810733716,0,0.0,1.922024458454748e-05,1.0,1,0.0,0,fast_pass,"{""betweenness"": 0.122, ""degree"": 0.07, ""n_seed_upstream"": 0.058, ""role"": 0.026, ""seed_flow_kzt"": 0.037, ""temporal"": 0.046}"
100000000896111100,terminal,0.5,11,0.4779873140484113,"Вероятный конечный получатель: 1 плательщиков, получено 287 тыс., исходящих нет",3,False,1,0,287100.0,0.0,1,0,0.0,8722.254780399202,0.030380546082895164,0,1.0,0.0,0.0,1,0.0,0,,"{""betweenness"": 0.055, ""degree"": 0.032, ""n_seed_upstream"": 0.058, ""role"": 0.121, ""seed_flow_kzt"": 0.169, ""temporal"": 0.032}"
100000008715887100,terminal,0.5,9,0.33121711181272573,"Вероятный конечный получатель: 1 плательщиков, получено 18 тыс., исходящих нет",3,False,1,0,18000.0,0.0,1,0,0.0,11.961138274207945,0.0006645076819004414,0,1.0,0.0,0.0,1,0.0,0,,"{""betweenness"": 0.055, ""degree"": 0.032, ""n_seed_upstream"": 0.058, ""role"": 0.121, ""seed_flow_kzt"": 0.026, ""temporal"": 0.032}"
100000000560751100,terminal,0.5,3,0.4246266746309411,"Вероятный конечный получатель: 1 плательщиков, получено 25 тыс., исходящих нет",3,False,1,0,25000.0,0.0,1,0,0.0,596.0794375653788,0.023843177502615154,0,1.0,0.0,0.0,1,0.0,0,,"{""betweenness"": 0.055, ""degree"": 0.032, ""n_seed_upstream"": 0.058, ""role"": 0.121, ""seed_flow_kzt"": 0.117, ""temporal"": 0.032}"
100000008708207100,terminal,0.5,6,0.47794180390818325,"Вероятный конечный получатель: 2 плательщиков, получено 465 тыс., исходящих нет",3,False,2,0,465000.0,0.0,2,0,0.0,1103.753594116944,0.002373663643262245,0,1.0,0.0,0.0,2,0.0,0,,"{""betweenness"": 0.055, ""degree"": 0.07, ""n_seed_upstream"": 0.058, ""role"": 0.121, ""seed_flow_kzt"": 0.131, ""temporal"": 0.032}"
100000003152964100,peripheral,0.5,1,0.4580766276986091,"Периферийный узел: 1 входящих, 1 исходящих, оборот 147 тыс.",3,False,1,1,141847.0,5500.0,1,1,0.03877417217142414,943.4958468419692,0.006651503710631661,0,0.0,1.922024458454748e-05,0.0,1,0.5,0,near_threshold,"{""betweenness"": 0.122, ""degree"": 0.07, ""n_seed_upstream"": 0.058, ""role"": 0.026, ""seed_flow_kzt"": 0.127, ""temporal"": 0.046}"
100000004991812100,terminal,0.5,27,0.4109736325625053,"Вероятный конечный получатель: 1 плательщиков, получено 10 тыс., исходящих нет",3,False,1,0,10000.0,0.0,1,0,0.0,352.64594243382504,0.035264594243382505,0,1.0,0.0,0.0,1,0.0,0,,"{""betweenness"": 0.055, ""degree"": 0.032, ""n_seed_upstream"": 0.058, ""role"": 0.121, ""seed_flow_kzt"": 0.104, ""temporal"": 0.032}"
100000000291908100,peripheral,0.5,1,0.4851324060642261,"Периферийный узел: 1 входящих, 1 исходящих, оборот 309 тыс.",3,False,1,1,295500.0,13300.0,5,1,0.045008460236886635,6368.144670263089,0.02155040497550961,0,0.0,1.981468513870874e-05,0.0,1,0.0,0,,"{""betweenness"": 0.127, ""degree"": 0.07, ""n_seed_upstream"": 0.058, ""role"": 0.026, ""seed_flow_kzt"": 0.162, ""temporal"": 0.032}"
100000003132484100,terminal,0.5,6,0.4821401143442272,"Вероятный конечный получатель: 1 плательщиков, получено 90 тыс., исходящих нет",3,False,1,0,90000.0,0.0,1,0,0.0,10266.154982891463,0.11406838869879403,0,1.0,0.0,0.0,1,0.0,0,,"{""betweenness"": 0.055, ""degree"": 0.032, ""n_seed_upstream"": 0.058, ""role"": 0.121, ""seed_flow_kzt"": 0.173, ""temporal"": 0.032}"
100000004077081100,peripheral,0.5,5,0.4550615809084961,"Периферийный узел: 1 входящих, 4 исходящих, оборот 755 тыс.; есть источники вне выборки",3,False,1,4,140000.0,615000.0,1,6,4.392857142857143,167.35068581004884,0.0002721149362765022,0,0.0,0.00024055027758392413,1.0,1,0.0,0,fast_pass;external_funding,"{""betweenness"": 0.144, ""degree"": 0.09, ""n_seed_upstream"": 0.058, ""role"": 0.026, ""seed_flow_kzt"": 0.081, ""temporal"": 0.046}"
100000004770073100,transit,0.6014778449410567,1,0.5243337031032227,"Признаки транзита: получено 5 тыс., отдано 100%, медиана задержки 0 дн., 1→1 контрагента",3,False,1,1,5462.4,5466.97,1,1,1.0008366285881665,4.276201308951274,0.0007821885448340257,0,0.0,1.922024458454748e-05,1.0,1,1.0,0,fast_pass;near_threshold,"{""betweenness"": 0.122, ""degree"": 0.07, ""n_seed_upstream"": 0.058, ""role"": 0.189, ""seed_flow_kzt"": 0.014, ""temporal"": 0.06}"
100000003163886100,terminal,0.5,16,0.4717296697670449,"Вероятный конечный получатель: 1 плательщиков, получено 500 тыс., исходящих нет",3,False,1,0,500000.0,0.0,1,0,0.0,6853.281853281854,0.013706563706563708,0,1.0,0.0,0.0,1,0.0,0,,"{""betweenness"": 0.055, ""degree"": 0.032, ""n_seed_upstream"": 0.058, ""role"": 0.121, ""seed_flow_kzt"": 0.163, ""temporal"": 0.032}"
100000000795374100,terminal,0.5,1,0.4095514406803765,"Вероятный конечный получатель: 1 плательщиков, получено 50 тыс., исходящих нет",3,False,1,0,50000.0,0.0,1,0,0.0,332.57518553158303,0.006651503710631661,0,1.0,0.0,0.0,1,0.0,0,,"{""betweenness"": 0.055, ""degree"": 0.032, ""n_seed_upstream"": 0.058, ""role"": 0.121, ""seed_flow_kzt"": 0.102, ""temporal"": 0.032}"
100000002391278100,peripheral,0.5,17,0.41690701709474637,"Периферийный узел: 1 входящих, 1 исходящих, оборот 83 тыс.; есть источники вне выборки",3,False,1,1,30000.0,52700.0,5,2,1.7566666666666666,1958.2199456584692,0.037157872559413475,0,0.0,0.0,0.0,1,0.5714285714285714,1,near_threshold;cycles;external_funding,"{""betweenness"": 0.055, ""degree"": 0.07, ""n_seed_upstream"": 0.058, ""role"": 0.026, ""seed_flow_kzt"": 0.141, ""temporal"": 0.058}"
100000004635886100,terminal,0.5,2,0.3997098728560457,"Вероятный конечный получатель: 1 плательщиков, получено 23 тыс., исходящих нет",3,False,1,0,23000.0,0.0,1,0,0.0,239.94149900097426,0.010432239086998881,0,1.0,0.0,0.0,1,0.0,0,,"{""betweenness"": 0.055, ""degree"": 0.032, ""n_seed_upstream"": 0.058, ""role"": 0.121, ""seed_flow_kzt"": 0.093, ""temporal"": 0.032}"
100000000413678100,peripheral,0.5,8,0.4496231191512359,"Периферийный узел: 2 входящих, 3 исходящих, оборот 835 тыс.; есть источники вне выборки",3,False,2,3,306500.0,528198.0,2,18,1.723321370309951,193.4938756933185,0.00036632830054888224,0,0.0,5.7660733753642434e-05,0.0,2,0.15,0,near_threshold;external_funding,"{""betweenness"": 0.136, ""degree"": 0.09, ""n_seed_upstream"": 0.058, ""role"": 0.026, ""seed_flow_kzt"": 0.086, ""temporal"": 0.044}"
100000008659950100,terminal,0.5,6,0.3804818386096652,"Вероятный конечный получатель: 1 плательщиков, получено 246 тыс., исходящих нет",3,False,1,0,246000.0,0.0,1,0,0.0,128.38665040242836,0.0005218969528553998,0,1.0,0.0,0.0,1,0.0,0,,"{""betweenness"": 0.055, ""degree"": 0.032, ""n_seed_upstream"": 0.058, ""role"": 0.121, ""seed_flow_kzt"": 0.074, ""temporal"": 0.032}"
100000003964910100,terminal,0.5,18,0.5052478880450549,"Вероятный конечный получатель: 2 плательщиков, получено 1.00 млн, исходящих нет",3,False,2,0,1000000.0,0.0,2,0,0.0,5298.379736152746,0.005298379736152746,0,1.0,0.0,0.0,2,0.0,0,,"{""betweenness"": 0.055, ""degree"": 0.07, ""n_seed_upstream"": 0.058, ""role"": 0.121, ""seed_flow_kzt"": 0.158, ""temporal"": 0.032}"
100000008764654100,terminal,0.5,9,0.33696276701652583,"Вероятный конечный получатель: 1 плательщиков, получено 26 тыс., исходящих нет",3,False,1,0,26150.0,0.0,1,0,0.0,17.376875881696545,0.0006645076819004415,0,1.0,0.0,0.0,1,0.0,0,,"{""betweenness"": 0.055, ""degree"": 0.032, ""n_seed_upstream"": 0.058, ""role"": 0.121, ""seed_flow_kzt"": 0.032, ""temporal"": 0.032}"
100000005830339100,coordinator,1.0,1,0.6566373695138947,Кандидат в координирующий узел: 5 плательщиков → 1 получателей; сигналы S3,3,False,5,1,476341.0,339251.0,12,1,0.7122019729563485,2360.1777024684143,0.004954806960703392,0,0.0,3.7647901763546606e-06,0.0,1,0.0,0,peripheral;S3,"{""betweenness"": 0.118, ""degree"": 0.092, ""n_seed_upstream"": 0.058, ""role"": 0.198, ""seed_flow_kzt"": 0.144, ""temporal"": 0.032}"
100000002032323100,peripheral,0.5,29,0.46466422049662937,"Периферийный узел: 1 входящих, 1 исходящих, оборот 1.35 млн; есть источники вне выборки",3,False,1,1,300000.0,1050000.0,1,2,3.5,1023.6828115382831,0.000974936010988841,0,0.0,1.9616538287321655e-05,1.0,1,0.0,0,fast_pass;external_funding,"{""betweenness"": 0.126, ""degree"": 0.07, ""n_seed_upstream"": 0.058, ""role"": 0.026, ""seed_flow_kzt"": 0.129, ""temporal"": 0.046}"
100000008668099100,terminal,0.5,9,0.32797451432147223,"Вероятный конечный получатель: 1 плательщиков, получено 16 тыс., исходящих нет",3,False,1,0,15700.0,0.0,1,0,0.0,10.43277060583693,0.0006645076819004414,0,1.0,0.0,0.0,1,0.0,0,,"{""betweenness"": 0.055, ""degree"": 0.032, ""n_seed_upstream"": 0.058, ""role"": 0.121, ""seed_flow_kzt"": 0.023, ""temporal"": 0.032}"
100000008634520100,terminal,0.5,6,0.3554512614841994,"Вероятный конечный получатель: 1 плательщиков, получено 90 тыс., исходящих нет",3,False,1,0,90000.0,0.0,1,0,0.0,46.970725756985985,0.0005218969528553998,0,1.0,0.0,0.0,1,0.0,0,,"{""betweenness"": 0.055, ""degree"": 0.032, ""n_seed_upstream"": 0.058, ""role"": 0.121, ""seed_flow_kzt"": 0.05, ""temporal"": 0.032}"
100000002103448100,terminal,0.5,9,0.33832807122336944,"Вероятный конечный получатель: 1 плательщиков, получено 27 тыс., исходящих нет",3,False,1,0,27000.0,0.0,1,0,0.0,17.94170741131192,0.0006645076819004415,0,1.0,0.0,0.0,1,0.0,0,,"{""betweenness"": 0.055, ""degree"": 0.032, ""n_seed_upstream"": 0.058, ""role"": 0.121, ""seed_flow_kzt"": 0.033, ""temporal"": 0.032}"
100000005996909100,terminal,0.5,2,0.4521318656313109,"Вероятный конечный получатель: 1 плательщиков, получено 6 тыс., исходящих нет",3,False,1,0,5500.0,0.0,1,0,0.0,1052.7617389739328,0.19141122522179263,0,1.0,0.0,0.0,1,1.0,0,near_threshold,"{""betweenness"": 0.055, ""degree"": 0.032, ""n_seed_upstream"": 0.058, ""role"": 0.121, ""seed_flow_kzt"": 0.13, ""temporal"": 0.047}"
100000007392365100,peripheral,0.5,13,0.37762607731035064,"Периферийный узел: 1 входящих, 6 исходящих, оборот 1.78 млн; есть источники вне выборки",3,False,1,6,9613.0,1765600.0,1,9,183.66794965151357,8.13685253185832,4.608548103680517e-06,0,0.0,0.00011532146750728487,0.0,1,0.0,0,external_funding,"{""betweenness"": 0.141, ""degree"": 0.094, ""n_seed_upstream"": 0.058, ""role"": 0.026, ""seed_flow_kzt"": 0.019, ""temporal"": 0.032}"
100000008279405100,terminal,0.5,1,0.4454475637853058,"Вероятный конечный получатель: 1 плательщиков, получено 235 тыс., исходящих нет",3,False,1,0,234738.0,0.0,2,0,0.0,1561.3606780262548,0.006651503710631661,0,1.0,0.0,0.0,1,0.0,0,,"{""betweenness"": 0.055, ""degree"": 0.032, ""n_seed_upstream"": 0.058, ""role"": 0.121, ""seed_flow_kzt"": 0.138, ""temporal"": 0.032}"
100000008343874100,peripheral,0.5,14,0.4727422703871206,"Периферийный узел: 2 входящих, 2 исходящих, оборот 460 тыс.",3,False,2,2,283535.0,176400.0,2,5,0.6221454141464017,902.8701716830801,0.003184334109309539,0,0.0,3.883678287186913e-05,0.0,1,0.0,0,,"{""betweenness"": 0.133, ""degree"": 0.087, ""n_seed_upstream"": 0.058, ""role"": 0.026, ""seed_flow_kzt"": 0.126, ""temporal"": 0.032}"
100000002548759100,terminal,0.5,6,0.45666581335153733,"Вероятный конечный получатель: 2 плательщиков, получено 375 тыс., исходящих нет",3,False,2,0,375000.0,0.0,2,0,0.0,446.1645538535819,0.0011897721436095517,0,1.0,0.0,0.0,2,0.0,0,,"{""betweenness"": 0.055, ""degree"": 0.07, ""n_seed_upstream"": 0.058, ""role"": 0.121, ""seed_flow_kzt"": 0.11, ""temporal"": 0.032}"
100000003069463100,peripheral,0.5,28,0.33208180447706,"Периферийный узел: 1 входящих, 1 исходящих, оборот 29 тыс.; есть источники вне выборки",3,False,1,1,11500.0,17920.0,1,1,1.5582608695652174,3.7112637810936535,0.00020710177349852978,0,0.0,1.9616538287321655e-05,0.0,1,0.0,0,external_funding,"{""betweenness"": 0.126, ""degree"": 0.07, ""n_seed_upstream"": 0.058, ""role"": 0.026, ""seed_flow_kzt"": 0.013, ""temporal"": 0.032}"
100000008474391100,terminal,0.5,27,0.4290639133031828,"Вероятный конечный получатель: 1 плательщиков, получено 20 тыс., исходящих нет",3,False,1,0,20000.0,0.0,1,0,0.0,705.2918848676501,0.035264594243382505,0,1.0,0.0,0.0,1,0.0,0,,"{""betweenness"": 0.055, ""degree"": 0.032, ""n_seed_upstream"": 0.058, ""role"": 0.121, ""seed_flow_kzt"": 0.122, ""temporal"": 0.032}"
100000003097324100,terminal,0.5,6,0.4812412890747219,"Вероятный конечный получатель: 2 плательщиков, получено 294 тыс., исходящих нет",3,False,2,0,294000.0,0.0,2,0,0.0,1325.5027275868997,0.004508512678867006,0,1.0,0.0,0.0,2,0.0,0,,"{""betweenness"": 0.055, ""degree"": 0.07, ""n_seed_upstream"": 0.058, ""role"": 0.121, ""seed_flow_kzt"": 0.134, ""temporal"": 0.032}"
100000001852140100,terminal,0.5,40,0.45210342179366836,"Вероятный конечный получатель: 1 плательщиков, получено 30 тыс., исходящих нет",3,False,1,0,30000.0,0.0,1,0,0.0,2343.3179723502303,0.07811059907834102,0,1.0,0.0,0.0,1,0.0,0,,"{""betweenness"": 0.055, ""degree"": 0.032, ""n_seed_upstream"": 0.058, ""role"": 0.121, ""seed_flow_kzt"": 0.144, ""temporal"": 0.032}"
100000003293377100,terminal,0.5,8,0.3607987029610034,"Вероятный конечный получатель: 1 плательщиков, получено 50 тыс., исходящих нет",3,False,1,0,50000.0,0.0,1,0,0.0,59.768102075017445,0.0011953620415003489,0,1.0,0.0,0.0,1,0.0,0,,"{""betweenness"": 0.055, ""degree"": 0.032, ""n_seed_upstream"": 0.058, ""role"": 0.121, ""seed_flow_kzt"": 0.055, ""temporal"": 0.032}"
100000006048193100,terminal,0.5,1,0.42064453736098073,"Вероятный конечный получатель: 1 плательщиков, получено 42 тыс., исходящих нет",3,False,1,0,41559.0,0.0,1,0,0.0,504.1280509595838,0.012130418223720104,0,1.0,0.0,0.0,1,0.0,0,,"{""betweenness"": 0.055, ""degree"": 0.032, ""n_seed_upstream"": 0.058, ""role"": 0.121, ""seed_flow_kzt"": 0.113, ""temporal"": 0.032}"
100000002435265100,terminal,0.5,13,0.3760445999374235,"Вероятный конечный получатель: 1 плательщиков, получено 133 тыс., исходящих нет",3,False,1,0,132628.0,0.0,3,0,0.0,112.26198664259913,0.0008464425810733716,0,1.0,0.0,0.0,1,0.0,0,,"{""betweenness"": 0.055, ""degree"": 0.032, ""n_seed_upstream"": 0.058, ""role"": 0.121, ""seed_flow_kzt"": 0.07, ""temporal"": 0.032}"
100000004587414100,terminal,0.5,1,0.48215149187928424,"Вероятный конечный получатель: 2 плательщиков, получено 534 тыс., исходящих нет",3,False,2,0,533603.0,0.0,2,0,0.0,1417.751067665595,0.002656939836668075,0,1.0,0.0,0.0,1,0.0,0,,"{""betweenness"": 0.055, ""degree"": 0.07, ""n_seed_upstream"": 0.058, ""role"": 0.121, ""seed_flow_kzt"": 0.135, ""temporal"": 0.032}"
100000001726614100,terminal,0.5,1,0.4276986090963392,"Вероятный конечный получатель: 1 плательщиков, получено 139 тыс., исходящих нет",3,False,1,0,138717.0,0.0,1,0,0.0,672.7719845862003,0.004849960600259524,0,1.0,0.0,0.0,1,0.0,0,,"{""betweenness"": 0.055, ""degree"": 0.032, ""n_seed_upstream"": 0.058, ""role"": 0.121, ""seed_flow_kzt"": 0.12, ""temporal"": 0.032}"
100000003934614100,peripheral,0.5,21,0.415797707426686,"Периферийный узел: 2 входящих, 1 исходящих, оборот 28 тыс.",3,False,2,1,17000.0,11500.0,2,2,0.6764705882352942,548.1016472332705,0.032241273366662965,0,0.0,0.0,0.5882352941176471,1,0.25,4,fast_pass;near_threshold;cycles,"{""betweenness"": 0.055, ""degree"": 0.081, ""n_seed_upstream"": 0.058, ""role"": 0.026, ""seed_flow_kzt"": 0.116, ""temporal"": 0.071}"
100000008772246100,terminal,0.5,9,0.3462923457632903,"Вероятный конечный получатель: 1 плательщиков, получено 44 тыс., исходящих нет",3,False,1,0,44500.0,0.0,1,0,0.0,29.570591844569645,0.0006645076819004414,0,1.0,0.0,0.0,1,0.0,0,,"{""betweenness"": 0.055, ""degree"": 0.032, ""n_seed_upstream"": 0.058, ""role"": 0.121, ""seed_flow_kzt"": 0.041, ""temporal"": 0.032}"
100000002603371100,terminal,0.5,1,0.3229115112210939,"Вероятный конечный получатель: 1 плательщиков, получено 9 тыс., исходящих нет",3,False,1,0,9300.0,0.0,1,0,0.0,7.2804393990273235,0.0007828429461319703,0,1.0,0.0,0.0,1,0.0,0,,"{""betweenness"": 0.055, ""degree"": 0.032, ""n_seed_upstream"": 0.058, ""role"": 0.121, ""seed_flow_kzt"": 0.018, ""temporal"": 0.032}"
100000004445291100,terminal,0.5,26,0.413135364223341,"Вероятный конечный получатель: 1 плательщиков, получено 20 тыс., исходящих нет",3,False,1,0,19500.0,0.0,2,0,0.0,373.0817640554493,0.019132398156689708,0,1.0,0.0,0.0,1,0.0,0,,"{""betweenness"": 0.055, ""degree"": 0.032, ""n_seed_upstream"": 0.058, ""role"": 0.121, ""seed_flow_kzt"": 0.106, ""temporal"": 0.032}"
100000008571243100,terminal,0.5,7,0.37445174502943934,"Вероятный конечный получатель: 1 плательщиков, получено 134 тыс., исходящих нет",3,False,1,0,134000.0,0.0,1,0,0.0,107.98458169920868,0.0008058550873075274,0,1.0,0.0,0.0,1,0.0,0,,"{""betweenness"": 0.055, ""degree"": 0.032, ""n_seed_upstream"": 0.058, ""role"": 0.121, ""seed_flow_kzt"": 0.068, ""temporal"": 0.032}"
100000001138283100,peripheral,0.5,1,0.4535768125835537,"Периферийный узел: 1 входящих, 2 исходящих, оборот 132 тыс.",3,False,1,2,81805.0,50000.0,1,2,0.6112095837662734,544.126261048223,0.006651503710631661,0,0.0,1.9022097733160393e-05,0.0,1,0.0,1,cycles,"{""betweenness"": 0.119, ""degree"": 0.081, ""n_seed_upstream"": 0.058, ""role"": 0.026, ""seed_flow_kzt"": 0.116, ""temporal"": 0.044}"
100000002593344100,terminal,0.5,6,0.48488210029297146,"Вероятный конечный получатель: 2 плательщиков, получено 431 тыс., исходящих нет",3,False,2,0,431000.0,0.0,2,0,0.0,1591.2495820275356,0.003691994389855071,0,1.0,0.0,0.0,2,0.0,0,,"{""betweenness"": 0.055, ""degree"": 0.07, ""n_seed_upstream"": 0.058, ""role"": 0.121, ""seed_flow_kzt"": 0.138, ""temporal"": 0.032}"
100000007390016100,peripheral,0.5,3,0.42334670193702534,"Периферийный узел: 1 входящих, 1 исходящих, оборот 858 тыс.",3,False,1,1,511000.0,346500.0,13,14,0.678082191780822,3182.6525233654743,0.006228282344831367,0,0.0,0.0,0.2054794520547945,1,0.0,1,cycles,"{""betweenness"": 0.055, ""degree"": 0.07, ""n_seed_upstream"": 0.058, ""role"": 0.026, ""seed_flow_kzt"": 0.149, ""temporal"": 0.056}"
100000001285440100,terminal,0.5,6,0.47657649970133964,"Вероятный конечный получатель: 2 плательщиков, получено 243 тыс., исходящих нет",3,False,2,0,243000.0,0.0,2,0,0.0,1048.78082908294,0.004315970490053251,0,1.0,0.0,0.0,2,0.0,0,,"{""betweenness"": 0.055, ""degree"": 0.07, ""n_seed_upstream"": 0.058, ""role"": 0.121, ""seed_flow_kzt"": 0.13, ""temporal"": 0.032}"
100000006746688100,terminal,0.5,9,0.3454390306340131,"Вероятный конечный получатель: 1 плательщиков, получено 41 тыс., исходящих нет",3,False,1,0,41000.0,0.0,1,0,0.0,27.2448149579181,0.0006645076819004414,0,1.0,0.0,0.0,1,0.0,0,,"{""betweenness"": 0.055, ""degree"": 0.032, ""n_seed_upstream"": 0.058, ""role"": 0.121, ""seed_flow_kzt"": 0.04, ""temporal"": 0.032}"
100000006471232100,terminal,0.5,9,0.345780356685724,"Вероятный конечный получатель: 1 плательщиков, получено 42 тыс., исходящих нет",3,False,1,0,41800.0,0.0,1,0,0.0,27.77642110343845,0.0006645076819004414,0,1.0,0.0,0.0,1,0.0,0,,"{""betweenness"": 0.055, ""degree"": 0.032, ""n_seed_upstream"": 0.058, ""role"": 0.121, ""seed_flow_kzt"": 0.04, ""temporal"": 0.032}"
100000008662805100,terminal,0.5,9,0.32860027874960884,"Вероятный конечный получатель: 1 плательщиков, получено 16 тыс., исходящих нет",3,False,1,0,16500.0,0.0,1,0,0.0,10.964376751357284,0.0006645076819004414,0,1.0,0.0,0.0,1,0.0,0,,"{""betweenness"": 0.055, ""degree"": 0.032, ""n_seed_upstream"": 0.058, ""role"": 0.121, ""seed_flow_kzt"": 0.023, ""temporal"": 0.032}"
100000004292885100,terminal,0.5,9,0.36625991978837785,"Вероятный конечный получатель: 1 плательщиков, получено 113 тыс., исходящих нет",3,False,1,0,112700.0,0.0,1,0,0.0,74.89001575017976,0.0006645076819004415,0,1.0,0.0,0.0,1,0.0,0,,"{""betweenness"": 0.055, ""degree"": 0.032, ""n_seed_upstream"": 0.058, ""role"": 0.121, ""seed_flow_kzt"": 0.06, ""temporal"": 0.032}"
100000008190442100,terminal,0.5,9,0.3251870182324999,"Вероятный конечный получатель: 1 плательщиков, получено 13 тыс., исходящих нет",3,False,1,0,13000.0,0.0,1,0,0.0,8.63859986470574,0.0006645076819004414,0,1.0,0.0,0.0,1,0.0,0,,"{""betweenness"": 0.055, ""degree"": 0.032, ""n_seed_upstream"": 0.058, ""role"": 0.121, ""seed_flow_kzt"": 0.02, ""temporal"": 0.032}"
100000007131370100,transit,0.50147168865704,2,0.5490115766419205,"Признаки транзита: получено 30 тыс., отдано 100%, 1→1 контрагента",3,False,1,1,30000.0,30000.0,1,1,1.0,673.8296847438809,0.02246098949146216,0,0.0,0.0,0.0,1,0.0,1,cycles,"{""betweenness"": 0.055, ""degree"": 0.07, ""n_seed_upstream"": 0.058, ""role"": 0.189, ""seed_flow_kzt"": 0.12, ""temporal"": 0.044}"
100000008717802100,terminal,0.5,9,0.33696276701652583,"Вероятный конечный получатель: 1 плательщиков, получено 26 тыс., исходящих нет",3,False,1,0,26150.0,0.0,1,0,0.0,17.376875881696545,0.0006645076819004415,0,1.0,0.0,0.0,1,0.0,0,,"{""betweenness"": 0.055, ""degree"": 0.032, ""n_seed_upstream"": 0.058, ""role"": 0.121, ""seed_flow_kzt"": 0.032, ""temporal"": 0.032}"
100000005357034100,terminal,0.5,13,0.3245043661290781,"Вероятный конечный получатель: 1 плательщиков, получено 10 тыс., исходящих нет",3,False,1,0,9754.0,0.0,1,0,0.0,8.256200935789666,0.0008464425810733716,0,1.0,0.0,0.0,1,0.0,0,,"{""betweenness"": 0.055, ""degree"": 0.032, ""n_seed_upstream"": 0.058, ""role"": 0.121, ""seed_flow_kzt"": 0.019, ""temporal"": 0.032}"
100000005532138100,terminal,0.5,3,0.36296043462183913,"Вероятный конечный получатель: 1 плательщиков, получено 25 тыс., исходящих нет",3,False,1,0,25046.0,0.0,1,0,0.0,65.28792656556547,0.0026067206965409836,0,1.0,0.0,0.0,1,0.0,0,,"{""betweenness"": 0.055, ""degree"": 0.032, ""n_seed_upstream"": 0.058, ""role"": 0.121, ""seed_flow_kzt"": 0.057, ""temporal"": 0.032}"
100000005264874100,peripheral,0.5,31,0.4997013397047529,"Периферийный узел: 1 входящих, 2 исходящих, оборот 108 тыс.; есть источники вне выборки",3,False,1,2,30000.0,78000.0,1,3,2.6,7578.034682080925,0.0971542907959093,0,0.0,7.925874055483496e-07,0.0,1,0.0,1,cycles;external_funding,"{""betweenness"": 0.114, ""degree"": 0.081, ""n_seed_upstream"": 0.058, ""role"": 0.026, ""seed_flow_kzt"": 0.166, ""temporal"": 0.044}"
100000008193258100,peripheral,0.5,18,0.4011434422732314,"Периферийный узел: 1 входящих, 1 исходящих, оборот 105 тыс.",3,False,1,1,75000.0,30000.0,2,1,0.4,184.41201943813942,0.002458826925841859,0,0.0,1.922024458454748e-05,0.0,1,0.0,0,,"{""betweenness"": 0.122, ""degree"": 0.07, ""n_seed_upstream"": 0.058, ""role"": 0.026, ""seed_flow_kzt"": 0.085, ""temporal"": 0.032}"
100000003190207100,peripheral,0.5,12,0.44402537190317715,"Периферийный узел: 1 входящих, 1 исходящих, оборот 382 тыс.; есть источники вне выборки",3,False,1,1,5000.0,377000.0,1,8,75.4,422.1008564081858,0.0011196309188546043,0,0.0,2.1003566247031264e-05,0.0,1,0.1111111111111111,0,near_threshold;external_funding,"{""betweenness"": 0.128, ""degree"": 0.07, ""n_seed_upstream"": 0.058, ""role"": 0.026, ""seed_flow_kzt"": 0.109, ""temporal"": 0.044}"
100000004321983100,peripheral,0.5,17,0.45612538043632844,"Периферийный узел: 1 входящих, 2 исходящих, оборот 47 тыс.; есть источники вне выборки",3,False,1,2,10840.0,36200.0,1,3,3.339483394833948,707.5701403645935,0.019546135857523957,0,0.0,1.387027959709612e-06,0.0,1,0.0,1,cycles;external_funding,"{""betweenness"": 0.115, ""degree"": 0.081, ""n_seed_upstream"": 0.058, ""role"": 0.026, ""seed_flow_kzt"": 0.122, ""temporal"": 0.044}"
100000002633108100,terminal,0.5,12,0.41165628466592713,"Вероятный конечный получатель: 1 плательщиков, получено 320 тыс., исходящих нет",3,False,1,0,320000.0,0.0,3,0,0.0,353.81528997950403,0.0011056727811859502,0,1.0,0.0,0.0,1,0.0,0,,"{""betweenness"": 0.055, ""degree"": 0.032, ""n_seed_upstream"": 0.058, ""role"": 0.121, ""seed_flow_kzt"": 0.105, ""temporal"": 0.032}"
100000005941908100,terminal,0.5,12,0.46137611286514774,"Вероятный конечный получатель: 1 плательщиков, получено 10 тыс., исходящих нет",3,False,1,0,10000.0,0.0,1,0,0.0,3937.260793678754,0.3937260793678754,0,1.0,0.0,0.0,1,0.0,0,,"{""betweenness"": 0.055, ""degree"": 0.032, ""n_seed_upstream"": 0.058, ""role"": 0.121, ""seed_flow_kzt"": 0.153, ""temporal"": 0.032}"
100000001835625100,terminal,0.5,8,0.36933185425377585,"Вероятный конечный получатель: 1 плательщиков, получено 75 тыс., исходящих нет",3,False,1,0,75130.0,0.0,1,0,0.0,89.80755017792121,0.0011953620415003489,0,1.0,0.0,0.0,1,0.0,0,,"{""betweenness"": 0.055, ""degree"": 0.032, ""n_seed_upstream"": 0.058, ""role"": 0.121, ""seed_flow_kzt"": 0.063, ""temporal"": 0.032}"
100000008671081100,terminal,0.5,9,0.3433910743237477,"Вероятный конечный получатель: 1 плательщиков, получено 37 тыс., исходящих нет",3,False,1,0,37200.0,0.0,1,0,0.0,24.719685766696422,0.0006645076819004414,0,1.0,0.0,0.0,1,0.0,0,,"{""betweenness"": 0.055, ""degree"": 0.032, ""n_seed_upstream"": 0.058, ""role"": 0.121, ""seed_flow_kzt"": 0.038, ""temporal"": 0.032}"
100000002908521100,terminal,0.5,9,0.3462923457632903,"Вероятный конечный получатель: 1 плательщиков, получено 44 тыс., исходящих нет",3,False,1,0,44500.0,0.0,1,0,0.0,29.570591844569645,0.0006645076819004414,0,1.0,0.0,0.0,1,0.0,0,,"{""betweenness"": 0.055, ""degree"": 0.032, ""n_seed_upstream"": 0.058, ""role"": 0.121, ""seed_flow_kzt"": 0.041, ""temporal"": 0.032}"
100000000749118100,peripheral,0.5,13,0.3354381773188838,"Периферийный узел: 1 входящих, 1 исходящих, оборот 27 тыс.; есть источники вне выборки",3,False,1,1,10330.0,16500.0,1,1,1.5972894482090998,8.743751862487928,0.0005299243553022986,0,0.0,1.922024458454748e-05,0.0,1,0.0,0,external_funding,"{""betweenness"": 0.122, ""degree"": 0.07, ""n_seed_upstream"": 0.058, ""role"": 0.026, ""seed_flow_kzt"": 0.02, ""temporal"": 0.032}"
100000008652094100,terminal,0.5,13,0.3464630087891458,"Вероятный конечный получатель: 1 плательщиков, получено 35 тыс., исходящих нет",3,False,1,0,35000.0,0.0,1,0,0.0,29.625490337568007,0.0008464425810733716,0,1.0,0.0,0.0,1,0.0,0,,"{""betweenness"": 0.055, ""degree"": 0.032, ""n_seed_upstream"": 0.058, ""role"": 0.121, ""seed_flow_kzt"": 0.041, ""temporal"": 0.032}"
100000007647294100,terminal,0.5,18,0.4408965497624939,"Вероятный конечный получатель: 1 плательщиков, получено 385 тыс., исходящих нет",3,False,1,0,385000.0,0.0,1,0,0.0,1234.3958604447605,0.003206223014142235,0,1.0,0.0,0.0,1,0.0,0,,"{""betweenness"": 0.055, ""degree"": 0.032, ""n_seed_upstream"": 0.058, ""role"": 0.121, ""seed_flow_kzt"": 0.133, ""temporal"": 0.032}"
100000003270419100,terminal,0.5,20,0.5236112296271013,"Вероятный конечный получатель: 1 плательщиков, получено 150 тыс., исходящих нет",3,False,1,0,150000.0,0.0,1,0,0.0,43997.98724674538,0.29331991497830256,0,1.0,0.0,0.0,1,0.0,0,,"{""betweenness"": 0.055, ""degree"": 0.032, ""n_seed_upstream"": 0.058, ""role"": 0.121, ""seed_flow_kzt"": 0.214, ""temporal"": 0.032}"
100000003050771100,terminal,0.5,3,0.453525613675797,"Вероятный конечный получатель: 1 плательщиков, получено 229 тыс., исходящих нет",3,False,1,0,229000.0,0.0,1,0,0.0,2474.5440829605036,0.01080586935790613,0,1.0,0.0,0.0,1,0.0,0,,"{""betweenness"": 0.055, ""degree"": 0.032, ""n_seed_upstream"": 0.058, ""role"": 0.121, ""seed_flow_kzt"": 0.145, ""temporal"": 0.032}"
100000008427027100,terminal,0.5,5,0.49687402224308097,"Вероятный конечный получатель: 1 плательщиков, получено 300 тыс., исходящих нет",3,False,1,0,300000.0,0.0,1,0,0.0,18431.985270049103,0.06143995090016367,0,1.0,0.0,0.0,1,0.0,0,,"{""betweenness"": 0.055, ""degree"": 0.032, ""n_seed_upstream"": 0.058, ""role"": 0.121, ""seed_flow_kzt"": 0.188, ""temporal"": 0.032}"
100000004291560100,terminal,0.5,13,0.35272065307051226,"Вероятный конечный получатель: 1 плательщиков, получено 47 тыс., исходящих нет",3,False,1,0,47190.0,0.0,1,0,0.0,39.943625400852405,0.0008464425810733716,0,1.0,0.0,0.0,1,0.0,0,,"{""betweenness"": 0.055, ""degree"": 0.032, ""n_seed_upstream"": 0.058, ""role"": 0.121, ""seed_flow_kzt"": 0.047, ""temporal"": 0.032}"
100000003594472100,terminal,0.5,30,0.36967318030548674,"Вероятный конечный получатель: 1 плательщиков, получено 20 тыс., исходящих нет",3,False,1,0,20000.0,0.0,1,0,0.0,91.94808571885486,0.004597404285942743,0,1.0,0.0,0.0,1,0.0,0,,"{""betweenness"": 0.055, ""degree"": 0.032, ""n_seed_upstream"": 0.058, ""role"": 0.121, ""seed_flow_kzt"": 0.064, ""temporal"": 0.032}"
100000002575080100,transit,0.6011886716076091,2,0.6005574992177944,"Признаки транзита: получено 13 тыс., отдано 96%, медиана задержки 0 дн., 1→1 контрагента",3,False,1,1,13000.0,12500.0,1,1,0.9615384615384616,291.99286338901504,0.022460989491462156,0,0.0,1.981468513870874e-05,1.0,1,0.0,0,fast_pass,"{""betweenness"": 0.127, ""degree"": 0.07, ""n_seed_upstream"": 0.058, ""role"": 0.189, ""seed_flow_kzt"": 0.098, ""temporal"": 0.046}"
100000008038077100,terminal,0.5,8,0.4248542253320818,"Вероятный конечный получатель: 1 плательщиков, получено 500 тыс., исходящих нет",3,False,1,0,499850.0,0.0,2,0,0.0,597.5017164439494,0.0011953620415003489,0,1.0,0.0,0.0,1,0.0,0,,"{""betweenness"": 0.055, ""degree"": 0.032, ""n_seed_upstream"": 0.058, ""role"": 0.121, ""seed_flow_kzt"": 0.117, ""temporal"": 0.032}"
100000003899325100,terminal,0.5,14,0.3683078760986432,"Вероятный конечный получатель: 1 плательщиков, получено 50 тыс., исходящих нет",3,False,1,0,50120.0,0.0,1,0,0.0,83.76188434681882,0.0016712267427537674,0,1.0,0.0,0.0,1,0.0,0,,"{""betweenness"": 0.055, ""degree"": 0.032, ""n_seed_upstream"": 0.058, ""role"": 0.121, ""seed_flow_kzt"": 0.062, ""temporal"": 0.032}"
100000001155773100,terminal,0.5,9,0.3333788434735614,"Вероятный конечный получатель: 1 плательщиков, получено 22 тыс., исходящих нет",3,False,1,0,21500.0,0.0,1,0,0.0,14.286915160859492,0.0006645076819004414,0,1.0,0.0,0.0,1,0.0,0,,"{""betweenness"": 0.055, ""degree"": 0.032, ""n_seed_upstream"": 0.058, ""role"": 0.121, ""seed_flow_kzt"": 0.028, ""temporal"": 0.032}"
100000000611474100,terminal,0.5,1,0.43577665898683043,"Вероятный конечный получатель: 1 плательщиков, получено 32 тыс., исходящих нет",3,False,1,0,32000.0,0.0,1,0,0.0,990.5223277550266,0.03095382274234458,0,1.0,0.0,0.0,1,0.0,0,,"{""betweenness"": 0.055, ""degree"": 0.032, ""n_seed_upstream"": 0.058, ""role"": 0.121, ""seed_flow_kzt"": 0.128, ""temporal"": 0.032}"
100000006704530100,transit,0.501104174841464,28,0.5940950593054015,"Признаки транзита: получено 450 тыс., отдано 95%, 1→3 контрагента",3,False,1,3,450500.0,428000.0,1,5,0.9500554938956715,145.38472464197312,0.0003227185896603177,0,0.0,5.8849614861964964e-05,0.0,1,0.0,0,,"{""betweenness"": 0.137, ""degree"": 0.087, ""n_seed_upstream"": 0.058, ""role"": 0.189, ""seed_flow_kzt"": 0.078, ""temporal"": 0.032}"
100000003996562100,terminal,0.5,3,0.38719458429331277,"Вероятный конечный получатель: 1 плательщиков, получено 8 тыс., исходящих нет",3,False,1,0,7700.0,0.0,1,0,0.0,164.7760704188995,0.02139948966479214,0,1.0,0.0,0.0,1,0.0,0,,"{""betweenness"": 0.055, ""degree"": 0.032, ""n_seed_upstream"": 0.058, ""role"": 0.121, ""seed_flow_kzt"": 0.081, ""temporal"": 0.032}"
100000002646887100,terminal,0.5,29,0.36808032539750263,"Вероятный конечный получатель: 1 плательщиков, получено 24 тыс., исходящих нет",3,False,1,0,24354.0,0.0,1,0,0.0,83.10257064067783,0.0034122760384609437,0,1.0,0.0,0.0,1,0.0,0,,"{""betweenness"": 0.055, ""degree"": 0.032, ""n_seed_upstream"": 0.058, ""role"": 0.121, ""seed_flow_kzt"": 0.062, ""temporal"": 0.032}"
100000002556775100,terminal,0.5,8,0.41194072304235285,"Вероятный конечный получатель: 1 плательщиков, получено 300 тыс., исходящих нет",3,False,1,0,300000.0,0.0,1,0,0.0,358.60861245010466,0.0011953620415003489,0,1.0,0.0,0.0,1,0.0,0,,"{""betweenness"": 0.055, ""degree"": 0.032, ""n_seed_upstream"": 0.058, ""role"": 0.121, ""seed_flow_kzt"": 0.105, ""temporal"": 0.032}"
100000002722108100,terminal,0.5,15,0.4013027277640299,"Вероятный конечный получатель: 1 плательщиков, получено 800 тыс., исходящих нет",3,False,1,0,800000.0,0.0,2,0,0.0,256.59546558095616,0.0003207443319761952,0,1.0,0.0,0.0,1,0.0,0,,"{""betweenness"": 0.055, ""degree"": 0.032, ""n_seed_upstream"": 0.058, ""role"": 0.121, ""seed_flow_kzt"": 0.094, ""temporal"": 0.032}"
100000002737980100,terminal,0.5,2,0.41040475580965374,"Вероятный конечный получатель: 1 плательщиков, получено 33 тыс., исходящих нет",3,False,1,0,32900.0,0.0,1,0,0.0,343.2206659622632,0.010432239086998881,0,1.0,0.0,0.0,1,0.0,0,,"{""betweenness"": 0.055, ""degree"": 0.032, ""n_seed_upstream"": 0.058, ""role"": 0.121, ""seed_flow_kzt"": 0.103, ""temporal"": 0.032}"
100000002913340100,terminal,0.5,9,0.3344597093039792,"Вероятный конечный получатель: 1 плательщиков, получено 24 тыс., исходящих нет",3,False,1,0,23600.0,0.0,1,0,0.0,15.682381292850417,0.0006645076819004414,0,1.0,0.0,0.0,1,0.0,0,,"{""betweenness"": 0.055, ""degree"": 0.032, ""n_seed_upstream"": 0.058, ""role"": 0.121, ""seed_flow_kzt"": 0.029, ""temporal"": 0.032}"
100000003610172100,terminal,0.5,8,0.36819410074807285,"Вероятный конечный получатель: 1 плательщиков, получено 70 тыс., исходящих нет",3,False,1,0,70000.0,0.0,1,0,0.0,83.67534290502442,0.0011953620415003489,0,1.0,0.0,0.0,1,0.0,0,,"{""betweenness"": 0.055, ""degree"": 0.032, ""n_seed_upstream"": 0.058, ""role"": 0.121, ""seed_flow_kzt"": 0.062, ""temporal"": 0.032}"
100000001052945100,peripheral,0.5,12,0.41618454361862495,"Периферийный узел: 1 входящих, 3 исходящих, оборот 1.65 млн; есть источники вне выборки",3,False,1,3,56520.0,1595700.0,1,6,28.23248407643312,62.492625592629906,3.916314193935571e-05,0,0.0,5.7660733753642434e-05,0.0,1,0.14285714285714285,0,near_threshold;external_funding,"{""betweenness"": 0.136, ""degree"": 0.087, ""n_seed_upstream"": 0.058, ""role"": 0.026, ""seed_flow_kzt"": 0.056, ""temporal"": 0.044}"
100000002369510100,terminal,0.5,9,0.34322041129789227,"Вероятный конечный получатель: 1 плательщиков, получено 37 тыс., исходящих нет",3,False,1,0,37150.0,0.0,1,0,0.0,24.6864603826014,0.0006645076819004414,0,1.0,0.0,0.0,1,0.0,0,,"{""betweenness"": 0.055, ""degree"": 0.032, ""n_seed_upstream"": 0.058, ""role"": 0.121, ""seed_flow_kzt"": 0.038, ""temporal"": 0.032}"
100000001954534100,peripheral,0.5,1,0.4552436214694086,"Периферийный узел: 1 входящих, 1 исходящих, оборот 53 тыс.; есть источники вне выборки",3,False,1,1,13000.0,40000.0,1,1,3.076923076923077,1256.466603462419,0.03141166508656047,0,0.0,1.9616538287321655e-05,0.0,1,0.0,0,external_funding,"{""betweenness"": 0.126, ""degree"": 0.07, ""n_seed_upstream"": 0.058, ""role"": 0.026, ""seed_flow_kzt"": 0.134, ""temporal"": 0.032}"
100000008488166100,terminal,0.5,9,0.33289529823363767,"Вероятный конечный получатель: 1 плательщиков, получено 6 тыс., исходящих нет",3,False,1,0,5600.0,0.0,1,0,0.0,3.721243018642472,0.0006645076819004414,0,1.0,0.0,0.0,1,1.0,0,near_threshold,"{""betweenness"": 0.055, ""degree"": 0.032, ""n_seed_upstream"": 0.058, ""role"": 0.121, ""seed_flow_kzt"": 0.013, ""temporal"": 0.047}"
100000005100475100,terminal,0.5,17,0.44487868703245437,"Вероятный конечный получатель: 1 плательщиков, получено 40 тыс., исходящих нет",3,False,1,0,40000.0,0.0,1,0,0.0,1515.8298958147655,0.037895747395369134,0,1.0,0.0,0.0,1,0.0,0,,"{""betweenness"": 0.055, ""degree"": 0.032, ""n_seed_upstream"": 0.058, ""role"": 0.121, ""seed_flow_kzt"": 0.137, ""temporal"": 0.032}"
100000002708624100,terminal,0.5,26,0.41939300850470734,"Вероятный конечный получатель: 1 плательщиков, получено 25 тыс., исходящих нет",3,False,1,0,25000.0,0.0,1,0,0.0,478.3099539172427,0.019132398156689708,0,1.0,0.0,0.0,1,0.0,0,,"{""betweenness"": 0.055, ""degree"": 0.032, ""n_seed_upstream"": 0.058, ""role"": 0.121, ""seed_flow_kzt"": 0.112, ""temporal"": 0.032}"
100000004591973100,peripheral,0.5,11,0.4825952157465085,"Периферийный узел: 1 входящих, 1 исходящих, оборот 110 тыс.; есть источники вне выборки",3,False,1,1,10000.0,100000.0,1,1,10.0,5554.395797742266,0.05554395797742266,0,0.0,2.0409125692870002e-05,0.0,1,0.0,0,external_funding,"{""betweenness"": 0.128, ""degree"": 0.07, ""n_seed_upstream"": 0.058, ""role"": 0.026, ""seed_flow_kzt"": 0.158, ""temporal"": 0.032}"
100000000802149100,terminal,0.5,1,0.42087208806212123,"Вероятный конечный получатель: 1 плательщиков, получено 104 тыс., исходящих нет",3,False,1,0,104128.0,0.0,1,0,0.0,505.0166973838237,0.004849960600259524,0,1.0,0.0,0.0,1,0.0,0,,"{""betweenness"": 0.055, ""degree"": 0.032, ""n_seed_upstream"": 0.058, ""role"": 0.121, ""seed_flow_kzt"": 0.114, ""temporal"": 0.032}"
100000003095610100,terminal,0.5,7,0.39094917086213266,"Вероятный конечный получатель: 1 плательщиков, получено 24 тыс., исходящих нет",3,False,1,0,23665.0,0.0,1,0,0.0,182.602058146015,0.007716123310628143,0,1.0,0.0,0.0,1,0.0,0,,"{""betweenness"": 0.055, ""degree"": 0.032, ""n_seed_upstream"": 0.058, ""role"": 0.121, ""seed_flow_kzt"": 0.084, ""temporal"": 0.032}"
100000004183610100,peripheral,0.5,20,0.41710612395824437,"Периферийный узел: 1 входящих, 1 исходящих, оборот 937 тыс.; есть источники вне выборки",3,False,1,1,22000.0,915000.0,1,3,41.59090909090909,175.80821642934336,0.000192140127245184,0,0.0,1.9616538287321655e-05,1.0,1,0.0,0,fast_pass;external_funding,"{""betweenness"": 0.126, ""degree"": 0.07, ""n_seed_upstream"": 0.058, ""role"": 0.026, ""seed_flow_kzt"": 0.083, ""temporal"": 0.046}"
100000005198906100,peripheral,0.5,8,0.4128623033819722,"Периферийный узел: 1 входящих, 1 исходящих, оборот 288 тыс.",3,False,1,1,227970.0,60000.0,1,1,0.26319252533228055,272.50668460083455,0.0011953620415003489,0,0.0,1.922024458454748e-05,0.0,1,0.0,0,,"{""betweenness"": 0.122, ""degree"": 0.07, ""n_seed_upstream"": 0.058, ""role"": 0.026, ""seed_flow_kzt"": 0.096, ""temporal"": 0.032}"
100000008599354100,peripheral,0.5,1,0.45610831413374286,"Периферийный узел: 1 входящих, 1 исходящих, оборот 215 тыс.",3,False,1,1,177000.0,38200.0,1,2,0.21581920903954802,2147.0840255984585,0.012130418223720105,0,0.0,4.359230730515923e-06,0.0,1,0.0,0,,"{""betweenness"": 0.118, ""degree"": 0.07, ""n_seed_upstream"": 0.058, ""role"": 0.026, ""seed_flow_kzt"": 0.142, ""temporal"": 0.032}"
100000001303311100,consolidator,0.5,6,0.6229598657450861,"Признаки консолидации: 5 плательщиков, деньги от 0 seed за ≤2 колена, seed-поток 4 тыс., дальше ушло 0%",3,False,5,0,1324000.0,0.0,5,0,0.0,4293.682536768295,0.003242962641063667,0,1.0,0.0,0.0,4,0.0,0,sync_in,"{""betweenness"": 0.055, ""degree"": 0.09, ""n_seed_upstream"": 0.058, ""role"": 0.194, ""seed_flow_kzt"": 0.154, ""temporal"": 0.057}"
100000008776420100,terminal,0.5,9,0.3552237107830588,"Вероятный конечный получатель: 1 плательщиков, получено 70 тыс., исходящих нет",3,False,1,0,69500.0,0.0,1,0,0.0,46.18328389208068,0.0006645076819004414,0,1.0,0.0,0.0,1,0.0,0,,"{""betweenness"": 0.055, ""degree"": 0.032, ""n_seed_upstream"": 0.058, ""role"": 0.121, ""seed_flow_kzt"": 0.049, ""temporal"": 0.032}"
100000004737764100,terminal,0.5,5,0.47997838268339155,"Вероятный конечный получатель: 1 плательщиков, получено 600 тыс., исходящих нет",3,False,1,0,600000.0,0.0,1,0,0.0,9722.651790803817,0.016204419651339695,0,1.0,0.0,0.0,1,0.0,0,,"{""betweenness"": 0.055, ""degree"": 0.032, ""n_seed_upstream"": 0.058, ""role"": 0.121, ""seed_flow_kzt"": 0.171, ""temporal"": 0.032}"
100000003154105100,peripheral,0.5,16,0.5351594277099866,"Периферийный узел: 1 входящих, 7 исходящих, оборот 398 тыс.; есть источники вне выборки",3,False,1,7,60000.0,338000.0,1,9,5.633333333333334,4964.691324847687,0.014688435872330433,0,0.0,0.0001400898239306708,1.0,1,0.0,0,fast_pass;external_funding,"{""betweenness"": 0.142, ""degree"": 0.095, ""n_seed_upstream"": 0.058, ""role"": 0.026, ""seed_flow_kzt"": 0.157, ""temporal"": 0.046}"
100000008708025100,terminal,0.5,21,0.3755326108598572,"Вероятный конечный получатель: 1 плательщиков, получено 10 тыс., исходящих нет",3,False,1,0,10000.0,0.0,1,0,0.0,110.40802685025447,0.011040802685025447,0,1.0,0.0,0.0,1,0.0,0,,"{""betweenness"": 0.055, ""degree"": 0.032, ""n_seed_upstream"": 0.058, ""role"": 0.121, ""seed_flow_kzt"": 0.069, ""temporal"": 0.032}"
100000008740793100,terminal,0.5,9,0.33315129277242084,"Вероятный конечный получатель: 1 плательщиков, получено 21 тыс., исходящих нет",3,False,1,0,21000.0,0.0,1,0,0.0,13.95466131990927,0.0006645076819004414,0,1.0,0.0,0.0,1,0.0,0,,"{""betweenness"": 0.055, ""degree"": 0.032, ""n_seed_upstream"": 0.058, ""role"": 0.121, ""seed_flow_kzt"": 0.028, ""temporal"": 0.032}"
100000008459449100,terminal,0.5,1,0.42644708024006595,"Вероятный конечный получатель: 1 плательщиков, получено 54 тыс., исходящих нет",3,False,1,0,53700.0,0.0,1,0,0.0,651.4034586137695,0.012130418223720104,0,1.0,0.0,0.0,1,0.0,0,,"{""betweenness"": 0.055, ""degree"": 0.032, ""n_seed_upstream"": 0.058, ""role"": 0.121, ""seed_flow_kzt"": 0.119, ""temporal"": 0.032}"
100000008677518100,terminal,0.5,9,0.34760076229484876,"Вероятный конечный получатель: 1 плательщиков, получено 49 тыс., исходящих нет",3,False,1,0,48700.0,0.0,1,0,0.0,32.3615241085515,0.0006645076819004414,0,1.0,0.0,0.0,1,0.0,0,,"{""betweenness"": 0.055, ""degree"": 0.032, ""n_seed_upstream"": 0.058, ""role"": 0.121, ""seed_flow_kzt"": 0.042, ""temporal"": 0.032}"
100000002212494100,terminal,0.5,30,0.4299741161077452,"Вероятный конечный получатель: 1 плательщиков, получено 160 тыс., исходящих нет",3,False,1,0,160000.0,0.0,1,0,0.0,735.5846857508388,0.004597404285942743,0,1.0,0.0,0.0,1,0.0,0,,"{""betweenness"": 0.055, ""degree"": 0.032, ""n_seed_upstream"": 0.058, ""role"": 0.121, ""seed_flow_kzt"": 0.122, ""temporal"": 0.032}"
100000001825934100,peripheral,0.5,31,0.4836647040418693,"Периферийный узел: 1 входящих, 1 исходящих, оборот 137 тыс.; есть источники вне выборки",3,False,1,1,40000.0,97000.0,1,1,2.425,10104.046242774568,0.10416542518324297,0,0.0,9.90734256935437e-07,0.0,1,0.0,0,external_funding,"{""betweenness"": 0.114, ""degree"": 0.07, ""n_seed_upstream"": 0.058, ""role"": 0.026, ""seed_flow_kzt"": 0.173, ""temporal"": 0.032}"
100000003736419100,peripheral,0.5,1,0.4137725061865346,"Периферийный узел: 1 входящих, 1 исходящих, оборот 33 тыс.",3,False,1,1,23300.0,10000.0,1,1,0.4291845493562232,282.6387446126784,0.012130418223720104,0,0.0,1.922024458454748e-05,0.0,1,0.0,0,,"{""betweenness"": 0.122, ""degree"": 0.07, ""n_seed_upstream"": 0.058, ""role"": 0.026, ""seed_flow_kzt"": 0.097, ""temporal"": 0.032}"
100000008430691100,peripheral,0.5,2,0.46394174702050794,"Периферийный узел: 1 входящих, 2 исходящих, оборот 625 тыс.; есть источники вне выборки",3,False,1,2,20000.0,604900.0,1,2,30.245,653.767452424642,0.001080786001693903,0,0.0,1.9616538287321655e-05,0.0,1,0.0,1,cycles;external_funding,"{""betweenness"": 0.126, ""degree"": 0.081, ""n_seed_upstream"": 0.058, ""role"": 0.026, ""seed_flow_kzt"": 0.119, ""temporal"": 0.044}"
100000003073635100,terminal,0.5,1,0.43304605057314327,"Вероятный конечный получатель: 1 плательщиков, получено 129 тыс., исходящих нет",3,False,1,0,129231.0,0.0,1,0,0.0,859.5804760286402,0.006651503710631661,0,1.0,0.0,0.0,1,0.0,0,,"{""betweenness"": 0.055, ""degree"": 0.032, ""n_seed_upstream"": 0.058, ""role"": 0.121, ""seed_flow_kzt"": 0.125, ""temporal"": 0.032}"
100000001686328100,terminal,0.5,6,0.4308843189123076,"Вероятный конечный получатель: 1 плательщиков, получено 140 тыс., исходящих нет",3,False,1,0,140000.0,0.0,1,0,0.0,767.9150635127539,0.005485107596519671,0,1.0,0.0,0.0,1,0.0,0,,"{""betweenness"": 0.055, ""degree"": 0.032, ""n_seed_upstream"": 0.058, ""role"": 0.121, ""seed_flow_kzt"": 0.123, ""temporal"": 0.032}"
100000008707810100,terminal,0.5,9,0.33764541911994767,"Вероятный конечный получатель: 1 плательщиков, получено 26 тыс., исходящих нет",3,False,1,0,26200.0,0.0,1,0,0.0,17.410101265791567,0.0006645076819004415,0,1.0,0.0,0.0,1,0.0,0,,"{""betweenness"": 0.055, ""degree"": 0.032, ""n_seed_upstream"": 0.058, ""role"": 0.121, ""seed_flow_kzt"": 0.032, ""temporal"": 0.032}"
100000001236706100,peripheral,0.5,3,0.5484256335864836,"Периферийный узел: 3 входящих, 2 исходящих, оборот 179 тыс.",3,False,3,2,142700.0,36000.0,3,2,0.25227750525578135,23827.67148481967,0.16697737550679517,0,0.0,3.923307657464331e-05,0.0,2,0.0,0,,"{""betweenness"": 0.134, ""degree"": 0.09, ""n_seed_upstream"": 0.058, ""role"": 0.026, ""seed_flow_kzt"": 0.197, ""temporal"": 0.032}"
100000008536546100,terminal,0.5,6,0.4062633330488949,"Вероятный конечный получатель: 2 плательщиков, получено 250 тыс., исходящих нет",3,False,2,0,250000.0,0.0,2,0,0.0,79.67510365369186,0.0003187004146147674,0,1.0,0.0,0.0,2,0.0,0,,"{""betweenness"": 0.055, ""degree"": 0.07, ""n_seed_upstream"": 0.058, ""role"": 0.121, ""seed_flow_kzt"": 0.061, ""temporal"": 0.032}"
100000007140834100,terminal,0.5,7,0.4747731603948004,"Вероятный конечный получатель: 1 плательщиков, получено 10 тыс., исходящих нет",3,False,1,0,10200.0,0.0,2,0,0.0,3548.2035247038953,0.34786309065724463,0,1.0,0.0,0.0,1,1.0,0,near_threshold,"{""betweenness"": 0.055, ""degree"": 0.032, ""n_seed_upstream"": 0.058, ""role"": 0.121, ""seed_flow_kzt"": 0.152, ""temporal"": 0.047}"
100000007022818100,terminal,0.5,9,0.3295673692294564,"Вероятный конечный получатель: 1 плательщиков, получено 17 тыс., исходящих нет",3,False,1,0,17200.0,0.0,1,0,0.0,11.429532128687592,0.0006645076819004414,0,1.0,0.0,0.0,1,0.0,0,,"{""betweenness"": 0.055, ""degree"": 0.032, ""n_seed_upstream"": 0.058, ""role"": 0.121, ""seed_flow_kzt"": 0.024, ""temporal"": 0.032}"
100000007484343100,terminal,0.5,13,0.42116790397360404,"Вероятный конечный получатель: 2 плательщиков, получено 27 тыс., исходящих нет",3,False,2,0,26757.0,0.0,2,0,0.0,136.13120717987837,0.0050876857338221166,0,1.0,0.0,0.0,2,0.0,0,,"{""betweenness"": 0.055, ""degree"": 0.07, ""n_seed_upstream"": 0.058, ""role"": 0.121, ""seed_flow_kzt"": 0.076, ""temporal"": 0.032}"
100000001379511100,terminal,0.5,29,0.3916318229655545,"Вероятный конечный получатель: 1 плательщиков, получено 55 тыс., исходящих нет",3,False,1,0,55000.0,0.0,1,0,0.0,187.6751821153519,0.0034122760384609437,0,1.0,0.0,0.0,1,0.0,0,,"{""betweenness"": 0.055, ""degree"": 0.032, ""n_seed_upstream"": 0.058, ""role"": 0.121, ""seed_flow_kzt"": 0.085, ""temporal"": 0.032}"
100000004569484100,peripheral,0.5,7,0.4668145746224081,"Периферийный узел: 2 входящих, 4 исходящих, оборот 254 тыс.; есть источники вне выборки",3,False,2,4,98312.0,156000.0,3,4,1.586784929611848,191.15420727842582,0.0012253474825540116,0,0.0,0.0035642655627509284,0.0,1,0.0,4,cycles;external_funding;bridge,"{""betweenness"": 0.149, ""degree"": 0.092, ""n_seed_upstream"": 0.058, ""role"": 0.026, ""seed_flow_kzt"": 0.085, ""temporal"": 0.046}"
100000002948492100,terminal,0.5,12,0.3445288278294507,"Вероятный конечный получатель: 1 плательщиков, получено 24 тыс., исходящих нет",3,False,1,0,23660.0,0.0,1,0,0.0,26.16021800285958,0.0011056727811859502,0,1.0,0.0,0.0,1,0.0,0,,"{""betweenness"": 0.055, ""degree"": 0.032, ""n_seed_upstream"": 0.058, ""role"": 0.121, ""seed_flow_kzt"": 0.039, ""temporal"": 0.032}"
100000002116705100,terminal,0.5,9,0.3304206843587336,"Вероятный конечный получатель: 1 плательщиков, получено 18 тыс., исходящих нет",3,False,1,0,17600.0,0.0,1,0,0.0,11.695335201447769,0.0006645076819004414,0,1.0,0.0,0.0,1,0.0,0,,"{""betweenness"": 0.055, ""degree"": 0.032, ""n_seed_upstream"": 0.058, ""role"": 0.121, ""seed_flow_kzt"": 0.025, ""temporal"": 0.032}"
100000002481974100,peripheral,0.5,14,0.4472110817191455,"Периферийный узел: 2 входящих, 2 исходящих, оборот 407 тыс.; есть источники вне выборки",3,False,2,2,89447.0,318000.0,2,4,3.5551779265934016,213.83358886021006,0.0006724326693717297,0,0.0,3.883678287186913e-05,0.7205048799847955,1,0.0,0,fast_pass;external_funding,"{""betweenness"": 0.133, ""degree"": 0.087, ""n_seed_upstream"": 0.058, ""role"": 0.026, ""seed_flow_kzt"": 0.089, ""temporal"": 0.045}"
100000003920950100,terminal,0.5,3,0.4323633984697215,"Вероятный конечный получатель: 1 плательщиков, получено 323 тыс., исходящих нет",3,False,1,0,323290.0,0.0,1,0,0.0,842.7267339847346,0.0026067206965409836,0,1.0,0.0,0.0,1,0.0,0,,"{""betweenness"": 0.055, ""degree"": 0.032, ""n_seed_upstream"": 0.058, ""role"": 0.121, ""seed_flow_kzt"": 0.125, ""temporal"": 0.032}"
100000000733451100,peripheral,0.5,20,0.5197542452427681,"Периферийный узел: 1 входящих, 1 исходящих, оборот 370 тыс.; есть источники вне выборки",3,False,1,1,70000.0,300000.0,2,1,4.285714285714286,20532.39404848118,0.06844131349493726,0,0.0,2.4570209571998837e-05,0.0,1,0.0,0,external_funding,"{""betweenness"": 0.131, ""degree"": 0.07, ""n_seed_upstream"": 0.058, ""role"": 0.026, ""seed_flow_kzt"": 0.192, ""temporal"": 0.032}"
100000005182219100,terminal,0.5,8,0.46235458088005227,"Вероятный конечный получатель: 2 плательщиков, получено 55 тыс., исходящих нет",3,False,2,0,55000.0,0.0,2,0,0.0,548.6964996676968,0.009976299993958123,0,1.0,0.0,0.0,1,0.0,0,,"{""betweenness"": 0.055, ""degree"": 0.07, ""n_seed_upstream"": 0.058, ""role"": 0.121, ""seed_flow_kzt"": 0.116, ""temporal"": 0.032}"
100000008633099100,peripheral,0.5,3,0.36666951105043094,"Периферийный узел: 1 входящих, 1 исходящих, оборот 33 тыс.",3,False,1,1,19468.0,13500.0,1,1,0.6934456544072324,50.74763852025987,0.0026067206965409836,0,0.0,1.922024458454748e-05,0.0,1,0.0,0,,"{""betweenness"": 0.122, ""degree"": 0.07, ""n_seed_upstream"": 0.058, ""role"": 0.026, ""seed_flow_kzt"": 0.051, ""temporal"": 0.032}"
100000001380107100,terminal,0.5,16,0.36785277469636196,"Вероятный конечный получатель: 1 плательщиков, получено 6 тыс., исходящих нет",3,False,1,0,6000.0,0.0,1,0,0.0,82.23938223938224,0.013706563706563707,0,1.0,0.0,0.0,1,0.0,0,,"{""betweenness"": 0.055, ""degree"": 0.032, ""n_seed_upstream"": 0.058, ""role"": 0.121, ""seed_flow_kzt"": 0.062, ""temporal"": 0.032}"
100000008755168100,terminal,0.5,9,0.3304206843587336,"Вероятный конечный получатель: 1 плательщиков, получено 18 тыс., исходящих нет",3,False,1,0,17600.0,0.0,1,0,0.0,11.695335201447769,0.0006645076819004414,0,1.0,0.0,0.0,1,0.0,0,,"{""betweenness"": 0.055, ""degree"": 0.032, ""n_seed_upstream"": 0.058, ""role"": 0.121, ""seed_flow_kzt"": 0.025, ""temporal"": 0.032}"
100000002628576100,peripheral,0.5,8,0.482811388912592,"Периферийный узел: 2 входящих, 2 исходящих, оборот 1.27 млн",3,False,2,2,727882.0,539000.0,3,2,0.7405046422359668,837.5293745919012,0.0011506389422899607,0,0.0,3.844048916909496e-05,0.5494915384636521,1,0.0,0,fast_pass,"{""betweenness"": 0.132, ""degree"": 0.087, ""n_seed_upstream"": 0.058, ""role"": 0.026, ""seed_flow_kzt"": 0.125, ""temporal"": 0.045}"
100000001611488100,terminal,0.5,8,0.5104815541712887,"Вероятный конечный получатель: 2 плательщиков, получено 779 тыс., исходящих нет",3,False,2,0,779300.0,0.0,3,0,0.0,6771.318138093659,0.008688974898105556,0,1.0,0.0,0.0,1,0.0,0,,"{""betweenness"": 0.055, ""degree"": 0.07, ""n_seed_upstream"": 0.058, ""role"": 0.121, ""seed_flow_kzt"": 0.163, ""temporal"": 0.032}"
100000005375968100,peripheral,0.5,13,0.415831840031857,"Периферийный узел: 1 входящих, 2 исходящих, оборот 256 тыс.",3,False,1,2,170082.0,86000.0,1,4,0.5056384567443939,143.9646470741212,0.0008464425810733716,0,0.0,3.844048916909496e-05,0.0,1,0.0,0,,"{""betweenness"": 0.132, ""degree"": 0.081, ""n_seed_upstream"": 0.058, ""role"": 0.026, ""seed_flow_kzt"": 0.077, ""temporal"": 0.032}"
100000003581109100,terminal,0.5,13,0.35078647211081715,"Вероятный конечный получатель: 1 плательщиков, получено 43 тыс., исходящих нет",3,False,1,0,42750.0,0.0,1,0,0.0,36.18542034088664,0.0008464425810733716,0,1.0,0.0,0.0,1,0.0,0,,"{""betweenness"": 0.055, ""degree"": 0.032, ""n_seed_upstream"": 0.058, ""role"": 0.121, ""seed_flow_kzt"": 0.045, ""temporal"": 0.032}"
100000002933386100,peripheral,0.5,3,0.4216002503057712,"Периферийный узел: 1 входящих, 1 исходящих, оборот 73 тыс.; есть источники вне выборки",3,False,1,1,15000.0,58000.0,1,1,3.8666666666666667,299.15911609546583,0.005157915794749411,0,0.0,2.0012831990095827e-05,0.0,1,0.0,0,external_funding,"{""betweenness"": 0.127, ""degree"": 0.07, ""n_seed_upstream"": 0.058, ""role"": 0.026, ""seed_flow_kzt"": 0.099, ""temporal"": 0.032}"
100000002284426100,terminal,0.5,8,0.3739966436271581,"Вероятный конечный получатель: 1 плательщиков, получено 90 тыс., исходящих нет",3,False,1,0,90000.0,0.0,2,0,0.0,107.5825837350314,0.0011953620415003489,0,1.0,0.0,0.0,1,0.0,0,,"{""betweenness"": 0.055, ""degree"": 0.032, ""n_seed_upstream"": 0.058, ""role"": 0.121, ""seed_flow_kzt"": 0.068, ""temporal"": 0.032}"
100000008579978100,peripheral,0.5,8,0.38962937679551723,"Периферийный узел: 1 входящих, 1 исходящих, оборот 111 тыс.; есть источники вне выборки",3,False,1,1,34000.0,77000.0,1,6,2.264705882352941,40.642309411011865,0.0005278222001430113,0,0.0,1.922024458454748e-05,1.0,1,0.2857142857142857,0,fast_pass;near_threshold;external_funding,"{""betweenness"": 0.122, ""degree"": 0.07, ""n_seed_upstream"": 0.058, ""role"": 0.026, ""seed_flow_kzt"": 0.047, ""temporal"": 0.058}"
100000001549194100,terminal,0.5,12,0.3572716670933242,"Вероятный конечный получатель: 1 плательщиков, получено 46 тыс., исходящих нет",3,False,1,0,46500.0,0.0,1,0,0.0,51.41378432514668,0.0011056727811859502,0,1.0,0.0,0.0,1,0.0,0,,"{""betweenness"": 0.055, ""degree"": 0.032, ""n_seed_upstream"": 0.058, ""role"": 0.121, ""seed_flow_kzt"": 0.051, ""temporal"": 0.032}"
100000001427082100,peripheral,0.5,16,0.5017379184799613,"Периферийный узел: 1 входящих, 5 исходящих, оборот 130 тыс.; есть источники вне выборки",3,False,1,5,5000.0,124900.0,1,6,24.98,1075.2522024937668,0.00860890474374513,0,0.0,7.846615314928662e-05,0.0,1,0.42857142857142855,0,near_threshold;external_funding,"{""betweenness"": 0.139, ""degree"": 0.092, ""n_seed_upstream"": 0.058, ""role"": 0.026, ""seed_flow_kzt"": 0.13, ""temporal"": 0.045}"
100000004657034100,terminal,0.5,8,0.3884461131495861,"Вероятный конечный получатель: 1 плательщиков, получено 141 тыс., исходящих нет",3,False,1,0,141250.0,0.0,1,0,0.0,168.8448883619243,0.0011953620415003489,0,1.0,0.0,0.0,1,0.0,0,,"{""betweenness"": 0.055, ""degree"": 0.032, ""n_seed_upstream"": 0.058, ""role"": 0.121, ""seed_flow_kzt"": 0.082, ""temporal"": 0.032}"
100000003796063100,peripheral,0.5,3,0.5464630087891458,"Периферийный узел: 1 входящих, 15 исходящих, оборот 994 тыс.; есть источники вне выборки",3,False,1,15,35000.0,959150.0,1,23,27.404285714285713,2484.0922675672577,0.0025898892431499326,0,0.0,0.0009683436627286961,1.0,1,0.0,9,fast_pass;cycles;external_funding;bridge,"{""betweenness"": 0.147, ""degree"": 0.098, ""n_seed_upstream"": 0.058, ""role"": 0.026, ""seed_flow_kzt"": 0.146, ""temporal"": 0.06}"
100000005268319100,peripheral,0.5,3,0.416184543618625,"Периферийный узел: 1 входящих, 5 исходящих, оборот 111 тыс.; есть источники вне выборки",3,False,1,5,19712.8,91000.0,2,10,4.6162899232985675,15.432026428510303,0.00016958270800560772,0,0.0,3.923307657464331e-05,1.0,1,0.08333333333333333,1,fast_pass;near_threshold;cycles;external_funding,"{""betweenness"": 0.134, ""degree"": 0.092, ""n_seed_upstream"": 0.058, ""role"": 0.026, ""seed_flow_kzt"": 0.029, ""temporal"": 0.069}"
100000008744799100,terminal,0.5,9,0.3246181414796484,"Вероятный конечный получатель: 1 плательщиков, получено 13 тыс., исходящих нет",3,False,1,0,12600.0,0.0,1,0,0.0,8.372796791945563,0.0006645076819004414,0,1.0,0.0,0.0,1,0.0,0,,"{""betweenness"": 0.055, ""degree"": 0.032, ""n_seed_upstream"": 0.058, ""role"": 0.121, ""seed_flow_kzt"": 0.019, ""temporal"": 0.032}"
100000008677215100,terminal,0.5,27,0.428381261199761,"Вероятный конечный получатель: 1 плательщиков, получено 9 тыс., исходящих нет",3,False,1,0,9000.0,0.0,1,0,0.0,686.5881899603779,0.07628757666226421,0,1.0,0.0,0.0,1,0.0,0,,"{""betweenness"": 0.055, ""degree"": 0.032, ""n_seed_upstream"": 0.058, ""role"": 0.121, ""seed_flow_kzt"": 0.121, ""temporal"": 0.032}"
100000007593823100,coordinator,0.75,3,0.6695451830360952,Кандидат в координирующий узел: 3 плательщиков → 13 получателей; сигналы S3,3,False,3,13,25000.0,162900.0,3,21,6.516,183.7979548374654,0.0011282870155768286,0,0.0,0.00029167216524179267,0.6,1,0.5,4,fast_pass;near_threshold;cycles;external_funding;peripheral;S3,"{""betweenness"": 0.145, ""degree"": 0.098, ""n_seed_upstream"": 0.058, ""role"": 0.198, ""seed_flow_kzt"": 0.085, ""temporal"": 0.072}"
100000001282143100,coordinator,0.5,6,0.5968142901840315,Кандидат в координирующий узел: 5 плательщиков → 0 получателей; сигналы S3,3,False,5,0,1700000.0,0.0,6,0,0.0,857.8266750664858,0.0005046039265096975,0,1.0,0.0,0.0,4,0.0,0,sync_in;consolidator;S3,"{""betweenness"": 0.055, ""degree"": 0.09, ""n_seed_upstream"": 0.058, ""role"": 0.198, ""seed_flow_kzt"": 0.125, ""temporal"": 0.057}"
100000008029279100,terminal,0.5,1,0.37649970133970473,"Вероятный конечный получатель: 1 плательщиков, получено 17 тыс., исходящих нет",3,False,1,0,17000.0,0.0,1,0,0.0,113.07556308073823,0.006651503710631661,0,1.0,0.0,0.0,1,0.0,0,,"{""betweenness"": 0.055, ""degree"": 0.032, ""n_seed_upstream"": 0.058, ""role"": 0.121, ""seed_flow_kzt"": 0.07, ""temporal"": 0.032}"
100000000594783100,peripheral,0.5,11,0.4987570042950194,"Периферийный узел: 1 входящих, 2 исходящих, оборот 2.79 млн",3,False,1,2,2635000.0,152500.0,10,2,0.05787476280834915,39380.086989068,0.014945004549930929,0,0.0,0.0,0.0,1,0.08333333333333333,3,near_threshold;cycles,"{""betweenness"": 0.055, ""degree"": 0.081, ""n_seed_upstream"": 0.058, ""role"": 0.026, ""seed_flow_kzt"": 0.211, ""temporal"": 0.057}"
100000002705460100,terminal,0.5,2,0.4912990300651363,"Вероятный конечный получатель: 1 плательщиков, получено 95 тыс., исходящих нет",3,False,1,0,95000.0,0.0,1,0,0.0,15005.843117353656,0.1579562433405648,0,1.0,0.0,0.0,1,0.0,0,,"{""betweenness"": 0.055, ""degree"": 0.032, ""n_seed_upstream"": 0.058, ""role"": 0.121, ""seed_flow_kzt"": 0.182, ""temporal"": 0.032}"
100000002952756100,terminal,0.5,15,0.3987996700514833,"Вероятный конечный получатель: 1 плательщиков, получено 47 тыс., исходящих нет",3,False,1,0,47000.0,0.0,1,0,0.0,231.55517741266365,0.004926705902397099,0,1.0,0.0,0.0,1,0.0,0,,"{""betweenness"": 0.055, ""degree"": 0.032, ""n_seed_upstream"": 0.058, ""role"": 0.121, ""seed_flow_kzt"": 0.092, ""temporal"": 0.032}"
100000004634420100,terminal,0.5,9,0.33696276701652583,"Вероятный конечный получатель: 1 плательщиков, получено 26 тыс., исходящих нет",3,False,1,0,26150.0,0.0,1,0,0.0,17.376875881696545,0.0006645076819004415,0,1.0,0.0,0.0,1,0.0,0,,"{""betweenness"": 0.055, ""degree"": 0.032, ""n_seed_upstream"": 0.058, ""role"": 0.121, ""seed_flow_kzt"": 0.032, ""temporal"": 0.032}"
100000000583220100,peripheral,0.5,20,0.3789003612367381,"Периферийный узел: 1 входящих, 1 исходящих, оборот 766 тыс.; есть источники вне выборки",3,False,1,1,5000.0,761255.0,1,4,152.251,39.956412824850766,5.248755387465536e-05,0,0.0,1.9616538287321655e-05,0.0,1,0.2,0,near_threshold;external_funding,"{""betweenness"": 0.126, ""degree"": 0.07, ""n_seed_upstream"": 0.058, ""role"": 0.026, ""seed_flow_kzt"": 0.047, ""temporal"": 0.044}"
100000003286537100,terminal,0.5,6,0.42105412862303376,"Вероятный конечный получатель: 2 плательщиков, получено 153 тыс., исходящих нет",3,False,2,0,153000.0,0.0,2,0,0.0,135.98445335213836,0.0008887872768113619,0,1.0,0.0,0.0,2,0.0,0,,"{""betweenness"": 0.055, ""degree"": 0.07, ""n_seed_upstream"": 0.058, ""role"": 0.121, ""seed_flow_kzt"": 0.076, ""temporal"": 0.032}"
100000002958345100,terminal,0.5,15,0.3713798105640413,"Вероятный конечный получатель: 1 плательщиков, получено 307 тыс., исходящих нет",3,False,1,0,307000.0,0.0,1,0,0.0,98.46850991669193,0.0003207443319761952,0,1.0,0.0,0.0,1,0.0,0,,"{""betweenness"": 0.055, ""degree"": 0.032, ""n_seed_upstream"": 0.058, ""role"": 0.121, ""seed_flow_kzt"": 0.065, ""temporal"": 0.032}"
100000005055454100,terminal,0.5,24,0.45136388201496136,"Вероятный конечный получатель: 1 плательщиков, получено 6 тыс., исходящих нет",3,False,1,0,6500.0,0.0,1,0,0.0,2209.9447513812156,0.3399915002124947,0,1.0,0.0,0.0,1,0.0,0,,"{""betweenness"": 0.055, ""degree"": 0.032, ""n_seed_upstream"": 0.058, ""role"": 0.121, ""seed_flow_kzt"": 0.143, ""temporal"": 0.032}"
100000008738526100,peripheral,0.5,6,0.33460761725972066,"Периферийный узел: 1 входящих, 1 исходящих, оборот 155 тыс.; есть источники вне выборки",3,False,1,1,15000.0,140000.0,1,1,9.333333333333334,3.491747265386912,2.49410518956208e-05,0,0.0,2.139985994980544e-05,0.0,1,0.0,0,external_funding,"{""betweenness"": 0.129, ""degree"": 0.07, ""n_seed_upstream"": 0.058, ""role"": 0.026, ""seed_flow_kzt"": 0.013, ""temporal"": 0.032}"
100000001298099100,terminal,0.5,7,0.3841226498279148,"Вероятный конечный получатель: 1 плательщиков, получено 19 тыс., исходящих нет",3,False,1,0,19000.0,0.0,1,0,0.0,146.6063429019347,0.007716123310628142,0,1.0,0.0,0.0,1,0.0,0,,"{""betweenness"": 0.055, ""degree"": 0.032, ""n_seed_upstream"": 0.058, ""role"": 0.121, ""seed_flow_kzt"": 0.078, ""temporal"": 0.032}"
100000006491272100,terminal,0.5,9,0.33764541911994767,"Вероятный конечный получатель: 1 плательщиков, получено 26 тыс., исходящих нет",3,False,1,0,26200.0,0.0,1,0,0.0,17.410101265791567,0.0006645076819004415,0,1.0,0.0,0.0,1,0.0,0,,"{""betweenness"": 0.055, ""degree"": 0.032, ""n_seed_upstream"": 0.058, ""role"": 0.121, ""seed_flow_kzt"": 0.032, ""temporal"": 0.032}"
100000000552584100,peripheral,0.5,11,0.4741132633614926,"Периферийный узел: 1 входящих, 1 исходящих, оборот 2.56 млн",3,False,1,1,2500000.0,57500.0,3,1,0.023,37362.51137482732,0.014945004549930929,0,0.0,0.0,0.0,1,0.0,2,cycles,"{""betweenness"": 0.055, ""degree"": 0.07, ""n_seed_upstream"": 0.058, ""role"": 0.026, ""seed_flow_kzt"": 0.209, ""temporal"": 0.045}"
100000005187208100,terminal,0.5,3,0.3687629775009244,"Вероятный конечный получатель: 1 плательщиков, получено 14 тыс., исходящих нет",3,False,1,0,14160.0,0.0,1,0,0.0,85.66803061819311,0.006050002162301773,0,1.0,0.0,0.0,1,0.0,0,,"{""betweenness"": 0.055, ""degree"": 0.032, ""n_seed_upstream"": 0.058, ""role"": 0.121, ""seed_flow_kzt"": 0.063, ""temporal"": 0.032}"
100000003528285100,peripheral,0.5,5,0.507733879455016,"Периферийный узел: 4 входящих, 4 исходящих, оборот 667 тыс.; есть источники вне выборки",3,False,4,4,118870.0,548000.0,5,6,4.6100782367292,1083.5646362683967,0.0019773077304167824,0,0.0,0.00017714328514005615,0.0,1,0.18181818181818182,0,near_threshold;external_funding,"{""betweenness"": 0.143, ""degree"": 0.095, ""n_seed_upstream"": 0.058, ""role"": 0.026, ""seed_flow_kzt"": 0.131, ""temporal"": 0.044}"
100000001484381100,terminal,0.5,7,0.4505219444207412,"Вероятный конечный получатель: 2 плательщиков, получено 96 тыс., исходящих нет",3,False,2,0,95585.0,0.0,4,0,0.0,353.01722825239654,0.003693228312521803,0,1.0,0.0,0.0,1,0.0,0,,"{""betweenness"": 0.055, ""degree"": 0.07, ""n_seed_upstream"": 0.058, ""role"": 0.121, ""seed_flow_kzt"": 0.104, ""temporal"": 0.032}"
100000002508637100,peripheral,0.5,14,0.42848365901527424,"Периферийный узел: 1 входящих, 1 исходящих, оборот 314 тыс.",3,False,1,1,306410.0,8000.0,1,1,0.02610880845925394,660.8341659171035,0.002156699082657562,0,0.0,7.925874055483496e-07,0.0,1,0.0,0,,"{""betweenness"": 0.114, ""degree"": 0.07, ""n_seed_upstream"": 0.058, ""role"": 0.026, ""seed_flow_kzt"": 0.12, ""temporal"": 0.032}"
100000003149149100,terminal,0.5,8,0.4052848650339903,"Вероятный конечный получатель: 1 плательщиков, получено 245 тыс., исходящих нет",3,False,1,0,245000.0,0.0,1,0,0.0,292.8637001675855,0.0011953620415003489,0,1.0,0.0,0.0,1,0.0,0,,"{""betweenness"": 0.055, ""degree"": 0.032, ""n_seed_upstream"": 0.058, ""role"": 0.121, ""seed_flow_kzt"": 0.098, ""temporal"": 0.032}"
100000001538095100,terminal,0.5,6,0.46588161674773154,"Вероятный конечный получатель: 2 плательщиков, получено 280 тыс., исходящих нет",3,False,2,0,280000.0,0.0,2,0,0.0,657.9724639646114,0.002349901657016469,0,1.0,0.0,0.0,2,0.0,0,,"{""betweenness"": 0.055, ""degree"": 0.07, ""n_seed_upstream"": 0.058, ""role"": 0.121, ""seed_flow_kzt"": 0.119, ""temporal"": 0.032}"
100000008695133100,terminal,0.5,9,0.3429359729214665,"Вероятный конечный получатель: 1 плательщиков, получено 37 тыс., исходящих нет",3,False,1,0,36610.0,0.0,1,0,0.0,24.32762623437516,0.0006645076819004414,0,1.0,0.0,0.0,1,0.0,0,,"{""betweenness"": 0.055, ""degree"": 0.032, ""n_seed_upstream"": 0.058, ""role"": 0.121, ""seed_flow_kzt"": 0.037, ""temporal"": 0.032}"
100000008749405100,terminal,0.5,9,0.34322041129789227,"Вероятный конечный получатель: 1 плательщиков, получено 37 тыс., исходящих нет",3,False,1,0,37150.0,0.0,1,0,0.0,24.6864603826014,0.0006645076819004414,0,1.0,0.0,0.0,1,0.0,0,,"{""betweenness"": 0.055, ""degree"": 0.032, ""n_seed_upstream"": 0.058, ""role"": 0.121, ""seed_flow_kzt"": 0.038, ""temporal"": 0.032}"
100000005815602100,peripheral,0.5,2,0.4704553858406576,"Периферийный узел: 1 входящих, 1 исходящих, оборот 185 тыс.; есть источники вне выборки",3,False,1,1,20000.0,165000.0,1,1,8.25,3188.8426541141685,0.019326319115843444,0,0.0,1.9418391435934565e-05,0.0,1,0.0,0,external_funding,"{""betweenness"": 0.125, ""degree"": 0.07, ""n_seed_upstream"": 0.058, ""role"": 0.026, ""seed_flow_kzt"": 0.149, ""temporal"": 0.032}"
100000006641671100,transit,0.6024751127413853,3,0.5959040873794692,"Признаки транзита: получено 22 тыс., отдано 114%, медиана задержки 0 дн., 2→1 контрагента",3,False,2,1,22000.0,25000.0,2,3,1.1363636363636365,152.41697810074558,0.0060966791240298236,0,0.0,5.548111838838448e-06,1.0,1,0.2,0,fast_pass;near_threshold,"{""betweenness"": 0.118, ""degree"": 0.081, ""n_seed_upstream"": 0.058, ""role"": 0.189, ""seed_flow_kzt"": 0.079, ""temporal"": 0.058}"
100000002945031100,terminal,0.5,3,0.3867394828910316,"Вероятный конечный получатель: 1 плательщиков, получено 15 тыс., исходящих нет",3,False,1,0,15000.0,0.0,1,0,0.0,162.08804036859195,0.01080586935790613,0,1.0,0.0,0.0,1,0.0,0,,"{""betweenness"": 0.055, ""degree"": 0.032, ""n_seed_upstream"": 0.058, ""role"": 0.121, ""seed_flow_kzt"": 0.08, ""temporal"": 0.032}"
100000003497735100,terminal,0.5,19,0.43429757942941655,"Вероятный конечный получатель: 1 плательщиков, получено 125 тыс., исходящих нет",3,False,1,0,125000.0,0.0,1,0,0.0,927.2720246331353,0.007418176197065082,0,1.0,0.0,0.0,1,0.0,0,,"{""betweenness"": 0.055, ""degree"": 0.032, ""n_seed_upstream"": 0.058, ""role"": 0.121, ""seed_flow_kzt"": 0.127, ""temporal"": 0.032}"
100000004644615100,peripheral,0.5,15,0.42598629007025623,"Периферийный узел: 1 входящих, 2 исходящих, оборот 430 тыс.; есть источники вне выборки",3,False,1,2,50810.0,379665.0,1,14,7.472249557173785,250.3259269007966,0.00065933369391647,0,0.0,1.1888811083225246e-06,0.0,1,0.06666666666666667,0,near_threshold;external_funding,"{""betweenness"": 0.115, ""degree"": 0.081, ""n_seed_upstream"": 0.058, ""role"": 0.026, ""seed_flow_kzt"": 0.094, ""temporal"": 0.043}"
100000002755292100,terminal,0.5,8,0.40005119890775653,"Вероятный конечный получатель: 1 плательщиков, получено 203 тыс., исходящих нет",3,False,1,0,203400.0,0.0,1,0,0.0,243.13663924117097,0.0011953620415003489,0,1.0,0.0,0.0,1,0.0,0,,"{""betweenness"": 0.055, ""degree"": 0.032, ""n_seed_upstream"": 0.058, ""role"": 0.121, ""seed_flow_kzt"": 0.093, ""temporal"": 0.032}"
100000005142492100,peripheral,0.5,17,0.3944818954973405,"Периферийный узел: 1 входящих, 1 исходящих, оборот 67 тыс.; есть источники вне выборки",3,False,1,1,10000.0,57000.0,1,1,5.7,1224.2979052011897,0.021478910617564732,0,0.0,0.0,0.0,1,0.0,1,cycles;external_funding,"{""betweenness"": 0.055, ""degree"": 0.07, ""n_seed_upstream"": 0.058, ""role"": 0.026, ""seed_flow_kzt"": 0.133, ""temporal"": 0.044}"
100000002893020100,terminal,0.5,7,0.38332622237392266,"Вероятный конечный получатель: 1 плательщиков, получено 18 тыс., исходящих нет",3,False,1,0,18340.0,0.0,1,0,0.0,141.51370151692015,0.007716123310628143,0,1.0,0.0,0.0,1,0.0,0,,"{""betweenness"": 0.055, ""degree"": 0.032, ""n_seed_upstream"": 0.058, ""role"": 0.121, ""seed_flow_kzt"": 0.077, ""temporal"": 0.032}"
100000004500444100,peripheral,0.5,12,0.43052023779048265,"Периферийный узел: 2 входящих, 1 исходящих, оборот 254 тыс.",3,False,2,1,180000.0,74000.0,7,5,0.4111111111111111,199.02110061347102,0.0011056727811859502,0,0.0,1.9418391435934565e-05,0.3888888888888889,1,0.0,0,,"{""betweenness"": 0.125, ""degree"": 0.081, ""n_seed_upstream"": 0.058, ""role"": 0.026, ""seed_flow_kzt"": 0.087, ""temporal"": 0.045}"
100000008454065100,terminal,0.5,12,0.3450977045823022,"Вероятный конечный получатель: 1 плательщиков, получено 24 тыс., исходящих нет",3,False,1,0,24050.0,0.0,1,0,0.0,26.591430387522102,0.0011056727811859502,0,1.0,0.0,0.0,1,0.0,0,,"{""betweenness"": 0.055, ""degree"": 0.032, ""n_seed_upstream"": 0.058, ""role"": 0.121, ""seed_flow_kzt"": 0.039, ""temporal"": 0.032}"
100000008416433100,terminal,0.5,12,0.3414568933640526,"Вероятный конечный получатель: 1 плательщиков, получено 20 тыс., исходящих нет",3,False,1,0,20000.0,0.0,1,0,0.0,22.113455623719002,0.0011056727811859502,0,1.0,0.0,0.0,1,0.0,0,,"{""betweenness"": 0.055, ""degree"": 0.032, ""n_seed_upstream"": 0.058, ""role"": 0.121, ""seed_flow_kzt"": 0.036, ""temporal"": 0.032}"
100000005265073100,peripheral,0.5,12,0.4460619506783855,"Периферийный узел: 1 входящих, 1 исходящих, оборот 14 тыс.; есть источники вне выборки",3,False,1,1,5000.0,9000.0,1,1,1.8,422.1008564081858,0.04690009515646509,0,0.0,2.1003566247031264e-05,0.0,1,0.5,0,near_threshold;external_funding,"{""betweenness"": 0.128, ""degree"": 0.07, ""n_seed_upstream"": 0.058, ""role"": 0.026, ""seed_flow_kzt"": 0.109, ""temporal"": 0.046}"
100000006734214100,coordinator,1.0,8,0.6805017492960149,Кандидат в координирующий узел: 5 плательщиков → 3 получателей; сигналы S3,3,False,5,3,610000.0,36000.0,10,4,0.05901639344262295,1324.160763385829,0.0021707553498128344,0,0.0,5.9444055416126226e-05,0.0,2,0.07142857142857142,0,near_threshold;consolidator;S3,"{""betweenness"": 0.137, ""degree"": 0.095, ""n_seed_upstream"": 0.058, ""role"": 0.198, ""seed_flow_kzt"": 0.134, ""temporal"": 0.043}"
100000002611334100,peripheral,0.5,1,0.36154962027476745,"Периферийный узел: 1 входящих, 1 исходящих, оборот 64 тыс.",3,False,1,1,48288.0,15500.0,1,1,0.3209907223326706,37.80192018282058,0.0007828429461319703,0,0.0,1.922024458454748e-05,0.0,1,0.0,0,,"{""betweenness"": 0.122, ""degree"": 0.07, ""n_seed_upstream"": 0.058, ""role"": 0.026, ""seed_flow_kzt"": 0.046, ""temporal"": 0.032}"
100000006225798100,peripheral,0.5,18,0.49570782489973536,"Периферийный узел: 3 входящих, 2 исходящих, оборот 748 тыс.",3,False,3,2,722000.0,26300.0,4,2,0.03642659279778394,1353.7827303619229,0.0018750453329112505,0,0.0,3.844048916909496e-05,0.0,1,0.16666666666666666,0,near_threshold,"{""betweenness"": 0.132, ""degree"": 0.09, ""n_seed_upstream"": 0.058, ""role"": 0.026, ""seed_flow_kzt"": 0.135, ""temporal"": 0.044}"
100000002849158100,peripheral,0.5,6,0.4995249879113689,"Периферийный узел: 3 входящих, 1 исходящих, оборот 2.04 млн; есть источники вне выборки",3,False,3,1,723000.0,1313000.0,3,3,1.8160442600276625,1093.1815693921142,0.000832583068843956,0,0.0,2.2786887909515052e-05,0.0,3,0.0,0,sync_in;external_funding,"{""betweenness"": 0.13, ""degree"": 0.087, ""n_seed_upstream"": 0.058, ""role"": 0.026, ""seed_flow_kzt"": 0.131, ""temporal"": 0.057}"
100000008686214100,terminal,0.5,5,0.40289558267201403,"Вероятный конечный получатель: 1 плательщиков, получено 25 тыс., исходящих нет",3,False,1,0,25000.0,0.0,1,0,0.0,271.6929201396156,0.010867716805584623,0,1.0,0.0,0.0,1,0.0,0,,"{""betweenness"": 0.055, ""degree"": 0.032, ""n_seed_upstream"": 0.058, ""role"": 0.121, ""seed_flow_kzt"": 0.096, ""temporal"": 0.032}"
100000004931931100,peripheral,0.5,1,0.4145120459652416,"Периферийный узел: 1 входящих, 1 исходящих, оборот 69 тыс.; есть источники вне выборки",3,False,1,1,23938.0,45000.0,1,1,1.8798562954298605,290.37795143941185,0.006452843365320263,0,0.0,1.922024458454748e-05,0.0,1,0.0,0,external_funding,"{""betweenness"": 0.122, ""degree"": 0.07, ""n_seed_upstream"": 0.058, ""role"": 0.026, ""seed_flow_kzt"": 0.098, ""temporal"": 0.032}"
100000007510875100,terminal,0.5,7,0.4389339249651562,"Вероятный конечный получатель: 1 плательщиков, получено 5 тыс., исходящих нет",3,False,1,0,5000.0,0.0,1,0,0.0,592.0393186217339,0.11840786372434677,0,1.0,0.0,0.0,1,1.0,0,near_threshold,"{""betweenness"": 0.055, ""degree"": 0.032, ""n_seed_upstream"": 0.058, ""role"": 0.121, ""seed_flow_kzt"": 0.117, ""temporal"": 0.047}"
100000005233755100,peripheral,0.5,8,0.39379355462639015,"Периферийный узел: 1 входящих, 1 исходящих, оборот 30 тыс.",3,False,1,1,25000.0,5000.0,1,1,0.2,93.99572534519795,0.003759829013807918,0,0.0,1.922024458454748e-05,0.0,1,0.5,0,near_threshold,"{""betweenness"": 0.122, ""degree"": 0.07, ""n_seed_upstream"": 0.058, ""role"": 0.026, ""seed_flow_kzt"": 0.064, ""temporal"": 0.046}"
100000008042075100,terminal,0.5,11,0.40059163182296553,"Вероятный конечный получатель: 1 плательщиков, получено 5 тыс., исходящих нет",3,False,1,0,5000.0,0.0,1,0,0.0,159.77443609022555,0.03195488721804511,0,1.0,0.0,0.0,1,1.0,0,near_threshold,"{""betweenness"": 0.055, ""degree"": 0.032, ""n_seed_upstream"": 0.058, ""role"": 0.121, ""seed_flow_kzt"": 0.08, ""temporal"": 0.047}"
100000001680944100,terminal,0.5,6,0.4499985778081178,"Вероятный конечный получатель: 1 плательщиков, получено 393 тыс., исходящих нет",3,False,1,0,393000.0,0.0,1,0,0.0,2071.097867026857,0.005269969127294801,0,1.0,0.0,0.0,1,0.0,0,,"{""betweenness"": 0.055, ""degree"": 0.032, ""n_seed_upstream"": 0.058, ""role"": 0.121, ""seed_flow_kzt"": 0.142, ""temporal"": 0.032}"
100000008417029100,terminal,0.5,6,0.42326137042409756,"Вероятный конечный получатель: 1 плательщиков, получено 100 тыс., исходящих нет",3,False,1,0,100000.0,0.0,1,0,0.0,548.5107596519671,0.005485107596519671,0,1.0,0.0,0.0,1,0.0,0,,"{""betweenness"": 0.055, ""degree"": 0.032, ""n_seed_upstream"": 0.058, ""role"": 0.121, ""seed_flow_kzt"": 0.116, ""temporal"": 0.032}"
100000004975919100,peripheral,0.5,1,0.42949625963534993,"Периферийный узел: 1 входящих, 2 исходящих, оборот 37 тыс.",3,False,1,2,22351.0,15000.0,1,2,0.6711109122634334,148.66775943632825,0.006651503710631661,0,0.0,3.844048916909496e-05,0.0,1,0.3333333333333333,0,near_threshold,"{""betweenness"": 0.132, ""degree"": 0.081, ""n_seed_upstream"": 0.058, ""role"": 0.026, ""seed_flow_kzt"": 0.078, ""temporal"": 0.045}"
100000003087877100,terminal,0.5,14,0.39322467787353865,"Вероятный конечный получатель: 1 плательщиков, получено 91 тыс., исходящих нет",3,False,1,0,91486.0,0.0,1,0,0.0,197.30777227600973,0.002156699082657562,0,1.0,0.0,0.0,1,0.0,0,,"{""betweenness"": 0.055, ""degree"": 0.032, ""n_seed_upstream"": 0.058, ""role"": 0.121, ""seed_flow_kzt"": 0.087, ""temporal"": 0.032}"
100000008295429100,terminal,0.5,8,0.41597974798759846,"Вероятный конечный получатель: 1 плательщиков, получено 352 тыс., исходящих нет",3,False,1,0,352000.0,0.0,1,0,0.0,420.7674386081228,0.0011953620415003489,0,1.0,0.0,0.0,1,0.0,0,,"{""betweenness"": 0.055, ""degree"": 0.032, ""n_seed_upstream"": 0.058, ""role"": 0.121, ""seed_flow_kzt"": 0.109, ""temporal"": 0.032}"
100000003254277100,transit,0.6008430801788347,13,0.5447848223682339,"Признаки транзита: получено 49 тыс., отдано 91%, медиана задержки 0 дн., 1→1 контрагента",3,False,1,1,49200.0,44997.0,1,1,0.9145731707317073,41.644974988809885,0.0008464425810733717,0,0.0,1.922024458454748e-05,1.0,1,0.0,0,fast_pass,"{""betweenness"": 0.122, ""degree"": 0.07, ""n_seed_upstream"": 0.058, ""role"": 0.189, ""seed_flow_kzt"": 0.048, ""temporal"": 0.046}"
100000005314565100,terminal,0.5,1,0.38878743920129694,"Вероятный конечный получатель: 1 плательщиков, получено 218 тыс., исходящих нет",3,False,1,0,218500.0,0.0,3,0,0.0,171.0511837298355,0.0007828429461319701,0,1.0,0.0,0.0,1,0.0,0,,"{""betweenness"": 0.055, ""degree"": 0.032, ""n_seed_upstream"": 0.058, ""role"": 0.121, ""seed_flow_kzt"": 0.082, ""temporal"": 0.032}"
100000002951898100,terminal,0.5,12,0.3546548340302073,"Вероятный конечный получатель: 1 плательщиков, получено 40 тыс., исходящих нет",3,False,1,0,39990.0,0.0,1,0,0.0,44.21585451962615,0.0011056727811859502,0,1.0,0.0,0.0,1,0.0,0,,"{""betweenness"": 0.055, ""degree"": 0.032, ""n_seed_upstream"": 0.058, ""role"": 0.121, ""seed_flow_kzt"": 0.049, ""temporal"": 0.032}"
100000001009583100,terminal,0.5,8,0.4190516824529965,"Вероятный конечный получатель: 1 плательщиков, получено 394 тыс., исходящих нет",3,False,1,0,393740.0,0.0,1,0,0.0,470.6618502203474,0.0011953620415003489,0,1.0,0.0,0.0,1,0.0,0,,"{""betweenness"": 0.055, ""degree"": 0.032, ""n_seed_upstream"": 0.058, ""role"": 0.121, ""seed_flow_kzt"": 0.112, ""temporal"": 0.032}"
100000004064431100,peripheral,0.5,23,0.36368859686548904,"Периферийный узел: 1 входящих, 1 исходящих, оборот 36 тыс.",3,False,1,1,26000.0,10000.0,1,1,0.38461538461538464,61.2834111049343,0.002357054273266704,0,0.0,9.90734256935437e-07,0.0,1,0.0,0,,"{""betweenness"": 0.114, ""degree"": 0.07, ""n_seed_upstream"": 0.058, ""role"": 0.026, ""seed_flow_kzt"": 0.056, ""temporal"": 0.032}"
100000001927599100,terminal,0.5,7,0.46258213158119293,"Вероятный конечный получатель: 2 плательщиков, получено 188 тыс., исходящих нет",3,False,2,0,188000.0,0.0,2,0,0.0,552.2963133664108,0.0029377463476936744,0,1.0,0.0,0.0,2,0.0,0,,"{""betweenness"": 0.055, ""degree"": 0.07, ""n_seed_upstream"": 0.058, ""role"": 0.121, ""seed_flow_kzt"": 0.116, ""temporal"": 0.032}"
100000007737775100,terminal,0.5,10,0.42747105839519856,"Вероятный конечный получатель: 1 плательщиков, получено 6 тыс., исходящих нет",3,False,1,0,6000.0,0.0,1,0,0.0,669.8122045123079,0.11163536741871798,0,1.0,0.0,0.0,1,0.0,0,,"{""betweenness"": 0.055, ""degree"": 0.032, ""n_seed_upstream"": 0.058, ""role"": 0.121, ""seed_flow_kzt"": 0.12, ""temporal"": 0.032}"
100000003157679100,terminal,0.5,6,0.4940068834087094,"Вероятный конечный получатель: 4 плательщиков, получено 541 тыс., исходящих нет",3,False,4,0,541000.0,0.0,4,0,0.0,1036.5075175643206,0.0019159103836678753,0,1.0,0.0,0.0,2,0.0,0,,"{""betweenness"": 0.055, ""degree"": 0.087, ""n_seed_upstream"": 0.058, ""role"": 0.121, ""seed_flow_kzt"": 0.13, ""temporal"": 0.032}"
100000001229743100,peripheral,0.5,1,0.33043206189379065,"Периферийный узел: 1 входящих, 1 исходящих, оборот 16 тыс.; есть источники вне выборки",3,False,1,1,7000.0,9000.0,1,1,1.2857142857142858,5.479900622923791,0.0006088778469915324,0,0.0,1.922024458454748e-05,0.0,1,0.0,0,external_funding,"{""betweenness"": 0.122, ""degree"": 0.07, ""n_seed_upstream"": 0.058, ""role"": 0.026, ""seed_flow_kzt"": 0.016, ""temporal"": 0.032}"
100000003795588100,terminal,0.5,1,0.44874704895184453,"Вероятный конечный получатель: 1 плательщиков, получено 400 тыс., исходящих нет",3,False,1,0,400000.0,0.0,2,0,0.0,1939.9842401038095,0.004849960600259524,0,1.0,0.0,0.0,1,0.0,0,,"{""betweenness"": 0.055, ""degree"": 0.032, ""n_seed_upstream"": 0.058, ""role"": 0.121, ""seed_flow_kzt"": 0.141, ""temporal"": 0.032}"
100000002301828100,terminal,0.5,18,0.3769548027419859,"Вероятный конечный получатель: 1 плательщиков, получено 47 тыс., исходящих нет",3,False,1,0,46977.0,0.0,1,0,0.0,115.508312495273,0.002458826925841859,0,1.0,0.0,0.0,1,0.0,0,,"{""betweenness"": 0.055, ""degree"": 0.032, ""n_seed_upstream"": 0.058, ""role"": 0.121, ""seed_flow_kzt"": 0.071, ""temporal"": 0.032}"
100000005409156100,terminal,0.5,8,0.46565406604659093,"Вероятный конечный получатель: 2 плательщиков, получено 260 тыс., исходящих нет",3,False,2,0,260080.0,0.0,2,0,0.0,655.1808371206478,0.0025191511731799746,0,1.0,0.0,0.0,1,0.0,0,,"{""betweenness"": 0.055, ""degree"": 0.07, ""n_seed_upstream"": 0.058, ""role"": 0.121, ""seed_flow_kzt"": 0.119, ""temporal"": 0.032}"
100000002513028100,peripheral,0.5,3,0.4519327587678129,"Периферийный узел: 1 входящих, 3 исходящих, оборот 342 тыс.; есть источники вне выборки",3,False,1,3,9500.0,332709.0,1,24,35.022,214.57146592153595,0.0006449223373023752,0,0.0,6.063293652444875e-05,0.0,1,0.32,0,near_threshold;external_funding,"{""betweenness"": 0.138, ""degree"": 0.087, ""n_seed_upstream"": 0.058, ""role"": 0.026, ""seed_flow_kzt"": 0.089, ""temporal"": 0.045}"
100000003218308100,terminal,0.5,13,0.3263247717382029,"Вероятный конечный получатель: 1 плательщиков, получено 11 тыс., исходящих нет",3,False,1,0,11165.0,0.0,1,0,0.0,9.450531417684195,0.0008464425810733717,0,1.0,0.0,0.0,1,0.0,0,,"{""betweenness"": 0.055, ""degree"": 0.032, ""n_seed_upstream"": 0.058, ""role"": 0.121, ""seed_flow_kzt"": 0.021, ""temporal"": 0.032}"
100000008489604100,terminal,0.5,9,0.32302528657166424,"Вероятный конечный получатель: 1 плательщиков, получено 11 тыс., исходящих нет",3,False,1,0,11000.0,0.0,1,0,0.0,7.3095845009048555,0.0006645076819004414,0,1.0,0.0,0.0,1,0.0,0,,"{""betweenness"": 0.055, ""degree"": 0.032, ""n_seed_upstream"": 0.058, ""role"": 0.121, ""seed_flow_kzt"": 0.018, ""temporal"": 0.032}"
100000004450649100,peripheral,0.5,8,0.47987598486787825,"Периферийный узел: 2 входящих, 2 исходящих, оборот 239 тыс.",3,False,2,2,192528.0,46527.0,2,2,0.24166355023684866,550.9765153585856,0.0028617994024691764,0,0.0,6.677548891744846e-05,0.0,1,0.25,0,near_threshold,"{""betweenness"": 0.138, ""degree"": 0.087, ""n_seed_upstream"": 0.058, ""role"": 0.026, ""seed_flow_kzt"": 0.116, ""temporal"": 0.045}"
100000008767065100,terminal,0.5,6,0.3581818698978866,"Вероятный конечный получатель: 1 плательщиков, получено 10 тыс., исходящих нет",3,False,1,0,10000.0,0.0,1,0,0.0,52.69969127294801,0.005269969127294801,0,1.0,0.0,0.0,1,0.0,0,,"{""betweenness"": 0.055, ""degree"": 0.032, ""n_seed_upstream"": 0.058, ""role"": 0.121, ""seed_flow_kzt"": 0.052, ""temporal"": 0.032}"
100000003035737100,peripheral,0.5,14,0.4608072361122962,"Периферийный узел: 2 входящих, 1 исходящих, оборот 816 тыс.",3,False,2,1,809170.0,6544.53,3,1,0.008087954323566123,1136.4543149455153,0.0014044691658681306,0,0.0,1.922024458454748e-05,0.0,1,0.0,0,,"{""betweenness"": 0.122, ""degree"": 0.081, ""n_seed_upstream"": 0.058, ""role"": 0.026, ""seed_flow_kzt"": 0.132, ""temporal"": 0.032}"
100000002748761100,terminal,0.5,15,0.40107517706288925,"Вероятный конечный получатель: 1 плательщиков, получено 797 тыс., исходящих нет",3,False,1,0,796800.0,0.0,3,0,0.0,255.56908371863236,0.0003207443319761952,0,1.0,0.0,0.0,1,0.0,0,,"{""betweenness"": 0.055, ""degree"": 0.032, ""n_seed_upstream"": 0.058, ""role"": 0.121, ""seed_flow_kzt"": 0.094, ""temporal"": 0.032}"
100000008432942100,terminal,0.5,13,0.35158289956480926,"Вероятный конечный получатель: 1 плательщиков, получено 45 тыс., исходящих нет",3,False,1,0,44542.0,0.0,2,0,0.0,37.70224544617012,0.0008464425810733716,0,1.0,0.0,0.0,1,0.0,0,,"{""betweenness"": 0.055, ""degree"": 0.032, ""n_seed_upstream"": 0.058, ""role"": 0.121, ""seed_flow_kzt"": 0.046, ""temporal"": 0.032}"
100000004278574100,peripheral,0.5,8,0.35648661717438906,"Периферийный узел: 1 входящих, 1 исходящих, оборот 38 тыс.",3,False,1,1,25000.0,12500.0,1,1,0.5,29.884051037508723,0.0011953620415003489,0,0.0,1.922024458454748e-05,0.0,1,0.0,0,,"{""betweenness"": 0.122, ""degree"": 0.07, ""n_seed_upstream"": 0.058, ""role"": 0.026, ""seed_flow_kzt"": 0.041, ""temporal"": 0.032}"
100000000926766100,peripheral,0.5,26,0.3660380578547658,"Периферийный узел: 1 входящих, 1 исходящих, оборот 25 тыс.",3,False,1,1,18750.0,6000.0,1,1,0.32,358.73246543793204,0.019132398156689708,0,0.0,0.0,0.0,1,0.0,1,cycles,"{""betweenness"": 0.055, ""degree"": 0.07, ""n_seed_upstream"": 0.058, ""role"": 0.026, ""seed_flow_kzt"": 0.105, ""temporal"": 0.044}"
100000008661550100,terminal,0.5,9,0.33406149557698317,"Вероятный конечный получатель: 1 плательщиков, получено 23 тыс., исходящих нет",3,False,1,0,22800.0,0.0,1,0,0.0,15.150775147330064,0.0006645076819004414,0,1.0,0.0,0.0,1,0.0,0,,"{""betweenness"": 0.055, ""degree"": 0.032, ""n_seed_upstream"": 0.058, ""role"": 0.121, ""seed_flow_kzt"": 0.029, ""temporal"": 0.032}"
100000000783406100,terminal,0.5,18,0.33980715078078333,"Вероятный конечный получатель: 1 плательщиков, получено 6 тыс., исходящих нет",3,False,1,0,6066.0,0.0,1,0,0.0,19.4489488037868,0.0032062230141422354,0,1.0,0.0,0.0,1,0.0,0,,"{""betweenness"": 0.055, ""degree"": 0.032, ""n_seed_upstream"": 0.058, ""role"": 0.121, ""seed_flow_kzt"": 0.034, ""temporal"": 0.032}"
100000008730371100,terminal,0.5,1,0.4931877008846033,"Вероятный конечный получатель: 2 плательщиков, получено 520 тыс., исходящих нет",3,False,2,0,520000.0,0.0,3,0,0.0,2564.696080975508,0.004932107848029822,0,1.0,0.0,0.0,1,0.0,0,,"{""betweenness"": 0.055, ""degree"": 0.07, ""n_seed_upstream"": 0.058, ""role"": 0.121, ""seed_flow_kzt"": 0.146, ""temporal"": 0.032}"
100000002878467100,terminal,0.5,6,0.4469949085530619,"Вероятный конечный получатель: 2 плательщиков, получено 200 тыс., исходящих нет",3,False,2,0,200000.0,0.0,2,0,0.0,314.5321835160166,0.001572660917580083,0,1.0,0.0,0.0,1,0.0,0,,"{""betweenness"": 0.055, ""degree"": 0.07, ""n_seed_upstream"": 0.058, ""role"": 0.121, ""seed_flow_kzt"": 0.101, ""temporal"": 0.032}"
100000003171587100,peripheral,0.5,14,0.47626930625479985,"Периферийный узел: 2 входящих, 2 исходящих, оборот 1.13 млн",3,False,2,2,700000.0,431300.0,2,7,0.6161428571428571,1029.020837281687,0.001470029767545267,0,0.0,3.883678287186913e-05,0.0,2,0.0,0,,"{""betweenness"": 0.133, ""degree"": 0.087, ""n_seed_upstream"": 0.058, ""role"": 0.026, ""seed_flow_kzt"": 0.13, ""temporal"": 0.032}"
100000002696152100,peripheral,0.5,10,0.500310037830304,"Периферийный узел: 1 входящих, 2 исходящих, оборот 91 тыс.; есть источники вне выборки",3,False,1,2,21800.0,69000.0,3,8,3.165137614678899,933.6341951582191,0.01353093036461187,0,0.0,2.139985994980544e-05,0.41284403669724773,1,0.36363636363636365,1,near_threshold;cycles;external_funding,"{""betweenness"": 0.129, ""degree"": 0.081, ""n_seed_upstream"": 0.058, ""role"": 0.026, ""seed_flow_kzt"": 0.127, ""temporal"": 0.069}"
100000002109656100,terminal,0.5,15,0.386511932189891,"Вероятный конечный получатель: 1 плательщиков, получено 500 тыс., исходящих нет",3,False,1,0,500000.0,0.0,1,0,0.0,160.3721659880976,0.0003207443319761952,0,1.0,0.0,0.0,1,0.0,0,,"{""betweenness"": 0.055, ""degree"": 0.032, ""n_seed_upstream"": 0.058, ""role"": 0.121, ""seed_flow_kzt"": 0.08, ""temporal"": 0.032}"
100000001317336100,peripheral,0.5,30,0.4590892283186847,"Периферийный узел: 1 входящих, 2 исходящих, оборот 1.88 млн; есть источники вне выборки",3,False,1,2,131196.0,1752000.0,1,3,13.354065672733924,603.161052698544,0.0003442700072480274,0,0.0,4.0025663980191654e-05,0.0,1,0.0,0,external_funding,"{""betweenness"": 0.134, ""degree"": 0.081, ""n_seed_upstream"": 0.058, ""role"": 0.026, ""seed_flow_kzt"": 0.118, ""temporal"": 0.032}"
100000005222360100,peripheral,0.5,12,0.46838467446027815,"Периферийный узел: 1 входящих, 1 исходящих, оборот 32 тыс.; есть источники вне выборки",3,False,1,1,5000.0,27000.0,1,1,5.4,441.4217081105255,0.016348952152241684,0,0.0,0.0019265818360366508,0.0,1,0.5,0,near_threshold;external_funding;bridge,"{""betweenness"": 0.149, ""degree"": 0.07, ""n_seed_upstream"": 0.058, ""role"": 0.026, ""seed_flow_kzt"": 0.11, ""temporal"": 0.046}"
100000001445848100,peripheral,0.5,18,0.4246892510737549,"Периферийный узел: 1 входящих, 1 исходящих, оборот 898 тыс.",3,False,1,1,546000.0,351850.0,13,14,0.6444139194139195,1750.5977657216606,0.0032062230141422354,0,0.0,0.0,0.21978021978021978,1,0.1111111111111111,1,near_threshold;cycles,"{""betweenness"": 0.055, ""degree"": 0.07, ""n_seed_upstream"": 0.058, ""role"": 0.026, ""seed_flow_kzt"": 0.139, ""temporal"": 0.067}"
100000008720856100,peripheral,0.5,3,0.3889694797622095,"Периферийный узел: 1 входящих, 1 исходящих, оборот 64 тыс.; есть источники вне выборки",3,False,1,1,18105.0,46000.0,1,2,2.5407346037006353,109.53528914847362,0.002381201938010296,0,0.0,1.9616538287321655e-05,0.0,1,0.0,0,external_funding,"{""betweenness"": 0.126, ""degree"": 0.07, ""n_seed_upstream"": 0.058, ""role"": 0.026, ""seed_flow_kzt"": 0.069, ""temporal"": 0.032}"
100000002448088100,peripheral,0.5,16,0.4896265324117529,"Периферийный узел: 3 входящих, 1 исходящих, оборот 45 тыс.; есть источники вне выборки",3,False,3,1,20000.0,25000.0,3,1,1.25,1343.9645137055693,0.05375858054822277,0,0.0,2.0805419395644178e-05,0.0,2,0.5,0,near_threshold;external_funding,"{""betweenness"": 0.128, ""degree"": 0.087, ""n_seed_upstream"": 0.058, ""role"": 0.026, ""seed_flow_kzt"": 0.135, ""temporal"": 0.046}"
100000003109805100,terminal,0.5,18,0.3695594049549165,"Вероятный конечный получатель: 1 плательщиков, получено 37 тыс., исходящих нет",3,False,1,0,36929.0,0.0,1,0,0.0,90.80201954441401,0.002458826925841859,0,1.0,0.0,0.0,1,0.0,0,,"{""betweenness"": 0.055, ""degree"": 0.032, ""n_seed_upstream"": 0.058, ""role"": 0.121, ""seed_flow_kzt"": 0.063, ""temporal"": 0.032}"
100000008223661100,peripheral,0.5,6,0.4665642688511533,"Периферийный узел: 2 входящих, 5 исходящих, оборот 465 тыс.; есть источники вне выборки",3,False,2,5,202000.0,262580.0,2,5,1.29990099009901,314.5490917301966,0.0011979171746903672,0,0.0,0.0003255552768289846,0.0,2,0.0,0,external_funding,"{""betweenness"": 0.145, ""degree"": 0.094, ""n_seed_upstream"": 0.058, ""role"": 0.026, ""seed_flow_kzt"": 0.101, ""temporal"": 0.032}"
100000004096559100,terminal,0.5,25,0.501823249992889,"Вероятный конечный получатель: 1 плательщиков, получено 46 тыс., исходящих нет",3,False,1,0,46200.0,0.0,1,0,0.0,21081.081081081084,0.45630045630045635,0,1.0,0.0,0.0,1,0.0,0,,"{""betweenness"": 0.055, ""degree"": 0.032, ""n_seed_upstream"": 0.058, ""role"": 0.121, ""seed_flow_kzt"": 0.193, ""temporal"": 0.032}"
100000002257794100,terminal,0.5,23,0.43020166680888583,"Вероятный конечный получатель: 1 плательщиков, получено 154 тыс., исходящих нет",3,False,1,0,154000.0,0.0,1,0,0.0,744.0685692070891,0.004831614085760319,0,1.0,0.0,0.0,1,0.0,0,,"{""betweenness"": 0.055, ""degree"": 0.032, ""n_seed_upstream"": 0.058, ""role"": 0.121, ""seed_flow_kzt"": 0.123, ""temporal"": 0.032}"
100000003112578100,terminal,0.5,15,0.3477145376454191,"Вероятный конечный получатель: 1 плательщиков, получено 101 тыс., исходящих нет",3,False,1,0,101080.0,0.0,1,0,0.0,32.42083707615381,0.0003207443319761952,0,1.0,0.0,0.0,1,0.0,0,,"{""betweenness"": 0.055, ""degree"": 0.032, ""n_seed_upstream"": 0.058, ""role"": 0.121, ""seed_flow_kzt"": 0.042, ""temporal"": 0.032}"
100000007020162100,terminal,0.5,12,0.3705833831100492,"Вероятный конечный получатель: 1 плательщиков, получено 86 тыс., исходящих нет",3,False,1,0,86395.0,0.0,1,0,0.0,95.52459993056017,0.0011056727811859502,0,1.0,0.0,0.0,1,0.0,0,,"{""betweenness"": 0.055, ""degree"": 0.032, ""n_seed_upstream"": 0.058, ""role"": 0.121, ""seed_flow_kzt"": 0.064, ""temporal"": 0.032}"
100000001934935100,terminal,0.5,13,0.37194868731689273,"Вероятный конечный получатель: 1 плательщиков, получено 119 тыс., исходящих нет",3,False,1,0,118935.0,0.0,1,0,0.0,100.67164837996145,0.0008464425810733716,0,1.0,0.0,0.0,1,0.0,0,,"{""betweenness"": 0.055, ""degree"": 0.032, ""n_seed_upstream"": 0.058, ""role"": 0.121, ""seed_flow_kzt"": 0.066, ""temporal"": 0.032}"
100000002663511100,terminal,0.5,1,0.4419205279176266,"Вероятный конечный получатель: 1 плательщиков, получено 269 тыс., исходящих нет",3,False,1,0,268940.0,0.0,1,0,0.0,1304.3484038337963,0.004849960600259524,0,1.0,0.0,0.0,1,0.0,0,,"{""betweenness"": 0.055, ""degree"": 0.032, ""n_seed_upstream"": 0.058, ""role"": 0.121, ""seed_flow_kzt"": 0.134, ""temporal"": 0.032}"
100000003338583100,terminal,0.5,23,0.35715789174275386,"Вероятный конечный получатель: 1 плательщиков, получено 22 тыс., исходящих нет",3,False,1,0,21765.0,0.0,1,0,0.0,51.301286257649814,0.002357054273266704,0,1.0,0.0,0.0,1,0.0,0,,"{""betweenness"": 0.055, ""degree"": 0.032, ""n_seed_upstream"": 0.058, ""role"": 0.121, ""seed_flow_kzt"": 0.051, ""temporal"": 0.032}"
100000002904919100,peripheral,0.5,1,0.42838126119976105,"Периферийный узел: 1 входящих, 1 исходящих, оборот 66 тыс.",3,False,1,1,60325.0,5500.0,1,1,0.09117281392457521,292.5738732106558,0.004849960600259524,0,0.0,1.922024458454748e-05,0.0,1,0.5,0,near_threshold,"{""betweenness"": 0.122, ""degree"": 0.07, ""n_seed_upstream"": 0.058, ""role"": 0.026, ""seed_flow_kzt"": 0.098, ""temporal"": 0.046}"
100000005127767100,terminal,0.5,34,0.4451631254088801,"Вероятный конечный получатель: 1 плательщиков, получено 7 тыс., исходящих нет",3,False,1,0,7000.0,0.0,1,0,0.0,1524.8810707456978,0.21784015296367112,0,1.0,0.0,0.0,1,0.0,0,,"{""betweenness"": 0.055, ""degree"": 0.032, ""n_seed_upstream"": 0.058, ""role"": 0.121, ""seed_flow_kzt"": 0.137, ""temporal"": 0.032}"
100000004066647100,terminal,0.5,19,0.4133629149244815,"Вероятный конечный получатель: 1 плательщиков, получено 51 тыс., исходящих нет",3,False,1,0,51000.0,0.0,1,0,0.0,378.3269860503192,0.007418176197065082,0,1.0,0.0,0.0,1,0.0,0,,"{""betweenness"": 0.055, ""degree"": 0.032, ""n_seed_upstream"": 0.058, ""role"": 0.121, ""seed_flow_kzt"": 0.106, ""temporal"": 0.032}"
100000002394199100,peripheral,0.5,7,0.4987114941547914,"Периферийный узел: 1 входящих, 1 исходящих, оборот 354 тыс.",3,False,1,1,277398.0,76777.0,3,1,0.2767756076107254,61094.60114232016,0.22024167853524598,0,0.0,0.0,0.2790142683076302,1,0.0,1,cycles,"{""betweenness"": 0.055, ""degree"": 0.07, ""n_seed_upstream"": 0.058, ""role"": 0.026, ""seed_flow_kzt"": 0.223, ""temporal"": 0.056}"
100000003968044100,peripheral,0.5,1,0.4576385925989134,"Периферийный узел: 1 входящих, 3 исходящих, оборот 351 тыс.; есть источники вне выборки",3,False,1,3,40000.0,311000.0,1,4,7.775,485.21672894880413,0.0015601824081955117,0,0.0,1.9022097733160393e-05,0.0,1,0.0,2,cycles;external_funding,"{""betweenness"": 0.119, ""degree"": 0.087, ""n_seed_upstream"": 0.058, ""role"": 0.026, ""seed_flow_kzt"": 0.112, ""temporal"": 0.045}"
100000001808684100,peripheral,0.5,17,0.45144921352788914,"Периферийный узел: 1 входящих, 1 исходящих, оборот 86 тыс.",3,False,1,1,48400.0,37700.0,3,2,0.7789256198347108,11616.309590546489,0.2400063964988944,0,0.0,0.0,0.640495867768595,1,0.0,1,fast_pass;cycles,"{""betweenness"": 0.055, ""degree"": 0.07, ""n_seed_upstream"": 0.058, ""role"": 0.026, ""seed_flow_kzt"": 0.176, ""temporal"": 0.057}"
100000008097580100,terminal,0.5,3,0.45919162613419795,"Вероятный конечный получатель: 2 плательщиков, получено 32 тыс., исходящих нет",3,False,2,0,32000.0,0.0,4,0,0.0,310.52226877977205,0.009703820899367877,0,1.0,0.0,0.0,1,0.25,0,near_threshold,"{""betweenness"": 0.055, ""degree"": 0.07, ""n_seed_upstream"": 0.058, ""role"": 0.121, ""seed_flow_kzt"": 0.101, ""temporal"": 0.045}"
100000008687617100,terminal,0.5,9,0.34612168273743493,"Вероятный конечный получатель: 1 плательщиков, получено 43 тыс., исходящих нет",3,False,1,0,43350.0,0.0,2,0,0.0,28.806408010384136,0.0006645076819004414,0,1.0,0.0,0.0,1,0.0,0,,"{""betweenness"": 0.055, ""degree"": 0.032, ""n_seed_upstream"": 0.058, ""role"": 0.121, ""seed_flow_kzt"": 0.04, ""temporal"": 0.032}"
100000005667841100,terminal,0.5,6,0.44176124242682824,"Вероятный конечный получатель: 2 плательщиков, получено 186 тыс., исходящих нет",3,False,2,0,186000.0,0.0,2,0,0.0,270.61603532303474,0.0014549249210915845,0,1.0,0.0,0.0,2,0.0,0,,"{""betweenness"": 0.055, ""degree"": 0.07, ""n_seed_upstream"": 0.058, ""role"": 0.121, ""seed_flow_kzt"": 0.096, ""temporal"": 0.032}"
100000001329153100,terminal,0.5,13,0.38025428790852456,"Вероятный конечный получатель: 1 плательщиков, получено 151 тыс., исходящих нет",3,False,1,0,150687.0,0.0,1,0,0.0,127.54789321420314,0.0008464425810733716,0,1.0,0.0,0.0,1,0.0,0,,"{""betweenness"": 0.055, ""degree"": 0.032, ""n_seed_upstream"": 0.058, ""role"": 0.121, ""seed_flow_kzt"": 0.074, ""temporal"": 0.032}"
100000007689942100,peripheral,0.5,19,0.4259237136274426,"Периферийный узел: 1 входящих, 2 исходящих, оборот 30 тыс.; есть источники вне выборки",3,False,1,2,5000.0,25000.0,1,2,5.0,105.78377194400825,0.00423135087776033,0,0.0,1.981468513870874e-05,0.0,1,0.6666666666666666,1,near_threshold;cycles;external_funding,"{""betweenness"": 0.127, ""degree"": 0.081, ""n_seed_upstream"": 0.058, ""role"": 0.026, ""seed_flow_kzt"": 0.067, ""temporal"": 0.058}"
100000006476758100,terminal,0.5,10,0.4597548141195209,"Вероятный конечный получатель: 1 плательщиков, получено 5 тыс., исходящих нет",3,False,1,0,5200.0,0.0,1,0,0.0,1560.0,0.3,0,1.0,0.0,0.0,1,1.0,0,near_threshold,"{""betweenness"": 0.055, ""degree"": 0.032, ""n_seed_upstream"": 0.058, ""role"": 0.121, ""seed_flow_kzt"": 0.137, ""temporal"": 0.047}"
100000002184107100,terminal,0.5,18,0.33980715078078333,"Вероятный конечный получатель: 1 плательщиков, получено 6 тыс., исходящих нет",3,False,1,0,6066.0,0.0,1,0,0.0,19.4489488037868,0.0032062230141422354,0,1.0,0.0,0.0,1,0.0,0,,"{""betweenness"": 0.055, ""degree"": 0.032, ""n_seed_upstream"": 0.058, ""role"": 0.121, ""seed_flow_kzt"": 0.034, ""temporal"": 0.032}"
100000008663723100,terminal,0.5,9,0.3277469636203316,"Вероятный конечный получатель: 1 плательщиков, получено 16 тыс., исходящих нет",3,False,1,0,15600.0,0.0,1,0,0.0,10.366319837646886,0.0006645076819004414,0,1.0,0.0,0.0,1,0.0,0,,"{""betweenness"": 0.055, ""degree"": 0.032, ""n_seed_upstream"": 0.058, ""role"": 0.121, ""seed_flow_kzt"": 0.023, ""temporal"": 0.032}"
100000000254336100,peripheral,0.5,13,0.426845293967062,"Периферийный узел: 2 входящих, 1 исходящих, оборот 157 тыс.",3,False,2,1,97177.0,60000.0,2,1,0.6174300503205491,192.70780933229378,0.0019830598735533487,0,0.0,1.922024458454748e-05,0.7160953723617729,1,0.0,0,fast_pass,"{""betweenness"": 0.122, ""degree"": 0.081, ""n_seed_upstream"": 0.058, ""role"": 0.026, ""seed_flow_kzt"": 0.086, ""temporal"": 0.045}"
100000008750464100,terminal,0.5,9,0.3209773302613988,"Вероятный конечный получатель: 1 плательщиков, получено 8 тыс., исходящих нет",3,False,1,0,8500.0,0.0,1,0,0.0,5.648315296153752,0.0006645076819004414,0,1.0,0.0,0.0,1,0.0,0,,"{""betweenness"": 0.055, ""degree"": 0.032, ""n_seed_upstream"": 0.058, ""role"": 0.121, ""seed_flow_kzt"": 0.016, ""temporal"": 0.032}"
100000001530709100,terminal,0.5,13,0.35510993543248853,"Вероятный конечный получатель: 1 плательщиков, получено 54 тыс., исходящих нет",3,False,1,0,53961.0,0.0,1,0,0.0,45.674888117300206,0.0008464425810733716,0,1.0,0.0,0.0,1,0.0,0,,"{""betweenness"": 0.055, ""degree"": 0.032, ""n_seed_upstream"": 0.058, ""role"": 0.121, ""seed_flow_kzt"": 0.049, ""temporal"": 0.032}"
100000000656682100,transit,0.5024044490734737,13,0.5600079642745399,"Признаки транзита: получено 71 тыс., отдано 113%, 1→2 контрагента",3,False,1,2,71000.0,80000.0,1,3,1.1267605633802817,60.09742325620938,0.0007512177907026173,0,0.0,3.844048916909496e-05,0.0,1,0.0,0,,"{""betweenness"": 0.132, ""degree"": 0.081, ""n_seed_upstream"": 0.058, ""role"": 0.189, ""seed_flow_kzt"": 0.055, ""temporal"": 0.032}"
100000008755754100,terminal,0.5,15,0.36557726768495596,"Вероятный конечный получатель: 1 плательщиков, получено 7 тыс., исходящих нет",3,False,1,0,7000.0,0.0,1,0,0.0,73.67871891850598,0.010525531274072283,0,1.0,0.0,0.0,1,0.0,0,,"{""betweenness"": 0.055, ""degree"": 0.032, ""n_seed_upstream"": 0.058, ""role"": 0.121, ""seed_flow_kzt"": 0.059, ""temporal"": 0.032}"
100000002691583100,terminal,0.5,28,0.36978695565605707,"Вероятный конечный получатель: 1 плательщиков, получено 285 тыс., исходящих нет",3,False,1,0,285200.0,0.0,1,0,0.0,92.03934177112261,0.0003227185896603177,0,1.0,0.0,0.0,1,0.0,0,,"{""betweenness"": 0.055, ""degree"": 0.032, ""n_seed_upstream"": 0.058, ""role"": 0.121, ""seed_flow_kzt"": 0.064, ""temporal"": 0.032}"
100000005241556100,terminal,0.5,6,0.4701937025343459,"Вероятный конечный получатель: 1 плательщиков, получено 100 тыс., исходящих нет",3,False,1,0,100000.0,0.0,1,0,0.0,6362.441091622753,0.06362441091622753,0,1.0,0.0,0.0,1,0.0,0,,"{""betweenness"": 0.055, ""degree"": 0.032, ""n_seed_upstream"": 0.058, ""role"": 0.121, ""seed_flow_kzt"": 0.162, ""temporal"": 0.032}"
100000004713684100,terminal,0.5,13,0.34737321159370815,"Вероятный конечный получатель: 1 плательщиков, получено 38 тыс., исходящих нет",3,False,1,0,37500.0,0.0,1,0,0.0,31.741596790251435,0.0008464425810733716,0,1.0,0.0,0.0,1,0.0,0,,"{""betweenness"": 0.055, ""degree"": 0.032, ""n_seed_upstream"": 0.058, ""role"": 0.121, ""seed_flow_kzt"": 0.042, ""temporal"": 0.032}"
100000006919124100,terminal,0.5,13,0.34077424126063083,"Вероятный конечный получатель: 1 плательщиков, получено 25 тыс., исходящих нет",3,False,1,0,25000.0,0.0,1,0,0.0,21.16106452683429,0.0008464425810733717,0,1.0,0.0,0.0,1,0.0,0,,"{""betweenness"": 0.055, ""degree"": 0.032, ""n_seed_upstream"": 0.058, ""role"": 0.121, ""seed_flow_kzt"": 0.035, ""temporal"": 0.032}"
100000003006633100,terminal,0.5,18,0.3474869869442785,"Вероятный конечный получатель: 1 плательщиков, получено 10 тыс., исходящих нет",3,False,1,0,10000.0,0.0,1,0,0.0,32.062230141422354,0.0032062230141422354,0,1.0,0.0,0.0,1,0.0,0,,"{""betweenness"": 0.055, ""degree"": 0.032, ""n_seed_upstream"": 0.058, ""role"": 0.121, ""seed_flow_kzt"": 0.042, ""temporal"": 0.032}"
100000008306857100,terminal,0.5,15,0.35306197912222315,"Вероятный конечный получатель: 1 плательщиков, получено 125 тыс., исходящих нет",3,False,1,0,125000.0,0.0,1,0,0.0,40.0930414970244,0.0003207443319761952,0,1.0,0.0,0.0,1,0.0,0,,"{""betweenness"": 0.055, ""degree"": 0.032, ""n_seed_upstream"": 0.058, ""role"": 0.121, ""seed_flow_kzt"": 0.047, ""temporal"": 0.032}"
100000003671721100,terminal,0.5,7,0.41538242739710435,"Вероятный конечный получатель: 1 плательщиков, получено 5 тыс., исходящих нет",3,False,1,0,5000.0,0.0,1,0,0.0,250.68808674324995,0.05013761734864999,0,1.0,0.0,0.0,1,1.0,0,near_threshold,"{""betweenness"": 0.055, ""degree"": 0.032, ""n_seed_upstream"": 0.058, ""role"": 0.121, ""seed_flow_kzt"": 0.094, ""temporal"": 0.047}"
100000002613929100,terminal,0.5,7,0.45278607389709014,"Вероятный конечный получатель: 1 плательщиков, получено 29 тыс., исходящих нет",3,False,1,0,28560.0,0.0,1,0,0.0,2390.8443939581707,0.08371303900413762,0,1.0,0.0,0.0,1,0.0,0,,"{""betweenness"": 0.055, ""degree"": 0.032, ""n_seed_upstream"": 0.058, ""role"": 0.121, ""seed_flow_kzt"": 0.145, ""temporal"": 0.032}"
100000008669310100,terminal,0.5,13,0.3565890149899024,"Вероятный конечный получатель: 1 плательщиков, получено 60 тыс., исходящих нет",3,False,1,0,59567.0,0.0,2,0,0.0,50.42004522679753,0.0008464425810733716,0,1.0,0.0,0.0,1,0.0,0,,"{""betweenness"": 0.055, ""degree"": 0.032, ""n_seed_upstream"": 0.058, ""role"": 0.121, ""seed_flow_kzt"": 0.051, ""temporal"": 0.032}"
100000006573438100,terminal,0.5,8,0.38705236510509994,"Вероятный конечный получатель: 1 плательщиков, получено 5 тыс., исходящих нет",3,False,1,0,5000.0,0.0,1,0,0.0,102.56712768453727,0.020513425536907454,0,1.0,0.0,0.0,1,1.0,0,near_threshold,"{""betweenness"": 0.055, ""degree"": 0.032, ""n_seed_upstream"": 0.058, ""role"": 0.121, ""seed_flow_kzt"": 0.066, ""temporal"": 0.047}"
100000006165886100,peripheral,0.5,1,0.4438888414824927,"Периферийный узел: 2 входящих, 1 исходящих, оборот 259 тыс.",3,False,2,1,184481.0,75000.0,2,1,0.4065459315593476,478.09147179383194,0.0025915485702800393,0,0.0,5.944405541612623e-07,0.43589312720551165,1,0.0,0,,"{""betweenness"": 0.113, ""degree"": 0.081, ""n_seed_upstream"": 0.058, ""role"": 0.026, ""seed_flow_kzt"": 0.112, ""temporal"": 0.045}"
100000008491390100,terminal,0.5,13,0.3469749978667121,"Вероятный конечный получатель: 1 плательщиков, получено 36 тыс., исходящих нет",3,False,1,0,36000.0,0.0,1,0,0.0,30.47193291864138,0.0008464425810733716,0,1.0,0.0,0.0,1,0.0,0,,"{""betweenness"": 0.055, ""degree"": 0.032, ""n_seed_upstream"": 0.058, ""role"": 0.121, ""seed_flow_kzt"": 0.041, ""temporal"": 0.032}"
100000005186131100,transit,0.6014716886570399,13,0.5157152202975225,"Признаки транзита: получено 10 тыс., отдано 100%, медиана задержки 0 дн., 1→1 контрагента",3,False,1,1,10000.0,10000.0,1,1,1.0,8.464425810733715,0.0008464425810733715,0,0.0,1.922024458454748e-05,1.0,1,0.0,0,fast_pass,"{""betweenness"": 0.122, ""degree"": 0.07, ""n_seed_upstream"": 0.058, ""role"": 0.189, ""seed_flow_kzt"": 0.02, ""temporal"": 0.046}"
100000001550419100,terminal,0.5,12,0.3436186250248883,"Вероятный конечный получатель: 1 плательщиков, получено 23 тыс., исходящих нет",3,False,1,0,23000.0,0.0,1,0,0.0,25.430473967276853,0.0011056727811859502,0,1.0,0.0,0.0,1,0.0,0,,"{""betweenness"": 0.055, ""degree"": 0.032, ""n_seed_upstream"": 0.058, ""role"": 0.121, ""seed_flow_kzt"": 0.038, ""temporal"": 0.032}"
100000004979283100,terminal,0.5,7,0.40744659669482597,"Вероятный конечный получатель: 1 плательщиков, получено 40 тыс., исходящих нет",3,False,1,0,40132.0,0.0,1,0,0.0,309.66346070212865,0.007716123310628143,0,1.0,0.0,0.0,1,0.0,0,,"{""betweenness"": 0.055, ""degree"": 0.032, ""n_seed_upstream"": 0.058, ""role"": 0.121, ""seed_flow_kzt"": 0.1, ""temporal"": 0.032}"
100000002537811100,peripheral,0.5,3,0.5198566430582814,"Периферийный узел: 1 входящих, 1 исходящих, оборот 67 тыс.",3,False,1,1,52000.0,15000.0,1,1,0.28846153846153844,20449.407411466367,0.39325783483589166,0,0.0,2.6353531234482626e-05,0.0,1,0.0,0,,"{""betweenness"": 0.131, ""degree"": 0.07, ""n_seed_upstream"": 0.058, ""role"": 0.026, ""seed_flow_kzt"": 0.192, ""temporal"": 0.032}"
100000002990675100,terminal,0.5,8,0.36170890576556586,"Вероятный конечный получатель: 1 плательщиков, получено 51 тыс., исходящих нет",3,False,1,0,51143.0,0.0,1,0,0.0,61.13440088845234,0.0011953620415003489,0,1.0,0.0,0.0,1,0.0,0,,"{""betweenness"": 0.055, ""degree"": 0.032, ""n_seed_upstream"": 0.058, ""role"": 0.121, ""seed_flow_kzt"": 0.056, ""temporal"": 0.032}"
100000008763688100,terminal,0.5,9,0.33315129277242084,"Вероятный конечный получатель: 1 плательщиков, получено 21 тыс., исходящих нет",3,False,1,0,21000.0,0.0,1,0,0.0,13.95466131990927,0.0006645076819004414,0,1.0,0.0,0.0,1,0.0,0,,"{""betweenness"": 0.055, ""degree"": 0.032, ""n_seed_upstream"": 0.058, ""role"": 0.121, ""seed_flow_kzt"": 0.028, ""temporal"": 0.032}"
100000002809896100,terminal,0.5,7,0.40539864038456064,"Вероятный конечный получатель: 1 плательщиков, получено 38 тыс., исходящих нет",3,False,1,0,38000.0,0.0,1,0,0.0,293.2126858038694,0.007716123310628142,0,1.0,0.0,0.0,1,0.0,0,,"{""betweenness"": 0.055, ""degree"": 0.032, ""n_seed_upstream"": 0.058, ""role"": 0.121, ""seed_flow_kzt"": 0.098, ""temporal"": 0.032}"
100000008716072100,terminal,0.5,9,0.3234803879739454,"Вероятный конечный получатель: 1 плательщиков, получено 12 тыс., исходящих нет",3,False,1,0,12100.0,0.0,1,0,0.0,8.040542950995341,0.0006645076819004414,0,1.0,0.0,0.0,1,0.0,0,,"{""betweenness"": 0.055, ""degree"": 0.032, ""n_seed_upstream"": 0.058, ""role"": 0.121, ""seed_flow_kzt"": 0.018, ""temporal"": 0.032}"
100000001279272100,peripheral,0.5,1,0.5131154535369912,"Периферийный узел: 1 входящих, 2 исходящих, оборот 387 тыс.",3,False,1,2,250000.0,136758.0,1,2,0.547032,1212.490150064881,0.004849960600259524,0,0.0,0.0007281896788475463,1.0,1,0.0,1,fast_pass;cycles,"{""betweenness"": 0.147, ""degree"": 0.081, ""n_seed_upstream"": 0.058, ""role"": 0.026, ""seed_flow_kzt"": 0.133, ""temporal"": 0.058}"
100000001714173100,terminal,0.5,6,0.4918679068179878,"Вероятный конечный получатель: 1 плательщиков, получено 639 тыс., исходящих нет",3,False,1,0,638905.0,0.0,6,0,0.0,15479.418996268327,0.0242280448521585,0,1.0,0.0,0.0,1,0.0,0,,"{""betweenness"": 0.055, ""degree"": 0.032, ""n_seed_upstream"": 0.058, ""role"": 0.121, ""seed_flow_kzt"": 0.183, ""temporal"": 0.032}"
100000008729597100,terminal,0.5,1,0.4237164718263787,"Вероятный конечный получатель: 1 плательщиков, получено 83 тыс., исходящих нет",3,False,1,0,83090.0,0.0,1,0,0.0,552.6734433163847,0.006651503710631661,0,1.0,0.0,0.0,1,0.0,0,,"{""betweenness"": 0.055, ""degree"": 0.032, ""n_seed_upstream"": 0.058, ""role"": 0.121, ""seed_flow_kzt"": 0.116, ""temporal"": 0.032}"
100000002255058100,terminal,0.5,16,0.4628551924225616,"Вероятный конечный получатель: 1 плательщиков, получено 492 тыс., исходящих нет",3,False,1,0,491500.0,0.0,2,0,0.0,4357.028182121533,0.008864757237276772,0,1.0,0.0,0.0,1,0.0,0,,"{""betweenness"": 0.055, ""degree"": 0.032, ""n_seed_upstream"": 0.058, ""role"": 0.121, ""seed_flow_kzt"": 0.155, ""temporal"": 0.032}"
100000006111442100,terminal,0.5,6,0.394134880678101,"Вероятный конечный получатель: 1 плательщиков, получено 64 тыс., исходящих нет",3,False,1,0,64000.0,0.0,1,0,0.0,200.75953459648835,0.0031368677280701304,0,1.0,0.0,0.0,1,0.0,0,,"{""betweenness"": 0.055, ""degree"": 0.032, ""n_seed_upstream"": 0.058, ""role"": 0.121, ""seed_flow_kzt"": 0.087, ""temporal"": 0.032}"
100000008686247100,peripheral,0.5,11,0.39585857723924106,"Периферийный узел: 1 входящих, 1 исходящих, оборот 27 тыс.",3,False,1,1,22000.0,5000.0,2,1,0.22727272727272727,703.0075187969925,0.03195488721804511,0,0.0,0.0,0.0,1,0.3333333333333333,1,near_threshold;cycles,"{""betweenness"": 0.055, ""degree"": 0.07, ""n_seed_upstream"": 0.058, ""role"": 0.026, ""seed_flow_kzt"": 0.121, ""temporal"": 0.057}"
100000001893287100,peripheral,0.5,17,0.40893705378729694,"Периферийный узел: 1 входящих, 1 исходящих, оборот 171 тыс.; есть источники вне выборки",3,False,1,1,18000.0,152700.0,3,14,8.483333333333333,1477.3232252811222,0.009674677310288947,0,0.0,0.0,0.0,1,0.058823529411764705,1,near_threshold;cycles;external_funding,"{""betweenness"": 0.055, ""degree"": 0.07, ""n_seed_upstream"": 0.058, ""role"": 0.026, ""seed_flow_kzt"": 0.136, ""temporal"": 0.055}"
100000005172860100,terminal,0.5,1,0.33087578576101484,"Вероятный конечный получатель: 1 плательщиков, получено 15 тыс., исходящих нет",3,False,1,0,15209.2,0.0,1,0,0.0,11.906414936310362,0.0007828429461319703,0,1.0,0.0,0.0,1,0.0,0,,"{""betweenness"": 0.055, ""degree"": 0.032, ""n_seed_upstream"": 0.058, ""role"": 0.121, ""seed_flow_kzt"": 0.026, ""temporal"": 0.032}"
100000001788284100,peripheral,0.5,26,0.4458400887447735,"Периферийный узел: 1 входящих, 5 исходящих, оборот 305 тыс.; есть источники вне выборки",3,False,1,5,8000.0,296700.0,1,8,37.0875,153.05918525351765,0.0005158718748012054,0,0.0,5.9444055416126226e-05,0.0,1,0.0,1,cycles;external_funding,"{""betweenness"": 0.137, ""degree"": 0.092, ""n_seed_upstream"": 0.058, ""role"": 0.026, ""seed_flow_kzt"": 0.079, ""temporal"": 0.044}"
100000008755580100,terminal,0.5,9,0.3282020650226128,"Вероятный конечный получатель: 1 плательщиков, получено 16 тыс., исходящих нет",3,False,1,0,16000.0,0.0,1,0,0.0,10.632122910407062,0.0006645076819004414,0,1.0,0.0,0.0,1,0.0,0,,"{""betweenness"": 0.055, ""degree"": 0.032, ""n_seed_upstream"": 0.058, ""role"": 0.121, ""seed_flow_kzt"": 0.023, ""temporal"": 0.032}"
100000003896956100,peripheral,0.5,2,0.38299627385726875,"Периферийный узел: 1 входящих, 1 исходящих, оборот 37 тыс.; есть источники вне выборки",3,False,1,1,10000.0,27000.0,1,2,2.7,104.32239086998881,0.00386379225444403,0,0.0,1.922024458454748e-05,0.0,1,0.0,0,external_funding,"{""betweenness"": 0.122, ""degree"": 0.07, ""n_seed_upstream"": 0.058, ""role"": 0.026, ""seed_flow_kzt"": 0.067, ""temporal"": 0.032}"
100000002475601100,terminal,0.5,14,0.4203032113092698,"Вероятный конечный получатель: 1 плательщиков, получено 232 тыс., исходящих нет",3,False,1,0,232301.0,0.0,1,0,0.0,501.0033536004343,0.002156699082657562,0,1.0,0.0,0.0,1,0.0,0,,"{""betweenness"": 0.055, ""degree"": 0.032, ""n_seed_upstream"": 0.058, ""role"": 0.121, ""seed_flow_kzt"": 0.113, ""temporal"": 0.032}"
100000008619857100,peripheral,0.5,3,0.3094291321785135,"Периферийный узел: 1 входящих, 2 исходящих, оборот 42 тыс.",3,False,1,2,29000.0,13000.0,1,2,0.4482758620689655,24.546834851127777,0.0008464425810733716,0,0.0,0.0,0.0,1,0.3333333333333333,0,near_threshold,"{""betweenness"": 0.055, ""degree"": 0.081, ""n_seed_upstream"": 0.058, ""role"": 0.026, ""seed_flow_kzt"": 0.037, ""temporal"": 0.045}"
100000001373265100,peripheral,0.5,1,0.45819040304917935,"Периферийный узел: 1 входящих, 1 исходящих, оборот 147 тыс.",3,False,1,1,142482.0,5000.0,1,1,0.0350921519911287,947.7195516982202,0.006651503710631661,0,0.0,1.922024458454748e-05,0.0,1,0.5,0,near_threshold,"{""betweenness"": 0.122, ""degree"": 0.07, ""n_seed_upstream"": 0.058, ""role"": 0.026, ""seed_flow_kzt"": 0.127, ""temporal"": 0.046}"
100000004185681100,terminal,0.5,3,0.38309867167278205,"Вероятный конечный получатель: 1 плательщиков, получено 10 тыс., исходящих нет",3,False,1,0,10000.0,0.0,1,0,0.0,141.37174964605438,0.014137174964605438,0,1.0,0.0,0.0,1,0.0,0,,"{""betweenness"": 0.055, ""degree"": 0.032, ""n_seed_upstream"": 0.058, ""role"": 0.121, ""seed_flow_kzt"": 0.077, ""temporal"": 0.032}"
100000003031633100,terminal,0.5,6,0.41871035640128557,"Вероятный конечный получатель: 1 плательщиков, получено 414 тыс., исходящих нет",3,False,1,0,414000.0,0.0,2,0,0.0,465.4443839437962,0.0011242617969656912,0,1.0,0.0,0.0,1,0.0,0,,"{""betweenness"": 0.055, ""degree"": 0.032, ""n_seed_upstream"": 0.058, ""role"": 0.121, ""seed_flow_kzt"": 0.111, ""temporal"": 0.032}"
100000002632742100,terminal,0.5,6,0.40922149216372267,"Вероятный конечный получатель: 2 плательщиков, получено 236 тыс., исходящих нет",3,False,2,0,235500.0,0.0,2,0,0.0,93.99535221448609,0.0003991310072801957,0,1.0,0.0,0.0,1,0.0,0,,"{""betweenness"": 0.055, ""degree"": 0.07, ""n_seed_upstream"": 0.058, ""role"": 0.121, ""seed_flow_kzt"": 0.064, ""temporal"": 0.032}"
100000005847078100,terminal,0.5,9,0.3284296157237534,"Вероятный конечный получатель: 1 плательщиков, получено 16 тыс., исходящих нет",3,False,1,0,16300.0,0.0,1,0,0.0,10.831475214977196,0.0006645076819004414,0,1.0,0.0,0.0,1,0.0,0,,"{""betweenness"": 0.055, ""degree"": 0.032, ""n_seed_upstream"": 0.058, ""role"": 0.121, ""seed_flow_kzt"": 0.023, ""temporal"": 0.032}"
100000002807334100,terminal,0.5,8,0.3630742099724094,"Вероятный конечный получатель: 1 плательщиков, получено 55 тыс., исходящих нет",3,False,1,0,54715.0,0.0,1,0,0.0,65.4042341006916,0.001195362041500349,0,1.0,0.0,0.0,1,0.0,0,,"{""betweenness"": 0.055, ""degree"": 0.032, ""n_seed_upstream"": 0.058, ""role"": 0.121, ""seed_flow_kzt"": 0.057, ""temporal"": 0.032}"
100000008748795100,terminal,0.5,13,0.3526068777199419,"Вероятный конечный получатель: 1 плательщиков, получено 47 тыс., исходящих нет",3,False,1,0,47057.0,0.0,1,0,0.0,39.83104853756965,0.0008464425810733717,0,1.0,0.0,0.0,1,0.0,0,,"{""betweenness"": 0.055, ""degree"": 0.032, ""n_seed_upstream"": 0.058, ""role"": 0.121, ""seed_flow_kzt"": 0.047, ""temporal"": 0.032}"
100000003899899100,peripheral,0.5,2,0.4890007679836163,"Периферийный узел: 2 входящих, 1 исходящих, оборот 228 тыс.",3,False,2,1,218500.0,10000.0,5,1,0.04576659038901602,2279.444240509256,0.010432239086998883,0,0.0,1.9418391435934565e-05,0.0,1,0.3333333333333333,0,near_threshold,"{""betweenness"": 0.125, ""degree"": 0.081, ""n_seed_upstream"": 0.058, ""role"": 0.026, ""seed_flow_kzt"": 0.144, ""temporal"": 0.045}"
100000002308091100,terminal,0.5,15,0.4492021503541257,"Вероятный конечный получатель: 1 плательщиков, получено 187 тыс., исходящих нет",3,False,1,0,186720.0,0.0,1,0,0.0,1965.3271994947768,0.010525531274072283,0,1.0,0.0,0.0,1,0.0,0,,"{""betweenness"": 0.055, ""degree"": 0.032, ""n_seed_upstream"": 0.058, ""role"": 0.121, ""seed_flow_kzt"": 0.141, ""temporal"": 0.032}"
100000008680912100,peripheral,0.5,3,0.4139374804448616,"Периферийный узел: 1 входящих, 1 исходящих, оборот 51 тыс.",3,False,1,1,45112.0,5990.85,2,1,0.13279947685759888,965.3737777581031,0.02139948966479214,0,0.0,0.0,0.1335786486965774,1,0.3333333333333333,1,near_threshold;cycles,"{""betweenness"": 0.055, ""degree"": 0.07, ""n_seed_upstream"": 0.058, ""role"": 0.026, ""seed_flow_kzt"": 0.128, ""temporal"": 0.068}"
100000008742053100,peripheral,0.5,6,0.3863981568393207,"Периферийный узел: 1 входящих, 12 исходящих, оборот 2.80 млн; есть источники вне выборки",3,False,1,12,10000.0,2789000.0,1,12,278.9,11.242617969656912,4.031056998801331e-06,0,0.0,0.00011710478916976866,0.0,1,0.0,0,external_funding,"{""betweenness"": 0.141, ""degree"": 0.097, ""n_seed_upstream"": 0.058, ""role"": 0.026, ""seed_flow_kzt"": 0.023, ""temporal"": 0.032}"
100000008473765100,terminal,0.5,1,0.39379355462639015,"Вероятный конечный получатель: 1 плательщиков, получено 30 тыс., исходящих нет",3,False,1,0,30000.0,0.0,1,0,0.0,199.54511131894984,0.006651503710631662,0,1.0,0.0,0.0,1,0.0,0,,"{""betweenness"": 0.055, ""degree"": 0.032, ""n_seed_upstream"": 0.058, ""role"": 0.121, ""seed_flow_kzt"": 0.087, ""temporal"": 0.032}"
100000007472293100,peripheral,0.5,6,0.39837870125437314,"Периферийный узел: 1 входящих, 3 исходящих, оборот 351 тыс.; есть источники вне выборки",3,False,1,3,5000.0,345900.0,1,3,69.18,26.349845636474004,7.617763988572999e-05,0,0.0,4.4583041562094664e-05,0.0,1,0.25,0,near_threshold;external_funding,"{""betweenness"": 0.135, ""degree"": 0.087, ""n_seed_upstream"": 0.058, ""role"": 0.026, ""seed_flow_kzt"": 0.039, ""temporal"": 0.045}"
100000008753061100,terminal,0.5,9,0.3390676110020764,"Вероятный конечный получатель: 1 плательщиков, получено 28 тыс., исходящих нет",3,False,1,0,28400.0,0.0,2,0,0.0,18.872018165972538,0.0006645076819004414,0,1.0,0.0,0.0,1,0.0,0,,"{""betweenness"": 0.055, ""degree"": 0.032, ""n_seed_upstream"": 0.058, ""role"": 0.121, ""seed_flow_kzt"": 0.034, ""temporal"": 0.032}"
100000008501413100,transit,0.6016188575227439,10,0.6183804078846317,"Признаки транзита: получено 5 тыс., отдано 102%, медиана задержки 2 дн., 1→1 контрагента",3,False,1,1,5000.0,5100.0,1,1,1.02,300.37268873380236,0.05889660563407889,0,0.0,2.1201713098418353e-05,1.0,1,1.0,0,fast_pass;near_threshold,"{""betweenness"": 0.128, ""degree"": 0.07, ""n_seed_upstream"": 0.058, ""role"": 0.189, ""seed_flow_kzt"": 0.1, ""temporal"": 0.06}"
100000002748581100,terminal,0.5,12,0.3548823847313479,"Вероятный конечный получатель: 1 плательщиков, получено 41 тыс., исходящих нет",3,False,1,0,41180.0,0.0,1,0,0.0,45.53160512923743,0.0011056727811859502,0,1.0,0.0,0.0,1,0.0,0,,"{""betweenness"": 0.055, ""degree"": 0.032, ""n_seed_upstream"": 0.058, ""role"": 0.121, ""seed_flow_kzt"": 0.049, ""temporal"": 0.032}"
100000001384826100,peripheral,0.5,8,0.42708422220325964,"Периферийный узел: 1 входящих, 1 исходящих, оборот 374 тыс.",3,False,1,1,364260.0,10000.0,1,1,0.027452918245209467,435.4225772369171,0.0011953620415003489,0,0.0,1.922024458454748e-05,0.0,1,0.0,0,,"{""betweenness"": 0.122, ""degree"": 0.07, ""n_seed_upstream"": 0.058, ""role"": 0.026, ""seed_flow_kzt"": 0.11, ""temporal"": 0.032}"
100000004099450100,terminal,0.5,5,0.41825525499900446,"Вероятный конечный получатель: 1 плательщиков, получено 31 тыс., исходящих нет",3,False,1,0,31000.0,0.0,1,0,0.0,455.79403202921816,0.014703033291265101,0,1.0,0.0,0.0,1,0.0,0,,"{""betweenness"": 0.055, ""degree"": 0.032, ""n_seed_upstream"": 0.058, ""role"": 0.121, ""seed_flow_kzt"": 0.111, ""temporal"": 0.032}"
100000002926970100,terminal,0.5,7,0.4267884062917768,"Вероятный конечный получатель: 1 плательщиков, получено 85 тыс., исходящих нет",3,False,1,0,85000.0,0.0,1,0,0.0,655.8704814033922,0.007716123310628144,0,1.0,0.0,0.0,1,0.0,0,,"{""betweenness"": 0.055, ""degree"": 0.032, ""n_seed_upstream"": 0.058, ""role"": 0.121, ""seed_flow_kzt"": 0.119, ""temporal"": 0.032}"
100000002753146100,terminal,0.5,15,0.40164405381574075,"Вероятный конечный получатель: 1 плательщиков, получено 804 тыс., исходящих нет",3,False,1,0,803540.0,0.0,3,0,0.0,257.7309005161519,0.0003207443319761952,0,1.0,0.0,0.0,1,0.0,0,,"{""betweenness"": 0.055, ""degree"": 0.032, ""n_seed_upstream"": 0.058, ""role"": 0.121, ""seed_flow_kzt"": 0.095, ""temporal"": 0.032}"
100000003943247100,terminal,0.5,13,0.34930739255340326,"Вероятный конечный получатель: 1 плательщиков, получено 40 тыс., исходящих нет",3,False,1,0,40000.0,0.0,1,0,0.0,33.85770324293486,0.0008464425810733715,0,1.0,0.0,0.0,1,0.0,0,,"{""betweenness"": 0.055, ""degree"": 0.032, ""n_seed_upstream"": 0.058, ""role"": 0.121, ""seed_flow_kzt"": 0.044, ""temporal"": 0.032}"
100000002872399100,terminal,0.5,7,0.5391984526552323,"Вероятный конечный получатель: 1 плательщиков, получено 1.09 млн, исходящих нет",3,False,1,0,1090000.0,0.0,9,0,0.0,88908.71487448481,0.08156762832521543,0,1.0,0.0,0.0,1,0.0,0,,"{""betweenness"": 0.055, ""degree"": 0.032, ""n_seed_upstream"": 0.058, ""role"": 0.121, ""seed_flow_kzt"": 0.229, ""temporal"": 0.032}"
100000008417359100,peripheral,0.5,18,0.33729840430070823,"Периферийный узел: 1 входящих, 2 исходящих, оборот 152 тыс.; есть источники вне выборки",3,False,1,2,40810.0,110760.0,2,3,2.714040676304827,100.34472684360625,0.0009059653922319091,0,0.0,0.0,0.0,1,0.0,1,cycles;external_funding,"{""betweenness"": 0.055, ""degree"": 0.081, ""n_seed_upstream"": 0.058, ""role"": 0.026, ""seed_flow_kzt"": 0.066, ""temporal"": 0.044}"
100000002614095100,terminal,0.5,9,0.3325539721819268,"Вероятный конечный получатель: 1 плательщиков, получено 5 тыс., исходящих нет",3,False,1,0,5300.0,0.0,1,0,0.0,3.5218907140723394,0.0006645076819004414,0,1.0,0.0,0.0,1,1.0,0,near_threshold,"{""betweenness"": 0.055, ""degree"": 0.032, ""n_seed_upstream"": 0.058, ""role"": 0.121, ""seed_flow_kzt"": 0.013, ""temporal"": 0.047}"
100000004717647100,peripheral,0.5,3,0.4832152914071166,"Периферийный узел: 1 входящих, 5 исходящих, оборот 2.54 млн; есть источники вне выборки",3,False,1,5,300000.0,2240000.0,2,10,7.466666666666667,329.20842627217513,0.00014696804744293533,0,0.0,7.767356574373826e-05,0.16666666666666666,1,0.0,1,cycles;external_funding,"{""betweenness"": 0.139, ""degree"": 0.092, ""n_seed_upstream"": 0.058, ""role"": 0.026, ""seed_flow_kzt"": 0.102, ""temporal"": 0.056}"
100000008537380100,terminal,0.5,9,0.32040845350854735,"Вероятный конечный получатель: 1 плательщиков, получено 8 тыс., исходящих нет",3,False,1,0,8000.0,0.0,1,0,0.0,5.316061455203531,0.0006645076819004414,0,1.0,0.0,0.0,1,0.0,0,,"{""betweenness"": 0.055, ""degree"": 0.032, ""n_seed_upstream"": 0.058, ""role"": 0.121, ""seed_flow_kzt"": 0.015, ""temporal"": 0.032}"
100000001534244100,peripheral,0.5,6,0.4240236652729185,"Периферийный узел: 2 входящих, 1 исходящих, оборот 411 тыс.",3,False,2,1,366000.0,45000.0,2,1,0.12295081967213115,214.5200869507613,0.0005861204561496211,0,0.0,2.159800680119253e-05,0.0,2,0.0,0,,"{""betweenness"": 0.129, ""degree"": 0.081, ""n_seed_upstream"": 0.058, ""role"": 0.026, ""seed_flow_kzt"": 0.089, ""temporal"": 0.032}"
100000008767950100,terminal,0.5,9,0.33007935830702273,"Вероятный конечный получатель: 1 плательщиков, получено 17 тыс., исходящих нет",3,False,1,0,17350.0,0.0,1,0,0.0,11.529208280972659,0.0006645076819004414,0,1.0,0.0,0.0,1,0.0,0,,"{""betweenness"": 0.055, ""degree"": 0.032, ""n_seed_upstream"": 0.058, ""role"": 0.121, ""seed_flow_kzt"": 0.025, ""temporal"": 0.032}"
100000004613582100,peripheral,0.5,25,0.4684984498108485,"Периферийный узел: 1 входящих, 1 исходящих, оборот 14 тыс.; есть источники вне выборки",3,False,1,1,5000.0,9500.0,1,1,1.9,2702.702702702703,0.2844950213371266,0,0.0,3.962937027741748e-07,0.0,1,0.5,0,near_threshold;external_funding,"{""betweenness"": 0.112, ""degree"": 0.07, ""n_seed_upstream"": 0.058, ""role"": 0.026, ""seed_flow_kzt"": 0.147, ""temporal"": 0.046}"
100000008121806100,peripheral,0.5,14,0.4703472992576157,"Периферийный узел: 1 входящих, 4 исходящих, оборот 316 тыс.; есть источники вне выборки",3,False,1,4,67000.0,248509.0,1,6,3.709089552238806,111.97219176450241,0.0004505760023359412,0,0.0,0.0010420542914446928,1.0,1,0.14285714285714285,1,fast_pass;near_threshold;cycles;external_funding;bridge,"{""betweenness"": 0.148, ""degree"": 0.09, ""n_seed_upstream"": 0.058, ""role"": 0.026, ""seed_flow_kzt"": 0.07, ""temporal"": 0.069}"
100000002369443100,terminal,0.5,9,0.3482834143982706,"Вероятный конечный получатель: 1 плательщиков, получено 50 тыс., исходящих нет",3,False,1,0,50000.0,0.0,1,0,0.0,33.22538409502207,0.0006645076819004414,0,1.0,0.0,0.0,1,0.0,0,,"{""betweenness"": 0.055, ""degree"": 0.032, ""n_seed_upstream"": 0.058, ""role"": 0.121, ""seed_flow_kzt"": 0.043, ""temporal"": 0.032}"
100000008655779100,peripheral,0.5,21,0.4698978866228631,"Периферийный узел: 1 входящих, 2 исходящих, оборот 72 тыс.",3,False,1,2,47000.0,24704.0,1,2,0.5256170212765957,518.917726196196,0.011040802685025447,0,0.0,4.5375628967643015e-05,0.0,1,0.3333333333333333,0,near_threshold,"{""betweenness"": 0.135, ""degree"": 0.081, ""n_seed_upstream"": 0.058, ""role"": 0.026, ""seed_flow_kzt"": 0.114, ""temporal"": 0.045}"
100000008561016100,transit,0.6016760898594066,6,0.608243024148818,"Признаки транзита: получено 180 тыс., отдано 103%, медиана задержки 0 дн., 1→1 контрагента",3,False,1,1,180000.0,185000.0,2,4,1.0277777777777777,226.93350344527212,0.0012266675861906601,0,0.0,2.2390594206740877e-05,1.0,1,0.16666666666666666,0,fast_pass;near_threshold,"{""betweenness"": 0.13, ""degree"": 0.07, ""n_seed_upstream"": 0.058, ""role"": 0.189, ""seed_flow_kzt"": 0.091, ""temporal"": 0.058}"
100000002727288100,terminal,0.5,2,0.4044884375799982,"Вероятный конечный получатель: 1 плательщиков, получено 16 тыс., исходящих нет",3,False,1,0,16000.0,0.0,1,0,0.0,290.0653468611059,0.01812908417881912,0,1.0,0.0,0.0,1,0.0,0,,"{""betweenness"": 0.055, ""degree"": 0.032, ""n_seed_upstream"": 0.058, ""role"": 0.121, ""seed_flow_kzt"": 0.098, ""temporal"": 0.032}"
100000001270349100,terminal,0.5,6,0.4601245840088744,"Вероятный конечный получатель: 1 плательщиков, получено 200 тыс., исходящих нет",3,False,1,0,200000.0,0.0,1,0,0.0,3511.1242290613563,0.01755562114530678,0,1.0,0.0,0.0,1,0.0,0,,"{""betweenness"": 0.055, ""degree"": 0.032, ""n_seed_upstream"": 0.058, ""role"": 0.121, ""seed_flow_kzt"": 0.152, ""temporal"": 0.032}"
100000004722765100,peripheral,0.5,3,0.5324288192962994,"Периферийный узел: 1 входящих, 3 исходящих, оборот 2.51 млн; есть источники вне выборки",3,False,1,3,230000.0,2284500.0,1,9,9.932608695652174,7913.856390741137,0.003464152501965917,0,0.0,5.8255174307803695e-05,1.0,1,0.0,0,fast_pass;external_funding,"{""betweenness"": 0.137, ""degree"": 0.087, ""n_seed_upstream"": 0.058, ""role"": 0.026, ""seed_flow_kzt"": 0.167, ""temporal"": 0.046}"
100000001677389100,peripheral,0.5,18,0.3919162613419802,"Периферийный узел: 1 входящих, 1 исходящих, оборот 16 тыс.",3,False,1,1,11000.0,5400.0,1,1,0.4909090909090909,83.94159693730191,0.007631054267027446,0,0.0,1.922024458454748e-05,0.0,1,0.5,0,near_threshold,"{""betweenness"": 0.122, ""degree"": 0.07, ""n_seed_upstream"": 0.058, ""role"": 0.026, ""seed_flow_kzt"": 0.062, ""temporal"": 0.046}"
100000005857058100,terminal,0.5,2,0.517012259294024,"Вероятный конечный получатель: 3 плательщиков, получено 80 тыс., исходящих нет",3,False,3,0,80222.0,0.0,3,0,0.0,5458.7244610340185,0.0680452302489843,0,1.0,0.0,0.0,1,0.0,0,,"{""betweenness"": 0.055, ""degree"": 0.081, ""n_seed_upstream"": 0.058, ""role"": 0.121, ""seed_flow_kzt"": 0.158, ""temporal"": 0.032}"
100000008760098100,peripheral,0.5,6,0.3577040134254913,"Периферийный узел: 1 входящих, 1 исходящих, оборот 397 тыс.; есть источники вне выборки",3,False,1,1,7000.0,390000.0,1,1,55.714285714285715,36.88978389106361,9.458918946426566e-05,0,0.0,1.2285104785999419e-05,0.0,1,0.0,0,external_funding,"{""betweenness"": 0.119, ""degree"": 0.07, ""n_seed_upstream"": 0.058, ""role"": 0.026, ""seed_flow_kzt"": 0.045, ""temporal"": 0.032}"
100000002838519100,terminal,0.5,12,0.3573854424438945,"Вероятный конечный получатель: 1 плательщиков, получено 47 тыс., исходящих нет",3,False,1,0,46900.0,0.0,1,0,0.0,51.856053437621064,0.0011056727811859502,0,1.0,0.0,0.0,1,0.0,0,,"{""betweenness"": 0.055, ""degree"": 0.032, ""n_seed_upstream"": 0.058, ""role"": 0.121, ""seed_flow_kzt"": 0.051, ""temporal"": 0.032}"
100000002597623100,terminal,0.5,13,0.3329237420712802,"Вероятный конечный получатель: 1 плательщиков, получено 16 тыс., исходящих нет",3,False,1,0,16418.0,0.0,1,0,0.0,13.896894296062614,0.0008464425810733716,0,1.0,0.0,0.0,1,0.0,0,,"{""betweenness"": 0.055, ""degree"": 0.032, ""n_seed_upstream"": 0.058, ""role"": 0.121, ""seed_flow_kzt"": 0.028, ""temporal"": 0.032}"
100000003635660100,terminal,0.5,1,0.39857211935034265,"Вероятный конечный получатель: 1 плательщиков, получено 19 тыс., исходящих нет",3,False,1,0,18985.0,0.0,1,0,0.0,230.29598997732617,0.012130418223720104,0,1.0,0.0,0.0,1,0.0,0,,"{""betweenness"": 0.055, ""degree"": 0.032, ""n_seed_upstream"": 0.058, ""role"": 0.121, ""seed_flow_kzt"": 0.092, ""temporal"": 0.032}"
100000008676812100,terminal,0.5,19,0.45557356998606247,"Вероятный конечный получатель: 1 плательщиков, получено 231 тыс., исходящих нет",3,False,1,0,230800.0,0.0,1,0,0.0,2750.915381368984,0.011919044113383813,0,1.0,0.0,0.0,1,0.0,0,,"{""betweenness"": 0.055, ""degree"": 0.032, ""n_seed_upstream"": 0.058, ""role"": 0.121, ""seed_flow_kzt"": 0.147, ""temporal"": 0.032}"
100000003213473100,peripheral,0.5,5,0.43890548112751365,"Периферийный узел: 1 входящих, 11 исходящих, оборот 298 тыс.; есть источники вне выборки",3,False,1,11,57500.0,240000.0,2,12,4.173913043478261,48.670448411718866,0.00020279353504882862,0,0.0,8.698646775893137e-05,1.0,1,0.0,3,fast_pass;cycles;external_funding,"{""betweenness"": 0.139, ""degree"": 0.097, ""n_seed_upstream"": 0.058, ""role"": 0.026, ""seed_flow_kzt"": 0.05, ""temporal"": 0.059}"
100000003071649100,terminal,0.5,6,0.3994823221549051,"Вероятный конечный получатель: 1 плательщиков, получено 190 тыс., исходящих нет",3,False,1,0,189500.0,0.0,1,0,0.0,238.91054946043926,0.0012607416858070673,0,1.0,0.0,0.0,1,0.0,0,,"{""betweenness"": 0.055, ""degree"": 0.032, ""n_seed_upstream"": 0.058, ""role"": 0.121, ""seed_flow_kzt"": 0.093, ""temporal"": 0.032}"
100000002433697100,transit,0.6003396204593169,8,0.5766419205279175,"Признаки транзита: получено 130 тыс., отдано 85%, медиана задержки 0 дн., 1→1 контрагента",3,False,1,1,130000.0,110000.0,1,1,0.8461538461538461,155.39706539504536,0.0011953620415003489,0,0.0,1.922024458454748e-05,1.0,1,0.0,0,fast_pass,"{""betweenness"": 0.122, ""degree"": 0.07, ""n_seed_upstream"": 0.058, ""role"": 0.189, ""seed_flow_kzt"": 0.079, ""temporal"": 0.046}"
100000008612257100,terminal,0.5,8,0.35044514605910626,"Вероятный конечный получатель: 1 плательщиков, получено 10 тыс., исходящих нет",3,False,1,0,9500.0,0.0,1,0,0.0,35.71837563117522,0.003759829013807918,0,1.0,0.0,0.0,1,0.0,0,,"{""betweenness"": 0.055, ""degree"": 0.032, ""n_seed_upstream"": 0.058, ""role"": 0.121, ""seed_flow_kzt"": 0.045, ""temporal"": 0.032}"
100000002736033100,peripheral,0.5,18,0.41217965127855044,"Периферийный узел: 1 входящих, 1 исходящих, оборот 46 тыс.",3,False,1,1,34530.0,11000.0,1,1,0.3185635679119606,263.5003038404577,0.007631054267027446,0,0.0,1.922024458454748e-05,0.0,1,0.0,0,,"{""betweenness"": 0.122, ""degree"": 0.07, ""n_seed_upstream"": 0.058, ""role"": 0.026, ""seed_flow_kzt"": 0.095, ""temporal"": 0.032}"
100000008687990100,terminal,0.5,9,0.3304206843587336,"Вероятный конечный получатель: 1 плательщиков, получено 18 тыс., исходящих нет",3,False,1,0,17600.0,0.0,1,0,0.0,11.695335201447769,0.0006645076819004414,0,1.0,0.0,0.0,1,0.0,0,,"{""betweenness"": 0.055, ""degree"": 0.032, ""n_seed_upstream"": 0.058, ""role"": 0.121, ""seed_flow_kzt"": 0.025, ""temporal"": 0.032}"
100000008776310100,terminal,0.5,9,0.33201353926671784,"Вероятный конечный получатель: 1 плательщиков, получено 19 тыс., исходящих нет",3,False,1,0,19200.0,0.0,1,0,0.0,12.758547492488475,0.0006645076819004414,0,1.0,0.0,0.0,1,0.0,0,,"{""betweenness"": 0.055, ""degree"": 0.032, ""n_seed_upstream"": 0.058, ""role"": 0.121, ""seed_flow_kzt"": 0.027, ""temporal"": 0.032}"
100000007267915100,peripheral,0.5,18,0.31697243792132435,"Периферийный узел: 2 входящих, 1 исходящих, оборот 31 тыс.",3,False,2,1,21000.0,10000.0,3,1,0.47619047619047616,34.87552564558015,0.0016607393164561975,0,0.0,0.0,0.0,1,0.5,0,near_threshold,"{""betweenness"": 0.055, ""degree"": 0.081, ""n_seed_upstream"": 0.058, ""role"": 0.026, ""seed_flow_kzt"": 0.044, ""temporal"": 0.046}"
100000004217419100,peripheral,0.5,1,0.47205961828369875,"Периферийный узел: 2 входящих, 1 исходящих, оборот 126 тыс.",3,False,2,1,118200.0,7700.0,3,1,0.06514382402707276,995.5022729966408,0.008422185050733002,0,0.0,1.9418391435934565e-05,0.05922165820642978,1,0.0,0,,"{""betweenness"": 0.125, ""degree"": 0.081, ""n_seed_upstream"": 0.058, ""role"": 0.026, ""seed_flow_kzt"": 0.128, ""temporal"": 0.044}"
100000002773323100,peripheral,0.5,6,0.4006428307307221,"Периферийный узел: 2 входящих, 1 исходящих, оборот 1.46 млн; есть источники вне выборки",3,False,2,1,285000.0,1171644.0,2,2,4.111031578947369,102.53077544490615,8.75101783860167e-05,0,0.0,2.139985994980544e-05,0.0,2,0.0,0,external_funding,"{""betweenness"": 0.129, ""degree"": 0.081, ""n_seed_upstream"": 0.058, ""role"": 0.026, ""seed_flow_kzt"": 0.066, ""temporal"": 0.032}"
100000002528544100,terminal,0.5,14,0.4157521972864578,"Вероятный конечный получатель: 1 плательщиков, получено 193 тыс., исходящих нет",3,False,1,0,192912.0,0.0,1,0,0.0,416.0531334336356,0.002156699082657562,0,1.0,0.0,0.0,1,0.0,0,,"{""betweenness"": 0.055, ""degree"": 0.032, ""n_seed_upstream"": 0.058, ""role"": 0.121, ""seed_flow_kzt"": 0.109, ""temporal"": 0.032}"
100000003760160100,terminal,0.5,8,0.37945786045453245,"Вероятный конечный получатель: 1 плательщиков, получено 104 тыс., исходящих нет",3,False,1,0,104470.0,0.0,1,0,0.0,124.87947247554145,0.0011953620415003489,0,1.0,0.0,0.0,1,0.0,0,,"{""betweenness"": 0.055, ""degree"": 0.032, ""n_seed_upstream"": 0.058, ""role"": 0.121, ""seed_flow_kzt"": 0.073, ""temporal"": 0.032}"
100000000640800100,peripheral,0.5,14,0.43354666211565257,"Периферийный узел: 1 входящих, 4 исходящих, оборот 598 тыс.; есть источники вне выборки",3,False,1,4,80000.0,518135.0,1,6,6.4766875,133.6981394203014,0.00025803726716068477,0,0.0,0.00016069709647492788,0.0,1,0.0,0,external_funding,"{""betweenness"": 0.143, ""degree"": 0.09, ""n_seed_upstream"": 0.058, ""role"": 0.026, ""seed_flow_kzt"": 0.075, ""temporal"": 0.032}"
100000008238112100,terminal,0.5,8,0.39788946724692087,"Вероятный конечный получатель: 1 плательщиков, получено 190 тыс., исходящих нет",3,False,1,0,190000.0,0.0,1,0,0.0,227.1187878850663,0.0011953620415003489,0,1.0,0.0,0.0,1,0.0,0,,"{""betweenness"": 0.055, ""degree"": 0.032, ""n_seed_upstream"": 0.058, ""role"": 0.121, ""seed_flow_kzt"": 0.091, ""temporal"": 0.032}"
100000008751349100,terminal,0.5,28,0.3185880478994226,"Вероятный конечный получатель: 1 плательщиков, получено 12 тыс., исходящих нет",3,False,1,0,11630.0,0.0,1,0,0.0,3.753217197749495,0.0003227185896603177,0,1.0,0.0,0.0,1,0.0,0,,"{""betweenness"": 0.055, ""degree"": 0.032, ""n_seed_upstream"": 0.058, ""role"": 0.121, ""seed_flow_kzt"": 0.014, ""temporal"": 0.032}"
100000002963189100,peripheral,0.5,12,0.49911539664931587,"Периферийный узел: 1 входящих, 7 исходящих, оборот 5.71 млн; есть источники вне выборки",3,False,1,7,490000.0,5219000.0,3,15,10.651020408163266,541.7796627811156,0.00010380909422899321,0,0.0,8.520314609644758e-05,0.0,1,0.05555555555555555,1,near_threshold;cycles;external_funding,"{""betweenness"": 0.139, ""degree"": 0.095, ""n_seed_upstream"": 0.058, ""role"": 0.026, ""seed_flow_kzt"": 0.115, ""temporal"": 0.055}"
100000008548853100,terminal,0.5,9,0.3260403333617771,"Вероятный конечный получатель: 1 плательщиков, получено 14 тыс., исходящих нет",3,False,1,0,14000.0,0.0,1,0,0.0,9.30310754660618,0.0006645076819004414,0,1.0,0.0,0.0,1,0.0,0,,"{""betweenness"": 0.055, ""degree"": 0.032, ""n_seed_upstream"": 0.058, ""role"": 0.121, ""seed_flow_kzt"": 0.021, ""temporal"": 0.032}"
100000003164661100,terminal,0.5,24,0.49442785220581953,"Вероятный конечный получатель: 1 плательщиков, получено 596 тыс., исходящих нет",3,False,1,0,596200.0,0.0,3,0,0.0,16999.575010624736,0.028513208672634578,0,1.0,0.0,0.0,1,0.0,0,,"{""betweenness"": 0.055, ""degree"": 0.032, ""n_seed_upstream"": 0.058, ""role"": 0.121, ""seed_flow_kzt"": 0.185, ""temporal"": 0.032}"
100000000791285100,peripheral,0.5,28,0.47591660266803193,"Периферийный узел: 1 входящих, 3 исходящих, оборот 1.77 млн",3,False,1,3,1120000.0,650000.0,2,3,0.5803571428571429,361.4448204195558,0.0003227185896603177,0,0.0,3.883678287186913e-05,0.5,1,0.0,1,fast_pass;cycles,"{""betweenness"": 0.133, ""degree"": 0.087, ""n_seed_upstream"": 0.058, ""role"": 0.026, ""seed_flow_kzt"": 0.105, ""temporal"": 0.057}"
100000003192309100,peripheral,0.5,9,0.33279858918565286,"Периферийный узел: 1 входящих, 1 исходящих, оборот 230 тыс.; есть источники вне выборки",3,False,1,1,17200.0,213000.0,1,1,12.383720930232558,11.429532128687592,5.365977525205442e-05,0,0.0,1.387027959709612e-06,0.0,1,0.0,0,external_funding,"{""betweenness"": 0.115, ""degree"": 0.07, ""n_seed_upstream"": 0.058, ""role"": 0.026, ""seed_flow_kzt"": 0.024, ""temporal"": 0.032}"
100000002891765100,terminal,0.5,12,0.3619364564667064,"Вероятный конечный получатель: 1 плательщиков, получено 56 тыс., исходящих нет",3,False,1,0,55576.0,0.0,1,0,0.0,61.44887048719037,0.0011056727811859502,0,1.0,0.0,0.0,1,0.0,0,,"{""betweenness"": 0.055, ""degree"": 0.032, ""n_seed_upstream"": 0.058, ""role"": 0.121, ""seed_flow_kzt"": 0.056, ""temporal"": 0.032}"
100000001740277100,peripheral,0.5,7,0.4299456722701027,"Периферийный узел: 1 входящих, 1 исходящих, оборот 14 тыс.",3,False,1,1,8700.0,5000.0,1,1,0.5747126436781609,1916.1026032566401,0.22024167853524598,0,0.0,0.0,1.0,1,0.5,1,fast_pass;near_threshold;cycles,"{""betweenness"": 0.055, ""degree"": 0.07, ""n_seed_upstream"": 0.058, ""role"": 0.026, ""seed_flow_kzt"": 0.141, ""temporal"": 0.071}"
100000002232266100,terminal,0.5,1,0.40642261853969336,"Вероятный конечный получатель: 1 плательщиков, получено 45 тыс., исходящих нет",3,False,1,0,45000.0,0.0,1,0,0.0,299.3176669784247,0.00665150371063166,0,1.0,0.0,0.0,1,0.0,0,,"{""betweenness"": 0.055, ""degree"": 0.032, ""n_seed_upstream"": 0.058, ""role"": 0.121, ""seed_flow_kzt"": 0.099, ""temporal"": 0.032}"
100000006701983100,terminal,0.5,9,0.33832807122336944,"Вероятный конечный получатель: 1 плательщиков, получено 27 тыс., исходящих нет",3,False,1,0,27000.0,0.0,1,0,0.0,17.94170741131192,0.0006645076819004415,0,1.0,0.0,0.0,1,0.0,0,,"{""betweenness"": 0.055, ""degree"": 0.032, ""n_seed_upstream"": 0.058, ""role"": 0.121, ""seed_flow_kzt"": 0.033, ""temporal"": 0.032}"
100000002871199100,terminal,0.5,12,0.3437324003754586,"Вероятный конечный получатель: 1 плательщиков, получено 23 тыс., исходящих нет",3,False,1,0,23186.0,0.0,1,0,0.0,25.636129104577442,0.0011056727811859502,0,1.0,0.0,0.0,1,0.0,0,,"{""betweenness"": 0.055, ""degree"": 0.032, ""n_seed_upstream"": 0.058, ""role"": 0.121, ""seed_flow_kzt"": 0.038, ""temporal"": 0.032}"
100000002757791100,terminal,0.5,6,0.4416929772164859,"Вероятный конечный получатель: 1 плательщиков, получено 73 тыс., исходящих нет",3,False,1,0,73050.0,0.0,1,0,0.0,1282.4381246646603,0.01755562114530678,0,1.0,0.0,0.0,1,0.0,0,,"{""betweenness"": 0.055, ""degree"": 0.032, ""n_seed_upstream"": 0.058, ""role"": 0.121, ""seed_flow_kzt"": 0.134, ""temporal"": 0.032}"
100000000572276100,peripheral,0.5,9,0.3285889012145518,"Периферийный узел: 1 входящих, 1 исходящих, оборот 48 тыс.; есть источники вне выборки",3,False,1,1,13075.0,34547.0,1,1,2.6422179732313578,8.688437940848273,0.00025149616293305564,0,0.0,1.387027959709612e-06,0.0,1,0.0,0,external_funding,"{""betweenness"": 0.115, ""degree"": 0.07, ""n_seed_upstream"": 0.058, ""role"": 0.026, ""seed_flow_kzt"": 0.02, ""temporal"": 0.032}"
100000001853812100,terminal,0.5,1,0.4188241317518559,"Вероятный конечный получатель: 1 плательщиков, получено 70 тыс., исходящих нет",3,False,1,0,70000.0,0.0,1,0,0.0,465.60525974421626,0.006651503710631661,0,1.0,0.0,0.0,1,0.0,0,,"{""betweenness"": 0.055, ""degree"": 0.032, ""n_seed_upstream"": 0.058, ""role"": 0.121, ""seed_flow_kzt"": 0.112, ""temporal"": 0.032}"
100000004726132100,peripheral,0.5,1,0.45655203800096705,"Периферийный узел: 1 входящих, 1 исходящих, оборот 373 тыс.",3,False,1,1,349000.0,24000.0,1,2,0.06876790830945559,1692.6362494905738,0.004849960600259524,0,0.0,1.922024458454748e-05,0.0,1,0.0,0,,"{""betweenness"": 0.122, ""degree"": 0.07, ""n_seed_upstream"": 0.058, ""role"": 0.026, ""seed_flow_kzt"": 0.139, ""temporal"": 0.032}"
100000001785161100,terminal,0.5,15,0.39511334869300563,"Вероятный конечный получатель: 2 плательщиков, получено 30 тыс., исходящих нет",3,False,2,0,30000.0,0.0,2,0,0.0,49.500557681675666,0.0016500185893891888,0,1.0,0.0,0.0,1,0.0,0,,"{""betweenness"": 0.055, ""degree"": 0.07, ""n_seed_upstream"": 0.058, ""role"": 0.121, ""seed_flow_kzt"": 0.05, ""temporal"": 0.032}"
100000002612809100,peripheral,0.5,31,0.5206416929772163,"Периферийный узел: 1 входящих, 3 исходящих, оборот 144 тыс.; есть источники вне выборки",3,False,1,3,30000.0,114000.0,2,4,3.8,7578.034682080925,0.06647398843930637,0,0.0,1.5851748110966993e-06,0.5,1,0.0,1,fast_pass;cycles;external_funding,"{""betweenness"": 0.116, ""degree"": 0.087, ""n_seed_upstream"": 0.058, ""role"": 0.026, ""seed_flow_kzt"": 0.166, ""temporal"": 0.057}"
100000008769097100,terminal,0.5,9,0.3404898028842051,"Вероятный конечный получатель: 1 плательщиков, получено 31 тыс., исходящих нет",3,False,1,0,31100.0,0.0,1,0,0.0,20.666188907103727,0.0006645076819004414,0,1.0,0.0,0.0,1,0.0,0,,"{""betweenness"": 0.055, ""degree"": 0.032, ""n_seed_upstream"": 0.058, ""role"": 0.121, ""seed_flow_kzt"": 0.035, ""temporal"": 0.032}"
100000004488265100,terminal,0.5,1,0.4015302784651704,"Вероятный конечный получатель: 1 плательщиков, получено 39 тыс., исходящих нет",3,False,1,0,38740.0,0.0,1,0,0.0,257.67925374987055,0.006651503710631662,0,1.0,0.0,0.0,1,0.0,0,,"{""betweenness"": 0.055, ""degree"": 0.032, ""n_seed_upstream"": 0.058, ""role"": 0.121, ""seed_flow_kzt"": 0.095, ""temporal"": 0.032}"
100000002509598100,terminal,0.5,15,0.37126603521347096,"Вероятный конечный получатель: 1 плательщиков, получено 306 тыс., исходящих нет",3,False,1,0,305550.0,0.0,1,0,0.0,98.00343063532645,0.0003207443319761952,0,1.0,0.0,0.0,1,0.0,0,,"{""betweenness"": 0.055, ""degree"": 0.032, ""n_seed_upstream"": 0.058, ""role"": 0.121, ""seed_flow_kzt"": 0.065, ""temporal"": 0.032}"
100000008706846100,terminal,0.5,9,0.32621099638763257,"Вероятный конечный получатель: 1 плательщиков, получено 14 тыс., исходящих нет",3,False,1,0,14200.0,0.0,1,0,0.0,9.436009082986269,0.0006645076819004414,0,1.0,0.0,0.0,1,0.0,0,,"{""betweenness"": 0.055, ""degree"": 0.032, ""n_seed_upstream"": 0.058, ""role"": 0.121, ""seed_flow_kzt"": 0.021, ""temporal"": 0.032}"
100000001280798100,terminal,0.5,7,0.39106294621270293,"Вероятный конечный получатель: 1 плательщиков, получено 24 тыс., исходящих нет",3,False,1,0,23785.0,0.0,1,0,0.0,183.52799294329037,0.007716123310628142,0,1.0,0.0,0.0,1,0.0,0,,"{""betweenness"": 0.055, ""degree"": 0.032, ""n_seed_upstream"": 0.058, ""role"": 0.121, ""seed_flow_kzt"": 0.084, ""temporal"": 0.032}"
100000006664478100,transit,0.5021406380466036,7,0.64531672213215,"Признаки транзита: получено 55 тыс., отдано 109%, 1→2 контрагента",3,False,1,2,55000.0,60000.0,3,2,1.0909090909090908,4695.121951219513,0.07825203252032521,0,0.0,1.1888811083225246e-06,0.0,1,0.0,0,,"{""betweenness"": 0.115, ""degree"": 0.081, ""n_seed_upstream"": 0.058, ""role"": 0.189, ""seed_flow_kzt"": 0.156, ""temporal"": 0.032}"
100000003781406100,terminal,0.5,11,0.5120061438689308,"Вероятный конечный получатель: 1 плательщиков, получено 45 тыс., исходящих нет",3,False,1,0,45000.0,0.0,2,0,0.0,29964.682499566756,0.6658818333237057,0,1.0,0.0,0.0,1,0.0,0,,"{""betweenness"": 0.055, ""degree"": 0.032, ""n_seed_upstream"": 0.058, ""role"": 0.121, ""seed_flow_kzt"": 0.203, ""temporal"": 0.032}"
100000008708595100,terminal,0.5,9,0.3295673692294564,"Вероятный конечный получатель: 1 плательщиков, получено 17 тыс., исходящих нет",3,False,1,0,17200.0,0.0,1,0,0.0,11.429532128687592,0.0006645076819004414,0,1.0,0.0,0.0,1,0.0,0,,"{""betweenness"": 0.055, ""degree"": 0.032, ""n_seed_upstream"": 0.058, ""role"": 0.121, ""seed_flow_kzt"": 0.024, ""temporal"": 0.032}"
100000004611571100,terminal,0.5,13,0.33929516170321694,"Вероятный конечный получатель: 1 плательщиков, получено 23 тыс., исходящих нет",3,False,1,0,22550.0,0.0,1,0,0.0,19.08728020320453,0.0008464425810733716,0,1.0,0.0,0.0,1,0.0,0,,"{""betweenness"": 0.055, ""degree"": 0.032, ""n_seed_upstream"": 0.058, ""role"": 0.121, ""seed_flow_kzt"": 0.034, ""temporal"": 0.032}"
100000008576243100,terminal,0.5,3,0.4995818755866541,"Вероятный конечный получатель: 2 плательщиков, получено 83 тыс., исходящих нет",3,False,2,0,82920.0,0.0,4,0,0.0,1863.8935991439296,0.022478215136805712,0,1.0,0.0,0.0,2,0.25,0,near_threshold,"{""betweenness"": 0.055, ""degree"": 0.07, ""n_seed_upstream"": 0.058, ""role"": 0.121, ""seed_flow_kzt"": 0.14, ""temporal"": 0.045}"
100000008662216100,terminal,0.5,9,0.33764541911994767,"Вероятный конечный получатель: 1 плательщиков, получено 26 тыс., исходящих нет",3,False,1,0,26200.0,0.0,1,0,0.0,17.410101265791567,0.0006645076819004415,0,1.0,0.0,0.0,1,0.0,0,,"{""betweenness"": 0.055, ""degree"": 0.032, ""n_seed_upstream"": 0.058, ""role"": 0.121, ""seed_flow_kzt"": 0.032, ""temporal"": 0.032}"
100000002681544100,terminal,0.5,3,0.4631510083340444,"Вероятный конечный получатель: 2 плательщиков, получено 166 тыс., исходящих нет",3,False,2,0,166072.0,0.0,2,0,0.0,574.9035167916356,0.00346177270576398,0,1.0,0.0,0.0,2,0.0,0,,"{""betweenness"": 0.055, ""degree"": 0.07, ""n_seed_upstream"": 0.058, ""role"": 0.121, ""seed_flow_kzt"": 0.117, ""temporal"": 0.032}"
100000007864477100,coordinator,0.5,3,0.6543163523622606,Кандидат в координирующий узел: 2 плательщиков → 6 получателей; сигналы S3,3,False,2,6,76000.0,203500.0,2,10,2.6776315789473686,863.8822372154584,0.004245121558798321,0,0.0,3.209978992470816e-05,0.0,1,0.0,0,external_funding;peripheral;S3,"{""betweenness"": 0.131, ""degree"": 0.095, ""n_seed_upstream"": 0.058, ""role"": 0.198, ""seed_flow_kzt"": 0.126, ""temporal"": 0.032}"
100000004746397100,peripheral,0.5,8,0.43664135165116474,"Периферийный узел: 1 входящих, 1 исходящих, оборот 227 тыс.",3,False,1,1,219520.0,7500.0,1,1,0.03416545189504373,262.4058753501566,0.0011953620415003489,0,0.0,0.000412541744587916,0.0,1,0.0,0,,"{""betweenness"": 0.146, ""degree"": 0.07, ""n_seed_upstream"": 0.058, ""role"": 0.026, ""seed_flow_kzt"": 0.095, ""temporal"": 0.032}"
100000003814002100,terminal,0.5,8,0.35055892140967654,"Вероятный конечный получатель: 1 плательщиков, получено 30 тыс., исходящих нет",3,False,1,0,30000.0,0.0,1,0,0.0,35.86086124501047,0.0011953620415003489,0,1.0,0.0,0.0,1,0.0,0,,"{""betweenness"": 0.055, ""degree"": 0.032, ""n_seed_upstream"": 0.058, ""role"": 0.121, ""seed_flow_kzt"": 0.045, ""temporal"": 0.032}"
100000003962994100,terminal,0.5,34,0.4507950052621099,"Вероятный конечный получатель: 1 плательщиков, получено 10 тыс., исходящих нет",3,False,1,0,10000.0,0.0,1,0,0.0,2178.401529636711,0.2178401529636711,0,1.0,0.0,0.0,1,0.0,0,,"{""betweenness"": 0.055, ""degree"": 0.032, ""n_seed_upstream"": 0.058, ""role"": 0.121, ""seed_flow_kzt"": 0.143, ""temporal"": 0.032}"
100000003366471100,peripheral,0.5,1,0.47821486474955194,"Периферийный узел: 2 входящих, 1 исходящих, оборот 350 тыс.",3,False,2,1,329789.0,20000.0,5,1,0.0606448365470043,2940.177043351501,0.008915327810665308,0,0.0,1.922024458454748e-05,0.0,2,0.0,0,,"{""betweenness"": 0.122, ""degree"": 0.081, ""n_seed_upstream"": 0.058, ""role"": 0.026, ""seed_flow_kzt"": 0.149, ""temporal"": 0.032}"
100000003561031100,peripheral,0.5,1,0.39242825041954654,"Периферийный узел: 1 входящих, 1 исходящих, оборот 18 тыс.",3,False,1,1,13300.0,5000.0,1,1,0.37593984962406013,88.46499935140109,0.006651503710631661,0,0.0,1.922024458454748e-05,0.0,1,0.5,0,near_threshold,"{""betweenness"": 0.122, ""degree"": 0.07, ""n_seed_upstream"": 0.058, ""role"": 0.026, ""seed_flow_kzt"": 0.063, ""temporal"": 0.046}"
100000001690439100,terminal,0.5,3,0.3700145063571976,"Вероятный конечный получатель: 1 плательщиков, получено 14 тыс., исходящих нет",3,False,1,0,14200.0,0.0,1,0,0.0,93.09568072470714,0.0065560338538526155,0,1.0,0.0,0.0,1,0.0,0,,"{""betweenness"": 0.055, ""degree"": 0.032, ""n_seed_upstream"": 0.058, ""role"": 0.121, ""seed_flow_kzt"": 0.064, ""temporal"": 0.032}"
100000002954780100,terminal,0.5,6,0.3882185624484455,"Вероятный конечный получатель: 1 плательщиков, получено 133 тыс., исходящих нет",3,False,1,0,133400.0,0.0,1,0,0.0,168.18294088666278,0.0012607416858070673,0,1.0,0.0,0.0,1,0.0,0,,"{""betweenness"": 0.055, ""degree"": 0.032, ""n_seed_upstream"": 0.058, ""role"": 0.121, ""seed_flow_kzt"": 0.082, ""temporal"": 0.032}"
100000008720668100,terminal,0.5,9,0.3282020650226128,"Вероятный конечный получатель: 1 плательщиков, получено 16 тыс., исходящих нет",3,False,1,0,16000.0,0.0,1,0,0.0,10.632122910407062,0.0006645076819004414,0,1.0,0.0,0.0,1,0.0,0,,"{""betweenness"": 0.055, ""degree"": 0.032, ""n_seed_upstream"": 0.058, ""role"": 0.121, ""seed_flow_kzt"": 0.023, ""temporal"": 0.032}"
100000002459164100,terminal,0.5,18,0.43122564496401844,"Вероятный конечный получатель: 1 плательщиков, получено 20 тыс., исходящих нет",3,False,1,0,20000.0,0.0,1,0,0.0,779.7752563264454,0.03898876281632227,0,1.0,0.0,0.0,1,0.0,0,,"{""betweenness"": 0.055, ""degree"": 0.032, ""n_seed_upstream"": 0.058, ""role"": 0.121, ""seed_flow_kzt"": 0.124, ""temporal"": 0.032}"
100000005082652100,terminal,0.5,25,0.49351764940125714,"Вероятный конечный получатель: 1 плательщиков, получено 30 тыс., исходящих нет",3,False,1,0,30000.0,0.0,1,0,0.0,16216.216216216217,0.5405405405405406,0,1.0,0.0,0.0,1,0.0,0,,"{""betweenness"": 0.055, ""degree"": 0.032, ""n_seed_upstream"": 0.058, ""role"": 0.121, ""seed_flow_kzt"": 0.185, ""temporal"": 0.032}"
100000005041905100,peripheral,0.5,9,0.2835338623887134,"Периферийный узел: 1 входящих, 1 исходящих, оборот 1.09 млн; есть источники вне выборки",3,False,1,1,5000.0,1080351.0,1,5,216.0702,3.322538409502207,3.0754249401372397e-06,0,0.0,0.0,0.0,1,0.16666666666666666,1,near_threshold;cycles;external_funding,"{""betweenness"": 0.055, ""degree"": 0.07, ""n_seed_upstream"": 0.058, ""role"": 0.026, ""seed_flow_kzt"": 0.013, ""temporal"": 0.056}"
100000008653041100,terminal,0.5,9,0.33861250959979516,"Вероятный конечный получатель: 1 плательщиков, получено 28 тыс., исходящих нет",3,False,1,0,28000.0,0.0,1,0,0.0,18.60621509321236,0.0006645076819004414,0,1.0,0.0,0.0,1,0.0,0,,"{""betweenness"": 0.055, ""degree"": 0.032, ""n_seed_upstream"": 0.058, ""role"": 0.121, ""seed_flow_kzt"": 0.033, ""temporal"": 0.032}"
100000008722417100,peripheral,0.5,8,0.47002303950849045,"Периферийный узел: 1 входящих, 3 исходящих, оборот 1.05 млн; есть источники вне выборки",3,False,1,3,331900.0,720000.0,1,6,2.16932811087677,396.7406615739658,0.000551028696630508,0,0.0,5.7660733753642434e-05,1.0,1,0.0,0,fast_pass;external_funding,"{""betweenness"": 0.136, ""degree"": 0.087, ""n_seed_upstream"": 0.058, ""role"": 0.026, ""seed_flow_kzt"": 0.107, ""temporal"": 0.046}"
100000008625905100,peripheral,0.5,2,0.4634582017805842,"Периферийный узел: 1 входящих, 2 исходящих, оборот 833 тыс.; есть источники вне выборки",3,False,1,2,197800.0,635000.0,1,2,3.210313447927199,720.2404314002838,0.0011342368998429667,0,0.0,3.962937027741748e-05,0.0,1,0.0,0,external_funding,"{""betweenness"": 0.134, ""degree"": 0.081, ""n_seed_upstream"": 0.058, ""role"": 0.026, ""seed_flow_kzt"": 0.122, ""temporal"": 0.032}"
100000007487729100,terminal,0.5,5,0.41279403817163,"Вероятный конечный получатель: 1 плательщиков, получено 25 тыс., исходящих нет",3,False,1,0,25000.0,0.0,1,0,0.0,367.5758322816275,0.014703033291265101,0,1.0,0.0,0.0,1,0.0,0,,"{""betweenness"": 0.055, ""degree"": 0.032, ""n_seed_upstream"": 0.058, ""role"": 0.121, ""seed_flow_kzt"": 0.106, ""temporal"": 0.032}"
100000000838385100,peripheral,0.5,2,0.5693659868589469,"Периферийный узел: 1 входящих, 2 исходящих, оборот 614 тыс.",3,False,1,2,436900.0,177500.0,8,6,0.40627145799954223,34736.024828055946,0.07950566451832444,0,0.0,2.1796153652579615e-05,0.4744792858777752,1,0.0,1,cycles,"{""betweenness"": 0.129, ""degree"": 0.081, ""n_seed_upstream"": 0.058, ""role"": 0.026, ""seed_flow_kzt"": 0.207, ""temporal"": 0.057}"
100000004750321100,terminal,0.5,7,0.43532155758454927,"Вероятный конечный получатель: 2 плательщиков, получено 50 тыс., исходящих нет",3,False,2,0,50185.0,0.0,2,0,0.0,138.72038056380137,0.0027641801447404876,0,1.0,0.0,0.0,1,0.5,0,near_threshold,"{""betweenness"": 0.055, ""degree"": 0.07, ""n_seed_upstream"": 0.058, ""role"": 0.121, ""seed_flow_kzt"": 0.076, ""temporal"": 0.046}"
100000008664774100,terminal,0.5,9,0.3284296157237534,"Вероятный конечный получатель: 1 плательщиков, получено 16 тыс., исходящих нет",3,False,1,0,16300.0,0.0,1,0,0.0,10.831475214977196,0.0006645076819004414,0,1.0,0.0,0.0,1,0.0,0,,"{""betweenness"": 0.055, ""degree"": 0.032, ""n_seed_upstream"": 0.058, ""role"": 0.121, ""seed_flow_kzt"": 0.023, ""temporal"": 0.032}"
100000006274203100,peripheral,0.5,19,0.5390107233267912,"Периферийный узел: 2 входящих, 3 исходящих, оборот 3.49 млн",3,False,2,3,3417512.0,72000.0,41,3,0.02106795821053445,7154.786292477092,0.0020935658141001674,0,0.0,3.962937027741748e-05,0.0,1,0.022727272727272728,1,near_threshold;cycles,"{""betweenness"": 0.134, ""degree"": 0.09, ""n_seed_upstream"": 0.058, ""role"": 0.026, ""seed_flow_kzt"": 0.165, ""temporal"": 0.055}"
100000002185328100,peripheral,0.5,16,0.4876354637767727,"Периферийный узел: 1 входящих, 4 исходящих, оборот 70 тыс.; есть источники вне выборки",3,False,1,4,15000.0,55000.0,1,4,3.6666666666666665,1241.1728312119217,0.022566778749307667,0,0.0,6.162367078138419e-05,0.0,1,0.0,0,external_funding,"{""betweenness"": 0.138, ""degree"": 0.09, ""n_seed_upstream"": 0.058, ""role"": 0.026, ""seed_flow_kzt"": 0.133, ""temporal"": 0.032}"
100000008254576100,peripheral,0.5,18,0.35779503370594756,"Периферийный узел: 1 входящих, 1 исходящих, оборот 68 тыс.; есть источники вне выборки",3,False,1,1,8000.0,60000.0,1,1,7.5,25.649784113137883,0.0004274964018856314,0,0.0,1.9616538287321655e-05,0.0,1,0.0,0,external_funding,"{""betweenness"": 0.126, ""degree"": 0.07, ""n_seed_upstream"": 0.058, ""role"": 0.026, ""seed_flow_kzt"": 0.038, ""temporal"": 0.032}"
100000001689968100,terminal,0.5,8,0.4765082344909974,"Вероятный конечный получатель: 3 плательщиков, получено 344 тыс., исходящих нет",3,False,3,0,344333.75,0.0,3,0,0.0,635.3037921223362,0.0018450233011499343,0,1.0,0.0,0.0,1,0.0,0,,"{""betweenness"": 0.055, ""degree"": 0.081, ""n_seed_upstream"": 0.058, ""role"": 0.121, ""seed_flow_kzt"": 0.119, ""temporal"": 0.032}"
100000002236528100,terminal,0.5,3,0.3891287652530079,"Вероятный конечный получатель: 1 плательщиков, получено 66 тыс., исходящих нет",3,False,1,0,66000.0,0.0,1,0,0.0,172.0435659717049,0.0026067206965409836,0,1.0,0.0,0.0,1,0.0,0,,"{""betweenness"": 0.055, ""degree"": 0.032, ""n_seed_upstream"": 0.058, ""role"": 0.121, ""seed_flow_kzt"": 0.083, ""temporal"": 0.032}"
100000002670960100,terminal,0.5,15,0.385374178684188,"Вероятный конечный получатель: 1 плательщиков, получено 480 тыс., исходящих нет",3,False,1,0,480310.0,0.0,1,0,0.0,154.0567100914863,0.0003207443319761952,0,1.0,0.0,0.0,1,0.0,0,,"{""betweenness"": 0.055, ""degree"": 0.032, ""n_seed_upstream"": 0.058, ""role"": 0.121, ""seed_flow_kzt"": 0.079, ""temporal"": 0.032}"
100000003557488100,peripheral,0.5,30,0.5066416360895412,"Периферийный узел: 1 входящих, 2 исходящих, оборот 803 тыс.",3,False,1,2,664992.0,138000.0,3,4,0.20752129348924497,3057.2370709176366,0.004597404285942743,0,0.0,1.981468513870874e-05,0.015037774890525,1,0.0,1,cycles,"{""betweenness"": 0.127, ""degree"": 0.081, ""n_seed_upstream"": 0.058, ""role"": 0.026, ""seed_flow_kzt"": 0.149, ""temporal"": 0.055}"
100000003888197100,terminal,0.5,8,0.37160736126518185,"Вероятный конечный получатель: 1 плательщиков, получено 83 тыс., исходящих нет",3,False,1,0,83167.0,0.0,1,0,0.0,99.41467490545952,0.0011953620415003489,0,1.0,0.0,0.0,1,0.0,0,,"{""betweenness"": 0.055, ""degree"": 0.032, ""n_seed_upstream"": 0.058, ""role"": 0.121, ""seed_flow_kzt"": 0.065, ""temporal"": 0.032}"
100000002799941100,terminal,0.5,19,0.4630827431237022,"Вероятный конечный получатель: 1 плательщиков, получено 600 тыс., исходящих нет",3,False,1,0,600000.0,0.0,1,0,0.0,4450.90571823905,0.007418176197065083,0,1.0,0.0,0.0,1,0.0,0,,"{""betweenness"": 0.055, ""degree"": 0.032, ""n_seed_upstream"": 0.058, ""role"": 0.121, ""seed_flow_kzt"": 0.155, ""temporal"": 0.032}"
100000001632325100,terminal,0.5,9,0.36011605085758164,"Вероятный конечный получатель: 1 плательщиков, получено 86 тыс., исходящих нет",3,False,1,0,85600.0,0.0,3,0,0.0,56.88185757067779,0.0006645076819004414,0,1.0,0.0,0.0,1,0.0,0,,"{""betweenness"": 0.055, ""degree"": 0.032, ""n_seed_upstream"": 0.058, ""role"": 0.121, ""seed_flow_kzt"": 0.054, ""temporal"": 0.032}"
100000008620570100,peripheral,0.5,5,0.48266348095685063,"Периферийный узел: 2 входящих, 2 исходящих, оборот 177 тыс.",3,False,2,2,145000.0,31800.0,2,2,0.2193103448275862,1571.7988527106681,0.01083999208765978,0,0.0,2.99201745594502e-05,0.0,1,0.0,0,,"{""betweenness"": 0.131, ""degree"": 0.087, ""n_seed_upstream"": 0.058, ""role"": 0.026, ""seed_flow_kzt"": 0.138, ""temporal"": 0.032}"
100000005308954100,peripheral,0.5,2,0.4662456978695565,"Периферийный узел: 1 входящих, 1 исходящих, оборот 99 тыс.",3,False,1,1,69020.0,30000.0,1,1,0.43465662126919735,2256.15147831744,0.0326883726212321,0,0.0,1.981468513870874e-05,0.0,1,0.0,0,,"{""betweenness"": 0.127, ""degree"": 0.07, ""n_seed_upstream"": 0.058, ""role"": 0.026, ""seed_flow_kzt"": 0.143, ""temporal"": 0.032}"
100000008468762100,terminal,0.5,6,0.3869215234519441,"Вероятный конечный получатель: 2 плательщиков, получено 170 тыс., исходящих нет",3,False,2,0,170000.0,0.0,2,0,0.0,32.74481367667027,0.00019261655103923686,0,1.0,0.0,0.0,2,0.0,0,,"{""betweenness"": 0.055, ""degree"": 0.07, ""n_seed_upstream"": 0.058, ""role"": 0.121, ""seed_flow_kzt"": 0.042, ""temporal"": 0.032}"
100000002305007100,terminal,0.5,9,0.35135534886366865,"Вероятный конечный получатель: 1 плательщиков, получено 56 тыс., исходящих нет",3,False,1,0,56000.0,0.0,1,0,0.0,37.21243018642472,0.0006645076819004414,0,1.0,0.0,0.0,1,0.0,0,,"{""betweenness"": 0.055, ""degree"": 0.032, ""n_seed_upstream"": 0.058, ""role"": 0.121, ""seed_flow_kzt"": 0.046, ""temporal"": 0.032}"
100000008314863100,terminal,0.5,5,0.4718434451176152,"Вероятный конечный получатель: 1 плательщиков, получено 12 тыс., исходящих нет",3,False,1,0,12000.0,0.0,1,0,0.0,6885.245901639344,0.5737704918032787,0,1.0,0.0,0.0,1,0.0,0,,"{""betweenness"": 0.055, ""degree"": 0.032, ""n_seed_upstream"": 0.058, ""role"": 0.121, ""seed_flow_kzt"": 0.163, ""temporal"": 0.032}"
100000005709551100,terminal,0.5,3,0.40255425662030314,"Вероятный конечный получатель: 1 плательщиков, получено 25 тыс., исходящих нет",3,False,1,0,24560.0,0.0,1,0,0.0,265.3921514301745,0.01080586935790613,0,1.0,0.0,0.0,1,0.0,0,,"{""betweenness"": 0.055, ""degree"": 0.032, ""n_seed_upstream"": 0.058, ""role"": 0.121, ""seed_flow_kzt"": 0.096, ""temporal"": 0.032}"
100000008297199100,terminal,0.5,1,0.42098586341269156,"Вероятный конечный получатель: 1 плательщиков, получено 42 тыс., исходящих нет",3,False,1,0,42268.0,0.0,1,0,0.0,512.7285174802014,0.012130418223720105,0,1.0,0.0,0.0,1,0.0,0,,"{""betweenness"": 0.055, ""degree"": 0.032, ""n_seed_upstream"": 0.058, ""role"": 0.121, ""seed_flow_kzt"": 0.114, ""temporal"": 0.032}"
100000003271151100,terminal,0.5,1,0.4327047245214323,"Вероятный конечный получатель: 1 плательщиков, получено 127 тыс., исходящих нет",3,False,1,0,127294.0,0.0,1,0,0.0,846.6965133411467,0.006651503710631661,0,1.0,0.0,0.0,1,0.0,0,,"{""betweenness"": 0.055, ""degree"": 0.032, ""n_seed_upstream"": 0.058, ""role"": 0.121, ""seed_flow_kzt"": 0.125, ""temporal"": 0.032}"
100000007005380100,terminal,0.5,3,0.36000227550701136,"Вероятный конечный получатель: 1 плательщиков, получено 9 тыс., исходящих нет",3,False,1,0,9400.0,0.0,1,0,0.0,56.87002032563667,0.006050002162301774,0,1.0,0.0,0.0,1,0.0,0,,"{""betweenness"": 0.055, ""degree"": 0.032, ""n_seed_upstream"": 0.058, ""role"": 0.121, ""seed_flow_kzt"": 0.054, ""temporal"": 0.032}"
100000004451012100,peripheral,0.5,19,0.4702164576044599,"Периферийный узел: 1 входящих, 3 исходящих, оборот 157 тыс.",3,False,1,3,91245.0,65740.0,1,3,0.7204778344018851,676.8714871012035,0.007418176197065082,0,0.0,5.7660733753642434e-05,0.0,1,0.0,0,,"{""betweenness"": 0.136, ""degree"": 0.087, ""n_seed_upstream"": 0.058, ""role"": 0.026, ""seed_flow_kzt"": 0.121, ""temporal"": 0.032}"
100000004779204100,peripheral,0.5,13,0.354154222487698,"Периферийный узел: 1 входящих, 1 исходящих, оборот 50 тыс.",3,False,1,1,30450.0,20000.0,1,2,0.6568144499178982,25.774176593684164,0.0008464425810733716,0,0.0,1.922024458454748e-05,0.0,1,0.0,0,,"{""betweenness"": 0.122, ""degree"": 0.07, ""n_seed_upstream"": 0.058, ""role"": 0.026, ""seed_flow_kzt"": 0.039, ""temporal"": 0.032}"
100000002793881100,terminal,0.5,6,0.5272292857752368,"Вероятный конечный получатель: 3 плательщиков, получено 786 тыс., исходящих нет",3,False,3,0,785600.0,0.0,3,0,0.0,2194.2685117729693,0.0027931116494055107,0,1.0,0.0,0.0,3,0.0,0,sync_in,"{""betweenness"": 0.055, ""degree"": 0.081, ""n_seed_upstream"": 0.058, ""role"": 0.121, ""seed_flow_kzt"": 0.143, ""temporal"": 0.057}"
100000008671129100,terminal,0.5,9,0.33764541911994767,"Вероятный конечный получатель: 1 плательщиков, получено 26 тыс., исходящих нет",3,False,1,0,26200.0,0.0,1,0,0.0,17.410101265791567,0.0006645076819004415,0,1.0,0.0,0.0,1,0.0,0,,"{""betweenness"": 0.055, ""degree"": 0.032, ""n_seed_upstream"": 0.058, ""role"": 0.121, ""seed_flow_kzt"": 0.032, ""temporal"": 0.032}"
100000002095257100,terminal,0.5,10,0.3940211053275307,"Вероятный конечный получатель: 1 плательщиков, получено 8 тыс., исходящих нет",3,False,1,0,8500.0,0.0,1,0,0.0,200.09269401210105,0.023540316942531968,0,1.0,0.0,0.0,1,0.0,0,,"{""betweenness"": 0.055, ""degree"": 0.032, ""n_seed_upstream"": 0.058, ""role"": 0.121, ""seed_flow_kzt"": 0.087, ""temporal"": 0.032}"
100000002194329100,terminal,0.5,13,0.34088801661120116,"Вероятный конечный получатель: 1 плательщиков, получено 25 тыс., исходящих нет",3,False,1,0,25170.0,0.0,1,0,0.0,21.30495976561676,0.0008464425810733715,0,1.0,0.0,0.0,1,0.0,0,,"{""betweenness"": 0.055, ""degree"": 0.032, ""n_seed_upstream"": 0.058, ""role"": 0.121, ""seed_flow_kzt"": 0.035, ""temporal"": 0.032}"
100000001884825100,terminal,0.5,6,0.4644480473305458,"Вероятный конечный получатель: 3 плательщиков, получено 495 тыс., исходящих нет",3,False,3,0,495000.0,0.0,3,0,0.0,394.39609210538526,0.0007967597820310814,0,1.0,0.0,0.0,2,0.0,0,,"{""betweenness"": 0.055, ""degree"": 0.081, ""n_seed_upstream"": 0.058, ""role"": 0.121, ""seed_flow_kzt"": 0.107, ""temporal"": 0.032}"
100000008692291100,transit,0.5012877275749099,6,0.6246209858634126,"Признаки транзита: получено 160 тыс., отдано 98%, 3→3 контрагента",3,False,3,3,160000.0,156000.0,3,3,0.975,320.06856379314786,0.0020004285237071743,0,0.0,6.419957984941633e-05,0.0,2,0.0,0,,"{""betweenness"": 0.138, ""degree"": 0.092, ""n_seed_upstream"": 0.058, ""role"": 0.189, ""seed_flow_kzt"": 0.101, ""temporal"": 0.032}"
100000002697752100,terminal,0.5,1,0.4864749552009556,"Вероятный конечный получатель: 2 плательщиков, получено 191 тыс., исходящих нет",3,False,2,0,190785.0,0.0,2,0,0.0,1764.6571368594073,0.00924945429074302,0,1.0,0.0,0.0,1,0.0,0,,"{""betweenness"": 0.055, ""degree"": 0.07, ""n_seed_upstream"": 0.058, ""role"": 0.121, ""seed_flow_kzt"": 0.14, ""temporal"": 0.032}"
100000007170072100,transit,0.5014348964406139,14,0.5990329095201524,"Признаки транзита: получено 100 тыс., отдано 100%, 1→2 контрагента",3,False,1,2,100000.0,99500.0,1,9,0.995,167.12267427537674,0.0016712267427537674,0,0.0,3.844048916909496e-05,0.0,1,0.2,0,near_threshold,"{""betweenness"": 0.132, ""degree"": 0.081, ""n_seed_upstream"": 0.058, ""role"": 0.189, ""seed_flow_kzt"": 0.081, ""temporal"": 0.044}"
100000002373144100,peripheral,0.5,1,0.4071735358534573,"Периферийный узел: 1 входящих, 1 исходящих, оборот 57 тыс.",3,False,1,1,46468.0,10764.0,1,1,0.2316432813979513,225.36796917285955,0.004849960600259524,0,0.0,1.922024458454748e-05,0.0,1,0.0,0,,"{""betweenness"": 0.122, ""degree"": 0.07, ""n_seed_upstream"": 0.058, ""role"": 0.026, ""seed_flow_kzt"": 0.091, ""temporal"": 0.032}"
100000000287768100,terminal,0.5,1,0.38855988850015644,"Вероятный конечный получатель: 1 плательщиков, получено 35 тыс., исходящих нет",3,False,1,0,35168.0,0.0,1,0,0.0,170.56341438992695,0.004849960600259524,0,1.0,0.0,0.0,1,0.0,0,,"{""betweenness"": 0.055, ""degree"": 0.032, ""n_seed_upstream"": 0.058, ""role"": 0.121, ""seed_flow_kzt"": 0.082, ""temporal"": 0.032}"
100000004508696100,peripheral,0.5,34,0.5227067155900673,"Периферийный узел: 1 входящих, 3 исходящих, оборот 118 тыс.; есть источники вне выборки",3,False,1,3,7000.0,111000.0,1,4,15.857142857142858,1524.8810707456978,0.013737667304015296,0,0.0,3.923307657464331e-05,1.0,1,0.2,1,fast_pass;near_threshold;cycles;external_funding,"{""betweenness"": 0.134, ""degree"": 0.087, ""n_seed_upstream"": 0.058, ""role"": 0.026, ""seed_flow_kzt"": 0.137, ""temporal"": 0.07}"
100000008688109100,terminal,0.5,9,0.32507324288192957,"Вероятный конечный получатель: 1 плательщиков, получено 13 тыс., исходящих нет",3,False,1,0,12800.0,0.0,1,0,0.0,8.50569832832565,0.0006645076819004414,0,1.0,0.0,0.0,1,0.0,0,,"{""betweenness"": 0.055, ""degree"": 0.032, ""n_seed_upstream"": 0.058, ""role"": 0.121, ""seed_flow_kzt"": 0.02, ""temporal"": 0.032}"
100000008724461100,peripheral,0.5,6,0.3977188042210655,"Периферийный узел: 1 входящих, 1 исходящих, оборот 230 тыс.; есть источники вне выборки",3,False,1,1,100111.0,130000.0,1,1,1.298558599954051,126.21411090783131,0.000970877776214087,0,0.0,2.2390594206740877e-05,0.0,1,0.0,0,external_funding,"{""betweenness"": 0.13, ""degree"": 0.07, ""n_seed_upstream"": 0.058, ""role"": 0.026, ""seed_flow_kzt"": 0.074, ""temporal"": 0.032}"
100000001714413100,terminal,0.5,8,0.4060812924879824,"Вероятный конечный получатель: 1 плательщиков, получено 250 тыс., исходящих нет",3,False,1,0,250172.0,0.0,1,0,0.0,299.0461126462253,0.001195362041500349,0,1.0,0.0,0.0,1,0.0,0,,"{""betweenness"": 0.055, ""degree"": 0.032, ""n_seed_upstream"": 0.058, ""role"": 0.121, ""seed_flow_kzt"": 0.099, ""temporal"": 0.032}"
100000008672493100,terminal,0.5,9,0.3260403333617771,"Вероятный конечный получатель: 1 плательщиков, получено 14 тыс., исходящих нет",3,False,1,0,14000.0,0.0,1,0,0.0,9.30310754660618,0.0006645076819004414,0,1.0,0.0,0.0,1,0.0,0,,"{""betweenness"": 0.055, ""degree"": 0.032, ""n_seed_upstream"": 0.058, ""role"": 0.121, ""seed_flow_kzt"": 0.021, ""temporal"": 0.032}"
100000003241965100,terminal,0.5,7,0.3771823534431265,"Вероятный конечный получатель: 1 плательщиков, получено 15 тыс., исходящих нет",3,False,1,0,15000.0,0.0,1,0,0.0,115.74184965942214,0.007716123310628143,0,1.0,0.0,0.0,1,0.0,0,,"{""betweenness"": 0.055, ""degree"": 0.032, ""n_seed_upstream"": 0.058, ""role"": 0.121, ""seed_flow_kzt"": 0.071, ""temporal"": 0.032}"
100000002241986100,peripheral,0.5,8,0.46341269164035603,"Периферийный узел: 1 входящих, 6 исходящих, оборот 3.36 млн; есть источники вне выборки",3,False,1,6,280000.0,3077000.0,1,12,10.989285714285714,334.7013716200977,0.00010877522639587186,0,0.0,0.00011532146750728487,0.0,1,0.0,0,external_funding,"{""betweenness"": 0.141, ""degree"": 0.094, ""n_seed_upstream"": 0.058, ""role"": 0.026, ""seed_flow_kzt"": 0.103, ""temporal"": 0.032}"
100000004140994100,terminal,0.5,9,0.33178598856557723,"Вероятный конечный получатель: 1 плательщиков, получено 19 тыс., исходящих нет",3,False,1,0,18650.0,0.0,1,0,0.0,12.393068267443233,0.0006645076819004414,0,1.0,0.0,0.0,1,0.0,0,,"{""betweenness"": 0.055, ""degree"": 0.032, ""n_seed_upstream"": 0.058, ""role"": 0.121, ""seed_flow_kzt"": 0.026, ""temporal"": 0.032}"
100000008489922100,distributor,1.0,6,0.7275876781295332,"Веерная рассылка: 36 получателей, отдано 3.79 млн",3,False,3,36,262010.0,3789900.0,5,41,14.464715087210411,2510.314050451907,0.0006623694689706607,0,0.0,0.000859164747614411,0.4694477310026335,2,0.08695652173913043,2,near_threshold;cycles;external_funding;bridge,"{""betweenness"": 0.147, ""degree"": 0.099, ""n_seed_upstream"": 0.058, ""role"": 0.192, ""seed_flow_kzt"": 0.146, ""temporal"": 0.069}"
100000001252290100,peripheral,0.5,8,0.41177006001649735,"Периферийный узел: 1 входящих, 1 исходящих, оборот 146 тыс.",3,False,1,1,141005.0,5000.0,1,1,0.03545973547037339,168.5520246617567,0.0011953620415003489,0,0.0,1.922024458454748e-05,0.0,1,0.5,0,near_threshold,"{""betweenness"": 0.122, ""degree"": 0.07, ""n_seed_upstream"": 0.058, ""role"": 0.026, ""seed_flow_kzt"": 0.082, ""temporal"": 0.046}"
100000008667799100,terminal,0.5,9,0.341968882441619,"Вероятный конечный получатель: 1 плательщиков, получено 34 тыс., исходящих нет",3,False,1,0,34000.0,0.0,1,0,0.0,22.59326118461501,0.0006645076819004414,0,1.0,0.0,0.0,1,0.0,0,,"{""betweenness"": 0.055, ""degree"": 0.032, ""n_seed_upstream"": 0.058, ""role"": 0.121, ""seed_flow_kzt"": 0.036, ""temporal"": 0.032}"
100000008684951100,terminal,0.5,9,0.3295673692294564,"Вероятный конечный получатель: 1 плательщиков, получено 17 тыс., исходящих нет",3,False,1,0,17200.0,0.0,1,0,0.0,11.429532128687592,0.0006645076819004414,0,1.0,0.0,0.0,1,0.0,0,,"{""betweenness"": 0.055, ""degree"": 0.032, ""n_seed_upstream"": 0.058, ""role"": 0.121, ""seed_flow_kzt"": 0.024, ""temporal"": 0.032}"
100000006126743100,terminal,0.5,8,0.36318798532297975,"Вероятный конечный получатель: 1 плательщиков, получено 55 тыс., исходящих нет",3,False,1,0,55000.0,0.0,1,0,0.0,65.7449122825192,0.0011953620415003489,0,1.0,0.0,0.0,1,0.0,0,,"{""betweenness"": 0.055, ""degree"": 0.032, ""n_seed_upstream"": 0.058, ""role"": 0.121, ""seed_flow_kzt"": 0.057, ""temporal"": 0.032}"
100000003009900100,terminal,0.5,7,0.37900275905225134,"Вероятный конечный получатель: 1 плательщиков, получено 16 тыс., исходящих нет",3,False,1,0,15998.0,0.0,1,0,0.0,123.44254072342903,0.007716123310628143,0,1.0,0.0,0.0,1,0.0,0,,"{""betweenness"": 0.055, ""degree"": 0.032, ""n_seed_upstream"": 0.058, ""role"": 0.121, ""seed_flow_kzt"": 0.073, ""temporal"": 0.032}"
100000001745217100,terminal,0.5,1,0.39993742355718626,"Вероятный конечный получатель: 1 плательщиков, получено 50 тыс., исходящих нет",3,False,1,0,50000.0,0.0,1,0,0.0,242.4980300129762,0.004849960600259524,0,1.0,0.0,0.0,1,0.0,0,,"{""betweenness"": 0.055, ""degree"": 0.032, ""n_seed_upstream"": 0.058, ""role"": 0.121, ""seed_flow_kzt"": 0.093, ""temporal"": 0.032}"
100000002886166100,terminal,0.5,23,0.417345052194442,"Вероятный конечный получатель: 1 плательщиков, получено 185 тыс., исходящих нет",3,False,1,0,185000.0,0.0,3,0,0.0,436.0550405543402,0.002357054273266704,0,1.0,0.0,0.0,1,0.0,0,,"{""betweenness"": 0.055, ""degree"": 0.032, ""n_seed_upstream"": 0.058, ""role"": 0.121, ""seed_flow_kzt"": 0.11, ""temporal"": 0.032}"
100000002956779100,terminal,0.5,16,0.46069346076172596,"Вероятный конечный получатель: 1 плательщиков, получено 411 тыс., исходящих нет",3,False,1,0,411000.0,0.0,1,0,0.0,3643.4152245207533,0.008864757237276772,0,1.0,0.0,0.0,1,0.0,0,,"{""betweenness"": 0.055, ""degree"": 0.032, ""n_seed_upstream"": 0.058, ""role"": 0.121, ""seed_flow_kzt"": 0.152, ""temporal"": 0.032}"
100000008568512100,terminal,0.5,8,0.39936854680433476,"Вероятный конечный получатель: 1 плательщиков, получено 200 тыс., исходящих нет",3,False,1,0,199640.0,0.0,1,0,0.0,238.64207796512966,0.0011953620415003489,0,1.0,0.0,0.0,1,0.0,0,,"{""betweenness"": 0.055, ""degree"": 0.032, ""n_seed_upstream"": 0.058, ""role"": 0.121, ""seed_flow_kzt"": 0.093, ""temporal"": 0.032}"
100000008583360100,peripheral,0.5,7,0.4432972096595272,"Периферийный узел: 1 входящих, 1 исходящих, оборот 283 тыс.; есть источники вне выборки",3,False,1,1,112843.0,170000.0,1,1,1.5065179054083992,870.7105027412116,0.00512182648671301,0,0.0,1.922024458454748e-05,0.0,1,0.0,0,external_funding,"{""betweenness"": 0.122, ""degree"": 0.07, ""n_seed_upstream"": 0.058, ""role"": 0.026, ""seed_flow_kzt"": 0.126, ""temporal"": 0.032}"
100000001130176100,terminal,0.5,13,0.46244560116050853,"Вероятный конечный получатель: 1 плательщиков, получено 25 тыс., исходящих нет",3,False,1,0,25000.0,0.0,2,0,0.0,1948.7271713952202,0.07794908685580881,0,1.0,0.0,0.0,1,0.5,0,near_threshold,"{""betweenness"": 0.055, ""degree"": 0.032, ""n_seed_upstream"": 0.058, ""role"": 0.121, ""seed_flow_kzt"": 0.141, ""temporal"": 0.046}"
100000001145749100,terminal,0.5,5,0.46751998179594384,"Вероятный конечный получатель: 1 плательщиков, получено 10 тыс., исходящих нет",3,False,1,0,10000.0,0.0,1,0,0.0,5737.704918032787,0.5737704918032787,0,1.0,0.0,0.0,1,0.0,0,,"{""betweenness"": 0.055, ""degree"": 0.032, ""n_seed_upstream"": 0.058, ""role"": 0.121, ""seed_flow_kzt"": 0.159, ""temporal"": 0.032}"
100000005367445100,transit,0.6014716886570399,11,0.5572090906505105,"Признаки транзита: получено 5 тыс., отдано 100%, медиана задержки 1 дн., 1→1 контрагента",3,False,1,1,5000.0,5000.0,1,1,1.0,312.41836204714764,0.06248367240942953,0,0.0,0.0,1.0,1,1.0,1,fast_pass;near_threshold;cycles,"{""betweenness"": 0.055, ""degree"": 0.07, ""n_seed_upstream"": 0.058, ""role"": 0.189, ""seed_flow_kzt"": 0.101, ""temporal"": 0.072}"
100000003917461100,peripheral,0.5,11,0.5198281992206388,"Периферийный узел: 1 входящих, 2 исходящих, оборот 150 тыс.; есть источники вне выборки",3,False,1,2,10000.0,140000.0,1,5,14.0,5554.395797742266,0.03967425569815904,0,0.0,2.0210978841482916e-05,1.0,1,0.0,1,fast_pass;cycles;external_funding,"{""betweenness"": 0.128, ""degree"": 0.081, ""n_seed_upstream"": 0.058, ""role"": 0.026, ""seed_flow_kzt"": 0.158, ""temporal"": 0.058}"
100000008200810100,terminal,0.5,15,0.3850328526324771,"Вероятный конечный получатель: 1 плательщиков, получено 475 тыс., исходящих нет",3,False,1,0,475000.0,0.0,1,0,0.0,152.35355768869272,0.0003207443319761952,0,1.0,0.0,0.0,1,0.0,0,,"{""betweenness"": 0.055, ""degree"": 0.032, ""n_seed_upstream"": 0.058, ""role"": 0.121, ""seed_flow_kzt"": 0.079, ""temporal"": 0.032}"
100000002554175100,terminal,0.5,7,0.3917455983161247,"Вероятный конечный получатель: 1 плательщиков, получено 25 тыс., исходящих нет",3,False,1,0,24621.0,0.0,1,0,0.0,189.9786720309755,0.007716123310628143,0,1.0,0.0,0.0,1,0.0,0,,"{""betweenness"": 0.055, ""degree"": 0.032, ""n_seed_upstream"": 0.058, ""role"": 0.121, ""seed_flow_kzt"": 0.085, ""temporal"": 0.032}"
100000008751380100,terminal,0.5,6,0.46303723298347405,"Вероятный конечный получатель: 2 плательщиков, получено 346 тыс., исходящих нет",3,False,2,0,345780.0,0.0,2,0,0.0,568.4946763241968,0.0016440935748863346,0,1.0,0.0,0.0,1,0.0,0,,"{""betweenness"": 0.055, ""degree"": 0.07, ""n_seed_upstream"": 0.058, ""role"": 0.121, ""seed_flow_kzt"": 0.117, ""temporal"": 0.032}"
100000004071444100,peripheral,0.5,1,0.44995306766788973,"Периферийный узел: 1 входящих, 1 исходящих, оборот 347 тыс.",3,False,1,1,247350.0,100000.0,1,1,0.40428542551041036,1199.6377544741933,0.004849960600259525,0,0.0,1.922024458454748e-05,0.0,1,0.0,0,,"{""betweenness"": 0.122, ""degree"": 0.07, ""n_seed_upstream"": 0.058, ""role"": 0.026, ""seed_flow_kzt"": 0.132, ""temporal"": 0.032}"
100000001141268100,peripheral,0.5,6,0.48349404101601384,"Периферийный узел: 2 входящих, 1 исходящих, оборот 490 тыс.",3,False,2,1,480000.0,10000.0,2,1,0.020833333333333332,2570.003881729322,0.005354174753602755,0,0.0,2.2390594206740877e-05,0.0,2,0.0,0,,"{""betweenness"": 0.13, ""degree"": 0.081, ""n_seed_upstream"": 0.058, ""role"": 0.026, ""seed_flow_kzt"": 0.146, ""temporal"": 0.032}"
100000002645993100,coordinator,0.5,3,0.6165941348806779,Кандидат в координирующий узел: 2 плательщиков → 5 получателей; сигналы S3,3,False,2,5,49650.0,86980.0,4,9,1.7518630412890233,41.135479261113275,0.00047293032031631724,0,0.0,4.597006952180428e-05,1.0,2,0.15384615384615385,2,fast_pass;near_threshold;cycles;external_funding;peripheral;S3,"{""betweenness"": 0.136, ""degree"": 0.094, ""n_seed_upstream"": 0.058, ""role"": 0.198, ""seed_flow_kzt"": 0.048, ""temporal"": 0.07}"
100000002546921100,terminal,0.5,12,0.3414568933640526,"Вероятный конечный получатель: 1 плательщиков, получено 20 тыс., исходящих нет",3,False,1,0,20000.0,0.0,1,0,0.0,22.113455623719002,0.0011056727811859502,0,1.0,0.0,0.0,1,0.0,0,,"{""betweenness"": 0.055, ""degree"": 0.032, ""n_seed_upstream"": 0.058, ""role"": 0.121, ""seed_flow_kzt"": 0.036, ""temporal"": 0.032}"
100000008753897100,terminal,0.5,9,0.3350854737321159,"Вероятный конечный получатель: 1 плательщиков, получено 24 тыс., исходящих нет",3,False,1,0,24050.0,0.0,1,0,0.0,15.981409749705616,0.0006645076819004414,0,1.0,0.0,0.0,1,0.0,0,,"{""betweenness"": 0.055, ""degree"": 0.032, ""n_seed_upstream"": 0.058, ""role"": 0.121, ""seed_flow_kzt"": 0.03, ""temporal"": 0.032}"
100000000870121100,terminal,0.5,20,0.37081093381118974,"Вероятный конечный получатель: 1 плательщиков, получено 12 тыс., исходящих нет",3,False,1,0,12000.0,0.0,1,0,0.0,95.89539077964183,0.007991282564970153,0,1.0,0.0,0.0,1,0.0,0,,"{""betweenness"": 0.055, ""degree"": 0.032, ""n_seed_upstream"": 0.058, ""role"": 0.121, ""seed_flow_kzt"": 0.065, ""temporal"": 0.032}"
100000003171006100,terminal,0.5,6,0.4560969365986858,"Вероятный конечный получатель: 2 плательщиков, получено 485 тыс., исходящих нет",3,False,2,0,485000.0,0.0,2,0,0.0,428.95619148132363,0.0008844457556315951,0,1.0,0.0,0.0,2,0.0,0,,"{""betweenness"": 0.055, ""degree"": 0.07, ""n_seed_upstream"": 0.058, ""role"": 0.121, ""seed_flow_kzt"": 0.11, ""temporal"": 0.032}"
100000001690558100,terminal,0.5,19,0.46660977899138145,"Вероятный конечный получатель: 1 плательщиков, получено 740 тыс., исходящих нет",3,False,1,0,740000.0,0.0,1,0,0.0,5489.450385828161,0.007418176197065083,0,1.0,0.0,0.0,1,0.0,0,,"{""betweenness"": 0.055, ""degree"": 0.032, ""n_seed_upstream"": 0.058, ""role"": 0.121, ""seed_flow_kzt"": 0.158, ""temporal"": 0.032}"
100000008667795100,terminal,0.5,9,0.341968882441619,"Вероятный конечный получатель: 1 плательщиков, получено 34 тыс., исходящих нет",3,False,1,0,34000.0,0.0,1,0,0.0,22.59326118461501,0.0006645076819004414,0,1.0,0.0,0.0,1,0.0,0,,"{""betweenness"": 0.055, ""degree"": 0.032, ""n_seed_upstream"": 0.058, ""role"": 0.121, ""seed_flow_kzt"": 0.036, ""temporal"": 0.032}"
100000005674387100,terminal,0.5,9,0.33764541911994767,"Вероятный конечный получатель: 1 плательщиков, получено 26 тыс., исходящих нет",3,False,1,0,26200.0,0.0,1,0,0.0,17.410101265791567,0.0006645076819004415,0,1.0,0.0,0.0,1,0.0,0,,"{""betweenness"": 0.055, ""degree"": 0.032, ""n_seed_upstream"": 0.058, ""role"": 0.121, ""seed_flow_kzt"": 0.032, ""temporal"": 0.032}"
100000003636627100,peripheral,0.5,17,0.4659214381204312,"Периферийный узел: 1 входящих, 1 исходящих, оборот 87 тыс.",3,False,1,1,77000.0,10000.0,8,1,0.12987012987012986,19288.13310950132,0.25049523518832884,0,0.0,0.0,0.0,1,0.5555555555555556,1,near_threshold;cycles,"{""betweenness"": 0.055, ""degree"": 0.07, ""n_seed_upstream"": 0.058, ""role"": 0.026, ""seed_flow_kzt"": 0.189, ""temporal"": 0.058}"
100000001275752100,terminal,0.5,6,0.39185937366669504,"Вероятный конечный получатель: 1 плательщиков, получено 152 тыс., исходящих нет",3,False,1,0,151500.0,0.0,1,0,0.0,191.0023653997707,0.0012607416858070673,0,1.0,0.0,0.0,1,0.0,0,,"{""betweenness"": 0.055, ""degree"": 0.032, ""n_seed_upstream"": 0.058, ""role"": 0.121, ""seed_flow_kzt"": 0.085, ""temporal"": 0.032}"
100000002459240100,terminal,0.5,8,0.3902665187587108,"Вероятный конечный получатель: 1 плательщиков, получено 150 тыс., исходящих нет",3,False,1,0,150000.0,0.0,1,0,0.0,179.30430622505233,0.0011953620415003489,0,1.0,0.0,0.0,1,0.0,0,,"{""betweenness"": 0.055, ""degree"": 0.032, ""n_seed_upstream"": 0.058, ""role"": 0.121, ""seed_flow_kzt"": 0.084, ""temporal"": 0.032}"
100000002644285100,terminal,0.5,15,0.386511932189891,"Вероятный конечный получатель: 1 плательщиков, получено 500 тыс., исходящих нет",3,False,1,0,500000.0,0.0,1,0,0.0,160.3721659880976,0.0003207443319761952,0,1.0,0.0,0.0,1,0.0,0,,"{""betweenness"": 0.055, ""degree"": 0.032, ""n_seed_upstream"": 0.058, ""role"": 0.121, ""seed_flow_kzt"": 0.08, ""temporal"": 0.032}"
100000005186109100,terminal,0.5,2,0.396950820604716,"Вероятный конечный получатель: 1 плательщиков, получено 5 тыс., исходящих нет",3,False,1,0,5000.0,0.0,1,0,0.0,138.60156100014618,0.027720312200029237,0,1.0,0.0,0.0,1,1.0,0,near_threshold,"{""betweenness"": 0.055, ""degree"": 0.032, ""n_seed_upstream"": 0.058, ""role"": 0.121, ""seed_flow_kzt"": 0.076, ""temporal"": 0.047}"
100000005317181100,peripheral,0.5,1,0.4568933640526779,"Периферийный узел: 1 входящих, 1 исходящих, оборот 156 тыс.",3,False,1,1,141250.0,14500.0,1,1,0.10265486725663717,1713.4215741004646,0.012130418223720104,0,0.0,1.922024458454748e-05,0.0,1,0.0,0,,"{""betweenness"": 0.122, ""degree"": 0.07, ""n_seed_upstream"": 0.058, ""role"": 0.026, ""seed_flow_kzt"": 0.139, ""temporal"": 0.032}"
100000003001661100,peripheral,0.5,21,0.5146172881645191,"Периферийный узел: 1 входящих, 5 исходящих, оборот 550 тыс.; есть источники вне выборки",3,False,1,5,110000.0,439500.0,1,8,3.9954545454545456,1214.4882953527992,0.0027633408312919207,0,0.0,8.322167758257671e-05,0.0,1,0.1111111111111111,1,near_threshold;cycles;external_funding,"{""betweenness"": 0.139, ""degree"": 0.092, ""n_seed_upstream"": 0.058, ""role"": 0.026, ""seed_flow_kzt"": 0.133, ""temporal"": 0.056}"
100000000288317100,peripheral,0.5,5,0.48374434678726846,"Периферийный узел: 2 входящих, 3 исходящих, оборот 154 тыс.",3,False,2,3,100000.0,53500.0,2,3,0.535,1067.726850094838,0.01067726850094838,0,0.0,5.8255174307803695e-05,0.0,1,0.0,0,,"{""betweenness"": 0.137, ""degree"": 0.09, ""n_seed_upstream"": 0.058, ""role"": 0.026, ""seed_flow_kzt"": 0.13, ""temporal"": 0.032}"
100000004368189100,peripheral,0.5,15,0.39502232841254936,"Периферийный узел: 1 входящих, 2 исходящих, оборот 413 тыс.",3,False,1,2,384600.0,28200.0,1,2,0.07332293291731669,123.35827007804468,0.0003207443319761952,0,0.0,2.774055919419224e-06,0.0,1,0.0,0,,"{""betweenness"": 0.117, ""degree"": 0.081, ""n_seed_upstream"": 0.058, ""role"": 0.026, ""seed_flow_kzt"": 0.073, ""temporal"": 0.032}"
100000004493586100,terminal,0.5,1,0.32120488096253946,"Вероятный конечный получатель: 1 плательщиков, получено 8 тыс., исходящих нет",3,False,1,0,7500.0,0.0,1,0,0.0,5.871322095989777,0.0007828429461319703,0,1.0,0.0,0.0,1,0.0,0,,"{""betweenness"": 0.055, ""degree"": 0.032, ""n_seed_upstream"": 0.058, ""role"": 0.121, ""seed_flow_kzt"": 0.016, ""temporal"": 0.032}"
100000004114962100,terminal,0.5,8,0.43345564183519636,"Вероятный конечный получатель: 2 плательщиков, получено 165 тыс., исходящих нет",3,False,2,0,165000.0,0.0,2,0,0.0,203.31257272098992,0.0012321974104302419,0,1.0,0.0,0.0,1,0.0,0,,"{""betweenness"": 0.055, ""degree"": 0.07, ""n_seed_upstream"": 0.058, ""role"": 0.121, ""seed_flow_kzt"": 0.088, ""temporal"": 0.032}"
100000008088082100,peripheral,0.5,3,0.426458457775123,"Периферийный узел: 1 входящих, 1 исходящих, оборот 89 тыс.; есть источники вне выборки",3,False,1,1,39138.0,50000.0,1,1,1.2775307884920026,422.92011492973006,0.0084584022985946,0,0.0,1.922024458454748e-05,0.0,1,0.0,0,external_funding,"{""betweenness"": 0.122, ""degree"": 0.07, ""n_seed_upstream"": 0.058, ""role"": 0.026, ""seed_flow_kzt"": 0.109, ""temporal"": 0.032}"
100000008595687100,peripheral,0.5,2,0.47305515260118897,"Периферийный узел: 1 входящих, 1 исходящих, оборот 75 тыс.",3,False,1,1,64395.0,10400.0,1,1,0.161503222299868,671.784036007293,0.010432239086998881,0,0.0,0.00030098506725698577,0.0,1,0.0,1,cycles,"{""betweenness"": 0.145, ""degree"": 0.07, ""n_seed_upstream"": 0.058, ""role"": 0.026, ""seed_flow_kzt"": 0.12, ""temporal"": 0.044}"
100000001248999100,terminal,0.5,18,0.3603436015587223,"Вероятный конечный получатель: 1 плательщиков, получено 23 тыс., исходящих нет",3,False,1,0,23425.0,0.0,1,0,0.0,57.598020737845545,0.002458826925841859,0,1.0,0.0,0.0,1,0.0,0,,"{""betweenness"": 0.055, ""degree"": 0.032, ""n_seed_upstream"": 0.058, ""role"": 0.121, ""seed_flow_kzt"": 0.054, ""temporal"": 0.032}"
100000002736316100,terminal,0.5,1,0.4819694513183718,"Вероятный конечный получатель: 3 плательщиков, получено 267 тыс., исходящих нет",3,False,3,0,266921.0,0.0,3,0,0.0,783.8769769705891,0.0029367377500106365,0,1.0,0.0,0.0,2,0.0,0,,"{""betweenness"": 0.055, ""degree"": 0.081, ""n_seed_upstream"": 0.058, ""role"": 0.121, ""seed_flow_kzt"": 0.124, ""temporal"": 0.032}"
100000008596924100,terminal,0.5,17,0.4609210114628665,"Вероятный конечный получатель: 1 плательщиков, получено 100 тыс., исходящих нет",3,False,1,0,100000.0,0.0,1,0,0.0,3789.5747395369135,0.037895747395369134,0,1.0,0.0,0.0,1,0.0,0,,"{""betweenness"": 0.055, ""degree"": 0.032, ""n_seed_upstream"": 0.058, ""role"": 0.121, ""seed_flow_kzt"": 0.153, ""temporal"": 0.032}"
100000008598972100,terminal,0.5,14,0.40187160451688136,"Вероятный конечный получатель: 1 плательщиков, получено 120 тыс., исходящих нет",3,False,1,0,120000.0,0.0,1,0,0.0,258.80388991890743,0.002156699082657562,0,1.0,0.0,0.0,1,0.0,0,,"{""betweenness"": 0.055, ""degree"": 0.032, ""n_seed_upstream"": 0.058, ""role"": 0.121, ""seed_flow_kzt"": 0.095, ""temporal"": 0.032}"
100000002769809100,terminal,0.5,19,0.44260318002104837,"Вероятный конечный получатель: 1 плательщиков, получено 113 тыс., исходящих нет",3,False,1,0,113422.0,0.0,1,0,0.0,1351.881821428219,0.011919044113383813,0,1.0,0.0,0.0,1,0.0,0,,"{""betweenness"": 0.055, ""degree"": 0.032, ""n_seed_upstream"": 0.058, ""role"": 0.121, ""seed_flow_kzt"": 0.135, ""temporal"": 0.032}"
100000003089553100,terminal,0.5,6,0.36694257189179963,"Вероятный конечный получатель: 1 плательщиков, получено 150 тыс., исходящих нет",3,False,1,0,150000.0,0.0,1,0,0.0,78.28454292830997,0.0005218969528553998,0,1.0,0.0,0.0,1,0.0,0,,"{""betweenness"": 0.055, ""degree"": 0.032, ""n_seed_upstream"": 0.058, ""role"": 0.121, ""seed_flow_kzt"": 0.061, ""temporal"": 0.032}"
100000002343825100,peripheral,0.5,6,0.4644878687032454,"Периферийный узел: 3 входящих, 2 исходящих, оборот 440 тыс.",3,False,3,2,350000.0,89800.0,4,2,0.25657142857142856,319.3293792900977,0.0009123696551145648,0,0.0,4.279971989961088e-05,0.2857142857142857,2,0.0,0,,"{""betweenness"": 0.135, ""degree"": 0.09, ""n_seed_upstream"": 0.058, ""role"": 0.026, ""seed_flow_kzt"": 0.101, ""temporal"": 0.044}"
100000002015633100,terminal,0.5,8,0.37672725204084534,"Вероятный конечный получатель: 1 плательщиков, получено 95 тыс., исходящих нет",3,False,1,0,94970.0,0.0,1,0,0.0,113.52353308128814,0.0011953620415003489,0,1.0,0.0,0.0,1,0.0,0,,"{""betweenness"": 0.055, ""degree"": 0.032, ""n_seed_upstream"": 0.058, ""role"": 0.121, ""seed_flow_kzt"": 0.07, ""temporal"": 0.032}"
100000002906470100,terminal,0.5,19,0.4349802315328383,"Вероятный конечный получатель: 1 плательщиков, получено 130 тыс., исходящих нет",3,False,1,0,130000.0,0.0,1,0,0.0,964.3629056184607,0.007418176197065082,0,1.0,0.0,0.0,1,0.0,0,,"{""betweenness"": 0.055, ""degree"": 0.032, ""n_seed_upstream"": 0.058, ""role"": 0.121, ""seed_flow_kzt"": 0.127, ""temporal"": 0.032}"
100000005628518100,terminal,0.5,19,0.41990499758227373,"Вероятный конечный получатель: 1 плательщиков, получено 77 тыс., исходящих нет",3,False,1,0,77000.0,0.0,3,0,0.0,492.3356643356644,0.00639396966669694,0,1.0,0.0,0.0,1,0.0,0,,"{""betweenness"": 0.055, ""degree"": 0.032, ""n_seed_upstream"": 0.058, ""role"": 0.121, ""seed_flow_kzt"": 0.113, ""temporal"": 0.032}"
100000002958139100,terminal,0.5,6,0.3991409961031942,"Вероятный конечный получатель: 1 плательщиков, получено 210 тыс., исходящих нет",3,False,1,0,209500.0,0.0,2,0,0.0,235.5328464643123,0.0011242617969656912,0,1.0,0.0,0.0,1,0.0,0,,"{""betweenness"": 0.055, ""degree"": 0.032, ""n_seed_upstream"": 0.058, ""role"": 0.121, ""seed_flow_kzt"": 0.092, ""temporal"": 0.032}"
100000008754747100,terminal,0.5,9,0.3468043348408567,"Вероятный конечный получатель: 1 плательщиков, получено 46 тыс., исходящих нет",3,False,1,0,45500.0,0.0,1,0,0.0,30.235099526470087,0.0006645076819004414,0,1.0,0.0,0.0,1,0.0,0,,"{""betweenness"": 0.055, ""degree"": 0.032, ""n_seed_upstream"": 0.058, ""role"": 0.121, ""seed_flow_kzt"": 0.041, ""temporal"": 0.032}"
100000008776720100,terminal,0.5,9,0.33696276701652583,"Вероятный конечный получатель: 1 плательщиков, получено 26 тыс., исходящих нет",3,False,1,0,26150.0,0.0,1,0,0.0,17.376875881696545,0.0006645076819004415,0,1.0,0.0,0.0,1,0.0,0,,"{""betweenness"": 0.055, ""degree"": 0.032, ""n_seed_upstream"": 0.058, ""role"": 0.121, ""seed_flow_kzt"": 0.032, ""temporal"": 0.032}"
100000008576528100,terminal,0.5,8,0.3489660665016924,"Вероятный конечный получатель: 1 плательщиков, получено 28 тыс., исходящих нет",3,False,1,0,28000.0,0.0,1,0,0.0,33.47013716200977,0.0011953620415003489,0,1.0,0.0,0.0,1,0.0,0,,"{""betweenness"": 0.055, ""degree"": 0.032, ""n_seed_upstream"": 0.058, ""role"": 0.121, ""seed_flow_kzt"": 0.043, ""temporal"": 0.032}"
100000004603109100,peripheral,0.5,11,0.5685638706374264,"Периферийный узел: 3 входящих, 2 исходящих, оборот 3.13 млн",3,False,3,2,2730000.0,400000.0,8,2,0.14652014652014653,40799.86242131144,0.01494500454993093,0,0.0,5.944405541612623e-07,0.07326007326007326,2,0.0,6,cycles,"{""betweenness"": 0.113, ""degree"": 0.09, ""n_seed_upstream"": 0.058, ""role"": 0.026, ""seed_flow_kzt"": 0.212, ""temporal"": 0.057}"
100000008721637100,peripheral,0.5,7,0.42439912392980056,"Периферийный узел: 1 входящих, 2 исходящих, оборот 151 тыс.; есть источники вне выборки",3,False,1,2,24041.0,127000.0,1,2,5.282642152988644,159.90880070729577,0.001259124415018077,0,0.0,7.54939503784803e-05,0.0,1,0.0,0,external_funding,"{""betweenness"": 0.138, ""degree"": 0.081, ""n_seed_upstream"": 0.058, ""role"": 0.026, ""seed_flow_kzt"": 0.08, ""temporal"": 0.032}"
100000004491749100,terminal,0.5,17,0.4484057229001336,"Вероятный конечный получатель: 1 плательщиков, получено 50 тыс., исходящих нет",3,False,1,0,50000.0,0.0,1,0,0.0,1894.7873697684568,0.037895747395369134,0,1.0,0.0,0.0,1,0.0,0,,"{""betweenness"": 0.055, ""degree"": 0.032, ""n_seed_upstream"": 0.058, ""role"": 0.121, ""seed_flow_kzt"": 0.14, ""temporal"": 0.032}"
100000005171642100,transit,0.6013322921998576,17,0.7408937053787297,"Признаки транзита: получено 697 тыс., отдано 98%, медиана задержки 0 дн., 2→1 контрагента",3,False,2,1,696800.0,683600.0,5,4,0.9810562571756601,45199.40919137461,0.06486711790610561,0,0.0,3.962937027741748e-07,0.9446039035591275,1,0.1111111111111111,2,fast_pass;near_threshold;cycles,"{""betweenness"": 0.112, ""degree"": 0.081, ""n_seed_upstream"": 0.058, ""role"": 0.189, ""seed_flow_kzt"": 0.215, ""temporal"": 0.07}"
100000008682426100,terminal,0.5,12,0.3414568933640526,"Вероятный конечный получатель: 1 плательщиков, получено 20 тыс., исходящих нет",3,False,1,0,20000.0,0.0,1,0,0.0,22.113455623719002,0.0011056727811859502,0,1.0,0.0,0.0,1,0.0,0,,"{""betweenness"": 0.055, ""degree"": 0.032, ""n_seed_upstream"": 0.058, ""role"": 0.121, ""seed_flow_kzt"": 0.036, ""temporal"": 0.032}"
100000006209210100,terminal,0.5,3,0.42474044998151145,"Вероятный конечный получатель: 1 плательщиков, получено 229 тыс., исходящих нет",3,False,1,0,229111.0,0.0,1,0,0.0,597.2283855052013,0.0026067206965409836,0,1.0,0.0,0.0,1,0.0,0,,"{""betweenness"": 0.055, ""degree"": 0.032, ""n_seed_upstream"": 0.058, ""role"": 0.121, ""seed_flow_kzt"": 0.117, ""temporal"": 0.032}"
100000003888527100,terminal,0.5,8,0.42519555138379267,"Вероятный конечный получатель: 1 плательщиков, получено 30 тыс., исходящих нет",3,False,1,0,30000.0,0.0,1,0,0.0,615.4027661072237,0.020513425536907454,0,1.0,0.0,0.0,1,0.0,0,,"{""betweenness"": 0.055, ""degree"": 0.032, ""n_seed_upstream"": 0.058, ""role"": 0.121, ""seed_flow_kzt"": 0.118, ""temporal"": 0.032}"
100000008490127100,peripheral,0.5,8,0.4750177773985266,"Периферийный узел: 1 входящих, 6 исходящих, оборот 1.35 млн; есть источники вне выборки",3,False,1,6,431755.0,923000.0,2,9,2.137786476126507,516.1035382279831,0.0005591587629772298,0,0.0,0.00011532146750728487,0.0,1,0.0,0,external_funding,"{""betweenness"": 0.141, ""degree"": 0.094, ""n_seed_upstream"": 0.058, ""role"": 0.026, ""seed_flow_kzt"": 0.114, ""temporal"": 0.032}"
100000004336228100,terminal,0.5,1,0.41029098045908347,"Вероятный конечный получатель: 1 плательщиков, получено 51 тыс., исходящих нет",3,False,1,0,51407.0,0.0,2,0,0.0,341.9338512524418,0.006651503710631661,0,1.0,0.0,0.0,1,0.0,0,,"{""betweenness"": 0.055, ""degree"": 0.032, ""n_seed_upstream"": 0.058, ""role"": 0.121, ""seed_flow_kzt"": 0.103, ""temporal"": 0.032}"
100000006844004100,terminal,0.5,3,0.4253093267343629,"Вероятный конечный получатель: 1 плательщиков, получено 21 тыс., исходящих нет",3,False,1,0,20600.0,0.0,1,0,0.0,618.3702397076396,0.03001797280134173,0,1.0,0.0,0.0,1,0.0,0,,"{""betweenness"": 0.055, ""degree"": 0.032, ""n_seed_upstream"": 0.058, ""role"": 0.121, ""seed_flow_kzt"": 0.118, ""temporal"": 0.032}"
100000001688676100,terminal,0.5,19,0.4358904343374007,"Вероятный конечный получатель: 1 плательщиков, получено 134 тыс., исходящих нет",3,False,1,0,133700.0,0.0,1,0,0.0,991.8101575476015,0.007418176197065082,0,1.0,0.0,0.0,1,0.0,0,,"{""betweenness"": 0.055, ""degree"": 0.032, ""n_seed_upstream"": 0.058, ""role"": 0.121, ""seed_flow_kzt"": 0.128, ""temporal"": 0.032}"
100000008712036100,terminal,0.5,9,0.33315129277242084,"Вероятный конечный получатель: 1 плательщиков, получено 21 тыс., исходящих нет",3,False,1,0,21000.0,0.0,1,0,0.0,13.95466131990927,0.0006645076819004414,0,1.0,0.0,0.0,1,0.0,0,,"{""betweenness"": 0.055, ""degree"": 0.032, ""n_seed_upstream"": 0.058, ""role"": 0.121, ""seed_flow_kzt"": 0.028, ""temporal"": 0.032}"
100000004697956100,transit,0.50147168865704,17,0.5741559291179564,"Признаки транзита: получено 10 тыс., отдано 100%, 1→1 контрагента",3,False,1,1,10000.0,10000.0,1,1,1.0,2400.063964988944,0.2400063964988944,0,0.0,0.0,0.0,1,0.0,1,cycles,"{""betweenness"": 0.055, ""degree"": 0.07, ""n_seed_upstream"": 0.058, ""role"": 0.189, ""seed_flow_kzt"": 0.145, ""temporal"": 0.044}"
100000004921657100,peripheral,0.5,5,0.41290781352220035,"Периферийный узел: 1 входящих, 1 исходящих, оборот 30 тыс.; есть источники вне выборки",3,False,1,1,8300.0,22190.0,1,1,2.6734939759036145,6593.313518821605,0.2971299467697884,0,0.0,0.0,0.0,1,0.0,0,external_funding,"{""betweenness"": 0.055, ""degree"": 0.07, ""n_seed_upstream"": 0.058, ""role"": 0.026, ""seed_flow_kzt"": 0.163, ""temporal"": 0.032}"
100000000408846100,terminal,0.5,28,0.3323548653184287,"Вероятный конечный получатель: 1 плательщиков, получено 40 тыс., исходящих нет",3,False,1,0,40500.0,0.0,1,0,0.0,13.070102881242867,0.0003227185896603177,0,1.0,0.0,0.0,1,0.0,0,,"{""betweenness"": 0.055, ""degree"": 0.032, ""n_seed_upstream"": 0.058, ""role"": 0.121, ""seed_flow_kzt"": 0.027, ""temporal"": 0.032}"
100000003406094100,peripheral,0.5,2,0.5340387405068692,"Периферийный узел: 1 входящих, 3 исходящих, оборот 117 тыс.",3,False,1,3,70000.0,47000.0,4,3,0.6714285714285714,6696.569573639754,0.09566527962342505,0,0.0,3.883678287186913e-05,0.14285714285714285,1,0.0,1,cycles,"{""betweenness"": 0.133, ""degree"": 0.087, ""n_seed_upstream"": 0.058, ""role"": 0.026, ""seed_flow_kzt"": 0.163, ""temporal"": 0.056}"
100000008695566100,terminal,0.5,9,0.3417982194157635,"Вероятный конечный получатель: 1 плательщиков, получено 34 тыс., исходящих нет",3,False,1,0,33700.0,0.0,1,0,0.0,22.393908880044876,0.0006645076819004414,0,1.0,0.0,0.0,1,0.0,0,,"{""betweenness"": 0.055, ""degree"": 0.032, ""n_seed_upstream"": 0.058, ""role"": 0.121, ""seed_flow_kzt"": 0.036, ""temporal"": 0.032}"
100000005974542100,terminal,0.5,27,0.47366385072673994,"Вероятный конечный получатель: 1 плательщиков, получено 94 тыс., исходящих нет",3,False,1,0,94500.0,0.0,3,0,0.0,7209.175994583968,0.07628757666226421,0,1.0,0.0,0.0,1,0.0,0,,"{""betweenness"": 0.055, ""degree"": 0.032, ""n_seed_upstream"": 0.058, ""role"": 0.121, ""seed_flow_kzt"": 0.165, ""temporal"": 0.032}"
100000001887715100,peripheral,0.5,6,0.4372784936143584,"Периферийный узел: 3 входящих, 1 исходящих, оборот 2.08 млн",3,False,3,1,1331500.0,750000.0,4,1,0.5632745024408562,112.48824119323399,8.448234411808786e-05,0,0.0,2.2588741058127966e-05,0.0,3,0.0,0,sync_in,"{""betweenness"": 0.13, ""degree"": 0.087, ""n_seed_upstream"": 0.058, ""role"": 0.026, ""seed_flow_kzt"": 0.07, ""temporal"": 0.057}"
100000002472632100,peripheral,0.5,26,0.495770401342549,"Периферийный узел: 2 входящих, 1 исходящих, оборот 522 тыс.",3,False,2,1,502400.0,20000.0,3,1,0.03980891719745223,6020.988914144617,0.011984452456498044,0,0.0,2.0012831990095827e-05,0.0,1,0.0,0,,"{""betweenness"": 0.127, ""degree"": 0.081, ""n_seed_upstream"": 0.058, ""role"": 0.026, ""seed_flow_kzt"": 0.16, ""temporal"": 0.032}"
100000004629688100,peripheral,0.5,2,0.34403959382199845,"Периферийный узел: 1 входящих, 1 исходящих, оборот 20 тыс.; есть источники вне выборки",3,False,1,1,5000.0,15000.0,1,2,3.0,112.30494745731349,0.007486996497154053,0,0.0,0.0,0.0,1,0.6666666666666666,1,near_threshold;cycles;external_funding,"{""betweenness"": 0.055, ""degree"": 0.07, ""n_seed_upstream"": 0.058, ""role"": 0.026, ""seed_flow_kzt"": 0.07, ""temporal"": 0.058}"
100000002459832100,terminal,0.5,14,0.4862474044998151,"Вероятный конечный получатель: 2 плательщиков, получено 881 тыс., исходящих нет",3,False,2,0,880606.0,0.0,2,0,0.0,1753.5604504116068,0.001991311040819171,0,1.0,0.0,0.0,1,0.0,0,,"{""betweenness"": 0.055, ""degree"": 0.07, ""n_seed_upstream"": 0.058, ""role"": 0.121, ""seed_flow_kzt"": 0.139, ""temporal"": 0.032}"
100000006100920100,terminal,0.5,1,0.3668287965412293,"Вероятный конечный получатель: 1 плательщиков, получено 100 тыс., исходящих нет",3,False,1,0,100000.0,0.0,1,0,0.0,78.28429461319702,0.0007828429461319701,0,1.0,0.0,0.0,1,0.0,0,,"{""betweenness"": 0.055, ""degree"": 0.032, ""n_seed_upstream"": 0.058, ""role"": 0.121, ""seed_flow_kzt"": 0.061, ""temporal"": 0.032}"
100000001439416100,peripheral,0.5,3,0.44629519014705454,"Периферийный узел: 1 входящих, 2 исходящих, оборот 175 тыс.; есть источники вне выборки",3,False,1,2,10000.0,165000.0,1,3,16.5,213.99489664792142,0.00129693876756316,0,0.0,1.981468513870874e-05,0.0,1,0.25,1,near_threshold;cycles;external_funding,"{""betweenness"": 0.127, ""degree"": 0.081, ""n_seed_upstream"": 0.058, ""role"": 0.026, ""seed_flow_kzt"": 0.089, ""temporal"": 0.056}"
100000002121357100,peripheral,0.5,6,0.3986517620957419,"Периферийный узел: 2 входящих, 1 исходящих, оборот 368 тыс.",3,False,2,1,255300.0,113000.0,2,1,0.4426165295730513,93.13783189229663,0.0003648172028683769,0,0.0,2.159800680119253e-05,0.0,1,0.0,0,,"{""betweenness"": 0.129, ""degree"": 0.081, ""n_seed_upstream"": 0.058, ""role"": 0.026, ""seed_flow_kzt"": 0.064, ""temporal"": 0.032}"
100000002970466100,peripheral,0.5,13,0.3719145547117216,"Периферийный узел: 1 входящих, 2 исходящих, оборот 116 тыс.; есть источники вне выборки",3,False,1,2,23317.0,93000.0,1,3,3.9885062400823434,19.736501662887804,0.0002122204479880409,0,0.0,3.844048916909496e-05,0.0,1,0.0,0,external_funding,"{""betweenness"": 0.132, ""degree"": 0.081, ""n_seed_upstream"": 0.058, ""role"": 0.026, ""seed_flow_kzt"": 0.034, ""temporal"": 0.032}"
100000002581346100,terminal,0.5,8,0.39356600392524954,"Вероятный конечный получатель: 1 плательщиков, получено 166 тыс., исходящих нет",3,False,1,0,166400.0,0.0,1,0,0.0,198.90824370565807,0.0011953620415003489,0,1.0,0.0,0.0,1,0.0,0,,"{""betweenness"": 0.055, ""degree"": 0.032, ""n_seed_upstream"": 0.058, ""role"": 0.121, ""seed_flow_kzt"": 0.087, ""temporal"": 0.032}"
100000008738658100,terminal,0.5,9,0.3402053645077794,"Вероятный конечный получатель: 1 плательщиков, получено 30 тыс., исходящих нет",3,False,1,0,29920.0,0.0,1,0,0.0,19.882069842461206,0.0006645076819004413,0,1.0,0.0,0.0,1,0.0,0,,"{""betweenness"": 0.055, ""degree"": 0.032, ""n_seed_upstream"": 0.058, ""role"": 0.121, ""seed_flow_kzt"": 0.035, ""temporal"": 0.032}"
100000005910114100,coordinator,1.0,3,0.7383110049207838,"Кандидат в координирующий узел: 3 плательщиков → 19 получателей; сигналы S1, S3",3,False,3,19,326144.0,1469993.0,3,56,4.507190075549451,2783.087261888181,0.0018932656562910034,0,0.0,0.008338613946922799,0.567776810243328,1,0.0847457627118644,18,fast_pass;near_threshold;cycles;external_funding;bridge;peripheral;S1;S3,"{""betweenness"": 0.15, ""degree"": 0.099, ""n_seed_upstream"": 0.058, ""role"": 0.198, ""seed_flow_kzt"": 0.148, ""temporal"": 0.07}"
100000001046626100,terminal,0.5,8,0.3902665187587108,"Вероятный конечный получатель: 1 плательщиков, получено 150 тыс., исходящих нет",3,False,1,0,150000.0,0.0,1,0,0.0,179.30430622505233,0.0011953620415003489,0,1.0,0.0,0.0,1,0.0,0,,"{""betweenness"": 0.055, ""degree"": 0.032, ""n_seed_upstream"": 0.058, ""role"": 0.121, ""seed_flow_kzt"": 0.084, ""temporal"": 0.032}"
100000006492770100,peripheral,0.5,13,0.40785618795687906,"Периферийный узел: 1 входящих, 1 исходящих, оборот 289 тыс.",3,False,1,1,269000.0,20000.0,1,1,0.07434944237918216,227.69305430873695,0.0008464425810733716,0,0.0,1.922024458454748e-05,0.0,1,0.0,0,,"{""betweenness"": 0.122, ""degree"": 0.07, ""n_seed_upstream"": 0.058, ""role"": 0.026, ""seed_flow_kzt"": 0.091, ""temporal"": 0.032}"
100000001674850100,terminal,0.5,6,0.39795773245726307,"Вероятный конечный получатель: 2 плательщиков, получено 237 тыс., исходящих нет",3,False,2,0,237000.0,0.0,2,0,0.0,54.44658480449421,0.0002297324253354186,0,1.0,0.0,0.0,2,0.0,0,,"{""betweenness"": 0.055, ""degree"": 0.07, ""n_seed_upstream"": 0.058, ""role"": 0.121, ""seed_flow_kzt"": 0.053, ""temporal"": 0.032}"
100000000860514100,peripheral,0.5,26,0.4137497511164206,"Периферийный узел: 1 входящих, 1 исходящих, оборот 62 тыс.; есть источники вне выборки",3,False,1,1,12000.0,50000.0,1,1,4.166666666666667,229.5887778802765,0.00459177555760553,0,0.0,2.0012831990095827e-05,0.0,1,0.0,0,external_funding,"{""betweenness"": 0.127, ""degree"": 0.07, ""n_seed_upstream"": 0.058, ""role"": 0.026, ""seed_flow_kzt"": 0.092, ""temporal"": 0.032}"
100000003650146100,terminal,0.5,2,0.398685894700913,"Вероятный конечный получатель: 1 плательщиков, получено 14 тыс., исходящих нет",3,False,1,0,14400.0,0.0,1,0,0.0,231.4351077172696,0.016071882480365944,0,1.0,0.0,0.0,1,0.0,0,,"{""betweenness"": 0.055, ""degree"": 0.032, ""n_seed_upstream"": 0.058, ""role"": 0.121, ""seed_flow_kzt"": 0.092, ""temporal"": 0.032}"
100000001227106100,terminal,0.5,8,0.3929971271723981,"Вероятный конечный получатель: 1 плательщиков, получено 165 тыс., исходящих нет",3,False,1,0,164765.0,0.0,1,0,0.0,196.953826767805,0.0011953620415003489,0,1.0,0.0,0.0,1,0.0,0,,"{""betweenness"": 0.055, ""degree"": 0.032, ""n_seed_upstream"": 0.058, ""role"": 0.121, ""seed_flow_kzt"": 0.086, ""temporal"": 0.032}"
100000003647799100,terminal,0.5,8,0.37814944392297406,"Вероятный конечный получатель: 1 плательщиков, получено 100 тыс., исходящих нет",3,False,1,0,100000.0,0.0,1,0,0.0,119.53620415003489,0.0011953620415003489,0,1.0,0.0,0.0,1,0.0,0,,"{""betweenness"": 0.055, ""degree"": 0.032, ""n_seed_upstream"": 0.058, ""role"": 0.121, ""seed_flow_kzt"": 0.072, ""temporal"": 0.032}"
100000008293431100,peripheral,0.5,1,0.43158403731831496,"Периферийный узел: 1 входящих, 5 исходящих, оборот 312 тыс.; есть источники вне выборки",3,False,1,5,15000.0,297000.0,1,7,19.8,72.74940900389286,0.0002449475050636123,0,0.0,3.606272695244991e-05,0.0,1,0.125,1,near_threshold;cycles;external_funding,"{""betweenness"": 0.132, ""degree"": 0.092, ""n_seed_upstream"": 0.058, ""role"": 0.026, ""seed_flow_kzt"": 0.059, ""temporal"": 0.056}"
100000002975287100,terminal,0.5,8,0.3597178371305856,"Вероятный конечный получатель: 1 плательщиков, получено 15 тыс., исходящих нет",3,False,1,0,15000.0,0.0,1,0,0.0,56.39743520711877,0.003759829013807918,0,1.0,0.0,0.0,1,0.0,0,,"{""betweenness"": 0.055, ""degree"": 0.032, ""n_seed_upstream"": 0.058, ""role"": 0.121, ""seed_flow_kzt"": 0.054, ""temporal"": 0.032}"
100000008507703100,terminal,0.5,9,0.3391813863526466,"Вероятный конечный получатель: 1 плательщиков, получено 28 тыс., исходящих нет",3,False,1,0,28500.0,0.0,1,0,0.0,18.938468934162582,0.0006645076819004414,0,1.0,0.0,0.0,1,0.0,0,,"{""betweenness"": 0.055, ""degree"": 0.032, ""n_seed_upstream"": 0.058, ""role"": 0.121, ""seed_flow_kzt"": 0.034, ""temporal"": 0.032}"
100000001733687100,terminal,0.5,6,0.4098358790568023,"Вероятный конечный получатель: 1 плательщиков, получено 300 тыс., исходящих нет",3,False,1,0,300000.0,0.0,1,0,0.0,337.27853908970735,0.0011242617969656912,0,1.0,0.0,0.0,1,0.0,0,,"{""betweenness"": 0.055, ""degree"": 0.032, ""n_seed_upstream"": 0.058, ""role"": 0.121, ""seed_flow_kzt"": 0.103, ""temporal"": 0.032}"
100000004552204100,peripheral,0.5,3,0.5118753022157749,"Периферийный узел: 1 входящих, 2 исходящих, оборот 32 тыс.",3,False,1,2,22500.0,10000.0,2,2,0.4444444444444444,3350.3309093941107,0.1489035959730716,0,0.0,2.0210978841482916e-05,0.0,1,0.5,1,near_threshold;cycles,"{""betweenness"": 0.128, ""degree"": 0.081, ""n_seed_upstream"": 0.058, ""role"": 0.026, ""seed_flow_kzt"": 0.151, ""temporal"": 0.058}"
100000008223756100,terminal,0.5,14,0.4614443780754899,"Вероятный конечный получатель: 2 плательщиков, получено 332 тыс., исходящих нет",3,False,2,0,331682.0,0.0,2,0,0.0,541.5217765740688,0.0016326534951371155,0,1.0,0.0,0.0,1,0.0,0,,"{""betweenness"": 0.055, ""degree"": 0.07, ""n_seed_upstream"": 0.058, ""role"": 0.121, ""seed_flow_kzt"": 0.115, ""temporal"": 0.032}"
100000002956769100,terminal,0.5,6,0.5167619535227692,"Вероятный конечный получатель: 3 плательщиков, получено 840 тыс., исходящих нет",3,False,3,0,840000.0,0.0,3,0,0.0,1225.6500056426842,0.001459107149574624,0,1.0,0.0,0.0,3,0.0,0,sync_in,"{""betweenness"": 0.055, ""degree"": 0.081, ""n_seed_upstream"": 0.058, ""role"": 0.121, ""seed_flow_kzt"": 0.133, ""temporal"": 0.057}"
100000008555233100,terminal,0.5,6,0.4529567369229456,"Вероятный конечный получатель: 1 плательщиков, получено 441 тыс., исходящих нет",3,False,1,0,440600.0,0.0,1,0,0.0,2393.1823154725553,0.005431643929806072,0,1.0,0.0,0.0,1,0.0,0,,"{""betweenness"": 0.055, ""degree"": 0.032, ""n_seed_upstream"": 0.058, ""role"": 0.121, ""seed_flow_kzt"": 0.145, ""temporal"": 0.032}"
100000002346166100,terminal,0.5,9,0.3187018232499928,"Вероятный конечный получатель: 1 плательщиков, получено 6 тыс., исходящих нет",3,False,1,0,6000.0,0.0,1,0,0.0,3.9870460914026484,0.0006645076819004414,0,1.0,0.0,0.0,1,0.0,0,,"{""betweenness"": 0.055, ""degree"": 0.032, ""n_seed_upstream"": 0.058, ""role"": 0.121, ""seed_flow_kzt"": 0.014, ""temporal"": 0.032}"
100000000878006100,terminal,0.5,8,0.3595471741047302,"Вероятный конечный получатель: 1 плательщиков, получено 47 тыс., исходящих нет",3,False,1,0,47003.0,0.0,1,0,0.0,56.1856020366409,0.0011953620415003489,0,1.0,0.0,0.0,1,0.0,0,,"{""betweenness"": 0.055, ""degree"": 0.032, ""n_seed_upstream"": 0.058, ""role"": 0.121, ""seed_flow_kzt"": 0.054, ""temporal"": 0.032}"
100000004997515100,peripheral,0.5,6,0.49803453081889804,"Периферийный узел: 4 входящих, 4 исходящих, оборот 450 тыс.",3,False,4,4,395000.0,54500.0,4,4,0.1379746835443038,1498.9304276901646,0.0037947605764307966,0,0.0,8.956237682696351e-05,0.0,1,0.0,0,,"{""betweenness"": 0.14, ""degree"": 0.095, ""n_seed_upstream"": 0.058, ""role"": 0.026, ""seed_flow_kzt"": 0.136, ""temporal"": 0.032}"
100000007653003100,terminal,0.5,18,0.4005063003100378,"Вероятный конечный получатель: 1 плательщиков, получено 100 тыс., исходящих нет",3,False,1,0,100000.0,0.0,1,0,0.0,245.8826925841859,0.002458826925841859,0,1.0,0.0,0.0,1,0.0,0,,"{""betweenness"": 0.055, ""degree"": 0.032, ""n_seed_upstream"": 0.058, ""role"": 0.121, ""seed_flow_kzt"": 0.094, ""temporal"": 0.032}"
100000000661131100,terminal,0.5,9,0.3277469636203316,"Вероятный конечный получатель: 1 плательщиков, получено 16 тыс., исходящих нет",3,False,1,0,15600.0,0.0,1,0,0.0,10.366319837646886,0.0006645076819004414,0,1.0,0.0,0.0,1,0.0,0,,"{""betweenness"": 0.055, ""degree"": 0.032, ""n_seed_upstream"": 0.058, ""role"": 0.121, ""seed_flow_kzt"": 0.023, ""temporal"": 0.032}"
100000003880331100,peripheral,0.5,5,0.4797849645874221,"Периферийный узел: 1 входящих, 16 исходящих, оборот 4.00 млн; есть источники вне выборки",3,False,1,16,100000.0,3904908.0,1,31,39.04908,167.12267427537674,4.279810799009266e-05,0,0.0,0.0007765375105859956,1.0,1,0.0,3,fast_pass;cycles;external_funding,"{""betweenness"": 0.147, ""degree"": 0.098, ""n_seed_upstream"": 0.058, ""role"": 0.026, ""seed_flow_kzt"": 0.081, ""temporal"": 0.059}"
100000003204491100,peripheral,0.5,1,0.43800665585800835,"Периферийный узел: 1 входящих, 1 исходящих, оборот 240 тыс.",3,False,1,1,140000.0,100000.0,1,2,0.7142857142857143,678.9944840363333,0.004849960600259524,0,0.0,1.922024458454748e-05,0.0,1,0.0,0,,"{""betweenness"": 0.122, ""degree"": 0.07, ""n_seed_upstream"": 0.058, ""role"": 0.026, ""seed_flow_kzt"": 0.121, ""temporal"": 0.032}"
100000008463968100,terminal,0.5,9,0.3223426344682424,"Вероятный конечный получатель: 1 плательщиков, получено 10 тыс., исходящих нет",3,False,1,0,10000.0,0.0,1,0,0.0,6.645076819004414,0.0006645076819004414,0,1.0,0.0,0.0,1,0.0,0,,"{""betweenness"": 0.055, ""degree"": 0.032, ""n_seed_upstream"": 0.058, ""role"": 0.121, ""seed_flow_kzt"": 0.017, ""temporal"": 0.032}"
100000002712416100,terminal,0.5,6,0.4520010239781551,"Вероятный конечный получатель: 2 плательщиков, получено 117 тыс., исходящих нет",3,False,2,0,116800.0,0.0,2,0,0.0,370.7131505843822,0.0031739139604827246,0,1.0,0.0,0.0,1,0.0,0,,"{""betweenness"": 0.055, ""degree"": 0.07, ""n_seed_upstream"": 0.058, ""role"": 0.121, ""seed_flow_kzt"": 0.106, ""temporal"": 0.032}"
100000008754997100,terminal,0.5,9,0.33121711181272573,"Вероятный конечный получатель: 1 плательщиков, получено 18 тыс., исходящих нет",3,False,1,0,18000.0,0.0,1,0,0.0,11.961138274207945,0.0006645076819004414,0,1.0,0.0,0.0,1,0.0,0,,"{""betweenness"": 0.055, ""degree"": 0.032, ""n_seed_upstream"": 0.058, ""role"": 0.121, ""seed_flow_kzt"": 0.026, ""temporal"": 0.032}"
100000008011573100,terminal,0.5,8,0.3597178371305856,"Вероятный конечный получатель: 1 плательщиков, получено 15 тыс., исходящих нет",3,False,1,0,15000.0,0.0,1,0,0.0,56.39743520711877,0.003759829013807918,0,1.0,0.0,0.0,1,0.0,0,,"{""betweenness"": 0.055, ""degree"": 0.032, ""n_seed_upstream"": 0.058, ""role"": 0.121, ""seed_flow_kzt"": 0.054, ""temporal"": 0.032}"
100000003178549100,peripheral,0.5,18,0.5291634667349318,"Периферийный узел: 2 входящих, 4 исходящих, оборот 339 тыс.",3,False,2,4,250000.0,89080.0,2,4,0.35632,1868.5815445010303,0.007474326178004121,0,0.0,0.0002520427949643752,0.0,1,0.16666666666666666,2,near_threshold;cycles,"{""betweenness"": 0.144, ""degree"": 0.092, ""n_seed_upstream"": 0.058, ""role"": 0.026, ""seed_flow_kzt"": 0.14, ""temporal"": 0.057}"
100000000534581100,peripheral,0.5,1,0.43645931109025227,"Периферийный узел: 2 входящих, 1 исходящих, оборот 96 тыс.",3,False,2,1,55960.0,40000.0,2,1,0.7147962830593281,409.55758608465067,0.007318756005801477,0,0.0,1.922024458454748e-05,0.0,1,0.0,0,,"{""betweenness"": 0.122, ""degree"": 0.081, ""n_seed_upstream"": 0.058, ""role"": 0.026, ""seed_flow_kzt"": 0.108, ""temporal"": 0.032}"
100000007138613100,peripheral,0.5,13,0.4925846915265807,"Периферийный узел: 3 входящих, 2 исходящих, оборот 1.18 млн",3,False,3,2,1002000.0,179000.0,3,2,0.17864271457085829,2148.3680508719194,0.00214407989108974,0,0.0,3.883678287186913e-05,0.0,1,0.0,0,,"{""betweenness"": 0.133, ""degree"": 0.09, ""n_seed_upstream"": 0.058, ""role"": 0.026, ""seed_flow_kzt"": 0.143, ""temporal"": 0.032}"
100000002380341100,terminal,0.5,1,0.35476860938077764,"Вероятный конечный получатель: 1 плательщиков, получено 58 тыс., исходящих нет",3,False,1,0,57566.4,0.0,1,0,0.0,45.065450174211456,0.0007828429461319703,0,1.0,0.0,0.0,1,0.0,0,,"{""betweenness"": 0.055, ""degree"": 0.032, ""n_seed_upstream"": 0.058, ""role"": 0.121, ""seed_flow_kzt"": 0.049, ""temporal"": 0.032}"
100000008309514100,terminal,0.5,9,0.3295673692294564,"Вероятный конечный получатель: 1 плательщиков, получено 17 тыс., исходящих нет",3,False,1,0,17200.0,0.0,1,0,0.0,11.429532128687592,0.0006645076819004414,0,1.0,0.0,0.0,1,0.0,0,,"{""betweenness"": 0.055, ""degree"": 0.032, ""n_seed_upstream"": 0.058, ""role"": 0.121, ""seed_flow_kzt"": 0.024, ""temporal"": 0.032}"
100000003134474100,terminal,0.5,8,0.3826435702705009,"Вероятный конечный получатель: 1 плательщиков, получено 116 тыс., исходящих нет",3,False,1,0,116000.0,0.0,1,0,0.0,138.66199681404046,0.0011953620415003489,0,1.0,0.0,0.0,1,0.0,0,,"{""betweenness"": 0.055, ""degree"": 0.032, ""n_seed_upstream"": 0.058, ""role"": 0.121, ""seed_flow_kzt"": 0.076, ""temporal"": 0.032}"
100000002373386100,terminal,0.5,9,0.3349716983815456,"Вероятный конечный получатель: 1 плательщиков, получено 24 тыс., исходящих нет",3,False,1,0,24000.0,0.0,1,0,0.0,15.948184365610594,0.0006645076819004414,0,1.0,0.0,0.0,1,0.0,0,,"{""betweenness"": 0.055, ""degree"": 0.032, ""n_seed_upstream"": 0.058, ""role"": 0.121, ""seed_flow_kzt"": 0.03, ""temporal"": 0.032}"
100000008684767100,terminal,0.5,9,0.3404898028842051,"Вероятный конечный получатель: 1 плательщиков, получено 31 тыс., исходящих нет",3,False,1,0,31100.0,0.0,1,0,0.0,20.666188907103727,0.0006645076819004414,0,1.0,0.0,0.0,1,0.0,0,,"{""betweenness"": 0.055, ""degree"": 0.032, ""n_seed_upstream"": 0.058, ""role"": 0.121, ""seed_flow_kzt"": 0.035, ""temporal"": 0.032}"
100000008332511100,terminal,0.5,7,0.49044571493585903,"Вероятный конечный получатель: 1 плательщиков, получено 100 тыс., исходящих нет",3,False,1,0,100000.0,0.0,1,0,0.0,14466.859049423452,0.14466859049423453,0,1.0,0.0,0.0,1,0.0,0,,"{""betweenness"": 0.055, ""degree"": 0.032, ""n_seed_upstream"": 0.058, ""role"": 0.121, ""seed_flow_kzt"": 0.182, ""temporal"": 0.032}"
100000005754335100,terminal,0.5,8,0.4339562533777057,"Вероятный конечный получатель: 1 плательщиков, получено 44 тыс., исходящих нет",3,False,1,0,44037.0,0.0,1,0,0.0,903.3497203687936,0.020513425536907454,0,1.0,0.0,0.0,1,0.0,0,,"{""betweenness"": 0.055, ""degree"": 0.032, ""n_seed_upstream"": 0.058, ""role"": 0.121, ""seed_flow_kzt"": 0.126, ""temporal"": 0.032}"
100000008547295100,terminal,0.5,17,0.4407827744119236,"Вероятный конечный получатель: 1 плательщиков, получено 15 тыс., исходящих нет",3,False,1,0,15000.0,0.0,1,0,0.0,1231.1026877342686,0.0820735125156179,0,1.0,0.0,0.0,1,0.0,0,,"{""betweenness"": 0.055, ""degree"": 0.032, ""n_seed_upstream"": 0.058, ""role"": 0.121, ""seed_flow_kzt"": 0.133, ""temporal"": 0.032}"
100000001875167100,terminal,0.5,8,0.4398725716073612,"Вероятный конечный получатель: 1 плательщиков, получено 1.00 млн, исходящих нет",3,False,1,0,1000000.0,0.0,2,0,0.0,1195.3620415003488,0.0011953620415003489,0,1.0,0.0,0.0,1,0.0,0,,"{""betweenness"": 0.055, ""degree"": 0.032, ""n_seed_upstream"": 0.058, ""role"": 0.121, ""seed_flow_kzt"": 0.132, ""temporal"": 0.032}"
100000004670388100,peripheral,0.5,1,0.49705037403646496,"Периферийный узел: 1 входящих, 2 исходящих, оборот 880 тыс.; есть источники вне выборки",3,False,1,2,160354.0,720000.0,1,4,4.490065729573319,3455.693639442868,0.0047995744992262055,0,0.0,1.9616538287321655e-05,0.0,1,0.0,1,cycles;external_funding,"{""betweenness"": 0.126, ""degree"": 0.081, ""n_seed_upstream"": 0.058, ""role"": 0.026, ""seed_flow_kzt"": 0.151, ""temporal"": 0.044}"
100000004097972100,peripheral,0.5,1,0.4895184458287111,"Периферийный узел: 1 входящих, 2 исходящих, оборот 129 тыс.",3,False,1,2,118878.0,10000.0,1,2,0.0841198539679335,1442.0398575993984,0.012130418223720102,0,0.0,3.844048916909496e-05,0.0,1,0.6666666666666666,0,near_threshold,"{""betweenness"": 0.132, ""degree"": 0.081, ""n_seed_upstream"": 0.058, ""role"": 0.026, ""seed_flow_kzt"": 0.136, ""temporal"": 0.046}"
100000000481716100,terminal,0.5,12,0.43953124555565026,"Вероятный конечный получатель: 1 плательщиков, получено 8 тыс., исходящих нет",3,False,1,0,8000.0,0.0,1,0,0.0,1153.7609998628386,0.14422012498285483,0,1.0,0.0,0.0,1,0.0,0,,"{""betweenness"": 0.055, ""degree"": 0.032, ""n_seed_upstream"": 0.058, ""role"": 0.121, ""seed_flow_kzt"": 0.132, ""temporal"": 0.032}"
100000005089460100,terminal,0.5,9,0.3242768154279375,"Вероятный конечный получатель: 1 плательщиков, получено 12 тыс., исходящих нет",3,False,1,0,12300.0,0.0,1,0,0.0,8.173444487375429,0.0006645076819004413,0,1.0,0.0,0.0,1,0.0,0,,"{""betweenness"": 0.055, ""degree"": 0.032, ""n_seed_upstream"": 0.058, ""role"": 0.121, ""seed_flow_kzt"": 0.019, ""temporal"": 0.032}"
100000003105929100,peripheral,0.5,8,0.43095258412264975,"Периферийный узел: 1 входящих, 1 исходящих, оборот 586 тыс.",3,False,1,1,429567.0,156354.0,2,1,0.3639804733603838,513.4880860811804,0.001195362041500349,0,0.0,1.922024458454748e-05,0.0,1,0.0,0,,"{""betweenness"": 0.122, ""degree"": 0.07, ""n_seed_upstream"": 0.058, ""role"": 0.026, ""seed_flow_kzt"": 0.114, ""temporal"": 0.032}"
100000008379273100,peripheral,0.5,7,0.4590835395511562,"Периферийный узел: 2 входящих, 4 исходящих, оборот 74 тыс.",3,False,2,4,36000.0,38000.0,2,4,1.0555555555555556,170.66945912857568,0.004491301556015149,0,0.0,0.0008026928949690911,0.0,1,0.16666666666666666,0,near_threshold;bridge,"{""betweenness"": 0.147, ""degree"": 0.092, ""n_seed_upstream"": 0.058, ""role"": 0.026, ""seed_flow_kzt"": 0.082, ""temporal"": 0.044}"
100000005357705100,peripheral,0.5,1,0.47207099581875583,"Периферийный узел: 1 входящих, 4 исходящих, оборот 440 тыс.; есть источники вне выборки",3,False,1,4,52595.0,387080.0,1,5,7.35963494628767,349.8358376606722,0.0009037817444989981,0,0.0,7.688097833818992e-05,1.0,1,0.0,0,fast_pass;external_funding,"{""betweenness"": 0.138, ""degree"": 0.09, ""n_seed_upstream"": 0.058, ""role"": 0.026, ""seed_flow_kzt"": 0.104, ""temporal"": 0.046}"
100000003111305100,terminal,0.5,6,0.5135762437068008,"Вероятный конечный получатель: 4 плательщиков, получено 509 тыс., исходящих нет",3,False,4,0,509338.0,0.0,4,0,0.0,3102.7207412052408,0.006091673390175563,0,1.0,0.0,0.0,2,0.0,0,,"{""betweenness"": 0.055, ""degree"": 0.087, ""n_seed_upstream"": 0.058, ""role"": 0.121, ""seed_flow_kzt"": 0.149, ""temporal"": 0.032}"
100000008503177100,terminal,0.5,1,0.39754814119521004,"Вероятный конечный получатель: 1 плательщиков, получено 34 тыс., исходящих нет",3,False,1,0,33951.0,0.0,1,0,0.0,225.8252024796555,0.006651503710631661,0,1.0,0.0,0.0,1,0.0,0,,"{""betweenness"": 0.055, ""degree"": 0.032, ""n_seed_upstream"": 0.058, ""role"": 0.121, ""seed_flow_kzt"": 0.091, ""temporal"": 0.032}"
100000000955529100,peripheral,0.5,5,0.40007395397787066,"Периферийный узел: 1 входящих, 1 исходящих, оборот 90 тыс.; есть источники вне выборки",3,False,1,1,27000.0,63500.0,1,1,2.3518518518518516,208.33532938695987,0.003280871328928502,0,0.0,3.368496473580486e-06,0.0,1,0.0,0,external_funding,"{""betweenness"": 0.117, ""degree"": 0.07, ""n_seed_upstream"": 0.058, ""role"": 0.026, ""seed_flow_kzt"": 0.088, ""temporal"": 0.032}"
100000008695689100,terminal,0.5,9,0.33764541911994767,"Вероятный конечный получатель: 1 плательщиков, получено 26 тыс., исходящих нет",3,False,1,0,26200.0,0.0,1,0,0.0,17.410101265791567,0.0006645076819004415,0,1.0,0.0,0.0,1,0.0,0,,"{""betweenness"": 0.055, ""degree"": 0.032, ""n_seed_upstream"": 0.058, ""role"": 0.121, ""seed_flow_kzt"": 0.032, ""temporal"": 0.032}"
100000004184158100,terminal,0.5,1,0.4356628836362601,"Вероятный конечный получатель: 1 плательщиков, получено 204 тыс., исходящих нет",3,False,1,0,203805.0,0.0,1,0,0.0,988.4462201358923,0.004849960600259524,0,1.0,0.0,0.0,1,0.0,0,,"{""betweenness"": 0.055, ""degree"": 0.032, ""n_seed_upstream"": 0.058, ""role"": 0.121, ""seed_flow_kzt"": 0.128, ""temporal"": 0.032}"
100000005475379100,peripheral,0.5,3,0.46681457462240794,"Периферийный узел: 1 входящих, 3 исходящих, оборот 189 тыс.",3,False,1,3,108370.0,81000.0,1,3,0.7474393282273692,546.4152238790905,0.00504212626999253,0,0.0,6.538846095773885e-05,0.0,1,0.0,0,,"{""betweenness"": 0.138, ""degree"": 0.087, ""n_seed_upstream"": 0.058, ""role"": 0.026, ""seed_flow_kzt"": 0.116, ""temporal"": 0.032}"
100000003093299100,terminal,0.5,13,0.3318997639161475,"Вероятный конечный получатель: 1 плательщиков, получено 15 тыс., исходящих нет",3,False,1,0,15000.0,0.0,1,0,0.0,12.696638716100574,0.0008464425810733716,0,1.0,0.0,0.0,1,0.0,0,,"{""betweenness"": 0.055, ""degree"": 0.032, ""n_seed_upstream"": 0.058, ""role"": 0.121, ""seed_flow_kzt"": 0.027, ""temporal"": 0.032}"
100000008767027100,terminal,0.5,6,0.3591774042153767,"Вероятный конечный получатель: 1 плательщиков, получено 5 тыс., исходящих нет",3,False,1,0,5000.0,0.0,1,0,0.0,26.349845636474004,0.005269969127294801,0,1.0,0.0,0.0,1,1.0,0,near_threshold,"{""betweenness"": 0.055, ""degree"": 0.032, ""n_seed_upstream"": 0.058, ""role"": 0.121, ""seed_flow_kzt"": 0.039, ""temporal"": 0.047}"
100000004539443100,terminal,0.5,5,0.5587223028130955,"Вероятный конечный получатель: 2 плательщиков, получено 62 тыс., исходящих нет",3,False,2,0,61990.0,0.0,2,0,0.0,38209.44340425532,0.6163807614817763,0,1.0,0.0,0.0,2,0.0,0,,"{""betweenness"": 0.055, ""degree"": 0.07, ""n_seed_upstream"": 0.058, ""role"": 0.121, ""seed_flow_kzt"": 0.21, ""temporal"": 0.032}"
100000007863304100,terminal,0.5,8,0.3466336718150012,"Вероятный конечный получатель: 1 плательщиков, получено 25 тыс., исходящих нет",3,False,1,0,25000.0,0.0,1,0,0.0,29.884051037508723,0.0011953620415003489,0,1.0,0.0,0.0,1,0.0,0,,"{""betweenness"": 0.055, ""degree"": 0.032, ""n_seed_upstream"": 0.058, ""role"": 0.121, ""seed_flow_kzt"": 0.041, ""temporal"": 0.032}"
100000004959752100,terminal,0.5,14,0.46797508319822506,"Вероятный конечный получатель: 1 плательщиков, получено 22 тыс., исходящих нет",3,False,1,0,22200.0,0.0,1,0,0.0,5755.27446280337,0.2592465974235752,0,1.0,0.0,0.0,1,0.0,0,,"{""betweenness"": 0.055, ""degree"": 0.032, ""n_seed_upstream"": 0.058, ""role"": 0.121, ""seed_flow_kzt"": 0.16, ""temporal"": 0.032}"
100000002214664100,peripheral,0.5,9,0.3372699604630656,"Периферийный узел: 1 входящих, 1 исходящих, оборот 85 тыс.; есть источники вне выборки",3,False,1,1,7950.0,76950.0,1,2,9.679245283018869,5.28283607110851,6.865284043026003e-05,0,0.0,1.387027959709612e-06,1.0,1,0.0,0,fast_pass;external_funding,"{""betweenness"": 0.115, ""degree"": 0.07, ""n_seed_upstream"": 0.058, ""role"": 0.026, ""seed_flow_kzt"": 0.015, ""temporal"": 0.046}"
100000008192264100,transit,0.6026061209797382,8,0.5835253292374207,"Признаки транзита: получено 163 тыс., отдано 115%, медиана задержки 0 дн., 1→1 контрагента",3,False,1,1,162810.0,187910.0,1,2,1.1541674344327744,194.6168939766718,0.001035692054582895,0,0.0,1.922024458454748e-05,1.0,1,0.0,0,fast_pass,"{""betweenness"": 0.122, ""degree"": 0.07, ""n_seed_upstream"": 0.058, ""role"": 0.189, ""seed_flow_kzt"": 0.086, ""temporal"": 0.046}"
100000000942301100,terminal,0.5,1,0.4288363626020422,"Вероятный конечный получатель: 1 плательщиков, получено 58 тыс., исходящих нет",3,False,1,0,57580.0,0.0,2,0,0.0,698.4694813218035,0.012130418223720104,0,1.0,0.0,0.0,1,0.0,0,,"{""betweenness"": 0.055, ""degree"": 0.032, ""n_seed_upstream"": 0.058, ""role"": 0.121, ""seed_flow_kzt"": 0.121, ""temporal"": 0.032}"
100000002578653100,terminal,0.5,3,0.42849503655033133,"Вероятный конечный получатель: 1 плательщиков, получено 20 тыс., исходящих нет",3,False,1,0,20000.0,0.0,1,0,0.0,688.161425281838,0.0344080712640919,0,1.0,0.0,0.0,1,0.0,0,,"{""betweenness"": 0.055, ""degree"": 0.032, ""n_seed_upstream"": 0.058, ""role"": 0.121, ""seed_flow_kzt"": 0.121, ""temporal"": 0.032}"
100000002511581100,terminal,0.5,9,0.3304206843587336,"Вероятный конечный получатель: 1 плательщиков, получено 18 тыс., исходящих нет",3,False,1,0,17600.0,0.0,1,0,0.0,11.695335201447769,0.0006645076819004414,0,1.0,0.0,0.0,1,0.0,0,,"{""betweenness"": 0.055, ""degree"": 0.032, ""n_seed_upstream"": 0.058, ""role"": 0.121, ""seed_flow_kzt"": 0.025, ""temporal"": 0.032}"
100000005610717100,peripheral,0.5,1,0.498000398213727,"Периферийный узел: 4 входящих, 1 исходящих, оборот 750 тыс.",3,False,4,1,484500.0,265200.0,6,7,0.5473684210526316,2753.135034631165,0.005682425252076708,0,0.0,1.922024458454748e-05,0.12920536635706914,1,0.0,0,,"{""betweenness"": 0.122, ""degree"": 0.09, ""n_seed_upstream"": 0.058, ""role"": 0.026, ""seed_flow_kzt"": 0.148, ""temporal"": 0.044}"
100000005704413100,distributor,0.8863490019317514,7,0.7231276843871774,"Веерная рассылка: 32 получателей, отдано 1.36 млн",3,False,3,32,97834.67,1363593.0,4,35,13.9377278014021,3218.862602268106,0.00236057430792627,0,0.0,0.0025582739982586856,0.9001683145657874,2,0.0,3,fast_pass;cycles;external_funding;bridge,"{""betweenness"": 0.149, ""degree"": 0.099, ""n_seed_upstream"": 0.058, ""role"": 0.192, ""seed_flow_kzt"": 0.15, ""temporal"": 0.059}"
100000000976943100,transit,0.5029433773140799,3,0.5957561794237278,"Признаки транзита: получено 70 тыс., отдано 120%, 1→1 контрагента",3,False,1,1,70000.0,84000.0,1,3,1.2,352.9488388994771,0.004201771891660442,0,0.0,2.1796153652579615e-05,0.0,1,0.0,0,,"{""betweenness"": 0.129, ""degree"": 0.07, ""n_seed_upstream"": 0.058, ""role"": 0.189, ""seed_flow_kzt"": 0.104, ""temporal"": 0.032}"
100000008708061100,terminal,0.5,9,0.32109110561196913,"Вероятный конечный получатель: 1 плательщиков, получено 9 тыс., исходящих нет",3,False,1,0,8650.0,0.0,1,0,0.0,5.747991448438818,0.0006645076819004414,0,1.0,0.0,0.0,1,0.0,0,,"{""betweenness"": 0.055, ""degree"": 0.032, ""n_seed_upstream"": 0.058, ""role"": 0.121, ""seed_flow_kzt"": 0.016, ""temporal"": 0.032}"
100000003986141100,terminal,0.5,8,0.3545126148419945,"Вероятный конечный получатель: 1 плательщиков, получено 5 тыс., исходящих нет",3,False,1,0,5286.32,0.0,1,0,0.0,19.875659312273072,0.003759829013807918,0,1.0,0.0,0.0,1,1.0,0,near_threshold,"{""betweenness"": 0.055, ""degree"": 0.032, ""n_seed_upstream"": 0.058, ""role"": 0.121, ""seed_flow_kzt"": 0.035, ""temporal"": 0.047}"
100000005037490100,peripheral,0.5,20,0.42861450066843015,"Периферийный узел: 1 входящих, 2 исходящих, оборот 45 тыс.; есть источники вне выборки",3,False,1,2,15000.0,30000.0,1,3,2.0,119.86923847455229,0.003995641282485076,0,0.0,1.9418391435934565e-05,1.0,1,0.0,1,fast_pass;cycles;external_funding,"{""betweenness"": 0.125, ""degree"": 0.081, ""n_seed_upstream"": 0.058, ""role"": 0.026, ""seed_flow_kzt"": 0.072, ""temporal"": 0.058}"
100000004257714100,terminal,0.5,9,0.3497624939556845,"Вероятный конечный получатель: 1 плательщиков, получено 52 тыс., исходящих нет",3,False,1,0,52220.0,0.0,1,0,0.0,34.70059114884105,0.0006645076819004413,0,1.0,0.0,0.0,1,0.0,0,,"{""betweenness"": 0.055, ""degree"": 0.032, ""n_seed_upstream"": 0.058, ""role"": 0.121, ""seed_flow_kzt"": 0.044, ""temporal"": 0.032}"
100000000569479100,terminal,0.5,5,0.4642204966294052,"Вероятный конечный получатель: 1 плательщиков, получено 320 тыс., исходящих нет",3,False,1,0,320000.0,0.0,1,0,0.0,4704.970653204832,0.014703033291265101,0,1.0,0.0,0.0,1,0.0,0,,"{""betweenness"": 0.055, ""degree"": 0.032, ""n_seed_upstream"": 0.058, ""role"": 0.121, ""seed_flow_kzt"": 0.156, ""temporal"": 0.032}"
100000007303047100,terminal,0.5,9,0.34987626930625476,"Вероятный конечный получатель: 1 плательщиков, получено 52 тыс., исходящих нет",3,False,1,0,52250.0,0.0,1,0,0.0,34.720526379298065,0.0006645076819004414,0,1.0,0.0,0.0,1,0.0,0,,"{""betweenness"": 0.055, ""degree"": 0.032, ""n_seed_upstream"": 0.058, ""role"": 0.121, ""seed_flow_kzt"": 0.044, ""temporal"": 0.032}"
100000008708743100,terminal,0.5,9,0.3275763005944762,"Вероятный конечный получатель: 1 плательщиков, получено 16 тыс., исходящих нет",3,False,1,0,15550.0,0.0,1,0,0.0,10.333094453551864,0.0006645076819004414,0,1.0,0.0,0.0,1,0.0,0,,"{""betweenness"": 0.055, ""degree"": 0.032, ""n_seed_upstream"": 0.058, ""role"": 0.121, ""seed_flow_kzt"": 0.022, ""temporal"": 0.032}"
100000008745863100,terminal,0.5,9,0.3341752709275535,"Вероятный конечный получатель: 1 плательщиков, получено 23 тыс., исходящих нет",3,False,1,0,22900.0,0.0,1,0,0.0,15.217225915520109,0.0006645076819004414,0,1.0,0.0,0.0,1,0.0,0,,"{""betweenness"": 0.055, ""degree"": 0.032, ""n_seed_upstream"": 0.058, ""role"": 0.121, ""seed_flow_kzt"": 0.029, ""temporal"": 0.032}"
100000005048668100,coordinator,0.5,3,0.6369030349574765,Кандидат в координирующий узел: 2 плательщиков → 8 получателей; сигналы S3,3,False,2,8,16668.0,159400.0,2,11,9.563234941204703,78.84477899074389,0.0004946347490009027,0,0.0,9.828083828799535e-05,0.6100311975041997,1,0.15384615384615385,2,fast_pass;near_threshold;cycles;external_funding;peripheral;S3,"{""betweenness"": 0.14, ""degree"": 0.096, ""n_seed_upstream"": 0.058, ""role"": 0.198, ""seed_flow_kzt"": 0.061, ""temporal"": 0.07}"
100000006522972100,terminal,0.5,3,0.36022982620815197,"Вероятный конечный получатель: 1 плательщиков, получено 10 тыс., исходящих нет",3,False,1,0,9515.0,0.0,1,0,0.0,57.56577057430138,0.006050002162301774,0,1.0,0.0,0.0,1,0.0,0,,"{""betweenness"": 0.055, ""degree"": 0.032, ""n_seed_upstream"": 0.058, ""role"": 0.121, ""seed_flow_kzt"": 0.054, ""temporal"": 0.032}"
100000008759857100,peripheral,0.5,6,0.3106920385698438,"Периферийный узел: 1 входящих, 2 исходящих, оборот 999 тыс.; есть источники вне выборки",3,False,1,2,5000.0,994000.0,1,3,198.8,26.349845636474004,2.650889903065795e-05,0,0.0,0.0,0.0,1,0.25,0,near_threshold;external_funding,"{""betweenness"": 0.055, ""degree"": 0.081, ""n_seed_upstream"": 0.058, ""role"": 0.026, ""seed_flow_kzt"": 0.039, ""temporal"": 0.045}"
100000005342513100,peripheral,0.5,4,0.3626247973376568,"Периферийный узел: 1 входящих, 1 исходящих, оборот 265 тыс.",3,False,1,1,235000.0,30000.0,2,1,0.1276595744680851,320.49708786632186,0.0013638173951758376,0,0.0,0.0,0.0,1,0.0,1,cycles,"{""betweenness"": 0.055, ""degree"": 0.07, ""n_seed_upstream"": 0.058, ""role"": 0.026, ""seed_flow_kzt"": 0.102, ""temporal"": 0.044}"
100000004750897100,terminal,0.5,2,0.39709303979292876,"Вероятный конечный получатель: 1 плательщиков, получено 10 тыс., исходящих нет",3,False,1,0,10000.0,0.0,1,0,0.0,224.60989491462698,0.02246098949146216,0,1.0,0.0,0.0,1,0.0,0,,"{""betweenness"": 0.055, ""degree"": 0.032, ""n_seed_upstream"": 0.058, ""role"": 0.121, ""seed_flow_kzt"": 0.09, ""temporal"": 0.032}"
100000001140785100,terminal,0.5,6,0.40057456552037995,"Вероятный конечный получатель: 2 плательщиков, получено 215 тыс., исходящих нет",3,False,2,0,215000.0,0.0,2,0,0.0,60.86356028737452,0.000283086326918021,0,1.0,0.0,0.0,2,0.0,0,,"{""betweenness"": 0.055, ""degree"": 0.07, ""n_seed_upstream"": 0.058, ""role"": 0.121, ""seed_flow_kzt"": 0.056, ""temporal"": 0.032}"
100000002821425100,terminal,0.5,15,0.3688767528514947,"Вероятный конечный получатель: 1 плательщиков, получено 275 тыс., исходящих нет",3,False,1,0,275000.0,0.0,1,0,0.0,88.20469129345368,0.0003207443319761952,0,1.0,0.0,0.0,1,0.0,0,,"{""betweenness"": 0.055, ""degree"": 0.032, ""n_seed_upstream"": 0.058, ""role"": 0.121, ""seed_flow_kzt"": 0.063, ""temporal"": 0.032}"
100000003221510100,peripheral,0.5,13,0.3722558807634326,"Периферийный узел: 1 входящих, 2 исходящих, оборот 144 тыс.; есть источники вне выборки",3,False,1,2,24000.0,120000.0,1,3,5.0,20.31462194576092,0.00016928851621467433,0,0.0,3.844048916909496e-05,0.0,1,0.0,0,external_funding,"{""betweenness"": 0.132, ""degree"": 0.081, ""n_seed_upstream"": 0.058, ""role"": 0.026, ""seed_flow_kzt"": 0.035, ""temporal"": 0.032}"
100000003031003100,terminal,0.5,6,0.43293227522257294,"Вероятный конечный получатель: 3 плательщиков, получено 280 тыс., исходящих нет",3,False,3,0,280090.0,0.0,3,0,0.0,137.22614671595105,0.0004899359017314115,0,1.0,0.0,0.0,2,0.0,0,,"{""betweenness"": 0.055, ""degree"": 0.081, ""n_seed_upstream"": 0.058, ""role"": 0.121, ""seed_flow_kzt"": 0.076, ""temporal"": 0.032}"
100000003060187100,terminal,0.5,19,0.42872258725147194,"Вероятный конечный получатель: 1 плательщиков, получено 93 тыс., исходящих нет",3,False,1,0,93046.0,0.0,1,0,0.0,690.2316224321177,0.007418176197065082,0,1.0,0.0,0.0,1,0.0,0,,"{""betweenness"": 0.055, ""degree"": 0.032, ""n_seed_upstream"": 0.058, ""role"": 0.121, ""seed_flow_kzt"": 0.121, ""temporal"": 0.032}"
100000008718811100,terminal,0.5,9,0.3557925875359103,"Вероятный конечный получатель: 1 плательщиков, получено 73 тыс., исходящих нет",3,False,1,0,73300.0,0.0,1,0,0.0,48.70841308330236,0.0006645076819004414,0,1.0,0.0,0.0,1,0.0,0,,"{""betweenness"": 0.055, ""degree"": 0.032, ""n_seed_upstream"": 0.058, ""role"": 0.121, ""seed_flow_kzt"": 0.05, ""temporal"": 0.032}"
100000008043184100,terminal,0.5,18,0.37923030975339184,"Вероятный конечный получатель: 1 плательщиков, получено 51 тыс., исходящих нет",3,False,1,0,50564.0,0.0,1,0,0.0,124.32812467826774,0.002458826925841859,0,1.0,0.0,0.0,1,0.0,0,,"{""betweenness"": 0.055, ""degree"": 0.032, ""n_seed_upstream"": 0.058, ""role"": 0.121, ""seed_flow_kzt"": 0.073, ""temporal"": 0.032}"
100000002530224100,terminal,0.5,6,0.3835537730750632,"Вероятный конечный получатель: 1 плательщиков, получено 113 тыс., исходящих нет",3,False,1,0,113000.0,0.0,1,0,0.0,142.4638104961986,0.001260741685807067,0,1.0,0.0,0.0,1,0.0,0,,"{""betweenness"": 0.055, ""degree"": 0.032, ""n_seed_upstream"": 0.058, ""role"": 0.121, ""seed_flow_kzt"": 0.077, ""temporal"": 0.032}"
100000008754608100,terminal,0.5,9,0.3242768154279375,"Вероятный конечный получатель: 1 плательщиков, получено 12 тыс., исходящих нет",3,False,1,0,12300.0,0.0,1,0,0.0,8.173444487375429,0.0006645076819004413,0,1.0,0.0,0.0,1,0.0,0,,"{""betweenness"": 0.055, ""degree"": 0.032, ""n_seed_upstream"": 0.058, ""role"": 0.121, ""seed_flow_kzt"": 0.019, ""temporal"": 0.032}"
100000006989232100,terminal,0.5,1,0.37411041897772845,"Вероятный конечный получатель: 1 плательщиков, получено 22 тыс., исходящих нет",3,False,1,0,22194.0,0.0,1,0,0.0,107.64002556215988,0.004849960600259524,0,1.0,0.0,0.0,1,0.0,0,,"{""betweenness"": 0.055, ""degree"": 0.032, ""n_seed_upstream"": 0.058, ""role"": 0.121, ""seed_flow_kzt"": 0.068, ""temporal"": 0.032}"
100000006532229100,terminal,0.5,6,0.3593196234035895,"Вероятный конечный получатель: 1 плательщиков, получено 105 тыс., исходящих нет",3,False,1,0,105000.0,0.0,1,0,0.0,54.79918004981698,0.0005218969528553998,0,1.0,0.0,0.0,1,0.0,0,,"{""betweenness"": 0.055, ""degree"": 0.032, ""n_seed_upstream"": 0.058, ""role"": 0.121, ""seed_flow_kzt"": 0.053, ""temporal"": 0.032}"
100000005661829100,transit,0.5019725067604941,19,0.5882128736809171,"Признаки транзита: получено 38 тыс., отдано 107%, 1→2 контрагента",3,False,1,2,37790.0,40362.0,1,4,1.0680603334215402,280.3328784870895,0.006945465499407598,0,0.0,4.5573775819030105e-06,0.0,1,0.0,0,,"{""betweenness"": 0.118, ""degree"": 0.081, ""n_seed_upstream"": 0.058, ""role"": 0.189, ""seed_flow_kzt"": 0.097, ""temporal"": 0.032}"
100000004553349100,terminal,0.5,3,0.3553374861336291,"Вероятный конечный получатель: 1 плательщиков, получено 8 тыс., исходящих нет",3,False,1,0,7755.0,0.0,1,0,0.0,46.91776676865026,0.006050002162301774,0,1.0,0.0,0.0,1,0.0,0,,"{""betweenness"": 0.055, ""degree"": 0.032, ""n_seed_upstream"": 0.058, ""role"": 0.121, ""seed_flow_kzt"": 0.049, ""temporal"": 0.032}"
100000002945626100,terminal,0.5,6,0.485837813237762,"Вероятный конечный получатель: 3 плательщиков, получено 584 тыс., исходящих нет",3,False,3,0,584000.0,0.0,3,0,0.0,971.3249727341079,0.001663227693037856,0,1.0,0.0,0.0,2,0.0,0,,"{""betweenness"": 0.055, ""degree"": 0.081, ""n_seed_upstream"": 0.058, ""role"": 0.121, ""seed_flow_kzt"": 0.128, ""temporal"": 0.032}"
100000008775471100,terminal,0.5,6,0.3819609181670791,"Вероятный конечный получатель: 1 плательщиков, получено 580 тыс., исходящих нет",3,False,1,0,580000.0,0.0,2,0,0.0,135.0142275949606,0.00023278315102579414,0,1.0,0.0,0.0,1,0.0,0,,"{""betweenness"": 0.055, ""degree"": 0.032, ""n_seed_upstream"": 0.058, ""role"": 0.121, ""seed_flow_kzt"": 0.076, ""temporal"": 0.032}"
100000000404740100,terminal,0.7299944927937364,26,0.413533577950337,"4-е колено, исходящие не наблюдались; вероятно конечный, P=0.73 — оценка по аналогам",4,False,1,0,25000.0,0.0,1,0,0.0,382.6479631337942,0.015305918525351767,0,0.7299944927937364,0.0,0.0,1,0.0,0,,"{""betweenness"": 0.055, ""degree"": 0.032, ""n_seed_upstream"": 0.058, ""role"": 0.121, ""seed_flow_kzt"": 0.106, ""temporal"": 0.032}"
100000004268036100,terminal,0.6964278277001612,22,0.32493102369371674,"4-е колено, исходящие не наблюдались; вероятно конечный, P=0.70 — оценка по аналогам",4,False,1,0,5500.0,0.0,1,0,0.0,0.2661171785036705,4.838494154612191e-05,0,0.6964278277001612,0.0,0.0,1,1.0,0,near_threshold,"{""betweenness"": 0.055, ""degree"": 0.032, ""n_seed_upstream"": 0.058, ""role"": 0.121, ""seed_flow_kzt"": 0.006, ""temporal"": 0.047}"
100000001256409100,terminal,0.7071036143367145,14,0.3364507779389595,"4-е колено, исходящие не наблюдались; вероятно конечный, P=0.71 — оценка по аналогам",4,False,1,0,8000.0,0.0,1,0,0.0,17.253592661260495,0.002156699082657562,0,0.7071036143367145,0.0,0.0,1,0.0,0,,"{""betweenness"": 0.055, ""degree"": 0.032, ""n_seed_upstream"": 0.058, ""role"": 0.121, ""seed_flow_kzt"": 0.031, ""temporal"": 0.032}"
100000005360814100,terminal,0.5125214757592971,14,0.36284665927126886,"4-е колено, исходящие не наблюдались; вероятно конечный, P=0.51 — оценка по аналогам",4,False,1,0,144000.0,0.0,3,0,0.0,64.88294433637553,0.0004505760023359412,0,0.5125214757592971,0.0,0.0,1,0.0,0,,"{""betweenness"": 0.055, ""degree"": 0.032, ""n_seed_upstream"": 0.058, ""role"": 0.121, ""seed_flow_kzt"": 0.057, ""temporal"": 0.032}"
100000002369454100,terminal,0.7278043020592643,1,0.3874790226697386,"4-е колено, исходящие не наблюдались; вероятно конечный, P=0.73 — оценка по аналогам",4,False,1,0,25000.0,0.0,1,0,0.0,166.28759276579152,0.006651503710631661,0,0.7278043020592643,0.0,0.0,1,0.0,0,,"{""betweenness"": 0.055, ""degree"": 0.032, ""n_seed_upstream"": 0.058, ""role"": 0.121, ""seed_flow_kzt"": 0.081, ""temporal"": 0.032}"
100000004272302100,terminal,0.7054813406373874,3,0.34964871860511415,"4-е колено, исходящие не наблюдались; вероятно конечный, P=0.71 — оценка по аналогам",4,False,1,0,10000.0,0.0,1,0,0.0,34.64152501965917,0.003464152501965917,0,0.7054813406373874,0.0,0.0,1,0.0,0,,"{""betweenness"": 0.055, ""degree"": 0.032, ""n_seed_upstream"": 0.058, ""role"": 0.121, ""seed_flow_kzt"": 0.044, ""temporal"": 0.032}"
100000008727982100,terminal,0.61623841379471,17,0.4242853485792303,"4-е колено, исходящие не наблюдались; вероятно конечный, P=0.62 — оценка по аналогам",4,False,1,0,30000.0,0.0,2,0,0.0,586.3840757257187,0.019546133876080313,0,0.61623841379471,0.0,0.0,1,0.0,0,,"{""betweenness"": 0.055, ""degree"": 0.032, ""n_seed_upstream"": 0.058, ""role"": 0.121, ""seed_flow_kzt"": 0.117, ""temporal"": 0.032}"
100000000600707100,terminal,0.5869254924807651,31,0.4685439599510765,"4-е колено, исходящие не наблюдались; вероятно конечный, P=0.59 — оценка по аналогам",4,False,1,0,89000.0,0.0,2,0,0.0,5916.184971098267,0.06647398843930637,0,0.5869254924807651,0.0,0.0,1,0.0,0,,"{""betweenness"": 0.055, ""degree"": 0.032, ""n_seed_upstream"": 0.058, ""role"": 0.121, ""seed_flow_kzt"": 0.16, ""temporal"": 0.032}"
100000004500781100,frontier,0.6440357221334563,12,0.2987001166197343,"4-е колено, обрыв обхода; вероятно передаёт дальше, P(конечный)=0.36 — оценка по аналогам",4,False,1,0,74000.0,0.0,5,0,0.0,81.81978580776031,0.0011056727811859502,0,0.3559642778665438,0.0,0.0,1,0.0,0,,"{""betweenness"": 0.055, ""degree"": 0.032, ""n_seed_upstream"": 0.058, ""role"": 0.053, ""seed_flow_kzt"": 0.062, ""temporal"": 0.032}"
100000008703533100,terminal,0.7513743602891544,6,0.31267172966976703,"4-е колено, исходящие не наблюдались; вероятно конечный, P=0.75 — оценка по аналогам",4,False,1,0,75000.0,0.0,1,0,0.0,0.634058031752651,8.454107090035347e-06,0,0.7513743602891544,0.0,0.0,1,0.0,0,,"{""betweenness"": 0.055, ""degree"": 0.032, ""n_seed_upstream"": 0.058, ""role"": 0.121, ""seed_flow_kzt"": 0.008, ""temporal"": 0.032}"
100000004549591100,terminal,0.7443159348024779,34,0.4278123844469095,"4-е колено, исходящие не наблюдались; вероятно конечный, P=0.74 — оценка по аналогам",4,False,1,0,49000.0,0.0,1,0,0.0,673.1456978967495,0.013737667304015296,0,0.7443159348024779,0.0,0.0,1,0.0,0,,"{""betweenness"": 0.055, ""degree"": 0.032, ""n_seed_upstream"": 0.058, ""role"": 0.121, ""seed_flow_kzt"": 0.12, ""temporal"": 0.032}"
100000002700161100,terminal,0.73986708717168,5,0.4468128679921494,"4-е колено, исходящие не наблюдались; вероятно конечный, P=0.74 — оценка по аналогам",4,False,1,0,39000.0,0.0,1,0,0.0,1695.6521739130435,0.043478260869565216,0,0.73986708717168,0.0,0.0,1,0.0,0,,"{""betweenness"": 0.055, ""degree"": 0.032, ""n_seed_upstream"": 0.058, ""role"": 0.121, ""seed_flow_kzt"": 0.139, ""temporal"": 0.032}"
100000003134550100,terminal,0.7579578647764649,6,0.31380948317547,"4-е колено, исходящие не наблюдались; вероятно конечный, P=0.76 — оценка по аналогам",4,False,1,0,100000.0,0.0,1,0,0.0,0.8454107090035347,8.454107090035347e-06,0,0.7579578647764649,0.0,0.0,1,0.0,0,,"{""betweenness"": 0.055, ""degree"": 0.032, ""n_seed_upstream"": 0.058, ""role"": 0.121, ""seed_flow_kzt"": 0.009, ""temporal"": 0.032}"
100000001957974100,terminal,0.793205001257422,12,0.35749921779446475,"4-е колено, исходящие не наблюдались; вероятно конечный, P=0.79 — оценка по аналогам",4,False,1,0,500000.0,0.0,1,0,0.0,51.90454711449661,0.00010380909422899321,0,0.793205001257422,0.0,0.0,1,0.0,0,,"{""betweenness"": 0.055, ""degree"": 0.032, ""n_seed_upstream"": 0.058, ""role"": 0.121, ""seed_flow_kzt"": 0.052, ""temporal"": 0.032}"
100000001246806100,terminal,0.7653976333771078,6,0.38008362488266917,"4-е колено, исходящие не наблюдались; вероятно конечный, P=0.77 — оценка по аналогам",4,False,1,0,130000.0,0.0,1,0,0.0,126.21411090783131,0.000970877776214087,0,0.7653976333771078,0.0,0.0,1,0.0,0,,"{""betweenness"": 0.055, ""degree"": 0.032, ""n_seed_upstream"": 0.058, ""role"": 0.121, ""seed_flow_kzt"": 0.074, ""temporal"": 0.032}"
100000003622955100,terminal,0.7070202160748241,3,0.46843018460050617,"4-е колено, исходящие не наблюдались; вероятно конечный, P=0.71 — оценка по аналогам",4,False,1,0,15000.0,0.0,1,0,0.0,5898.867522538375,0.39325783483589166,0,0.7070202160748241,0.0,0.0,1,0.0,0,,"{""betweenness"": 0.055, ""degree"": 0.032, ""n_seed_upstream"": 0.058, ""role"": 0.121, ""seed_flow_kzt"": 0.16, ""temporal"": 0.032}"
100000003692843100,terminal,0.5706671209498458,2,0.42974656540660455,"4-е колено, исходящие не наблюдались; вероятно конечный, P=0.57 — оценка по аналогам",4,False,1,0,510000.0,0.0,2,0,0.0,722.4341059239855,0.00141653746259605,0,0.5706671209498458,0.0,0.0,1,0.0,0,,"{""betweenness"": 0.055, ""degree"": 0.032, ""n_seed_upstream"": 0.058, ""role"": 0.121, ""seed_flow_kzt"": 0.122, ""temporal"": 0.032}"
100000008629504100,terminal,0.7221812924447336,1,0.31961202605455524,"4-е колено, исходящие не наблюдались; вероятно конечный, P=0.72 — оценка по аналогам",4,False,1,0,20000.0,0.0,1,0,0.0,4.898950101272247,0.0002449475050636123,0,0.7221812924447336,0.0,0.0,1,0.0,0,,"{""betweenness"": 0.055, ""degree"": 0.032, ""n_seed_upstream"": 0.058, ""role"": 0.121, ""seed_flow_kzt"": 0.015, ""temporal"": 0.032}"
100000005621418100,terminal,0.7264294199226095,28,0.3266092101146286,"4-е колено, исходящие не наблюдались; вероятно конечный, P=0.73 — оценка по аналогам",4,False,1,0,30000.0,0.0,1,0,0.0,9.68155768980953,0.0003227185896603177,0,0.7264294199226095,0.0,0.0,1,0.0,0,,"{""betweenness"": 0.055, ""degree"": 0.032, ""n_seed_upstream"": 0.058, ""role"": 0.121, ""seed_flow_kzt"": 0.021, ""temporal"": 0.032}"
100000004167082100,terminal,0.7041724334613443,3,0.3803680632590949,"4-е колено, исходящие не наблюдались; вероятно конечный, P=0.70 — оценка по аналогам",4,False,1,0,13300.0,0.0,1,0,0.0,127.5604104675901,0.009591008305833842,0,0.7041724334613443,0.0,0.0,1,0.0,0,,"{""betweenness"": 0.055, ""degree"": 0.032, ""n_seed_upstream"": 0.058, ""role"": 0.121, ""seed_flow_kzt"": 0.074, ""temporal"": 0.032}"
100000004379306100,terminal,0.7132939001290018,1,0.3717211366157522,"4-е колено, исходящие не наблюдались; вероятно конечный, P=0.71 — оценка по аналогам",4,False,1,0,15000.0,0.0,1,0,0.0,99.77255565947492,0.006651503710631662,0,0.7132939001290018,0.0,0.0,1,0.0,0,,"{""betweenness"": 0.055, ""degree"": 0.032, ""n_seed_upstream"": 0.058, ""role"": 0.121, ""seed_flow_kzt"": 0.066, ""temporal"": 0.032}"
100000004856746100,terminal,0.7304430135197061,21,0.39561396023551487,"4-е колено, исходящие не наблюдались; вероятно конечный, P=0.73 — оценка по аналогам",4,False,1,0,20000.0,0.0,1,0,0.0,214.5424263442933,0.010727121317214665,0,0.7304430135197061,0.0,0.0,1,0.0,0,,"{""betweenness"": 0.055, ""degree"": 0.032, ""n_seed_upstream"": 0.058, ""role"": 0.121, ""seed_flow_kzt"": 0.089, ""temporal"": 0.032}"
100000004891562100,terminal,0.7535465180851958,22,0.3197258014051256,"4-е колено, исходящие не наблюдались; вероятно конечный, P=0.75 — оценка по аналогам",4,False,1,0,103400.0,0.0,1,0,0.0,5.003002955869006,4.8384941546121915e-05,0,0.7535465180851958,0.0,0.0,1,0.0,0,,"{""betweenness"": 0.055, ""degree"": 0.032, ""n_seed_upstream"": 0.058, ""role"": 0.121, ""seed_flow_kzt"": 0.015, ""temporal"": 0.032}"
100000007042175100,terminal,0.7450168939817319,13,0.3779787808971186,"4-е колено, исходящие не наблюдались; вероятно конечный, P=0.75 — оценка по аналогам",4,False,1,0,60000.0,0.0,1,0,0.0,118.98359241320092,0.0019830598735533487,0,0.7450168939817319,0.0,0.0,1,0.0,0,,"{""betweenness"": 0.055, ""degree"": 0.032, ""n_seed_upstream"": 0.058, ""role"": 0.121, ""seed_flow_kzt"": 0.072, ""temporal"": 0.032}"
100000002670463100,terminal,0.7373071930136761,22,0.31506101203174325,"4-е колено, исходящие не наблюдались; вероятно конечный, P=0.74 — оценка по аналогам",4,False,1,0,31500.0,0.0,1,0,0.0,1.52412565870284,4.838494154612191e-05,0,0.7373071930136761,0.0,0.0,1,0.0,0,,"{""betweenness"": 0.055, ""degree"": 0.032, ""n_seed_upstream"": 0.058, ""role"": 0.121, ""seed_flow_kzt"": 0.01, ""temporal"": 0.032}"
100000005567828100,terminal,0.7632327877213934,7,0.39629661233893665,"4-е колено, исходящие не наблюдались; вероятно конечный, P=0.76 — оценка по аналогам",4,False,1,0,94000.0,0.0,1,0,0.0,221.89398494506938,0.00236057430792627,0,0.7632327877213934,0.0,0.0,1,0.0,0,,"{""betweenness"": 0.055, ""degree"": 0.032, ""n_seed_upstream"": 0.058, ""role"": 0.121, ""seed_flow_kzt"": 0.09, ""temporal"": 0.032}"
100000004200745100,frontier,0.6408836857383202,11,0.3965469181101913,"4-е колено, обрыв обхода; вероятно передаёт дальше, P(конечный)=0.36 — оценка по аналогам",4,False,1,0,130000.0,0.0,4,0,0.0,5157.6532407606755,0.03967425569815904,0,0.3591163142616797,0.0,0.0,1,0.0,0,,"{""betweenness"": 0.055, ""degree"": 0.032, ""n_seed_upstream"": 0.058, ""role"": 0.053, ""seed_flow_kzt"": 0.157, ""temporal"": 0.032}"
100000003989033100,frontier,0.855559984357617,15,0.3427539323605541,"4-е колено, обрыв обхода; вероятно передаёт дальше, P(конечный)=0.14 — оценка по аналогам",4,False,1,0,373400.0,0.0,13,0,0.0,246.19520130840988,0.00065933369391647,0,0.14444001564238299,0.0,0.0,1,0.07692307692307693,0,near_threshold,"{""betweenness"": 0.055, ""degree"": 0.032, ""n_seed_upstream"": 0.058, ""role"": 0.053, ""seed_flow_kzt"": 0.094, ""temporal"": 0.043}"
100000005146665100,terminal,0.6946675052410882,12,0.32447592229143557,"4-е колено, исходящие не наблюдались; вероятно конечный, P=0.69 — оценка по аналогам",4,False,1,0,5500.0,0.0,1,0,0.0,0.21539728066645641,3.916314193935571e-05,0,0.6946675052410882,0.0,0.0,1,1.0,0,near_threshold,"{""betweenness"": 0.055, ""degree"": 0.032, ""n_seed_upstream"": 0.058, ""role"": 0.121, ""seed_flow_kzt"": 0.005, ""temporal"": 0.047}"
100000003096787100,terminal,0.715369168796659,7,0.3520380009670904,"4-е колено, исходящие не наблюдались; вероятно конечный, P=0.72 — оценка по аналогам",4,False,1,0,16400.0,0.0,1,0,0.0,38.71341864999083,0.00236057430792627,0,0.715369168796659,0.0,0.0,1,0.0,0,,"{""betweenness"": 0.055, ""degree"": 0.032, ""n_seed_upstream"": 0.058, ""role"": 0.121, ""seed_flow_kzt"": 0.046, ""temporal"": 0.032}"
100000003074515100,terminal,0.756943235765779,6,0.36466706488039363,"4-е колено, исходящие не наблюдались; вероятно конечный, P=0.76 — оценка по аналогам",4,False,1,0,105000.0,0.0,1,0,0.0,69.54879424191937,0.0006623694689706606,0,0.756943235765779,0.0,0.0,1,0.0,0,,"{""betweenness"": 0.055, ""degree"": 0.032, ""n_seed_upstream"": 0.058, ""role"": 0.121, ""seed_flow_kzt"": 0.059, ""temporal"": 0.032}"
100000004377043100,terminal,0.6955301677875576,21,0.37681258355377306,"4-е колено, исходящие не наблюдались; вероятно конечный, P=0.70 — оценка по аналогам",4,False,1,0,5700.0,0.0,1,0,0.0,62.93257530464505,0.011040802685025447,0,0.6955301677875576,0.0,0.0,1,1.0,0,near_threshold,"{""betweenness"": 0.055, ""degree"": 0.032, ""n_seed_upstream"": 0.058, ""role"": 0.121, ""seed_flow_kzt"": 0.056, ""temporal"": 0.047}"
100000008680061100,terminal,0.5973304948407013,3,0.37388286827658784,"4-е колено, исходящие не наблюдались; вероятно конечный, P=0.60 — оценка по аналогам",4,False,1,0,41300.0,0.0,2,0,0.0,106.96242574209222,0.0025898892431499326,0,0.5973304948407013,0.0,0.0,1,0.0,0,,"{""betweenness"": 0.055, ""degree"": 0.032, ""n_seed_upstream"": 0.058, ""role"": 0.121, ""seed_flow_kzt"": 0.068, ""temporal"": 0.032}"
100000008471634100,terminal,0.7188333204161018,26,0.39959609750547537,"4-е колено, исходящие не наблюдались; вероятно конечный, P=0.72 — оценка по аналогам",4,False,1,0,20000.0,0.0,1,0,0.0,239.68904912996086,0.011984452456498044,0,0.7188333204161018,0.0,0.0,1,0.0,0,,"{""betweenness"": 0.055, ""degree"": 0.032, ""n_seed_upstream"": 0.058, ""role"": 0.121, ""seed_flow_kzt"": 0.093, ""temporal"": 0.032}"
100000002119762100,frontier,0.6374014595224604,8,0.2971755269220923,"4-е колено, обрыв обхода; вероятно передаёт дальше, P(конечный)=0.36 — оценка по аналогам",4,False,1,0,77000.0,0.0,6,0,0.0,40.642309411011865,0.0005278222001430113,0,0.36259854047753953,0.0,0.0,1,0.3333333333333333,0,near_threshold,"{""betweenness"": 0.055, ""degree"": 0.032, ""n_seed_upstream"": 0.058, ""role"": 0.053, ""seed_flow_kzt"": 0.047, ""temporal"": 0.045}"
100000008628818100,terminal,0.7472983730223707,7,0.37502062178229084,"4-е колено, исходящие не наблюдались; вероятно конечный, P=0.75 — оценка по аналогам",4,False,1,0,46310.0,0.0,1,0,0.0,109.31819620006556,0.00236057430792627,0,0.7472983730223707,0.0,0.0,1,0.0,0,,"{""betweenness"": 0.055, ""degree"": 0.032, ""n_seed_upstream"": 0.058, ""role"": 0.121, ""seed_flow_kzt"": 0.069, ""temporal"": 0.032}"
100000007510567100,terminal,0.7419061357806537,7,0.3786614330005404,"4-е колено, исходящие не наблюдались; вероятно конечный, P=0.74 — оценка по аналогам",4,False,1,0,52000.0,0.0,1,0,0.0,122.74986401216603,0.00236057430792627,0,0.7419061357806537,0.0,0.0,1,0.0,0,,"{""betweenness"": 0.055, ""degree"": 0.032, ""n_seed_upstream"": 0.058, ""role"": 0.121, ""seed_flow_kzt"": 0.072, ""temporal"": 0.032}"
100000004780327100,terminal,0.7148903382177842,22,0.3122166282674858,"4-е колено, исходящие не наблюдались; вероятно конечный, P=0.71 — оценка по аналогам",4,False,1,0,12000.0,0.0,1,0,0.0,0.580619298553463,4.8384941546121915e-05,0,0.7148903382177842,0.0,0.0,1,0.0,0,,"{""betweenness"": 0.055, ""degree"": 0.032, ""n_seed_upstream"": 0.058, ""role"": 0.121, ""seed_flow_kzt"": 0.007, ""temporal"": 0.032}"
100000008376785100,terminal,0.6249837702831508,8,0.3829280086469266,"4-е колено, исходящие не наблюдались; вероятно конечный, P=0.62 — оценка по аналогам",4,False,1,0,234250.0,0.0,2,0,0.0,139.4987502430907,0.0005955122742501204,0,0.6249837702831508,0.0,0.0,1,0.0,0,,"{""betweenness"": 0.055, ""degree"": 0.032, ""n_seed_upstream"": 0.058, ""role"": 0.121, ""seed_flow_kzt"": 0.076, ""temporal"": 0.032}"
100000005745873100,terminal,0.7733605328714426,13,0.31471968598003236,"4-е колено, исходящие не наблюдались; вероятно конечный, P=0.77 — оценка по аналогам",4,False,1,0,223000.0,0.0,1,0,0.0,1.0277062271207553,4.608548103680517e-06,0,0.7733605328714426,0.0,0.0,1,0.0,0,,"{""betweenness"": 0.055, ""degree"": 0.032, ""n_seed_upstream"": 0.058, ""role"": 0.121, ""seed_flow_kzt"": 0.01, ""temporal"": 0.032}"
100000002594214100,terminal,0.8028117433105663,8,0.37467929573057995,"4-е колено, исходящие не наблюдались; вероятно конечный, P=0.80 — оценка по аналогам",4,False,1,0,1000000.0,0.0,1,0,0.0,108.77522639587185,0.00010877522639587186,0,0.8028117433105663,0.0,0.0,1,0.0,0,,"{""betweenness"": 0.055, ""degree"": 0.032, ""n_seed_upstream"": 0.058, ""role"": 0.121, ""seed_flow_kzt"": 0.068, ""temporal"": 0.032}"
100000001299323100,terminal,0.7652746295674041,6,0.36512216628267485,"4-е колено, исходящие не наблюдались; вероятно конечный, P=0.77 — оценка по аналогам",4,False,1,0,109000.0,0.0,1,0,0.0,72.19827211780202,0.0006623694689706607,0,0.7652746295674041,0.0,0.0,1,0.0,0,,"{""betweenness"": 0.055, ""degree"": 0.032, ""n_seed_upstream"": 0.058, ""role"": 0.121, ""seed_flow_kzt"": 0.059, ""temporal"": 0.032}"
100000003838587100,terminal,0.695594435225867,12,0.32222885911767213,"4-е колено, исходящие не наблюдались; вероятно конечный, P=0.70 — оценка по аналогам",4,False,1,0,6000.0,0.0,1,0,0.0,6.634036687115701,0.0011056727811859502,0,0.695594435225867,0.0,0.0,1,0.0,0,,"{""betweenness"": 0.055, ""degree"": 0.032, ""n_seed_upstream"": 0.058, ""role"": 0.121, ""seed_flow_kzt"": 0.017, ""temporal"": 0.032}"
100000000673915100,terminal,0.7212960681149555,8,0.3144921352788918,"4-е колено, исходящие не наблюдались; вероятно конечный, P=0.72 — оценка по аналогам",4,False,1,0,20200.0,0.0,1,0,0.0,0.9762326512104478,4.832834906982415e-05,0,0.7212960681149555,0.0,0.0,1,0.0,0,,"{""betweenness"": 0.055, ""degree"": 0.032, ""n_seed_upstream"": 0.058, ""role"": 0.121, ""seed_flow_kzt"": 0.01, ""temporal"": 0.032}"
100000003061115100,terminal,0.7371305942437296,1,0.40465910060585375,"4-е колено, исходящие не наблюдались; вероятно конечный, P=0.74 — оценка по аналогам",4,False,1,0,45000.0,0.0,1,0,0.0,290.37795143941185,0.006452843365320263,0,0.7371305942437296,0.0,0.0,1,0.0,0,,"{""betweenness"": 0.055, ""degree"": 0.032, ""n_seed_upstream"": 0.058, ""role"": 0.121, ""seed_flow_kzt"": 0.098, ""temporal"": 0.032}"
100000004326224100,terminal,0.7402505553464391,8,0.3650083909321045,"4-е колено, исходящие не наблюдались; вероятно конечный, P=0.74 — оценка по аналогам",4,False,1,0,60000.0,0.0,1,0,0.0,71.72172249002094,0.0011953620415003489,0,0.7402505553464391,0.0,0.0,1,0.0,0,,"{""betweenness"": 0.055, ""degree"": 0.032, ""n_seed_upstream"": 0.058, ""role"": 0.121, ""seed_flow_kzt"": 0.059, ""temporal"": 0.032}"
100000004988240100,terminal,0.7249524528839514,13,0.3359956765366783,"4-е колено, исходящие не наблюдались; вероятно конечный, P=0.72 — оценка по аналогам",4,False,1,0,20000.0,0.0,1,0,0.0,16.92885162146743,0.0008464425810733715,0,0.7249524528839514,0.0,0.0,1,0.0,0,,"{""betweenness"": 0.055, ""degree"": 0.032, ""n_seed_upstream"": 0.058, ""role"": 0.121, ""seed_flow_kzt"": 0.031, ""temporal"": 0.032}"
100000008525136100,terminal,0.710711478007631,3,0.3453252552834428,"4-е колено, исходящие не наблюдались; вероятно конечный, P=0.71 — оценка по аналогам",4,False,1,0,14100.0,0.0,1,0,0.0,26.69504575370315,0.0018932656562910034,0,0.710711478007631,0.0,0.0,1,0.0,0,,"{""betweenness"": 0.055, ""degree"": 0.032, ""n_seed_upstream"": 0.058, ""role"": 0.121, ""seed_flow_kzt"": 0.04, ""temporal"": 0.032}"
100000001991973100,terminal,0.7274939765544888,22,0.31460591062946214,"4-е колено, исходящие не наблюдались; вероятно конечный, P=0.73 — оценка по аналогам",4,False,1,0,20800.0,0.0,1,0,0.0,1.0064067841593356,4.83849415461219e-05,0,0.7274939765544888,0.0,0.0,1,0.0,0,,"{""betweenness"": 0.055, ""degree"": 0.032, ""n_seed_upstream"": 0.058, ""role"": 0.121, ""seed_flow_kzt"": 0.01, ""temporal"": 0.032}"
100000004569637100,terminal,0.6987659908665392,1,0.3654350484967432,"4-е колено, исходящие не наблюдались; вероятно конечный, P=0.70 — оценка по аналогам",4,False,1,0,5500.0,0.0,1,0,0.0,36.583270408474135,0.006651503710631661,0,0.6987659908665392,0.0,0.0,1,1.0,0,near_threshold,"{""betweenness"": 0.055, ""degree"": 0.032, ""n_seed_upstream"": 0.058, ""role"": 0.121, ""seed_flow_kzt"": 0.045, ""temporal"": 0.047}"
100000008675322100,frontier,0.5271474314507933,8,0.2662741417071991,"4-е колено, обрыв обхода; вероятно передаёт дальше, P(конечный)=0.47 — оценка по аналогам",4,False,1,0,340000.0,0.0,4,0,0.0,16.43163868374021,4.832834906982415e-05,0,0.4728525685492067,0.0,0.0,1,0.0,0,,"{""betweenness"": 0.055, ""degree"": 0.032, ""n_seed_upstream"": 0.058, ""role"": 0.053, ""seed_flow_kzt"": 0.03, ""temporal"": 0.032}"
100000004235471100,terminal,0.7715040809404026,8,0.3714935859146115,"4-е колено, исходящие не наблюдались; вероятно конечный, P=0.77 — оценка по аналогам",4,False,1,0,180000.0,0.0,1,0,0.0,99.18516539349145,0.000551028696630508,0,0.7715040809404026,0.0,0.0,1,0.0,0,,"{""betweenness"": 0.055, ""degree"": 0.032, ""n_seed_upstream"": 0.058, ""role"": 0.121, ""seed_flow_kzt"": 0.065, ""temporal"": 0.032}"
100000003194831100,terminal,0.7001383444163066,15,0.31892937395113347,"4-е колено, исходящие не наблюдались; вероятно конечный, P=0.70 — оценка по аналогам",4,False,1,0,6265.0,0.0,1,0,0.0,4.130725592386685,0.00065933369391647,0,0.7001383444163066,0.0,0.0,1,0.0,0,,"{""betweenness"": 0.055, ""degree"": 0.032, ""n_seed_upstream"": 0.058, ""role"": 0.121, ""seed_flow_kzt"": 0.014, ""temporal"": 0.032}"
100000008588665100,terminal,0.7211674110588191,1,0.4069914952925448,"4-е колено, исходящие не наблюдались; вероятно конечный, P=0.72 — оценка по аналогам",4,False,1,0,25000.0,0.0,1,0,0.0,303.26045559300263,0.012130418223720105,0,0.7211674110588191,0.0,0.0,1,0.0,0,,"{""betweenness"": 0.055, ""degree"": 0.032, ""n_seed_upstream"": 0.058, ""role"": 0.121, ""seed_flow_kzt"": 0.1, ""temporal"": 0.032}"
100000003230329100,terminal,0.7614584363904215,6,0.3653497169838154,"4-е колено, исходящие не наблюдались; вероятно конечный, P=0.76 — оценка по аналогам",4,False,1,0,110000.0,0.0,1,0,0.0,72.86064158677267,0.0006623694689706607,0,0.7614584363904215,0.0,0.0,1,0.0,0,,"{""betweenness"": 0.055, ""degree"": 0.032, ""n_seed_upstream"": 0.058, ""role"": 0.121, ""seed_flow_kzt"": 0.059, ""temporal"": 0.032}"
100000002217806100,terminal,0.5254155456259413,34,0.44401399436812006,"4-е колено, исходящие не наблюдались; вероятно конечный, P=0.53 — оценка по аналогам",4,False,1,0,55000.0,0.0,2,0,0.0,755.5717017208412,0.013737667304015296,0,0.5254155456259413,0.0,0.0,1,0.5,0,near_threshold,"{""betweenness"": 0.055, ""degree"": 0.032, ""n_seed_upstream"": 0.058, ""role"": 0.121, ""seed_flow_kzt"": 0.123, ""temporal"": 0.046}"
100000004041294100,terminal,0.5900688116906231,26,0.3257558949853514,"4-е колено, исходящие не наблюдались; вероятно конечный, P=0.59 — оценка по аналогам",4,False,1,0,17800.0,0.0,2,0,0.0,9.182519371461456,0.0005158718748012054,0,0.5900688116906231,0.0,0.0,1,0.0,0,,"{""betweenness"": 0.055, ""degree"": 0.032, ""n_seed_upstream"": 0.058, ""role"": 0.121, ""seed_flow_kzt"": 0.021, ""temporal"": 0.032}"
100000008583971100,terminal,0.5423486396578333,1,0.37053787296982105,"4-е колено, исходящие не наблюдались; вероятно конечный, P=0.54 — оценка по аналогам",4,False,2,0,51000.0,0.0,2,0,0.0,12.028629088081608,0.00023585547231532564,0,0.5423486396578333,0.0,0.0,1,0.0,0,,"{""betweenness"": 0.055, ""degree"": 0.07, ""n_seed_upstream"": 0.058, ""role"": 0.121, ""seed_flow_kzt"": 0.026, ""temporal"": 0.032}"
100000008251939100,terminal,0.737887378736433,7,0.3734277668743066,"4-е колено, исходящие не наблюдались; вероятно конечный, P=0.74 — оценка по аналогам",4,False,1,0,44360.0,0.0,1,0,0.0,104.71507629960932,0.00236057430792627,0,0.737887378736433,0.0,0.0,1,0.0,0,,"{""betweenness"": 0.055, ""degree"": 0.032, ""n_seed_upstream"": 0.058, ""role"": 0.121, ""seed_flow_kzt"": 0.067, ""temporal"": 0.032}"
100000004049912100,terminal,0.700273290904497,19,0.3659185937366669,"4-е колено, исходящие не наблюдались; вероятно конечный, P=0.70 — оценка по аналогам",4,False,1,0,10000.0,0.0,1,0,0.0,74.18176197065083,0.007418176197065082,0,0.700273290904497,0.0,0.0,1,0.0,0,,"{""betweenness"": 0.055, ""degree"": 0.032, ""n_seed_upstream"": 0.058, ""role"": 0.121, ""seed_flow_kzt"": 0.06, ""temporal"": 0.032}"
100000002227960100,terminal,0.7014351830739685,16,0.38429331285377016,"4-е колено, исходящие не наблюдались; вероятно конечный, P=0.70 — оценка по аналогам",4,False,1,0,10000.0,0.0,1,0,0.0,146.88435872330433,0.014688435872330433,0,0.7014351830739685,0.0,0.0,1,0.0,0,,"{""betweenness"": 0.055, ""degree"": 0.032, ""n_seed_upstream"": 0.058, ""role"": 0.121, ""seed_flow_kzt"": 0.078, ""temporal"": 0.032}"
100000008677368100,terminal,0.7119697070309425,3,0.35010382000739537,"4-е колено, исходящие не наблюдались; вероятно конечный, P=0.71 — оценка по аналогам",4,False,1,0,13500.0,0.0,1,0,0.0,35.19072940330328,0.0026067206965409836,0,0.7119697070309425,0.0,0.0,1,0.0,0,,"{""betweenness"": 0.055, ""degree"": 0.032, ""n_seed_upstream"": 0.058, ""role"": 0.121, ""seed_flow_kzt"": 0.044, ""temporal"": 0.032}"
100000008631800100,terminal,0.718723544246035,22,0.3125579543191967,"4-е колено, исходящие не наблюдались; вероятно конечный, P=0.72 — оценка по аналогам",4,False,1,0,12850.0,0.0,1,0,0.0,0.6217464988676665,4.838494154612191e-05,0,0.718723544246035,0.0,0.0,1,0.0,0,,"{""betweenness"": 0.055, ""degree"": 0.032, ""n_seed_upstream"": 0.058, ""role"": 0.121, ""seed_flow_kzt"": 0.008, ""temporal"": 0.032}"
100000003220685100,terminal,0.7025278932587602,8,0.41376112865147757,"4-е колено, исходящие не наблюдались; вероятно конечный, P=0.70 — оценка по аналогам",4,False,1,0,1306000.0,0.0,2,0,0.0,390.35145146214643,0.00029889085104299113,0,0.7025278932587602,0.0,0.0,1,0.0,0,,"{""betweenness"": 0.055, ""degree"": 0.032, ""n_seed_upstream"": 0.058, ""role"": 0.121, ""seed_flow_kzt"": 0.107, ""temporal"": 0.032}"
100000003072205100,terminal,0.6073721537074325,6,0.3729271553317974,"4-е колено, исходящие не наблюдались; вероятно конечный, P=0.61 — оценка по аналогам",4,False,2,0,163000.0,0.0,2,0,0.0,15.036622865069733,9.224922003110265e-05,0,0.6073721537074325,0.0,0.0,2,0.0,0,,"{""betweenness"": 0.055, ""degree"": 0.07, ""n_seed_upstream"": 0.058, ""role"": 0.121, ""seed_flow_kzt"": 0.029, ""temporal"": 0.032}"
100000001202637100,terminal,0.7025944840420262,7,0.3238217140256563,"4-е колено, исходящие не наблюдались; вероятно конечный, P=0.70 — оценка по аналогам",4,False,1,0,10000.0,0.0,1,0,0.0,8.058550873075275,0.0008058550873075275,0,0.7025944840420262,0.0,0.0,1,0.0,0,,"{""betweenness"": 0.055, ""degree"": 0.032, ""n_seed_upstream"": 0.058, ""role"": 0.121, ""seed_flow_kzt"": 0.019, ""temporal"": 0.032}"
100000002835874100,terminal,0.7461201921746846,6,0.35226555166823104,"4-е колено, исходящие не наблюдались; вероятно конечный, P=0.75 — оценка по аналогам",4,False,1,0,58700.0,0.0,1,0,0.0,38.88108782857778,0.0006623694689706607,0,0.7461201921746846,0.0,0.0,1,0.0,0,,"{""betweenness"": 0.055, ""degree"": 0.032, ""n_seed_upstream"": 0.058, ""role"": 0.121, ""seed_flow_kzt"": 0.046, ""temporal"": 0.032}"
100000002707106100,terminal,0.5457055207988072,12,0.3288733395909776,"4-е колено, исходящие не наблюдались; вероятно конечный, P=0.55 — оценка по аналогам",4,False,1,0,15000.0,0.0,2,0,0.0,1.5571364134348982,0.00010380909422899321,0,0.5457055207988072,0.0,0.0,1,0.5,0,near_threshold,"{""betweenness"": 0.055, ""degree"": 0.032, ""n_seed_upstream"": 0.058, ""role"": 0.121, ""seed_flow_kzt"": 0.01, ""temporal"": 0.046}"
100000008343415100,terminal,0.5457369261981531,14,0.4082430241488181,"4-е колено, исходящие не наблюдались; вероятно конечный, P=0.55 — оценка по аналогам",4,False,1,0,100000.0,0.0,3,0,0.0,318.43341093095387,0.003184334109309539,0,0.5457369261981531,0.0,0.0,1,0.0,0,,"{""betweenness"": 0.055, ""degree"": 0.032, ""n_seed_upstream"": 0.058, ""role"": 0.121, ""seed_flow_kzt"": 0.101, ""temporal"": 0.032}"
100000004981068100,terminal,0.7025944840420262,5,0.3745655203800096,"4-е колено, исходящие не наблюдались; вероятно конечный, P=0.70 — оценка по аналогам",4,False,1,0,10000.0,0.0,1,0,0.0,108.3999208765978,0.01083999208765978,0,0.7025944840420262,0.0,0.0,1,0.0,0,,"{""betweenness"": 0.055, ""degree"": 0.032, ""n_seed_upstream"": 0.058, ""role"": 0.121, ""seed_flow_kzt"": 0.068, ""temporal"": 0.032}"
100000004241142100,terminal,0.7263310409959813,13,0.3421395454674744,"4-е колено, исходящие не наблюдались; вероятно конечный, P=0.73 — оценка по аналогам",4,False,1,0,27102.0,0.0,1,0,0.0,22.940286832250518,0.0008464425810733716,0,0.7263310409959813,0.0,0.0,1,0.0,0,,"{""betweenness"": 0.055, ""degree"": 0.032, ""n_seed_upstream"": 0.058, ""role"": 0.121, ""seed_flow_kzt"": 0.037, ""temporal"": 0.032}"
100000008190411100,frontier,0.8551122400589947,29,0.2693290098700117,"4-е колено, обрыв обхода; вероятно передаёт дальше, P(конечный)=0.14 — оценка по аналогам",4,False,1,0,198450.0,0.0,12,0,0.0,9.661380793730551,4.8684206569566896e-05,0,0.1448877599410053,0.0,0.0,1,0.16666666666666666,0,near_threshold,"{""betweenness"": 0.055, ""degree"": 0.032, ""n_seed_upstream"": 0.058, ""role"": 0.053, ""seed_flow_kzt"": 0.021, ""temporal"": 0.044}"
100000008699083100,terminal,0.7818718096801878,6,0.31437835992832147,"4-е колено, исходящие не наблюдались; вероятно конечный, P=0.78 — оценка по аналогам",4,False,1,0,238500.0,0.0,1,0,0.0,0.9614070942141174,4.031056998801331e-06,0,0.7818718096801878,0.0,0.0,1,0.0,0,,"{""betweenness"": 0.055, ""degree"": 0.032, ""n_seed_upstream"": 0.058, ""role"": 0.121, ""seed_flow_kzt"": 0.009, ""temporal"": 0.032}"
100000008136608100,terminal,0.7654148751787463,7,0.4334442643001393,"4-е колено, исходящие не наблюдались; вероятно конечный, P=0.77 — оценка по аналогам",4,False,1,0,170000.0,0.0,1,0,0.0,870.7105027412116,0.00512182648671301,0,0.7654148751787463,0.0,0.0,1,0.0,0,,"{""betweenness"": 0.055, ""degree"": 0.032, ""n_seed_upstream"": 0.058, ""role"": 0.121, ""seed_flow_kzt"": 0.126, ""temporal"": 0.032}"
100000008695157100,frontier,0.5364641160380061,14,0.3063230651079444,"4-е колено, обрыв обхода; вероятно передаёт дальше, P(конечный)=0.46 — оценка по аналогам",4,False,1,0,425546.0,0.0,3,0,0.0,109.80672689116076,0.00025803726716068477,0,0.4635358839619938,0.0,0.0,1,0.0,0,,"{""betweenness"": 0.055, ""degree"": 0.032, ""n_seed_upstream"": 0.058, ""role"": 0.053, ""seed_flow_kzt"": 0.069, ""temporal"": 0.032}"
100000000369781100,terminal,0.6822356115641738,8,0.33585345734846545,"4-е колено, исходящие не наблюдались; вероятно конечный, P=0.68 — оценка по аналогам",4,False,1,0,5000.0,0.0,1,0,0.0,5.976810207501744,0.0011953620415003489,0,0.6822356115641738,0.0,0.0,1,1.0,0,near_threshold,"{""betweenness"": 0.055, ""degree"": 0.032, ""n_seed_upstream"": 0.058, ""role"": 0.121, ""seed_flow_kzt"": 0.016, ""temporal"": 0.047}"
100000003133045100,terminal,0.7450949806030072,29,0.3172227436925789,"4-е колено, исходящие не наблюдались; вероятно конечный, P=0.75 — оценка по аналогам",4,False,1,0,68000.0,0.0,1,0,0.0,3.310526046730549,4.8684206569566896e-05,0,0.7450949806030072,0.0,0.0,1,0.0,0,,"{""betweenness"": 0.055, ""degree"": 0.032, ""n_seed_upstream"": 0.058, ""role"": 0.121, ""seed_flow_kzt"": 0.012, ""temporal"": 0.032}"
100000002474570100,terminal,0.7013392096438329,22,0.3110788747617828,"4-е колено, исходящие не наблюдались; вероятно конечный, P=0.70 — оценка по аналогам",4,False,1,0,6750.0,0.0,1,0,0.0,0.3265983554363229,4.838494154612191e-05,0,0.7013392096438329,0.0,0.0,1,0.0,0,,"{""betweenness"": 0.055, ""degree"": 0.032, ""n_seed_upstream"": 0.058, ""role"": 0.121, ""seed_flow_kzt"": 0.006, ""temporal"": 0.032}"
100000002514975100,terminal,0.7246667840236677,28,0.31830360952299686,"4-е колено, исходящие не наблюдались; вероятно конечный, P=0.72 — оценка по аналогам",4,False,1,0,17920.0,0.0,1,0,0.0,3.7112637810936535,0.00020710177349852978,0,0.7246667840236677,0.0,0.0,1,0.0,0,,"{""betweenness"": 0.055, ""degree"": 0.032, ""n_seed_upstream"": 0.058, ""role"": 0.121, ""seed_flow_kzt"": 0.013, ""temporal"": 0.032}"
100000001089055100,terminal,0.7088044620548161,18,0.37103848451233035,"4-е колено, исходящие не наблюдались; вероятно конечный, P=0.71 — оценка по аналогам",4,False,1,0,13000.0,0.0,1,0,0.0,97.16624031405357,0.007474326178004121,0,0.7088044620548161,0.0,0.0,1,0.0,0,,"{""betweenness"": 0.055, ""degree"": 0.032, ""n_seed_upstream"": 0.058, ""role"": 0.121, ""seed_flow_kzt"": 0.065, ""temporal"": 0.032}"
100000000608031100,terminal,0.735690257186843,18,0.3656910430355263,"4-е колено, исходящие не наблюдались; вероятно конечный, P=0.74 — оценка по аналогам",4,False,1,0,30000.0,0.0,1,0,0.0,73.76480777525576,0.002458826925841859,0,0.735690257186843,0.0,0.0,1,0.0,0,,"{""betweenness"": 0.055, ""degree"": 0.032, ""n_seed_upstream"": 0.058, ""role"": 0.121, ""seed_flow_kzt"": 0.06, ""temporal"": 0.032}"
100000002659103100,terminal,0.7633047830310481,3,0.34282219757089627,"4-е колено, исходящие не наблюдались; вероятно конечный, P=0.76 — оценка по аналогам",4,False,1,0,165000.0,0.0,1,0,0.0,24.24972782808433,0.00014696804744293533,0,0.7633047830310481,0.0,0.0,1,0.0,0,,"{""betweenness"": 0.055, ""degree"": 0.032, ""n_seed_upstream"": 0.058, ""role"": 0.121, ""seed_flow_kzt"": 0.037, ""temporal"": 0.032}"
100000000733940100,terminal,0.6487522403121112,30,0.4019853798674517,"4-е колено, исходящие не наблюдались; вероятно конечный, P=0.65 — оценка по аналогам",4,False,1,0,752000.0,0.0,2,0,0.0,258.89104545051663,0.0003442700072480274,0,0.6487522403121112,0.0,0.0,1,0.0,0,,"{""betweenness"": 0.055, ""degree"": 0.032, ""n_seed_upstream"": 0.058, ""role"": 0.121, ""seed_flow_kzt"": 0.095, ""temporal"": 0.032}"
100000001537524100,terminal,0.7727231949057577,6,0.31244417896862636,"4-е колено, исходящие не наблюдались; вероятно конечный, P=0.77 — оценка по аналогам",4,False,1,0,150000.0,0.0,1,0,0.0,0.6046585498201996,4.031056998801331e-06,0,0.7727231949057577,0.0,0.0,1,0.0,0,,"{""betweenness"": 0.055, ""degree"": 0.032, ""n_seed_upstream"": 0.058, ""role"": 0.121, ""seed_flow_kzt"": 0.008, ""temporal"": 0.032}"
100000002971593100,terminal,0.7347314823183675,8,0.36057115225986286,"4-е колено, исходящие не наблюдались; вероятно конечный, P=0.73 — оценка по аналогам",4,False,1,0,49050.0,0.0,1,0,0.0,58.63250813559211,0.0011953620415003489,0,0.7347314823183675,0.0,0.0,1,0.0,0,,"{""betweenness"": 0.055, ""degree"": 0.032, ""n_seed_upstream"": 0.058, ""role"": 0.121, ""seed_flow_kzt"": 0.055, ""temporal"": 0.032}"
100000006918814100,terminal,0.5580091735894548,3,0.3193844753534147,"4-е колено, исходящие не наблюдались; вероятно конечный, P=0.56 — оценка по аналогам",4,False,1,0,20000.0,0.0,2,0,0.0,4.589935106807613,0.00022949675534038064,0,0.5580091735894548,0.0,0.0,1,0.0,0,,"{""betweenness"": 0.055, ""degree"": 0.032, ""n_seed_upstream"": 0.058, ""role"": 0.121, ""seed_flow_kzt"": 0.014, ""temporal"": 0.032}"
100000007381662100,terminal,0.7168186105844315,5,0.31665386693972747,"4-е колено, исходящие не наблюдались; вероятно конечный, P=0.72 — оценка по аналогам",4,False,1,0,11000.0,0.0,1,0,0.0,2.230728885537115,0.00020279353504882862,0,0.7168186105844315,0.0,0.0,1,0.0,0,,"{""betweenness"": 0.055, ""degree"": 0.032, ""n_seed_upstream"": 0.058, ""role"": 0.121, ""seed_flow_kzt"": 0.012, ""temporal"": 0.032}"
100000003199390100,terminal,0.7768932514213195,8,0.3836675484256335,"4-е колено, исходящие не наблюдались; вероятно конечный, P=0.78 — оценка по аналогам",4,False,1,0,260000.0,0.0,1,0,0.0,143.2674611239321,0.000551028696630508,0,0.7768932514213195,0.0,0.0,1,0.0,0,,"{""betweenness"": 0.055, ""degree"": 0.032, ""n_seed_upstream"": 0.058, ""role"": 0.121, ""seed_flow_kzt"": 0.077, ""temporal"": 0.032}"
100000007749747100,terminal,0.7415806137949087,6,0.3549961600819182,"4-е колено, исходящие не наблюдались; вероятно конечный, P=0.74 — оценка по аналогам",4,False,1,0,50000.0,0.0,1,0,0.0,45.61848275572824,0.0009123696551145647,0,0.7415806137949087,0.0,0.0,1,0.0,0,,"{""betweenness"": 0.055, ""degree"": 0.032, ""n_seed_upstream"": 0.058, ""role"": 0.121, ""seed_flow_kzt"": 0.049, ""temporal"": 0.032}"
100000003447411100,terminal,0.5302127057760949,5,0.3321273146172881,"4-е колено, исходящие не наблюдались; вероятно конечный, P=0.53 — оценка по аналогам",4,False,1,0,302000.0,0.0,3,0,0.0,12.925028613007981,4.279810799009266e-05,0,0.5302127057760949,0.0,0.0,1,0.0,0,,"{""betweenness"": 0.055, ""degree"": 0.032, ""n_seed_upstream"": 0.058, ""role"": 0.121, ""seed_flow_kzt"": 0.027, ""temporal"": 0.032}"
100000000500040100,terminal,0.7288031258267103,5,0.31881559860056313,"4-е колено, исходящие не наблюдались; вероятно конечный, P=0.73 — оценка по аналогам",4,False,1,0,20000.0,0.0,1,0,0.0,4.055870700976572,0.00020279353504882862,0,0.7288031258267103,0.0,0.0,1,0.0,0,,"{""betweenness"": 0.055, ""degree"": 0.032, ""n_seed_upstream"": 0.058, ""role"": 0.121, ""seed_flow_kzt"": 0.014, ""temporal"": 0.032}"
100000008551752100,terminal,0.6667750353242099,13,0.3159712148363057,"4-е колено, исходящие не наблюдались; вероятно конечный, P=0.67 — оценка по аналогам",4,False,1,0,406000.0,0.0,2,0,0.0,1.8710705300942898,4.608548103680517e-06,0,0.6667750353242099,0.0,0.0,1,0.0,0,,"{""betweenness"": 0.055, ""degree"": 0.032, ""n_seed_upstream"": 0.058, ""role"": 0.121, ""seed_flow_kzt"": 0.011, ""temporal"": 0.032}"
100000002876914100,terminal,0.7154547788180284,22,0.3122166282674858,"4-е колено, исходящие не наблюдались; вероятно конечный, P=0.72 — оценка по аналогам",4,False,1,0,12000.0,0.0,1,0,0.0,0.580619298553463,4.8384941546121915e-05,0,0.7154547788180284,0.0,0.0,1,0.0,0,,"{""betweenness"": 0.055, ""degree"": 0.032, ""n_seed_upstream"": 0.058, ""role"": 0.121, ""seed_flow_kzt"": 0.007, ""temporal"": 0.032}"
100000004571634100,terminal,0.7221812924447336,3,0.37206246266746307,"4-е колено, исходящие не наблюдались; вероятно конечный, P=0.72 — оценка по аналогам",4,False,1,0,20000.0,0.0,1,0,0.0,100.8425253998506,0.00504212626999253,0,0.7221812924447336,0.0,0.0,1,0.0,0,,"{""betweenness"": 0.055, ""degree"": 0.032, ""n_seed_upstream"": 0.058, ""role"": 0.121, ""seed_flow_kzt"": 0.066, ""temporal"": 0.032}"
100000004610802100,frontier,0.9039652041500337,3,0.3302045111926501,"4-е колено, обрыв обхода; вероятно передаёт дальше, P(конечный)=0.10 — оценка по аналогам",4,False,1,0,241000.0,0.0,18,0,0.0,155.42628328987243,0.0006449223373023752,0,0.09603479584996637,0.0,0.0,1,0.4444444444444444,0,near_threshold,"{""betweenness"": 0.055, ""degree"": 0.032, ""n_seed_upstream"": 0.058, ""role"": 0.053, ""seed_flow_kzt"": 0.079, ""temporal"": 0.045}"
100000001311175100,terminal,0.7820780709874091,15,0.37092470916176007,"4-е колено, исходящие не наблюдались; вероятно конечный, P=0.78 — оценка по аналогам",4,False,1,0,300000.0,0.0,1,0,0.0,96.22329959285857,0.0003207443319761952,0,0.7820780709874091,0.0,0.0,1,0.0,0,,"{""betweenness"": 0.055, ""degree"": 0.032, ""n_seed_upstream"": 0.058, ""role"": 0.121, ""seed_flow_kzt"": 0.065, ""temporal"": 0.032}"
100000008740295100,terminal,0.7844301172208734,6,0.3934522285746792,"4-е колено, исходящие не наблюдались; вероятно конечный, P=0.78 — оценка по аналогам",4,False,1,0,300000.0,0.0,1,0,0.0,198.7108406911982,0.0006623694689706607,0,0.7844301172208734,0.0,0.0,1,0.0,0,,"{""betweenness"": 0.055, ""degree"": 0.032, ""n_seed_upstream"": 0.058, ""role"": 0.121, ""seed_flow_kzt"": 0.087, ""temporal"": 0.032}"
100000002596039100,terminal,0.7783538981254665,5,0.33144466251386634,"4-е колено, исходящие не наблюдались; вероятно конечный, P=0.78 — оценка по аналогам",4,False,1,0,280000.0,0.0,1,0,0.0,11.983470237225944,4.279810799009266e-05,0,0.7783538981254665,0.0,0.0,1,0.0,0,,"{""betweenness"": 0.055, ""degree"": 0.032, ""n_seed_upstream"": 0.058, ""role"": 0.121, ""seed_flow_kzt"": 0.026, ""temporal"": 0.032}"
100000002126791100,terminal,0.5910169812054341,6,0.43856415507580276,"4-е колено, исходящие не наблюдались; вероятно конечный, P=0.59 — оценка по аналогам",4,False,1,0,1313000.0,0.0,3,0,0.0,1093.1815693921142,0.000832583068843956,0,0.5910169812054341,0.0,0.0,1,0.0,0,,"{""betweenness"": 0.055, ""degree"": 0.032, ""n_seed_upstream"": 0.058, ""role"": 0.121, ""seed_flow_kzt"": 0.131, ""temporal"": 0.032}"
100000005783452100,terminal,0.623242040345141,6,0.39943681201467696,"4-е колено, исходящие не наблюдались; вероятно конечный, P=0.62 — оценка по аналогам",4,False,2,0,286500.0,0.0,2,0,0.0,58.10117046572242,0.00020279640651212012,0,0.623242040345141,0.0,0.0,2,0.0,0,,"{""betweenness"": 0.055, ""degree"": 0.07, ""n_seed_upstream"": 0.058, ""role"": 0.121, ""seed_flow_kzt"": 0.054, ""temporal"": 0.032}"
100000006693788100,terminal,0.7089399711310753,1,0.3577267684956054,"4-е колено, исходящие не наблюдались; вероятно конечный, P=0.71 — оценка по аналогам",4,False,1,0,10764.0,0.0,1,0,0.0,52.204975901193514,0.004849960600259524,0,0.7089399711310753,0.0,0.0,1,0.0,0,,"{""betweenness"": 0.055, ""degree"": 0.032, ""n_seed_upstream"": 0.058, ""role"": 0.121, ""seed_flow_kzt"": 0.052, ""temporal"": 0.032}"
100000002832753100,terminal,0.7067336976370455,2,0.4038057854765764,"4-е колено, исходящие не наблюдались; вероятно конечный, P=0.71 — оценка по аналогам",4,False,1,0,12500.0,0.0,1,0,0.0,280.76236864327694,0.022460989491459155,0,0.7067336976370455,0.0,0.0,1,0.0,0,,"{""betweenness"": 0.055, ""degree"": 0.032, ""n_seed_upstream"": 0.058, ""role"": 0.121, ""seed_flow_kzt"": 0.097, ""temporal"": 0.032}"
100000002981489100,terminal,0.6991088167381916,8,0.32074977956025824,"4-е колено, исходящие не наблюдались; вероятно конечный, P=0.70 — оценка по аналогам",4,False,1,0,10000.0,0.0,1,0,0.0,5.591587629772298,0.0005591587629772298,0,0.6991088167381916,0.0,0.0,1,0.0,0,,"{""betweenness"": 0.055, ""degree"": 0.032, ""n_seed_upstream"": 0.058, ""role"": 0.121, ""seed_flow_kzt"": 0.016, ""temporal"": 0.032}"
100000003084870100,terminal,0.6910531249672945,15,0.31619876553744625,"4-е колено, исходящие не наблюдались; вероятно конечный, P=0.69 — оценка по аналогам",4,False,1,0,6500.0,0.0,1,0,0.0,2.084838157845269,0.0003207443319761952,0,0.6910531249672945,0.0,0.0,1,0.0,0,,"{""betweenness"": 0.055, ""degree"": 0.032, ""n_seed_upstream"": 0.058, ""role"": 0.121, ""seed_flow_kzt"": 0.011, ""temporal"": 0.032}"
100000002791494100,terminal,0.7598485049983875,7,0.39436243137924165,"4-е колено, исходящие не наблюдались; вероятно конечный, P=0.76 — оценка по аналогам",4,False,1,0,85860.0,0.0,1,0,0.0,202.67891007854954,0.00236057430792627,0,0.7598485049983875,0.0,0.0,1,0.0,0,,"{""betweenness"": 0.055, ""degree"": 0.032, ""n_seed_upstream"": 0.058, ""role"": 0.121, ""seed_flow_kzt"": 0.088, ""temporal"": 0.032}"
100000003345947100,frontier,0.628346710275844,14,0.3124669340387405,"4-е колено, обрыв обхода; вероятно передаёт дальше, P(конечный)=0.37 — оценка по аналогам",4,False,1,0,79500.0,0.0,6,0,0.0,132.8625260489245,0.0016712267427537674,0,0.371653289724156,0.0,0.0,1,0.0,0,,"{""betweenness"": 0.055, ""degree"": 0.032, ""n_seed_upstream"": 0.058, ""role"": 0.053, ""seed_flow_kzt"": 0.075, ""temporal"": 0.032}"
100000002733083100,terminal,0.7181114325143498,7,0.35067269676024687,"4-е колено, исходящие не наблюдались; вероятно конечный, P=0.72 — оценка по аналогам",4,False,1,0,15200.0,0.0,1,0,0.0,35.8807294804793,0.00236057430792627,0,0.7181114325143498,0.0,0.0,1,0.0,0,,"{""betweenness"": 0.055, ""degree"": 0.032, ""n_seed_upstream"": 0.058, ""role"": 0.121, ""seed_flow_kzt"": 0.045, ""temporal"": 0.032}"
100000003247600100,terminal,0.7442821678181857,3,0.4062519555138378,"4-е колено, исходящие не наблюдались; вероятно конечный, P=0.74 — оценка по аналогам",4,False,1,0,58000.0,0.0,1,0,0.0,299.15911609546583,0.005157915794749411,0,0.7442821678181857,0.0,0.0,1,0.0,0,,"{""betweenness"": 0.055, ""degree"": 0.032, ""n_seed_upstream"": 0.058, ""role"": 0.121, ""seed_flow_kzt"": 0.099, ""temporal"": 0.032}"
100000001378288100,terminal,0.5308769905578996,14,0.39060784481042177,"4-е колено, исходящие не наблюдались; вероятно конечный, P=0.53 — оценка по аналогам",4,False,1,0,268000.0,0.0,3,0,0.0,180.21195539162358,0.0006724326693717297,0,0.5308769905578996,0.0,0.0,1,0.0,0,,"{""betweenness"": 0.055, ""degree"": 0.032, ""n_seed_upstream"": 0.058, ""role"": 0.121, ""seed_flow_kzt"": 0.084, ""temporal"": 0.032}"
100000002305477100,terminal,0.7232918162476194,16,0.4055124157351309,"4-е колено, исходящие не наблюдались; вероятно конечный, P=0.72 — оценка по аналогам",4,False,1,0,20000.0,0.0,1,0,0.0,293.76871744660866,0.014688435872330433,0,0.7232918162476194,0.0,0.0,1,0.0,0,,"{""betweenness"": 0.055, ""degree"": 0.032, ""n_seed_upstream"": 0.058, ""role"": 0.121, ""seed_flow_kzt"": 0.099, ""temporal"": 0.032}"
100000006638021100,terminal,0.6332900154235107,6,0.41638933924965155,"4-е колено, исходящие не наблюдались; вероятно конечный, P=0.63 — оценка по аналогам",4,False,2,0,388500.0,0.0,2,0,0.0,117.48886632535137,0.00030241664433809873,0,0.6332900154235107,0.0,0.0,2,0.0,0,,"{""betweenness"": 0.055, ""degree"": 0.07, ""n_seed_upstream"": 0.058, ""role"": 0.121, ""seed_flow_kzt"": 0.071, ""temporal"": 0.032}"
100000008517061100,terminal,0.5624141843001568,12,0.392200699718406,"4-е колено, исходящие не наблюдались; вероятно конечный, P=0.56 — оценка по аналогам",4,False,1,0,1844000.0,0.0,4,0,0.0,191.4239697582635,0.00010380909422899321,0,0.5624141843001568,0.0,0.0,1,0.0,0,,"{""betweenness"": 0.055, ""degree"": 0.032, ""n_seed_upstream"": 0.058, ""role"": 0.121, ""seed_flow_kzt"": 0.086, ""temporal"": 0.032}"
100000005910895100,terminal,0.6981209054831784,10,0.4210143072503342,"4-е колено, исходящие не наблюдались; вероятно конечный, P=0.70 — оценка по аналогам",4,False,1,0,5100.0,0.0,1,0,0.0,300.37268873380236,0.05889660561626633,0,0.6981209054831784,0.0,0.0,1,1.0,0,near_threshold,"{""betweenness"": 0.055, ""degree"": 0.032, ""n_seed_upstream"": 0.058, ""role"": 0.121, ""seed_flow_kzt"": 0.1, ""temporal"": 0.047}"
100000002723439100,frontier,0.569493949140222,10,0.33123986688283985,"4-е колено, обрыв обхода; вероятно передаёт дальше, P(конечный)=0.43 — оценка по аналогам",4,False,1,0,18000.0,0.0,2,0,0.0,243.55674656301366,0.013530930358437903,0,0.430506050859778,0.0,0.0,1,0.0,0,,"{""betweenness"": 0.055, ""degree"": 0.032, ""n_seed_upstream"": 0.058, ""role"": 0.053, ""seed_flow_kzt"": 0.093, ""temporal"": 0.032}"
100000002320495100,terminal,0.7085940913559424,8,0.3570441163921836,"4-е колено, исходящие не наблюдались; вероятно конечный, P=0.71 — оценка по аналогам",4,False,1,0,13526.27,0.0,1,0,0.0,50.85646239459963,0.003759829013807918,0,0.7085940913559424,0.0,0.0,1,0.0,0,,"{""betweenness"": 0.055, ""degree"": 0.032, ""n_seed_upstream"": 0.058, ""role"": 0.121, ""seed_flow_kzt"": 0.051, ""temporal"": 0.032}"
100000002229615100,terminal,0.7228359115525558,16,0.442432516995193,"4-е колено, исходящие не наблюдались; вероятно конечный, P=0.72 — оценка по аналогам",4,False,1,0,25000.0,0.0,1,0,0.0,1343.9645137055693,0.05375858054822277,0,0.7228359115525558,0.0,0.0,1,0.0,0,,"{""betweenness"": 0.055, ""degree"": 0.032, ""n_seed_upstream"": 0.058, ""role"": 0.121, ""seed_flow_kzt"": 0.135, ""temporal"": 0.032}"
100000008327791100,terminal,0.7156923193647604,18,0.3684785391244986,"4-е колено, исходящие не наблюдались; вероятно конечный, P=0.72 — оценка по аналогам",4,False,1,0,11000.0,0.0,1,0,0.0,83.94159693730191,0.007631054267027446,0,0.7156923193647604,0.0,0.0,1,0.0,0,,"{""betweenness"": 0.055, ""degree"": 0.032, ""n_seed_upstream"": 0.058, ""role"": 0.121, ""seed_flow_kzt"": 0.062, ""temporal"": 0.032}"
100000002208836100,terminal,0.7628376391189575,8,0.3729726654720254,"4-е колено, исходящие не наблюдались; вероятно конечный, P=0.76 — оценка по аналогам",4,False,1,0,90000.0,0.0,1,0,0.0,103.55750480609646,0.0011506389422899607,0,0.7628376391189575,0.0,0.0,1,0.0,0,,"{""betweenness"": 0.055, ""degree"": 0.032, ""n_seed_upstream"": 0.058, ""role"": 0.121, ""seed_flow_kzt"": 0.067, ""temporal"": 0.032}"
100000001724740100,frontier,0.5026897860394954,6,0.341217965127855,"4-е колено, обрыв обхода; вероятно передаёт дальше, P(конечный)=0.50 — оценка по аналогам",4,False,1,0,185000.0,0.0,4,0,0.0,226.93350344527212,0.0012266675861906601,0,0.4973102139605045,0.0,0.0,1,0.25,0,near_threshold,"{""betweenness"": 0.055, ""degree"": 0.032, ""n_seed_upstream"": 0.058, ""role"": 0.053, ""seed_flow_kzt"": 0.091, ""temporal"": 0.045}"
100000004386286100,terminal,0.71864745087803,11,0.47218477116932606,"4-е колено, исходящие не наблюдались; вероятно конечный, P=0.72 — оценка по аналогам",4,False,1,0,12500.0,0.0,1,0,0.0,6942.994747177833,0.5554395797742266,0,0.71864745087803,0.0,0.0,1,0.0,0,,"{""betweenness"": 0.055, ""degree"": 0.032, ""n_seed_upstream"": 0.058, ""role"": 0.121, ""seed_flow_kzt"": 0.164, ""temporal"": 0.032}"
100000001714883100,terminal,0.704754569666846,22,0.31119265011235314,"4-е колено, исходящие не наблюдались; вероятно конечный, P=0.70 — оценка по аналогам",4,False,1,0,6900.0,0.0,1,0,0.0,0.3338560966682412,4.838494154612191e-05,0,0.704754569666846,0.0,0.0,1,0.0,0,,"{""betweenness"": 0.055, ""degree"": 0.032, ""n_seed_upstream"": 0.058, ""role"": 0.121, ""seed_flow_kzt"": 0.006, ""temporal"": 0.032}"
100000008337304100,terminal,0.6463511695244518,1,0.37046960775947885,"4-е колено, исходящие не наблюдались; вероятно конечный, P=0.65 — оценка по аналогам",4,False,1,0,105465.0,0.0,2,0,0.0,95.31734168358683,0.000903781744498998,0,0.6463511695244518,0.0,0.0,1,0.0,0,,"{""betweenness"": 0.055, ""degree"": 0.032, ""n_seed_upstream"": 0.058, ""role"": 0.121, ""seed_flow_kzt"": 0.064, ""temporal"": 0.032}"
100000000655469100,terminal,0.5700187006698201,16,0.3892425406035782,"4-е колено, исходящие не наблюдались; вероятно конечный, P=0.57 — оценка по аналогам",4,False,1,0,20000.0,0.0,2,0,0.0,172.1780948749026,0.00860890474374513,0,0.5700187006698201,0.0,0.0,1,0.0,0,,"{""betweenness"": 0.055, ""degree"": 0.032, ""n_seed_upstream"": 0.058, ""role"": 0.121, ""seed_flow_kzt"": 0.083, ""temporal"": 0.032}"
100000008722541100,frontier,0.5623427220225994,8,0.31656284665927126,"4-е колено, обрыв обхода; вероятно передаёт дальше, P(конечный)=0.44 — оценка по аналогам",4,False,1,0,280000.0,0.0,4,0,0.0,154.28803505654224,0.000551028696630508,0,0.43765727797740056,0.0,0.0,1,0.0,0,,"{""betweenness"": 0.055, ""degree"": 0.032, ""n_seed_upstream"": 0.058, ""role"": 0.053, ""seed_flow_kzt"": 0.079, ""temporal"": 0.032}"
100000004222274100,terminal,0.7235778307173765,1,0.33167221321500695,"4-е колено, исходящие не наблюдались; вероятно конечный, P=0.72 — оценка по аналогам",4,False,1,0,15500.0,0.0,1,0,0.0,12.134065665045538,0.0007828429461319703,0,0.7235778307173765,0.0,0.0,1,0.0,0,,"{""betweenness"": 0.055, ""degree"": 0.032, ""n_seed_upstream"": 0.058, ""role"": 0.121, ""seed_flow_kzt"": 0.026, ""temporal"": 0.032}"
100000006232642100,frontier,0.5091968322171094,8,0.34523423500298656,"4-е колено, обрыв обхода; вероятно передаёт дальше, P(конечный)=0.49 — оценка по аналогам",4,False,1,0,456000.0,0.0,4,0,0.0,401.9675850711455,0.0008815078619981261,0,0.4908031677828905,0.0,0.0,1,0.0,0,,"{""betweenness"": 0.055, ""degree"": 0.032, ""n_seed_upstream"": 0.058, ""role"": 0.053, ""seed_flow_kzt"": 0.107, ""temporal"": 0.032}"
100000004066370100,terminal,0.6149599723397354,31,0.46990926415792006,"4-е колено, исходящие не наблюдались; вероятно конечный, P=0.61 — оценка по аналогам",4,False,1,0,65000.0,0.0,2,0,0.0,6315.028901734105,0.0971542907959093,0,0.6149599723397354,0.0,0.0,1,0.0,0,,"{""betweenness"": 0.055, ""degree"": 0.032, ""n_seed_upstream"": 0.058, ""role"": 0.121, ""seed_flow_kzt"": 0.161, ""temporal"": 0.032}"
100000005685783100,terminal,0.7353401764495703,9,0.33696276701652583,"4-е колено, исходящие не наблюдались; вероятно конечный, P=0.74 — оценка по аналогам",4,False,1,0,26150.0,0.0,1,0,0.0,17.376875881696545,0.0006645076819004415,0,0.7353401764495703,0.0,0.0,1,0.0,0,,"{""betweenness"": 0.055, ""degree"": 0.032, ""n_seed_upstream"": 0.058, ""role"": 0.121, ""seed_flow_kzt"": 0.032, ""temporal"": 0.032}"
100000006171671100,terminal,0.7008545603169456,13,0.3249025798560741,"4-е колено, исходящие не наблюдались; вероятно конечный, P=0.70 — оценка по аналогам",4,False,1,0,10000.0,0.0,1,0,0.0,8.464425810733715,0.0008464425810733715,0,0.7008545603169456,0.0,0.0,1,0.0,0,,"{""betweenness"": 0.055, ""degree"": 0.032, ""n_seed_upstream"": 0.058, ""role"": 0.121, ""seed_flow_kzt"": 0.02, ""temporal"": 0.032}"
100000003481025100,terminal,0.698914433499496,1,0.32057911653440274,"4-е колено, исходящие не наблюдались; вероятно конечный, P=0.70 — оценка по аналогам",4,False,1,0,9000.0,0.0,1,0,0.0,5.479900622923791,0.0006088778469915324,0,0.698914433499496,0.0,0.0,1,0.0,0,,"{""betweenness"": 0.055, ""degree"": 0.032, ""n_seed_upstream"": 0.058, ""role"": 0.121, ""seed_flow_kzt"": 0.016, ""temporal"": 0.032}"
100000003646145100,terminal,0.680430756019908,3,0.4447364678442415,"4-е колено, исходящие не наблюдались; вероятно конечный, P=0.68 — оценка по аналогам",4,False,1,0,5000.0,0.0,1,0,0.0,744.517979865358,0.1489035959730716,0,0.680430756019908,0.0,0.0,1,1.0,0,near_threshold,"{""betweenness"": 0.055, ""degree"": 0.032, ""n_seed_upstream"": 0.058, ""role"": 0.121, ""seed_flow_kzt"": 0.123, ""temporal"": 0.047}"
100000002659265100,terminal,0.7700134175354068,6,0.3132406064226185,"4-е колено, исходящие не наблюдались; вероятно конечный, P=0.77 — оценка по аналогам",4,False,1,0,141000.0,0.0,1,0,0.0,0.7293109053777143,5.1724177686362716e-06,0,0.7700134175354068,0.0,0.0,1,0.0,0,,"{""betweenness"": 0.055, ""degree"": 0.032, ""n_seed_upstream"": 0.058, ""role"": 0.121, ""seed_flow_kzt"": 0.008, ""temporal"": 0.032}"
100000003289281100,terminal,0.7425466587007725,1,0.4413516511647751,"4-е колено, исходящие не наблюдались; вероятно конечный, P=0.74 — оценка по аналогам",4,False,1,0,40000.0,0.0,1,0,0.0,1256.4666034624188,0.03141166508656047,0,0.7425466587007725,0.0,0.0,1,0.0,0,,"{""betweenness"": 0.055, ""degree"": 0.032, ""n_seed_upstream"": 0.058, ""role"": 0.121, ""seed_flow_kzt"": 0.134, ""temporal"": 0.032}"
100000004840086100,terminal,0.6411475939117992,1,0.4195067838552777,"4-е колено, исходящие не наблюдались; вероятно конечный, P=0.64 — оценка по аналогам",4,False,1,0,100000.0,0.0,2,0,0.0,484.9960600259524,0.004849960600259524,0,0.6411475939117992,0.0,0.0,1,0.0,0,,"{""betweenness"": 0.055, ""degree"": 0.032, ""n_seed_upstream"": 0.058, ""role"": 0.121, ""seed_flow_kzt"": 0.112, ""temporal"": 0.032}"
100000008554390100,terminal,0.7184576459061748,22,0.3127855050203373,"4-е колено, исходящие не наблюдались; вероятно конечный, P=0.72 — оценка по аналогам",4,False,1,0,14000.0,0.0,1,0,0.0,0.6773891816457067,4.838494154612191e-05,0,0.7184576459061748,0.0,0.0,1,0.0,0,,"{""betweenness"": 0.055, ""degree"": 0.032, ""n_seed_upstream"": 0.058, ""role"": 0.121, ""seed_flow_kzt"": 0.008, ""temporal"": 0.032}"
100000004691350100,terminal,0.7064760872170833,1,0.4043746622294279,"4-е колено, исходящие не наблюдались; вероятно конечный, P=0.71 — оценка по аналогам",4,False,1,0,13300.0,0.0,1,0,0.0,286.6203861742778,0.02155040497550961,0,0.7064760872170833,0.0,0.0,1,0.0,0,,"{""betweenness"": 0.055, ""degree"": 0.032, ""n_seed_upstream"": 0.058, ""role"": 0.121, ""seed_flow_kzt"": 0.097, ""temporal"": 0.032}"
100000004652395100,frontier,0.6747737307077812,3,0.3939073299769605,"4-е колено, обрыв обхода; вероятно передаёт дальше, P(конечный)=0.33 — оценка по аналогам",4,False,3,0,101528.0,0.0,5,0,0.0,162.95963897062288,0.0016050709062585974,0,0.3252262692922188,0.0,0.0,3,0.0,0,sync_in,"{""betweenness"": 0.055, ""degree"": 0.081, ""n_seed_upstream"": 0.058, ""role"": 0.053, ""seed_flow_kzt"": 0.08, ""temporal"": 0.057}"
100000004979264100,terminal,0.7403122617977894,6,0.3509002474613874,"4-е колено, исходящие не наблюдались; вероятно конечный, P=0.74 — оценка по аналогам",4,False,1,0,39800.0,0.0,1,0,0.0,36.31231227355968,0.0009123696551145647,0,0.7403122617977894,0.0,0.0,1,0.0,0,,"{""betweenness"": 0.055, ""degree"": 0.032, ""n_seed_upstream"": 0.058, ""role"": 0.121, ""seed_flow_kzt"": 0.045, ""temporal"": 0.032}"
100000008074304100,terminal,0.6839869302946989,8,0.33619478340017633,"4-е колено, исходящие не наблюдались; вероятно конечный, P=0.68 — оценка по аналогам",4,False,1,0,5500.0,0.0,1,0,0.0,6.574491228251919,0.0011953620415003489,0,0.6839869302946989,0.0,0.0,1,1.0,0,near_threshold,"{""betweenness"": 0.055, ""degree"": 0.032, ""n_seed_upstream"": 0.058, ""role"": 0.121, ""seed_flow_kzt"": 0.017, ""temporal"": 0.047}"
100000002227989100,terminal,0.7260561014145006,16,0.4181414796484341,"4-е колено, исходящие не наблюдались; вероятно конечный, P=0.73 — оценка по аналогам",4,False,1,0,20000.0,0.0,1,0,0.0,451.33557498615335,0.022566778749307667,0,0.7260561014145006,0.0,0.0,1,0.0,0,,"{""betweenness"": 0.055, ""degree"": 0.032, ""n_seed_upstream"": 0.058, ""role"": 0.121, ""seed_flow_kzt"": 0.111, ""temporal"": 0.032}"
100000003207060100,terminal,0.7385940604257328,1,0.4263333048894956,"4-е колено, исходящие не наблюдались; вероятно конечный, P=0.74 — оценка по аналогам",4,False,1,0,53000.0,0.0,1,0,0.0,642.9121658571656,0.012130418223720107,0,0.7385940604257328,0.0,0.0,1,0.0,0,,"{""betweenness"": 0.055, ""degree"": 0.032, ""n_seed_upstream"": 0.058, ""role"": 0.121, ""seed_flow_kzt"": 0.119, ""temporal"": 0.032}"
100000004601193100,frontier,0.5143470378561761,3,0.34233296356344395,"4-е колено, обрыв обхода; вероятно передаёт дальше, P(конечный)=0.49 — оценка по аналогам",4,False,1,0,84000.0,0.0,3,0,0.0,352.9488388994771,0.004201771891660442,0,0.4856529621438239,0.0,0.0,1,0.0,0,,"{""betweenness"": 0.055, ""degree"": 0.032, ""n_seed_upstream"": 0.058, ""role"": 0.053, ""seed_flow_kzt"": 0.104, ""temporal"": 0.032}"
100000004991593100,terminal,0.602255366256993,3,0.34168444406519327,"4-е колено, исходящие не наблюдались; вероятно конечный, P=0.60 — оценка по аналогам",4,False,1,0,45000.0,0.0,2,0,0.0,22.258563705040622,0.0004946347490009027,0,0.602255366256993,0.0,0.0,1,0.0,0,,"{""betweenness"": 0.055, ""degree"": 0.032, ""n_seed_upstream"": 0.058, ""role"": 0.121, ""seed_flow_kzt"": 0.036, ""temporal"": 0.032}"
100000003128638100,terminal,0.785832482496647,6,0.3151747873823136,"4-е колено, исходящие не наблюдались; вероятно конечный, P=0.79 — оценка по аналогам",4,False,1,0,300000.0,0.0,1,0,0.0,1.5517253305908814,5.1724177686362716e-06,0,0.785832482496647,0.0,0.0,1,0.0,0,,"{""betweenness"": 0.055, ""degree"": 0.032, ""n_seed_upstream"": 0.058, ""role"": 0.121, ""seed_flow_kzt"": 0.01, ""temporal"": 0.032}"
100000005878334100,terminal,0.5334524229527785,14,0.40016497425832687,"4-е колено, исходящие не наблюдались; вероятно конечный, P=0.53 — оценка по аналогам",4,False,1,0,76400.0,0.0,2,0,0.0,243.28312595124876,0.003184334109309539,0,0.5334524229527785,0.0,0.0,1,0.0,0,,"{""betweenness"": 0.055, ""degree"": 0.032, ""n_seed_upstream"": 0.058, ""role"": 0.121, ""seed_flow_kzt"": 0.093, ""temporal"": 0.032}"
100000002878483100,terminal,0.6985200837130116,22,0.31090821173592736,"4-е колено, исходящие не наблюдались; вероятно конечный, P=0.70 — оценка по аналогам",4,False,1,0,6000.0,0.0,1,0,0.0,0.2903096492767315,4.8384941546121915e-05,0,0.6985200837130116,0.0,0.0,1,0.0,0,,"{""betweenness"": 0.055, ""degree"": 0.032, ""n_seed_upstream"": 0.058, ""role"": 0.121, ""seed_flow_kzt"": 0.006, ""temporal"": 0.032}"
100000000981693100,terminal,0.7227854473595393,13,0.32558523195949596,"4-е колено, исходящие не наблюдались; вероятно конечный, P=0.72 — оценка по аналогам",4,False,1,0,16500.0,0.0,1,0,0.0,8.743751862487928,0.0005299243553022986,0,0.7227854473595393,0.0,0.0,1,0.0,0,,"{""betweenness"": 0.055, ""degree"": 0.032, ""n_seed_upstream"": 0.058, ""role"": 0.121, ""seed_flow_kzt"": 0.02, ""temporal"": 0.032}"
100000006416061100,terminal,0.7378398508674835,5,0.408584350200529,"4-е колено, исходящие не наблюдались; вероятно конечный, P=0.74 — оценка по аналогам",4,False,1,0,30000.0,0.0,1,0,0.0,320.3180550284514,0.01067726850094838,0,0.7378398508674835,0.0,0.0,1,0.0,0,,"{""betweenness"": 0.055, ""degree"": 0.032, ""n_seed_upstream"": 0.058, ""role"": 0.121, ""seed_flow_kzt"": 0.102, ""temporal"": 0.032}"
100000008168850100,terminal,0.5398377106262725,8,0.3927126887959723,"4-е колено, исходящие не наблюдались; вероятно конечный, P=0.54 — оценка по аналогам",4,False,1,0,187910.0,0.0,2,0,0.0,194.6168939766718,0.001035692054582895,0,0.5398377106262725,0.0,0.0,1,0.0,0,,"{""betweenness"": 0.055, ""degree"": 0.032, ""n_seed_upstream"": 0.058, ""role"": 0.121, ""seed_flow_kzt"": 0.086, ""temporal"": 0.032}"
100000004747154100,terminal,0.7426615715368943,29,0.31699519299143836,"4-е колено, исходящие не наблюдались; вероятно конечный, P=0.74 — оценка по аналогам",4,False,1,0,67000.0,0.0,1,0,0.0,3.261841840160982,4.8684206569566896e-05,0,0.7426615715368943,0.0,0.0,1,0.0,0,,"{""betweenness"": 0.055, ""degree"": 0.032, ""n_seed_upstream"": 0.058, ""role"": 0.121, ""seed_flow_kzt"": 0.012, ""temporal"": 0.032}"
100000008524903100,terminal,0.7155552157424664,13,0.32882782945074945,"4-е колено, исходящие не наблюдались; вероятно конечный, P=0.72 — оценка по аналогам",4,False,1,0,15000.0,0.0,1,0,0.0,11.26826686053926,0.0007512177907026173,0,0.7155552157424664,0.0,0.0,1,0.0,0,,"{""betweenness"": 0.055, ""degree"": 0.032, ""n_seed_upstream"": 0.058, ""role"": 0.121, ""seed_flow_kzt"": 0.024, ""temporal"": 0.032}"
100000005049404100,terminal,0.5754346131530806,8,0.3592058480530193,"4-е колено, исходящие не наблюдались; вероятно конечный, P=0.58 — оценка по аналогам",4,False,1,0,98000.0,0.0,2,0,0.0,54.79755877176852,0.0005591587629772298,0,0.5754346131530806,0.0,0.0,1,0.0,0,,"{""betweenness"": 0.055, ""degree"": 0.032, ""n_seed_upstream"": 0.058, ""role"": 0.121, ""seed_flow_kzt"": 0.053, ""temporal"": 0.032}"
100000002258492100,terminal,0.6983310168888183,12,0.416207298688739,"4-е колено, исходящие не наблюдались; вероятно конечный, P=0.70 — оценка по аналогам",4,False,1,0,9000.0,0.0,1,0,0.0,422.1008564081858,0.04690009515646509,0,0.6983310168888183,0.0,0.0,1,0.0,0,,"{""betweenness"": 0.055, ""degree"": 0.032, ""n_seed_upstream"": 0.058, ""role"": 0.121, ""seed_flow_kzt"": 0.109, ""temporal"": 0.032}"
100000005497148100,terminal,0.5916865616409891,8,0.3460079073868646,"4-е колено, исходящие не наблюдались; вероятно конечный, P=0.59 — оценка по аналогам",4,False,1,0,24000.0,0.0,2,0,0.0,28.688688996008374,0.0011953620415003489,0,0.5916865616409891,0.0,0.0,1,0.0,0,,"{""betweenness"": 0.055, ""degree"": 0.032, ""n_seed_upstream"": 0.058, ""role"": 0.121, ""seed_flow_kzt"": 0.04, ""temporal"": 0.032}"
100000004596284100,terminal,0.7286265485329075,2,0.4355491082856898,"4-е колено, исходящие не наблюдались; вероятно конечный, P=0.73 — оценка по аналогам",4,False,1,0,30000.0,0.0,1,0,0.0,980.651178636963,0.0326883726212321,0,0.7286265485329075,0.0,0.0,1,0.0,0,,"{""betweenness"": 0.055, ""degree"": 0.032, ""n_seed_upstream"": 0.058, ""role"": 0.121, ""seed_flow_kzt"": 0.128, ""temporal"": 0.032}"
100000007960337100,terminal,0.7377991489520462,8,0.3322410899678584,"4-е колено, исходящие не наблюдались; вероятно конечный, P=0.74 — оценка по аналогам",4,False,1,0,35500.0,0.0,1,0,0.0,13.00465466948532,0.00036632830054888224,0,0.7377991489520462,0.0,0.0,1,0.0,0,,"{""betweenness"": 0.055, ""degree"": 0.032, ""n_seed_upstream"": 0.058, ""role"": 0.121, ""seed_flow_kzt"": 0.027, ""temporal"": 0.032}"
100000003180305100,terminal,0.7579573798239275,13,0.4073328213442557,"4-е колено, исходящие не наблюдались; вероятно конечный, P=0.76 — оценка по аналогам",4,False,1,0,144000.0,0.0,1,0,0.0,308.7475043169225,0.00214407989108974,0,0.7579573798239275,0.0,0.0,1,0.0,0,,"{""betweenness"": 0.055, ""degree"": 0.032, ""n_seed_upstream"": 0.058, ""role"": 0.121, ""seed_flow_kzt"": 0.1, ""temporal"": 0.032}"
100000007653094100,terminal,0.7119629585770217,3,0.4547771425320704,"4-е колено, исходящие не наблюдались; вероятно конечный, P=0.71 — оценка по аналогам",4,False,1,0,16000.0,0.0,1,0,0.0,2671.6380081087227,0.16697737550679517,0,0.7119629585770217,0.0,0.0,1,0.0,0,,"{""betweenness"": 0.055, ""degree"": 0.032, ""n_seed_upstream"": 0.058, ""role"": 0.121, ""seed_flow_kzt"": 0.147, ""temporal"": 0.032}"
100000008175078100,frontier,0.8165490085068333,8,0.30017919617714817,"4-е колено, обрыв обхода; вероятно передаёт дальше, P(конечный)=0.18 — оценка по аналогам",4,False,1,0,1846711.0,0.0,15,0,0.0,89.24849383908402,4.832834906982415e-05,0,0.1834509914931667,0.0,0.0,1,0.0,0,,"{""betweenness"": 0.055, ""degree"": 0.032, ""n_seed_upstream"": 0.058, ""role"": 0.053, ""seed_flow_kzt"": 0.063, ""temporal"": 0.032}"
100000004263867100,terminal,0.7115849672306146,22,0.3117046391899195,"4-е колено, исходящие не наблюдались; вероятно конечный, P=0.71 — оценка по аналогам",4,False,1,0,9000.0,0.0,1,0,0.0,0.4354644739150972,4.838494154612191e-05,0,0.7115849672306146,0.0,0.0,1,0.0,0,,"{""betweenness"": 0.055, ""degree"": 0.032, ""n_seed_upstream"": 0.058, ""role"": 0.121, ""seed_flow_kzt"": 0.007, ""temporal"": 0.032}"
100000002194320100,terminal,0.7726903787836649,2,0.4077879227465369,"4-е колено, исходящие не наблюдались; вероятно конечный, P=0.77 — оценка по аналогам",4,False,1,0,275000.0,0.0,1,0,0.0,311.9151474568158,0.0011342368998429667,0,0.7726903787836649,0.0,0.0,1,0.0,0,,"{""betweenness"": 0.055, ""degree"": 0.032, ""n_seed_upstream"": 0.058, ""role"": 0.121, ""seed_flow_kzt"": 0.101, ""temporal"": 0.032}"
100000001222245100,frontier,0.6053035833438021,8,0.364615865972637,"4-е колено, обрыв обхода; вероятно передаёт дальше, P(конечный)=0.39 — оценка по аналогам",4,False,1,0,420000.0,0.0,5,0,0.0,502.05205743014653,0.0011953620415003489,0,0.3946964166561979,0.0,0.0,1,0.4,0,near_threshold,"{""betweenness"": 0.055, ""degree"": 0.032, ""n_seed_upstream"": 0.058, ""role"": 0.053, ""seed_flow_kzt"": 0.113, ""temporal"": 0.045}"
100000008151098100,terminal,0.7329874357019678,28,0.3266092101146286,"4-е колено, исходящие не наблюдались; вероятно конечный, P=0.73 — оценка по аналогам",4,False,1,0,30000.0,0.0,1,0,0.0,9.68155768980953,0.0003227185896603177,0,0.7329874357019678,0.0,0.0,1,0.0,0,,"{""betweenness"": 0.055, ""degree"": 0.032, ""n_seed_upstream"": 0.058, ""role"": 0.121, ""seed_flow_kzt"": 0.021, ""temporal"": 0.032}"
100000008735802100,terminal,0.6106257808018414,13,0.33849873424922483,"4-е колено, исходящие не наблюдались; вероятно конечный, P=0.61 — оценка по аналогам",4,False,1,0,85000.0,0.0,2,0,0.0,18.038738078983474,0.00021222044798804087,0,0.6106257808018414,0.0,0.0,1,0.0,0,,"{""betweenness"": 0.055, ""degree"": 0.032, ""n_seed_upstream"": 0.058, ""role"": 0.121, ""seed_flow_kzt"": 0.033, ""temporal"": 0.032}"
100000004047887100,terminal,0.7383754847800719,8,0.3171089683420087,"4-е колено, исходящие не наблюдались; вероятно конечный, P=0.74 — оценка по аналогам",4,False,1,0,30000.0,0.0,1,0,0.0,3.263256791876156,0.00010877522639587186,0,0.7383754847800719,0.0,0.0,1,0.0,0,,"{""betweenness"": 0.055, ""degree"": 0.032, ""n_seed_upstream"": 0.058, ""role"": 0.121, ""seed_flow_kzt"": 0.012, ""temporal"": 0.032}"
100000003146511100,terminal,0.700273290904497,3,0.34589413203629427,"4-е колено, исходящие не наблюдались; вероятно конечный, P=0.70 — оценка по аналогам",4,False,1,0,10000.0,0.0,1,0,0.0,28.25802656356205,0.002825802656356205,0,0.700273290904497,0.0,0.0,1,0.0,0,,"{""betweenness"": 0.055, ""degree"": 0.032, ""n_seed_upstream"": 0.058, ""role"": 0.121, ""seed_flow_kzt"": 0.04, ""temporal"": 0.032}"
100000007511780100,frontier,0.5154380469113538,3,0.3387945501607077,"4-е колено, обрыв обхода; вероятно передаёт дальше, P(конечный)=0.48 — оценка по аналогам",4,False,1,0,155000.0,0.0,2,0,0.0,201.0255089722898,0.00129693876756316,0,0.48456195308864625,0.0,0.0,1,0.5,0,near_threshold,"{""betweenness"": 0.055, ""degree"": 0.032, ""n_seed_upstream"": 0.058, ""role"": 0.053, ""seed_flow_kzt"": 0.088, ""temporal"": 0.046}"
100000007867364100,terminal,0.7333640708654077,19,0.4075603720453963,"4-е колено, исходящие не наблюдались; вероятно конечный, P=0.73 — оценка по аналогам",4,False,1,0,41852.0,0.0,1,0,0.0,310.4655101995678,0.0074181761970650816,0,0.7333640708654077,0.0,0.0,1,0.0,0,,"{""betweenness"": 0.055, ""degree"": 0.032, ""n_seed_upstream"": 0.058, ""role"": 0.121, ""seed_flow_kzt"": 0.101, ""temporal"": 0.032}"
100000006288612100,frontier,0.6089590142630664,10,0.27219045993685465,"4-е колено, обрыв обхода; вероятно передаёт дальше, P(конечный)=0.39 — оценка по аналогам",4,False,1,0,30805.0,0.0,3,0,0.0,21.890364637139754,0.0007106107656919252,0,0.3910409857369336,0.0,0.0,1,0.0,0,,"{""betweenness"": 0.055, ""degree"": 0.032, ""n_seed_upstream"": 0.058, ""role"": 0.053, ""seed_flow_kzt"": 0.036, ""temporal"": 0.032}"
100000006735545100,terminal,0.68163459786424,3,0.3311886679750832,"4-е колено, исходящие не наблюдались; вероятно конечный, P=0.68 — оценка по аналогам",4,False,1,0,5000.0,0.0,1,0,0.0,2.4731737450045137,0.0004946347490009027,0,0.68163459786424,0.0,0.0,1,1.0,0,near_threshold,"{""betweenness"": 0.055, ""degree"": 0.032, ""n_seed_upstream"": 0.058, ""role"": 0.121, ""seed_flow_kzt"": 0.012, ""temporal"": 0.047}"
100000004403641100,terminal,0.775393276416572,6,0.3128992803709076,"4-е колено, исходящие не наблюдались; вероятно конечный, P=0.78 — оценка по аналогам",4,False,1,0,171500.0,0.0,1,0,0.0,0.6913262752944282,4.031056998801331e-06,0,0.775393276416572,0.0,0.0,1,0.0,0,,"{""betweenness"": 0.055, ""degree"": 0.032, ""n_seed_upstream"": 0.058, ""role"": 0.121, ""seed_flow_kzt"": 0.008, ""temporal"": 0.032}"
100000003370425100,terminal,0.7249524528839514,3,0.4589868305031714,"4-е колено, исходящие не наблюдались; вероятно конечный, P=0.72 — оценка по аналогам",4,False,1,0,20000.0,0.0,1,0,0.0,3339.5475101359034,0.16697737550679517,0,0.7249524528839514,0.0,0.0,1,0.0,0,,"{""betweenness"": 0.055, ""degree"": 0.032, ""n_seed_upstream"": 0.058, ""role"": 0.121, ""seed_flow_kzt"": 0.151, ""temporal"": 0.032}"
100000004350094100,terminal,0.7165877435554155,19,0.36864920215035407,"4-е колено, исходящие не наблюдались; вероятно конечный, P=0.72 — оценка по аналогам",4,False,1,0,20000.0,0.0,1,0,0.0,84.62701755520659,0.00423135087776033,0,0.7165877435554155,0.0,0.0,1,0.0,0,,"{""betweenness"": 0.055, ""degree"": 0.032, ""n_seed_upstream"": 0.058, ""role"": 0.121, ""seed_flow_kzt"": 0.062, ""temporal"": 0.032}"
100000004911971100,terminal,0.5098051405152787,8,0.32861165628466593,"4-е колено, исходящие не наблюдались; вероятно конечный, P=0.51 — оценка по аналогам",4,False,1,0,35000.0,0.0,3,0,0.0,1.6914922174438451,4.832834906982415e-05,0,0.5098051405152787,0.0,0.0,1,0.3333333333333333,0,near_threshold,"{""betweenness"": 0.055, ""degree"": 0.032, ""n_seed_upstream"": 0.058, ""role"": 0.121, ""seed_flow_kzt"": 0.011, ""temporal"": 0.045}"
100000001202787100,frontier,0.5208325044995459,3,0.3171999886224649,"4-е колено, обрыв обхода; вероятно передаёт дальше, P(конечный)=0.48 — оценка по аналогам",4,False,2,0,14850.0,0.0,2,0,0.0,31.133242670890304,0.002096514657972411,0,0.4791674955004541,0.0,0.0,1,0.0,0,,"{""betweenness"": 0.055, ""degree"": 0.07, ""n_seed_upstream"": 0.058, ""role"": 0.053, ""seed_flow_kzt"": 0.042, ""temporal"": 0.032}"
100000008469048100,frontier,0.7573856993665503,1,0.3757260289558267,"4-е колено, обрыв обхода; вероятно передаёт дальше, P(конечный)=0.24 — оценка по аналогам",4,False,1,0,265200.0,0.0,7,0,0.0,1506.979176850743,0.005682425252076708,0,0.2426143006334497,0.0,0.0,1,0.0,0,,"{""betweenness"": 0.055, ""degree"": 0.032, ""n_seed_upstream"": 0.058, ""role"": 0.053, ""seed_flow_kzt"": 0.137, ""temporal"": 0.032}"
100000002635746100,terminal,0.6990439180030138,22,0.32481724834314646,"4-е колено, исходящие не наблюдались; вероятно конечный, P=0.70 — оценка по аналогам",4,False,1,0,5300.0,0.0,1,0,0.0,0.25644019019444614,4.8384941546121915e-05,0,0.6990439180030138,0.0,0.0,1,1.0,0,near_threshold,"{""betweenness"": 0.055, ""degree"": 0.032, ""n_seed_upstream"": 0.058, ""role"": 0.121, ""seed_flow_kzt"": 0.006, ""temporal"": 0.047}"
100000008321975100,terminal,0.6904711935877509,16,0.37135136672639874,"4-е колено, исходящие не наблюдались; вероятно конечный, P=0.69 — оценка по аналогам",4,False,1,0,5900.0,0.0,1,0,0.0,50.79253798809627,0.00860890474374513,0,0.6904711935877509,0.0,0.0,1,1.0,0,near_threshold,"{""betweenness"": 0.055, ""degree"": 0.032, ""n_seed_upstream"": 0.058, ""role"": 0.121, ""seed_flow_kzt"": 0.051, ""temporal"": 0.047}"
100000003078839100,terminal,0.5634409896407762,1,0.3644395141792531,"4-е колено, исходящие не наблюдались; вероятно конечный, P=0.56 — оценка по аналогам",4,False,1,0,14000.0,0.0,2,0,0.0,68.57088816449135,0.004897920583177954,0,0.5634409896407762,0.0,0.0,1,0.0,0,,"{""betweenness"": 0.055, ""degree"": 0.032, ""n_seed_upstream"": 0.058, ""role"": 0.121, ""seed_flow_kzt"": 0.058, ""temporal"": 0.032}"
100000004006327100,terminal,0.5197452616762654,6,0.42547998976021845,"4-е колено, исходящие не наблюдались; вероятно конечный, P=0.52 — оценка по аналогам",4,False,1,0,300000.0,0.0,3,0,0.0,627.373545614026,0.0020912451520467535,0,0.5197452616762654,0.0,0.0,1,0.0,0,,"{""betweenness"": 0.055, ""degree"": 0.032, ""n_seed_upstream"": 0.058, ""role"": 0.121, ""seed_flow_kzt"": 0.118, ""temporal"": 0.032}"
100000007865484100,terminal,0.641388799266449,13,0.316881417640868,"4-е колено, исходящие не наблюдались; вероятно конечный, P=0.64 — оценка по аналогам",4,False,1,0,584600.0,0.0,2,0,0.0,2.69415722141163,4.608548103680517e-06,0,0.641388799266449,0.0,0.0,1,0.0,0,,"{""betweenness"": 0.055, ""degree"": 0.032, ""n_seed_upstream"": 0.058, ""role"": 0.121, ""seed_flow_kzt"": 0.012, ""temporal"": 0.032}"
100000005367180100,terminal,0.7038957576615635,1,0.3627328839206985,"4-е колено, исходящие не наблюдались; вероятно конечный, P=0.70 — оценка по аналогам",4,False,1,0,7700.0,0.0,1,0,0.0,64.8508248906441,0.008422185050733,0,0.7038957576615635,0.0,0.0,1,0.0,0,,"{""betweenness"": 0.055, ""degree"": 0.032, ""n_seed_upstream"": 0.058, ""role"": 0.121, ""seed_flow_kzt"": 0.057, ""temporal"": 0.032}"
100000001669260100,terminal,0.785838155524999,14,0.43827971669937704,"4-е колено, исходящие не наблюдались; вероятно конечный, P=0.79 — оценка по аналогам",4,False,1,0,500000.0,0.0,1,0,0.0,1078.349541328781,0.002156699082657562,0,0.785838155524999,0.0,0.0,1,0.0,0,,"{""betweenness"": 0.055, ""degree"": 0.032, ""n_seed_upstream"": 0.058, ""role"": 0.121, ""seed_flow_kzt"": 0.131, ""temporal"": 0.032}"
100000001297206100,terminal,0.6967038600498854,1,0.34805586369713,"4-е колено, исходящие не наблюдались; вероятно конечный, P=0.70 — оценка по аналогам",4,False,1,0,6758.0,0.0,1,0,0.0,32.77603373655386,0.004849960600259524,0,0.6967038600498854,0.0,0.0,1,0.0,0,,"{""betweenness"": 0.055, ""degree"": 0.032, ""n_seed_upstream"": 0.058, ""role"": 0.121, ""seed_flow_kzt"": 0.042, ""temporal"": 0.032}"
100000002645046100,terminal,0.7171440554972603,22,0.3122166282674858,"4-е колено, исходящие не наблюдались; вероятно конечный, P=0.72 — оценка по аналогам",4,False,1,0,12000.0,0.0,1,0,0.0,0.580619298553463,4.8384941546121915e-05,0,0.7171440554972603,0.0,0.0,1,0.0,0,,"{""betweenness"": 0.055, ""degree"": 0.032, ""n_seed_upstream"": 0.058, ""role"": 0.121, ""seed_flow_kzt"": 0.007, ""temporal"": 0.032}"
100000006308406100,terminal,0.5993958896536765,16,0.45511846858378124,"4-е колено, исходящие не наблюдались; вероятно конечный, P=0.60 — оценка по аналогам",4,False,1,0,183000.0,0.0,2,0,0.0,2687.9837646364695,0.014688435872330435,0,0.5993958896536765,0.0,0.0,1,0.0,0,,"{""betweenness"": 0.055, ""degree"": 0.032, ""n_seed_upstream"": 0.058, ""role"": 0.121, ""seed_flow_kzt"": 0.147, ""temporal"": 0.032}"
100000002728246100,terminal,0.7123426706885937,8,0.3309895611115851,"4-е колено, исходящие не наблюдались; вероятно конечный, P=0.71 — оценка по аналогам",4,False,1,0,10000.0,0.0,1,0,0.0,11.953620415003488,0.0011953620415003489,0,0.7123426706885937,0.0,0.0,1,0.0,0,,"{""betweenness"": 0.055, ""degree"": 0.032, ""n_seed_upstream"": 0.058, ""role"": 0.121, ""seed_flow_kzt"": 0.026, ""temporal"": 0.032}"
100000001590795100,terminal,0.6961763613126861,22,0.3245896976420058,"4-е колено, исходящие не наблюдались; вероятно конечный, P=0.70 — оценка по аналогам",4,False,1,0,5060.0,0.0,1,0,0.0,0.24482780422337685,4.838494154612191e-05,0,0.6961763613126861,0.0,0.0,1,1.0,0,near_threshold,"{""betweenness"": 0.055, ""degree"": 0.032, ""n_seed_upstream"": 0.058, ""role"": 0.121, ""seed_flow_kzt"": 0.005, ""temporal"": 0.047}"
100000006257675100,terminal,0.6317419588219909,16,0.4372557385442443,"4-е колено, исходящие не наблюдались; вероятно конечный, P=0.63 — оценка по аналогам",4,False,1,0,70000.0,0.0,2,0,0.0,1028.1905110631303,0.014688435872330433,0,0.6317419588219909,0.0,0.0,1,0.0,0,,"{""betweenness"": 0.055, ""degree"": 0.032, ""n_seed_upstream"": 0.058, ""role"": 0.121, ""seed_flow_kzt"": 0.13, ""temporal"": 0.032}"
100000002130400100,terminal,0.7146084870607706,31,0.42724350769405806,"4-е колено, исходящие не наблюдались; вероятно конечный, P=0.71 — оценка по аналогам",4,False,1,0,10000.0,0.0,1,0,0.0,664.7398843930637,0.06647398843930637,0,0.7146084870607706,0.0,0.0,1,0.0,0,,"{""betweenness"": 0.055, ""degree"": 0.032, ""n_seed_upstream"": 0.058, ""role"": 0.121, ""seed_flow_kzt"": 0.12, ""temporal"": 0.032}"
100000000557536100,frontier,0.7188722999010011,8,0.2658304178399749,"4-е колено, обрыв обхода; вероятно передаёт дальше, P(конечный)=0.28 — оценка по аналогам",4,False,1,0,153000.0,0.0,7,0,0.0,7.394237407683095,4.832834906982415e-05,0,0.28112770009899896,0.0,0.0,1,0.14285714285714285,0,near_threshold,"{""betweenness"": 0.055, ""degree"": 0.032, ""n_seed_upstream"": 0.058, ""role"": 0.053, ""seed_flow_kzt"": 0.018, ""temporal"": 0.044}"
100000002689717100,terminal,0.7473211958753179,7,0.37593082458685323,"4-е колено, исходящие не наблюдались; вероятно конечный, P=0.75 — оценка по аналогам",4,False,1,0,47500.0,0.0,1,0,0.0,112.12727962649781,0.00236057430792627,0,0.7473211958753179,0.0,0.0,1,0.0,0,,"{""betweenness"": 0.055, ""degree"": 0.032, ""n_seed_upstream"": 0.058, ""role"": 0.121, ""seed_flow_kzt"": 0.07, ""temporal"": 0.032}"
100000005189258100,terminal,0.7426412268762623,3,0.3807093893108057,"4-е колено, исходящие не наблюдались; вероятно конечный, P=0.74 — оценка по аналогам",4,False,1,0,50000.0,0.0,1,0,0.0,129.49446215749663,0.0025898892431499326,0,0.7426412268762623,0.0,0.0,1,0.0,0,,"{""betweenness"": 0.055, ""degree"": 0.032, ""n_seed_upstream"": 0.058, ""role"": 0.121, ""seed_flow_kzt"": 0.074, ""temporal"": 0.032}"
100000002748511100,terminal,0.7277063938552938,2,0.4485194982507039,"4-е колено, исходящие не наблюдались; вероятно конечный, P=0.73 — оценка по аналогам",4,False,1,0,20000.0,0.0,1,0,0.0,1913.3055924685011,0.09566527962342505,0,0.7277063938552938,0.0,0.0,1,0.0,0,,"{""betweenness"": 0.055, ""degree"": 0.032, ""n_seed_upstream"": 0.058, ""role"": 0.121, ""seed_flow_kzt"": 0.141, ""temporal"": 0.032}"
100000002371892100,terminal,0.7424201142387997,2,0.3621640071678471,"4-е колено, исходящие не наблюдались; вероятно конечный, P=0.74 — оценка по аналогам",4,False,1,0,43830.0,0.0,1,0,0.0,62.086836985584874,0.00141653746259605,0,0.7424201142387997,0.0,0.0,1,0.0,0,,"{""betweenness"": 0.055, ""degree"": 0.032, ""n_seed_upstream"": 0.058, ""role"": 0.121, ""seed_flow_kzt"": 0.056, ""temporal"": 0.032}"
100000008130868100,terminal,0.716788577569436,15,0.3338339448758426,"4-е колено, исходящие не наблюдались; вероятно конечный, P=0.72 — оценка по аналогам",4,False,1,0,22782.0,0.0,1,0,0.0,15.011883342956445,0.000658936148843668,0,0.716788577569436,0.0,0.0,1,0.0,0,,"{""betweenness"": 0.055, ""degree"": 0.032, ""n_seed_upstream"": 0.058, ""role"": 0.121, ""seed_flow_kzt"": 0.028, ""temporal"": 0.032}"
100000007153161100,terminal,0.7349757937472591,13,0.35192422561652015,"4-е колено, исходящие не наблюдались; вероятно конечный, P=0.73 — оценка по аналогам",4,False,1,0,44997.0,0.0,1,0,0.0,38.087376820558504,0.0008464425810733716,0,0.7349757937472591,0.0,0.0,1,0.0,0,,"{""betweenness"": 0.055, ""degree"": 0.032, ""n_seed_upstream"": 0.058, ""role"": 0.121, ""seed_flow_kzt"": 0.046, ""temporal"": 0.032}"
100000002994441100,terminal,0.6876172701985,1,0.36304576613476686,"4-е колено, исходящие не наблюдались; вероятно конечный, P=0.69 — оценка по аналогам",4,False,1,0,5000.0,0.0,1,0,0.0,33.257518553158306,0.006651503710631662,0,0.6876172701985,0.0,0.0,1,1.0,0,near_threshold,"{""betweenness"": 0.055, ""degree"": 0.032, ""n_seed_upstream"": 0.058, ""role"": 0.121, ""seed_flow_kzt"": 0.043, ""temporal"": 0.047}"
100000001065481100,terminal,0.5469270170709246,20,0.3626191085701282,"4-е колено, исходящие не наблюдались; вероятно конечный, P=0.55 — оценка по аналогам",4,False,1,0,16000.0,0.0,2,0,0.0,63.93026051976122,0.003995641282485076,0,0.5469270170709246,0.0,0.0,1,0.0,0,,"{""betweenness"": 0.055, ""degree"": 0.032, ""n_seed_upstream"": 0.058, ""role"": 0.121, ""seed_flow_kzt"": 0.057, ""temporal"": 0.032}"
100000007731977100,terminal,0.7351573944093216,5,0.32712119919219496,"4-е колено, исходящие не наблюдались; вероятно конечный, P=0.74 — оценка по аналогам",4,False,1,0,50000.0,0.0,1,0,0.0,10.139676752441432,0.00020279353504882864,0,0.7351573944093216,0.0,0.0,1,0.0,0,,"{""betweenness"": 0.055, ""degree"": 0.032, ""n_seed_upstream"": 0.058, ""role"": 0.121, ""seed_flow_kzt"": 0.022, ""temporal"": 0.032}"
100000003252446100,terminal,0.7581578739651671,6,0.3141508092271809,"4-е колено, исходящие не наблюдались; вероятно конечный, P=0.76 — оценка по аналогам",4,False,1,0,108600.0,0.0,1,0,0.0,0.9181160299778387,8.454107090035347e-06,0,0.7581578739651671,0.0,0.0,1,0.0,0,,"{""betweenness"": 0.055, ""degree"": 0.032, ""n_seed_upstream"": 0.058, ""role"": 0.121, ""seed_flow_kzt"": 0.009, ""temporal"": 0.032}"
100000002671326100,terminal,0.690906754352591,29,0.4370850755183889,"4-е колено, исходящие не наблюдались; вероятно конечный, P=0.69 — оценка по аналогам",4,False,1,0,1050000.0,0.0,2,0,0.0,1023.6828115382831,0.000974936010988841,0,0.690906754352591,0.0,0.0,1,0.0,0,,"{""betweenness"": 0.055, ""degree"": 0.032, ""n_seed_upstream"": 0.058, ""role"": 0.121, ""seed_flow_kzt"": 0.129, ""temporal"": 0.032}"
100000005087923100,terminal,0.7249524528839514,7,0.44556133913587614,"4-е колено, исходящие не наблюдались; вероятно конечный, P=0.72 — оценка по аналогам",4,False,1,0,20000.0,0.0,1,0,0.0,1565.0406504065043,0.07825203252032521,0,0.7249524528839514,0.0,0.0,1,0.0,0,,"{""betweenness"": 0.055, ""degree"": 0.032, ""n_seed_upstream"": 0.058, ""role"": 0.121, ""seed_flow_kzt"": 0.138, ""temporal"": 0.032}"
100000008770483100,terminal,0.6970603008242899,6,0.32982336376823956,"4-е колено, исходящие не наблюдались; вероятно конечный, P=0.70 — оценка по аналогам",4,False,1,0,5000.0,0.0,1,0,0.0,1.568642972803586,0.0003137285945607172,0,0.6970603008242899,0.0,0.0,1,1.0,0,near_threshold,"{""betweenness"": 0.055, ""degree"": 0.032, ""n_seed_upstream"": 0.058, ""role"": 0.121, ""seed_flow_kzt"": 0.01, ""temporal"": 0.047}"
100000002748040100,terminal,0.7186464235127642,7,0.3544272833290667,"4-е колено, исходящие не наблюдались; вероятно конечный, P=0.72 — оценка по аналогам",4,False,1,0,18000.0,0.0,1,0,0.0,42.490337542672854,0.00236057430792627,0,0.7186464235127642,0.0,0.0,1,0.0,0,,"{""betweenness"": 0.055, ""degree"": 0.032, ""n_seed_upstream"": 0.058, ""role"": 0.121, ""seed_flow_kzt"": 0.049, ""temporal"": 0.032}"
100000004800648100,terminal,0.755461902850523,10,0.3699007310066274,"4-е колено, исходящие не наблюдались; вероятно конечный, P=0.76 — оценка по аналогам",4,False,1,0,131000.0,0.0,1,0,0.0,93.0900103056422,0.0007106107656919252,0,0.755461902850523,0.0,0.0,1,0.0,0,,"{""betweenness"": 0.055, ""degree"": 0.032, ""n_seed_upstream"": 0.058, ""role"": 0.121, ""seed_flow_kzt"": 0.064, ""temporal"": 0.032}"
100000005025629100,terminal,0.6969584600378488,8,0.3481411952100577,"4-е колено, исходящие не наблюдались; вероятно конечный, P=0.70 — оценка по аналогам",4,False,1,0,5227.0,0.0,1,0,0.0,14.958625476706386,0.0028617994024691764,0,0.6969584600378488,0.0,0.0,1,1.0,0,near_threshold,"{""betweenness"": 0.055, ""degree"": 0.032, ""n_seed_upstream"": 0.058, ""role"": 0.121, ""seed_flow_kzt"": 0.028, ""temporal"": 0.047}"
100000000581682100,terminal,0.6864256437084697,21,0.3472309924054954,"4-е колено, исходящие не наблюдались; вероятно конечный, P=0.69 — оценка по аналогам",4,False,1,0,5000.0,0.0,1,0,0.0,13.816704156459604,0.0027633408312919207,0,0.6864256437084697,0.0,0.0,1,1.0,0,near_threshold,"{""betweenness"": 0.055, ""degree"": 0.032, ""n_seed_upstream"": 0.058, ""role"": 0.121, ""seed_flow_kzt"": 0.027, ""temporal"": 0.047}"
100000004976946100,terminal,0.7724060678414715,13,0.3148334613306027,"4-е колено, исходящие не наблюдались; вероятно конечный, P=0.77 — оценка по аналогам",4,False,1,0,246000.0,0.0,1,0,0.0,1.1337028335054071,4.608548103680517e-06,0,0.7724060678414715,0.0,0.0,1,0.0,0,,"{""betweenness"": 0.055, ""degree"": 0.032, ""n_seed_upstream"": 0.058, ""role"": 0.121, ""seed_flow_kzt"": 0.01, ""temporal"": 0.032}"
100000000957746100,terminal,0.6848706682373428,18,0.34142844952641005,"4-е колено, исходящие не наблюдались; вероятно конечный, P=0.68 — оценка по аналогам",4,False,1,0,5300.0,0.0,1,0,0.0,9.937740264429628,0.0018750453329112505,0,0.6848706682373428,0.0,0.0,1,1.0,0,near_threshold,"{""betweenness"": 0.055, ""degree"": 0.032, ""n_seed_upstream"": 0.058, ""role"": 0.121, ""seed_flow_kzt"": 0.022, ""temporal"": 0.047}"
100000003001138100,terminal,0.730812570207721,21,0.3679665500469323,"4-е колено, исходящие не наблюдались; вероятно конечный, P=0.73 — оценка по аналогам",4,False,1,0,30000.0,0.0,1,0,0.0,82.90022493875762,0.0027633408312919207,0,0.730812570207721,0.0,0.0,1,0.0,0,,"{""betweenness"": 0.055, ""degree"": 0.032, ""n_seed_upstream"": 0.058, ""role"": 0.121, ""seed_flow_kzt"": 0.062, ""temporal"": 0.032}"
100000001325618100,terminal,0.7117831832454724,22,0.3118753022157749,"4-е колено, исходящие не наблюдались; вероятно конечный, P=0.71 — оценка по аналогам",4,False,1,0,9300.0,0.0,1,0,0.0,0.44997995637893373,4.838494154612191e-05,0,0.7117831832454724,0.0,0.0,1,0.0,0,,"{""betweenness"": 0.055, ""degree"": 0.032, ""n_seed_upstream"": 0.058, ""role"": 0.121, ""seed_flow_kzt"": 0.007, ""temporal"": 0.032}"
100000003792647100,terminal,0.7082500599747783,8,0.3365645532895298,"4-е колено, исходящие не наблюдались; вероятно конечный, P=0.71 — оценка по аналогам",4,False,1,0,8000.0,0.0,1,0,0.0,17.366042798502676,0.0021707553498128344,0,0.7082500599747783,0.0,0.0,1,0.0,0,,"{""betweenness"": 0.055, ""degree"": 0.032, ""n_seed_upstream"": 0.058, ""role"": 0.121, ""seed_flow_kzt"": 0.031, ""temporal"": 0.032}"
100000004107228100,terminal,0.6810329788833884,5,0.34131467417583977,"4-е колено, исходящие не наблюдались; вероятно конечный, P=0.68 — оценка по аналогам",4,False,1,0,5000.0,0.0,1,0,0.0,9.886538652083912,0.0019773077304167824,0,0.6810329788833884,0.0,0.0,1,1.0,0,near_threshold,"{""betweenness"": 0.055, ""degree"": 0.032, ""n_seed_upstream"": 0.058, ""role"": 0.121, ""seed_flow_kzt"": 0.022, ""temporal"": 0.047}"
100000003500764100,terminal,0.717715720354258,18,0.35249310236937165,"4-е колено, исходящие не наблюдались; вероятно конечный, P=0.72 — оценка по аналогам",4,False,1,0,21000.0,0.0,1,0,0.0,39.37595199113626,0.0018750453329112505,0,0.717715720354258,0.0,0.0,1,0.0,0,,"{""betweenness"": 0.055, ""degree"": 0.032, ""n_seed_upstream"": 0.058, ""role"": 0.121, ""seed_flow_kzt"": 0.047, ""temporal"": 0.032}"
100000004261340100,frontier,0.5991655373228836,3,0.32555109935432486,"4-е колено, обрыв обхода; вероятно передаёт дальше, P(конечный)=0.40 — оценка по аналогам",4,False,1,0,48500.0,0.0,4,0,0.0,205.88839560171857,0.004245121558798321,0,0.4008344626771164,0.0,0.0,1,0.0,0,,"{""betweenness"": 0.055, ""degree"": 0.032, ""n_seed_upstream"": 0.058, ""role"": 0.053, ""seed_flow_kzt"": 0.088, ""temporal"": 0.032}"
100000008172721100,terminal,0.7711345912539811,1,0.3849190772819069,"4-е колено, исходящие не наблюдались; вероятно конечный, P=0.77 — оценка по аналогам",4,False,1,0,168335.0,0.0,1,0,0.0,152.13809996023886,0.0009037817444989982,0,0.7711345912539811,0.0,0.0,1,0.0,0,,"{""betweenness"": 0.055, ""degree"": 0.032, ""n_seed_upstream"": 0.058, ""role"": 0.121, ""seed_flow_kzt"": 0.078, ""temporal"": 0.032}"
100000005079473100,terminal,0.7384394385089382,14,0.3380436328469437,"4-е колено, исходящие не наблюдались; вероятно конечный, P=0.74 — оценка по аналогам",4,False,1,0,39312.0,0.0,1,0,0.0,17.71304380383052,0.0004505760023359412,0,0.7384394385089382,0.0,0.0,1,0.0,0,,"{""betweenness"": 0.055, ""degree"": 0.032, ""n_seed_upstream"": 0.058, ""role"": 0.121, ""seed_flow_kzt"": 0.033, ""temporal"": 0.032}"
100000004850609100,terminal,0.7117745437050452,3,0.315743664135165,"4-е колено, исходящие не наблюдались; вероятно конечный, P=0.71 — оценка по аналогам",4,False,1,0,10000.0,0.0,1,0,0.0,1.695827080056077,0.00016958270800560772,0,0.7117745437050452,0.0,0.0,1,0.0,0,,"{""betweenness"": 0.055, ""degree"": 0.032, ""n_seed_upstream"": 0.058, ""role"": 0.121, ""seed_flow_kzt"": 0.011, ""temporal"": 0.032}"
100000005042822100,terminal,0.8041243885540932,30,0.4107460818613647,"4-е колено, исходящие не наблюдались; вероятно конечный, P=0.80 — оценка по аналогам",4,False,1,0,1000000.0,0.0,1,0,0.0,344.2700072480274,0.0003442700072480274,0,0.8041243885540932,0.0,0.0,1,0.0,0,,"{""betweenness"": 0.055, ""degree"": 0.032, ""n_seed_upstream"": 0.058, ""role"": 0.121, ""seed_flow_kzt"": 0.104, ""temporal"": 0.032}"
100000002794374100,terminal,0.7671349704944889,6,0.3247319168302187,"4-е колено, исходящие не наблюдались; вероятно конечный, P=0.77 — оценка по аналогам",4,False,1,0,111000.0,0.0,1,0,0.0,8.455718027316028,7.617763988572997e-05,0,0.7671349704944889,0.0,0.0,1,0.0,0,,"{""betweenness"": 0.055, ""degree"": 0.032, ""n_seed_upstream"": 0.058, ""role"": 0.121, ""seed_flow_kzt"": 0.02, ""temporal"": 0.032}"
100000002860934100,frontier,0.6358568017465771,21,0.36195921153682054,"4-е колено, обрыв обхода; вероятно передаёт дальше, P(конечный)=0.36 — оценка по аналогам",4,False,1,0,279500.0,0.0,4,0,0.0,772.3537623460918,0.0027633408312919207,0,0.36414319825342295,0.0,0.0,1,0.0,0,,"{""betweenness"": 0.055, ""degree"": 0.032, ""n_seed_upstream"": 0.058, ""role"": 0.053, ""seed_flow_kzt"": 0.123, ""temporal"": 0.032}"
100000003097947100,terminal,0.7481006027460847,1,0.3555650368347697,"4-е колено, исходящие не наблюдались; вероятно конечный, P=0.75 — оценка по аналогам",4,False,1,0,52980.0,0.0,1,0,0.0,47.88235682355692,0.0009037817444989981,0,0.7481006027460847,0.0,0.0,1,0.0,0,,"{""betweenness"": 0.055, ""degree"": 0.032, ""n_seed_upstream"": 0.058, ""role"": 0.121, ""seed_flow_kzt"": 0.05, ""temporal"": 0.032}"
100000004260869100,terminal,0.704905276157615,2,0.37331399152373634,"4-е колено, исходящие не наблюдались; вероятно конечный, P=0.70 — оценка по аналогам",4,False,1,0,10000.0,0.0,1,0,0.0,104.32239086998884,0.010432239086998883,0,0.704905276157615,0.0,0.0,1,0.0,0,,"{""betweenness"": 0.055, ""degree"": 0.032, ""n_seed_upstream"": 0.058, ""role"": 0.121, ""seed_flow_kzt"": 0.067, ""temporal"": 0.032}"
100000008762885100,terminal,0.7039419932843073,6,0.3097704582302244,"4-е колено, исходящие не наблюдались; вероятно конечный, P=0.70 — оценка по аналогам",4,False,1,0,7000.0,0.0,1,0,0.0,0.0362069243804539,5.1724177686362716e-06,0,0.7039419932843073,0.0,0.0,1,0.0,0,,"{""betweenness"": 0.055, ""degree"": 0.032, ""n_seed_upstream"": 0.058, ""role"": 0.121, ""seed_flow_kzt"": 0.005, ""temporal"": 0.032}"
100000002986245100,terminal,0.6986657463421037,22,0.32515857439485735,"4-е колено, исходящие не наблюдались; вероятно конечный, P=0.70 — оценка по аналогам",4,False,1,0,5750.0,0.0,1,0,0.0,0.278213413890201,4.838494154612191e-05,0,0.6986657463421037,0.0,0.0,1,1.0,0,near_threshold,"{""betweenness"": 0.055, ""degree"": 0.032, ""n_seed_upstream"": 0.058, ""role"": 0.121, ""seed_flow_kzt"": 0.006, ""temporal"": 0.047}"
100000001471706100,frontier,0.7423182357937623,12,0.3473959666638222,"4-е колено, обрыв обхода; вероятно передаёт дальше, P(конечный)=0.26 — оценка по аналогам",4,False,1,0,377000.0,0.0,8,0,0.0,422.10085640818585,0.0011196309188546043,0,0.2576817642062376,0.0,0.0,1,0.0,0,,"{""betweenness"": 0.055, ""degree"": 0.032, ""n_seed_upstream"": 0.058, ""role"": 0.053, ""seed_flow_kzt"": 0.109, ""temporal"": 0.032}"
100000002304943100,terminal,0.7104521921179111,16,0.3961828369883664,"4-е колено, исходящие не наблюдались; вероятно конечный, P=0.71 — оценка по аналогам",4,False,1,0,15000.0,0.0,1,0,0.0,220.3265380849565,0.014688435872330433,0,0.7104521921179111,0.0,0.0,1,0.0,0,,"{""betweenness"": 0.055, ""degree"": 0.032, ""n_seed_upstream"": 0.058, ""role"": 0.121, ""seed_flow_kzt"": 0.089, ""temporal"": 0.032}"
100000002695812100,terminal,0.7599299055091631,7,0.3969792644423585,"4-е колено, исходящие не наблюдались; вероятно конечный, P=0.76 — оценка по аналогам",4,False,1,0,95000.0,0.0,1,0,0.0,224.25455925299562,0.00236057430792627,0,0.7599299055091631,0.0,0.0,1,0.0,0,,"{""betweenness"": 0.055, ""degree"": 0.032, ""n_seed_upstream"": 0.058, ""role"": 0.121, ""seed_flow_kzt"": 0.09, ""temporal"": 0.032}"
100000008761220100,terminal,0.7117745437050452,6,0.3220013084165315,"4-е колено, исходящие не наблюдались; вероятно конечный, P=0.71 — оценка по аналогам",4,False,1,0,10000.0,0.0,1,0,0.0,6.623694689706607,0.0006623694689706607,0,0.7117745437050452,0.0,0.0,1,0.0,0,,"{""betweenness"": 0.055, ""degree"": 0.032, ""n_seed_upstream"": 0.058, ""role"": 0.121, ""seed_flow_kzt"": 0.017, ""temporal"": 0.032}"
100000004890713100,terminal,0.7369431561192844,7,0.37069715846061946,"4-е колено, исходящие не наблюдались; вероятно конечный, P=0.74 — оценка по аналогам",4,False,1,0,40485.0,0.0,1,0,0.0,95.56785085639504,0.00236057430792627,0,0.7369431561192844,0.0,0.0,1,0.0,0,,"{""betweenness"": 0.055, ""degree"": 0.032, ""n_seed_upstream"": 0.058, ""role"": 0.121, ""seed_flow_kzt"": 0.065, ""temporal"": 0.032}"
100000003083865100,terminal,0.7132939001290018,7,0.3502744830332508,"4-е колено, исходящие не наблюдались; вероятно конечный, P=0.71 — оценка по аналогам",4,False,1,0,15000.0,0.0,1,0,0.0,35.40861461889405,0.00236057430792627,0,0.7132939001290018,0.0,0.0,1,0.0,0,,"{""betweenness"": 0.055, ""degree"": 0.032, ""n_seed_upstream"": 0.058, ""role"": 0.121, ""seed_flow_kzt"": 0.045, ""temporal"": 0.032}"
100000004030553100,terminal,0.7504217706597437,14,0.3673976732940808,"4-е колено, исходящие не наблюдались; вероятно конечный, P=0.75 — оценка по аналогам",4,False,1,0,70000.0,0.0,1,0,0.0,79.80002275741244,0.001140000325105892,0,0.7504217706597437,0.0,0.0,1,0.0,0,,"{""betweenness"": 0.055, ""degree"": 0.032, ""n_seed_upstream"": 0.058, ""role"": 0.121, ""seed_flow_kzt"": 0.061, ""temporal"": 0.032}"
100000002653187100,terminal,0.7239386593313916,10,0.4014165031146001,"4-е колено, исходящие не наблюдались; вероятно конечный, P=0.72 — оценка по аналогам",4,False,1,0,15000.0,0.0,1,0,0.0,256.80345755489424,0.01712023049990218,0,0.7239386593313916,0.0,0.0,1,0.0,0,,"{""betweenness"": 0.055, ""degree"": 0.032, ""n_seed_upstream"": 0.058, ""role"": 0.121, ""seed_flow_kzt"": 0.095, ""temporal"": 0.032}"
100000006412162100,terminal,0.5967288009088407,22,0.32671160793014187,"4-е колено, исходящие не наблюдались; вероятно конечный, P=0.60 — оценка по аналогам",4,False,1,0,15000.0,0.0,2,0,0.0,0.7257741231918287,4.838494154612191e-05,0,0.5967288009088407,0.0,0.0,1,0.5,0,near_threshold,"{""betweenness"": 0.055, ""degree"": 0.032, ""n_seed_upstream"": 0.058, ""role"": 0.121, ""seed_flow_kzt"": 0.008, ""temporal"": 0.046}"
100000004674178100,terminal,0.717150153310101,26,0.32746252524390584,"4-е колено, исходящие не наблюдались; вероятно конечный, P=0.72 — оценка по аналогам",4,False,1,0,20000.0,0.0,1,0,0.0,10.317437496024109,0.0005158718748012054,0,0.717150153310101,0.0,0.0,1,0.0,0,,"{""betweenness"": 0.055, ""degree"": 0.032, ""n_seed_upstream"": 0.058, ""role"": 0.121, ""seed_flow_kzt"": 0.022, ""temporal"": 0.032}"
100000004070530100,terminal,0.7255046219606498,8,0.3163125408880166,"4-е колено, исходящие не наблюдались; вероятно конечный, P=0.73 — оценка по аналогам",4,False,1,0,20000.0,0.0,1,0,0.0,2.175504527917437,0.00010877522639587185,0,0.7255046219606498,0.0,0.0,1,0.0,0,,"{""betweenness"": 0.055, ""degree"": 0.032, ""n_seed_upstream"": 0.058, ""role"": 0.121, ""seed_flow_kzt"": 0.011, ""temporal"": 0.032}"
100000006706519100,frontier,0.6266825002835236,13,0.27793611514065475,"4-е колено, обрыв обхода; вероятно передаёт дальше, P(конечный)=0.37 — оценка по аналогам",4,False,1,0,36000.0,0.0,3,0,0.0,30.47193291864138,0.0008464425810733716,0,0.37331749971647643,0.0,0.0,1,0.0,0,,"{""betweenness"": 0.055, ""degree"": 0.032, ""n_seed_upstream"": 0.058, ""role"": 0.053, ""seed_flow_kzt"": 0.041, ""temporal"": 0.032}"
100000005636951100,terminal,0.7328969270604413,7,0.45716642489404663,"4-е колено, исходящие не наблюдались; вероятно конечный, P=0.73 — оценка по аналогам",4,False,1,0,40000.0,0.0,1,0,0.0,3130.0813008130085,0.07825203252032521,0,0.7328969270604413,0.0,0.0,1,0.0,0,,"{""betweenness"": 0.055, ""degree"": 0.032, ""n_seed_upstream"": 0.058, ""role"": 0.121, ""seed_flow_kzt"": 0.149, ""temporal"": 0.032}"
100000003040087100,terminal,0.736554430446614,7,0.36432573882868274,"4-е колено, исходящие не наблюдались; вероятно конечный, P=0.74 — оценка по аналогам",4,False,1,0,29000.0,0.0,1,0,0.0,68.45665492986183,0.00236057430792627,0,0.736554430446614,0.0,0.0,1,0.0,0,,"{""betweenness"": 0.055, ""degree"": 0.032, ""n_seed_upstream"": 0.058, ""role"": 0.121, ""seed_flow_kzt"": 0.058, ""temporal"": 0.032}"
100000008766764100,terminal,0.6964748517136442,6,0.33187132007850495,"4-е колено, исходящие не наблюдались; вероятно конечный, P=0.70 — оценка по аналогам",4,False,1,0,5000.0,0.0,1,0,0.0,3.3118473448533035,0.0006623694689706607,0,0.6964748517136442,0.0,0.0,1,1.0,0,near_threshold,"{""betweenness"": 0.055, ""degree"": 0.032, ""n_seed_upstream"": 0.058, ""role"": 0.121, ""seed_flow_kzt"": 0.012, ""temporal"": 0.047}"
100000000299820100,terminal,0.7020151580287564,1,0.3637568620758312,"4-е колено, исходящие не наблюдались; вероятно конечный, P=0.70 — оценка по аналогам",4,False,1,0,10000.0,0.0,1,0,0.0,66.51503710631661,0.006651503710631662,0,0.7020151580287564,0.0,0.0,1,0.0,0,,"{""betweenness"": 0.055, ""degree"": 0.032, ""n_seed_upstream"": 0.058, ""role"": 0.121, ""seed_flow_kzt"": 0.058, ""temporal"": 0.032}"
100000008349740100,terminal,0.6058487081013664,8,0.31779162044543047,"4-е колено, исходящие не наблюдались; вероятно конечный, P=0.61 — оценка по аналогам",4,False,1,0,70000.0,0.0,2,0,0.0,3.3829844348876903,4.832834906982415e-05,0,0.6058487081013664,0.0,0.0,1,0.0,0,,"{""betweenness"": 0.055, ""degree"": 0.032, ""n_seed_upstream"": 0.058, ""role"": 0.121, ""seed_flow_kzt"": 0.013, ""temporal"": 0.032}"
100000008761132100,terminal,0.7117745437050452,6,0.3220013084165315,"4-е колено, исходящие не наблюдались; вероятно конечный, P=0.71 — оценка по аналогам",4,False,1,0,10000.0,0.0,1,0,0.0,6.623694689706607,0.0006623694689706607,0,0.7117745437050452,0.0,0.0,1,0.0,0,,"{""betweenness"": 0.055, ""degree"": 0.032, ""n_seed_upstream"": 0.058, ""role"": 0.121, ""seed_flow_kzt"": 0.017, ""temporal"": 0.032}"
100000002540033100,terminal,0.7134769191690973,6,0.35863697130016775,"4-е колено, исходящие не наблюдались; вероятно конечный, P=0.71 — оценка по аналогам",4,False,1,0,10000.0,0.0,1,0,0.0,53.54174753602754,0.005354174753602755,0,0.7134769191690973,0.0,0.0,1,0.0,0,,"{""betweenness"": 0.055, ""degree"": 0.032, ""n_seed_upstream"": 0.058, ""role"": 0.121, ""seed_flow_kzt"": 0.053, ""temporal"": 0.032}"
100000001845505100,terminal,0.7277063938552938,1,0.3900389680575703,"4-е колено, исходящие не наблюдались; вероятно конечный, P=0.73 — оценка по аналогам",4,False,1,0,20000.0,0.0,1,0,0.0,178.30655621330615,0.008915327810665308,0,0.7277063938552938,0.0,0.0,1,0.0,0,,"{""betweenness"": 0.055, ""degree"": 0.032, ""n_seed_upstream"": 0.058, ""role"": 0.121, ""seed_flow_kzt"": 0.083, ""temporal"": 0.032}"
100000003782913100,terminal,0.7716671221520477,12,0.3406604659100605,"4-е колено, исходящие не наблюдались; вероятно конечный, P=0.77 — оценка по аналогам",4,False,1,0,200000.0,0.0,1,0,0.0,20.761818845798643,0.00010380909422899321,0,0.7716671221520477,0.0,0.0,1,0.0,0,,"{""betweenness"": 0.055, ""degree"": 0.032, ""n_seed_upstream"": 0.058, ""role"": 0.121, ""seed_flow_kzt"": 0.035, ""temporal"": 0.032}"
100000008778753100,terminal,0.7140430386803014,26,0.31995335210626613,"4-е колено, исходящие не наблюдались; вероятно конечный, P=0.71 — оценка по аналогам",4,False,1,0,10000.0,0.0,1,0,0.0,5.158718748012054,0.0005158718748012054,0,0.7140430386803014,0.0,0.0,1,0.0,0,,"{""betweenness"": 0.055, ""degree"": 0.032, ""n_seed_upstream"": 0.058, ""role"": 0.121, ""seed_flow_kzt"": 0.015, ""temporal"": 0.032}"
100000008710913100,terminal,0.7139520633482126,6,0.316084990186876,"4-е колено, исходящие не наблюдались; вероятно конечный, P=0.71 — оценка по аналогам",4,False,1,0,14000.0,0.0,1,0,0.0,2.0595064763903905,0.00014710760545645645,0,0.7139520633482126,0.0,0.0,1,0.0,0,,"{""betweenness"": 0.055, ""degree"": 0.032, ""n_seed_upstream"": 0.058, ""role"": 0.121, ""seed_flow_kzt"": 0.011, ""temporal"": 0.032}"
100000005495211100,terminal,0.7085135306716989,1,0.3896976420058594,"4-е колено, исходящие не наблюдались; вероятно конечный, P=0.71 — оценка по аналогам",4,False,1,0,14500.0,0.0,1,0,0.0,175.8910642439415,0.012130418223720104,0,0.7085135306716989,0.0,0.0,1,0.0,0,,"{""betweenness"": 0.055, ""degree"": 0.032, ""n_seed_upstream"": 0.058, ""role"": 0.121, ""seed_flow_kzt"": 0.083, ""temporal"": 0.032}"
100000004013952100,terminal,0.6970133280544993,1,0.3596325056176579,"4-е колено, исходящие не наблюдались; вероятно конечный, P=0.70 — оценка по аналогам",4,False,1,0,5500.0,0.0,1,0,0.0,26.674783301427382,0.004849960600259524,0,0.6970133280544993,0.0,0.0,1,1.0,0,near_threshold,"{""betweenness"": 0.055, ""degree"": 0.032, ""n_seed_upstream"": 0.058, ""role"": 0.121, ""seed_flow_kzt"": 0.04, ""temporal"": 0.047}"
100000007330432100,terminal,0.7855820820951457,2,0.42576442813664417,"4-е колено, исходящие не наблюдались; вероятно конечный, P=0.79 — оценка по аналогам",4,False,1,0,584900.0,0.0,1,0,0.0,632.1517323907639,0.001080786001693903,0,0.7855820820951457,0.0,0.0,1,0.0,0,,"{""betweenness"": 0.055, ""degree"": 0.032, ""n_seed_upstream"": 0.058, ""role"": 0.121, ""seed_flow_kzt"": 0.118, ""temporal"": 0.032}"
100000000737152100,terminal,0.7293604410774205,13,0.3663736951389481,"4-е колено, исходящие не наблюдались; вероятно конечный, P=0.73 — оценка по аналогам",4,False,1,0,35000.0,0.0,1,0,0.0,75.0427961881409,0.00214407989108974,0,0.7293604410774205,0.0,0.0,1,0.0,0,,"{""betweenness"": 0.055, ""degree"": 0.032, ""n_seed_upstream"": 0.058, ""role"": 0.121, ""seed_flow_kzt"": 0.06, ""temporal"": 0.032}"
100000004674389100,terminal,0.7161188627547395,3,0.3664874704895184,"4-е колено, исходящие не наблюдались; вероятно конечный, P=0.72 — оценка по аналогам",4,False,1,0,15000.0,0.0,1,0,0.0,75.63189404988795,0.00504212626999253,0,0.7161188627547395,0.0,0.0,1,0.0,0,,"{""betweenness"": 0.055, ""degree"": 0.032, ""n_seed_upstream"": 0.058, ""role"": 0.121, ""seed_flow_kzt"": 0.06, ""temporal"": 0.032}"
100000002529877100,terminal,0.7799106293699929,6,0.3142645845777512,"4-е колено, исходящие не наблюдались; вероятно конечный, P=0.78 — оценка по аналогам",4,False,1,0,232000.0,0.0,1,0,0.0,0.9352052237219087,4.031056998801331e-06,0,0.7799106293699929,0.0,0.0,1,0.0,0,,"{""betweenness"": 0.055, ""degree"": 0.032, ""n_seed_upstream"": 0.058, ""role"": 0.121, ""seed_flow_kzt"": 0.009, ""temporal"": 0.032}"
100000004035925100,terminal,0.6138294212248324,2,0.38321244702335233,"4-е колено, исходящие не наблюдались; вероятно конечный, P=0.61 — оценка по аналогам",4,False,1,0,1111588.0,0.0,2,0,0.0,141.42001341636734,0.00012722340778810795,0,0.6138294212248324,0.0,0.0,1,0.0,0,,"{""betweenness"": 0.055, ""degree"": 0.032, ""n_seed_upstream"": 0.058, ""role"": 0.121, ""seed_flow_kzt"": 0.077, ""temporal"": 0.032}"
100000002188586100,terminal,0.7431946948470707,7,0.3694456296043462,"4-е колено, исходящие не наблюдались; вероятно конечный, P=0.74 — оценка по аналогам",4,False,1,0,38310.0,0.0,1,0,0.0,90.43360173665539,0.00236057430792627,0,0.7431946948470707,0.0,0.0,1,0.0,0,,"{""betweenness"": 0.055, ""degree"": 0.032, ""n_seed_upstream"": 0.058, ""role"": 0.121, ""seed_flow_kzt"": 0.063, ""temporal"": 0.032}"
100000008050986100,terminal,0.6186334797510732,8,0.35829564524845686,"4-е колено, исходящие не наблюдались; вероятно конечный, P=0.62 — оценка по аналогам",4,False,1,0,95000.0,0.0,2,0,0.0,53.120082482836835,0.0005591587629772298,0,0.6186334797510732,0.0,0.0,1,0.0,0,,"{""betweenness"": 0.055, ""degree"": 0.032, ""n_seed_upstream"": 0.058, ""role"": 0.121, ""seed_flow_kzt"": 0.052, ""temporal"": 0.032}"
100000004777215100,terminal,0.7486840434764711,16,0.4214409648149728,"4-е колено, исходящие не наблюдались; вероятно конечный, P=0.75 — оценка по аналогам",4,False,1,0,60000.0,0.0,1,0,0.0,516.5342846247078,0.00860890474374513,0,0.7486840434764711,0.0,0.0,1,0.0,0,,"{""betweenness"": 0.055, ""degree"": 0.032, ""n_seed_upstream"": 0.058, ""role"": 0.121, ""seed_flow_kzt"": 0.114, ""temporal"": 0.032}"
100000000926078100,terminal,0.7818420598161846,1,0.44408225957846226,"4-е колено, исходящие не наблюдались; вероятно конечный, P=0.78 — оценка по аналогам",4,False,1,0,250000.0,0.0,1,0,0.0,1484.8392129728272,0.005939356851891309,0,0.7818420598161846,0.0,0.0,1,0.0,0,,"{""betweenness"": 0.055, ""degree"": 0.032, ""n_seed_upstream"": 0.058, ""role"": 0.121, ""seed_flow_kzt"": 0.136, ""temporal"": 0.032}"
100000003486846100,terminal,0.5889850686278447,2,0.3731433284978809,"4-е колено, исходящие не наблюдались; вероятно конечный, P=0.59 — оценка по аналогам",4,False,1,0,27000.0,0.0,2,0,0.0,104.32239086998881,0.00386379225444403,0,0.5889850686278447,0.0,0.0,1,0.0,0,,"{""betweenness"": 0.055, ""degree"": 0.032, ""n_seed_upstream"": 0.058, ""role"": 0.121, ""seed_flow_kzt"": 0.067, ""temporal"": 0.032}"
100000002516862100,frontier,0.7157563626592831,3,0.2890292118212589,"4-е колено, обрыв обхода; вероятно передаёт дальше, P(конечный)=0.28 — оценка по аналогам",4,False,1,0,81710.0,0.0,5,0,0.0,52.696604180977076,0.0006449223373023752,0,0.2842436373407169,0.0,0.0,1,0.0,0,,"{""betweenness"": 0.055, ""degree"": 0.032, ""n_seed_upstream"": 0.058, ""role"": 0.053, ""seed_flow_kzt"": 0.052, ""temporal"": 0.032}"
100000008730238100,terminal,0.7610085870905205,6,0.3537446312256449,"4-е колено, исходящие не наблюдались; вероятно конечный, P=0.76 — оценка по аналогам",4,False,1,0,113000.0,0.0,1,0,0.0,41.22434392412659,0.0003648172028683769,0,0.7610085870905205,0.0,0.0,1,0.0,0,,"{""betweenness"": 0.055, ""degree"": 0.032, ""n_seed_upstream"": 0.058, ""role"": 0.121, ""seed_flow_kzt"": 0.048, ""temporal"": 0.032}"
100000000803368100,terminal,0.7628515906439118,12,0.38548795403475833,"4-е колено, исходящие не наблюдались; вероятно конечный, P=0.76 — оценка по аналогам",4,False,1,0,139503.0,0.0,1,0,0.0,154.24466999378362,0.0011056727811859502,0,0.7628515906439118,0.0,0.0,1,0.0,0,,"{""betweenness"": 0.055, ""degree"": 0.032, ""n_seed_upstream"": 0.058, ""role"": 0.121, ""seed_flow_kzt"": 0.079, ""temporal"": 0.032}"
100000002528978100,terminal,0.7224946742046083,7,0.3514691242142389,"4-е колено, исходящие не наблюдались; вероятно конечный, P=0.72 — оценка по аналогам",4,False,1,0,15900.0,0.0,1,0,0.0,37.53313149602769,0.00236057430792627,0,0.7224946742046083,0.0,0.0,1,0.0,0,,"{""betweenness"": 0.055, ""degree"": 0.032, ""n_seed_upstream"": 0.058, ""role"": 0.121, ""seed_flow_kzt"": 0.046, ""temporal"": 0.032}"
100000002597074100,terminal,0.7053790085806347,13,0.3478283129959894,"4-е колено, исходящие не наблюдались; вероятно конечный, P=0.71 — оценка по аналогам",4,False,1,0,8000.0,0.0,1,0,0.0,32.716486267902916,0.004089560783487865,0,0.7053790085806347,0.0,0.0,1,0.0,0,,"{""betweenness"": 0.055, ""degree"": 0.032, ""n_seed_upstream"": 0.058, ""role"": 0.121, ""seed_flow_kzt"": 0.042, ""temporal"": 0.032}"
100000003631015100,terminal,0.7773436519070336,13,0.314947236681173,"4-е колено, исходящие не наблюдались; вероятно конечный, P=0.78 — оценка по аналогам",4,False,1,0,266000.0,0.0,1,0,0.0,1.2258737955790175,4.608548103680517e-06,0,0.7773436519070336,0.0,0.0,1,0.0,0,,"{""betweenness"": 0.055, ""degree"": 0.032, ""n_seed_upstream"": 0.058, ""role"": 0.121, ""seed_flow_kzt"": 0.01, ""temporal"": 0.032}"
100000008255655100,terminal,0.6829350837028383,18,0.3680518815598601,"4-е колено, исходящие не наблюдались; вероятно конечный, P=0.68 — оценка по аналогам",4,False,1,0,5400.0,0.0,1,0,0.0,41.20769304194821,0.007631054267027446,0,0.6829350837028383,0.0,0.0,1,1.0,0,near_threshold,"{""betweenness"": 0.055, ""degree"": 0.032, ""n_seed_upstream"": 0.058, ""role"": 0.121, ""seed_flow_kzt"": 0.048, ""temporal"": 0.047}"
100000004265639100,terminal,0.7123426706885937,1,0.3637568620758312,"4-е колено, исходящие не наблюдались; вероятно конечный, P=0.71 — оценка по аналогам",4,False,1,0,10000.0,0.0,1,0,0.0,66.51503710631661,0.006651503710631662,0,0.7123426706885937,0.0,0.0,1,0.0,0,,"{""betweenness"": 0.055, ""degree"": 0.032, ""n_seed_upstream"": 0.058, ""role"": 0.121, ""seed_flow_kzt"": 0.058, ""temporal"": 0.032}"
100000002726055100,terminal,0.7146084870607705,16,0.3974343658446397,"4-е колено, исходящие не наблюдались; вероятно конечный, P=0.71 — оценка по аналогам",4,False,1,0,10000.0,0.0,1,0,0.0,225.66778749307667,0.022566778749307667,0,0.7146084870607705,0.0,0.0,1,0.0,0,,"{""betweenness"": 0.055, ""degree"": 0.032, ""n_seed_upstream"": 0.058, ""role"": 0.121, ""seed_flow_kzt"": 0.091, ""temporal"": 0.032}"
100000003696422100,terminal,0.5814400918889524,30,0.42269249367124606,"4-е колено, исходящие не наблюдались; вероятно конечный, P=0.58 — оценка по аналогам",4,False,1,0,118000.0,0.0,2,0,0.0,542.4937057412436,0.004597404285942743,0,0.5814400918889524,0.0,0.0,1,0.0,0,,"{""betweenness"": 0.055, ""degree"": 0.032, ""n_seed_upstream"": 0.058, ""role"": 0.121, ""seed_flow_kzt"": 0.115, ""temporal"": 0.032}"
100000007745062100,terminal,0.7589731082296147,11,0.46683732969252206,"4-е колено, исходящие не наблюдались; вероятно конечный, P=0.76 — оценка по аналогам",4,False,1,0,100000.0,0.0,1,0,0.0,5554.395797742266,0.05554395797742266,0,0.7589731082296147,0.0,0.0,1,0.0,0,,"{""betweenness"": 0.055, ""degree"": 0.032, ""n_seed_upstream"": 0.058, ""role"": 0.121, ""seed_flow_kzt"": 0.158, ""temporal"": 0.032}"
100000005041147100,terminal,0.7117745437050452,1,0.3784338822993997,"4-е колено, исходящие не наблюдались; вероятно конечный, P=0.71 — оценка по аналогам",4,False,1,0,10000.0,0.0,1,0,0.0,121.30418223720103,0.012130418223720104,0,0.7117745437050452,0.0,0.0,1,0.0,0,,"{""betweenness"": 0.055, ""degree"": 0.032, ""n_seed_upstream"": 0.058, ""role"": 0.121, ""seed_flow_kzt"": 0.072, ""temporal"": 0.032}"
100000003819173100,terminal,0.7649711263280828,5,0.32154620701425035,"4-е колено, исходящие не наблюдались; вероятно конечный, P=0.76 — оценка по аналогам",4,False,1,0,143777.0,0.0,1,0,0.0,6.153383572491552,4.279810799009266e-05,0,0.7649711263280828,0.0,0.0,1,0.0,0,,"{""betweenness"": 0.055, ""degree"": 0.032, ""n_seed_upstream"": 0.058, ""role"": 0.121, ""seed_flow_kzt"": 0.016, ""temporal"": 0.032}"
100000001275557100,terminal,0.717150153310101,27,0.41324913957391124,"4-е колено, исходящие не наблюдались; вероятно конечный, P=0.72 — оценка по аналогам",4,False,1,0,20000.0,0.0,1,0,0.0,377.0204115607525,0.018851020578037624,0,0.717150153310101,0.0,0.0,1,0.0,0,,"{""betweenness"": 0.055, ""degree"": 0.032, ""n_seed_upstream"": 0.058, ""role"": 0.121, ""seed_flow_kzt"": 0.106, ""temporal"": 0.032}"
100000002706810100,terminal,0.7472040010183724,22,0.3164263162385869,"4-е колено, исходящие не наблюдались; вероятно конечный, P=0.75 — оценка по аналогам",4,False,1,0,45000.0,0.0,1,0,0.0,2.177322369575486,4.838494154612191e-05,0,0.7472040010183724,0.0,0.0,1,0.0,0,,"{""betweenness"": 0.055, ""degree"": 0.032, ""n_seed_upstream"": 0.058, ""role"": 0.121, ""seed_flow_kzt"": 0.011, ""temporal"": 0.032}"
100000002896506100,terminal,0.7419342247525387,14,0.3634155360241203,"4-е колено, исходящие не наблюдались; вероятно конечный, P=0.74 — оценка по аналогам",4,False,1,0,45000.0,0.0,1,0,0.0,66.15133953953702,0.001470029767545267,0,0.7419342247525387,0.0,0.0,1,0.0,0,,"{""betweenness"": 0.055, ""degree"": 0.032, ""n_seed_upstream"": 0.058, ""role"": 0.121, ""seed_flow_kzt"": 0.057, ""temporal"": 0.032}"
100000008766031100,terminal,0.6970603008242899,6,0.32777540745797423,"4-е колено, исходящие не наблюдались; вероятно конечный, P=0.70 — оценка по аналогам",4,False,1,0,5000.0,0.0,1,0,0.0,0.7355380272822825,0.00014710760545645648,0,0.6970603008242899,0.0,0.0,1,1.0,0,near_threshold,"{""betweenness"": 0.055, ""degree"": 0.032, ""n_seed_upstream"": 0.058, ""role"": 0.121, ""seed_flow_kzt"": 0.008, ""temporal"": 0.047}"
100000008758607100,terminal,0.6964748517136441,6,0.33187132007850495,"4-е колено, исходящие не наблюдались; вероятно конечный, P=0.70 — оценка по аналогам",4,False,1,0,5000.0,0.0,1,0,0.0,3.3118473448533035,0.0006623694689706607,0,0.6964748517136441,0.0,0.0,1,1.0,0,near_threshold,"{""betweenness"": 0.055, ""degree"": 0.032, ""n_seed_upstream"": 0.058, ""role"": 0.121, ""seed_flow_kzt"": 0.012, ""temporal"": 0.047}"
100000008648783100,terminal,0.6974188548877345,22,0.3247034729925761,"4-е колено, исходящие не наблюдались; вероятно конечный, P=0.70 — оценка по аналогам",4,False,1,0,5200.0,0.0,1,0,0.0,0.2516016960398339,4.83849415461219e-05,0,0.6974188548877345,0.0,0.0,1,1.0,0,near_threshold,"{""betweenness"": 0.055, ""degree"": 0.032, ""n_seed_upstream"": 0.058, ""role"": 0.121, ""seed_flow_kzt"": 0.005, ""temporal"": 0.047}"
100000004291663100,terminal,0.7354211364751857,5,0.3198395767556958,"4-е колено, исходящие не наблюдались; вероятно конечный, P=0.74 — оценка по аналогам",4,False,1,0,25000.0,0.0,1,0,0.0,5.069838376220716,0.00020279353504882864,0,0.7354211364751857,0.0,0.0,1,0.0,0,,"{""betweenness"": 0.055, ""degree"": 0.032, ""n_seed_upstream"": 0.058, ""role"": 0.121, ""seed_flow_kzt"": 0.015, ""temporal"": 0.032}"
100000003037476100,frontier,0.5358596739524291,6,0.38357652814517734,"4-е колено, обрыв обхода; вероятно передаёт дальше, P(конечный)=0.46 — оценка по аналогам",4,False,3,0,555000.0,0.0,3,0,0.0,259.41472116739993,0.0004674139120133332,0,0.4641403260475709,0.0,0.0,2,0.0,0,,"{""betweenness"": 0.055, ""degree"": 0.081, ""n_seed_upstream"": 0.058, ""role"": 0.053, ""seed_flow_kzt"": 0.095, ""temporal"": 0.032}"
100000008715513100,terminal,0.7411984619377168,22,0.31551611343402447,"4-е колено, исходящие не наблюдались; вероятно конечный, P=0.74 — оценка по аналогам",4,False,1,0,32500.0,0.0,1,0,0.0,1.572510600248962,4.838494154612191e-05,0,0.7411984619377168,0.0,0.0,1,0.0,0,,"{""betweenness"": 0.055, ""degree"": 0.032, ""n_seed_upstream"": 0.058, ""role"": 0.121, ""seed_flow_kzt"": 0.011, ""temporal"": 0.032}"
100000001276409100,terminal,0.7552975089324744,7,0.3967517137412179,"4-е колено, исходящие не наблюдались; вероятно конечный, P=0.76 — оценка по аналогам",4,False,1,0,94760.0,0.0,1,0,0.0,223.68802141909333,0.00236057430792627,0,0.7552975089324744,0.0,0.0,1,0.0,0,,"{""betweenness"": 0.055, ""degree"": 0.032, ""n_seed_upstream"": 0.058, ""role"": 0.121, ""seed_flow_kzt"": 0.09, ""temporal"": 0.032}"
100000003232675100,terminal,0.6101605412668217,3,0.37934408510396217,"4-е колено, исходящие не наблюдались; вероятно конечный, P=0.61 — оценка по аналогам",4,False,1,0,44000.0,0.0,2,0,0.0,124.33531687967303,0.002825802656356205,0,0.6101605412668217,0.0,0.0,1,0.0,0,,"{""betweenness"": 0.055, ""degree"": 0.032, ""n_seed_upstream"": 0.058, ""role"": 0.121, ""seed_flow_kzt"": 0.073, ""temporal"": 0.032}"
100000007988344100,frontier,0.5853067756220441,1,0.29551440680376595,"4-е колено, обрыв обхода; вероятно передаёт дальше, P(конечный)=0.41 — оценка по аналогам",4,False,1,0,20000.0,0.0,3,0,0.0,68.81438081365027,0.003440719040682514,0,0.41469322437795586,0.0,0.0,1,0.0,0,,"{""betweenness"": 0.055, ""degree"": 0.032, ""n_seed_upstream"": 0.058, ""role"": 0.053, ""seed_flow_kzt"": 0.058, ""temporal"": 0.032}"
100000003047800100,terminal,0.7021421984760977,15,0.323707938675086,"4-е колено, исходящие не наблюдались; вероятно конечный, P=0.70 — оценка по аналогам",4,False,1,0,12212.0,0.0,1,0,0.0,8.046928249678874,0.000658936148843668,0,0.7021421984760977,0.0,0.0,1,0.0,0,,"{""betweenness"": 0.055, ""degree"": 0.032, ""n_seed_upstream"": 0.058, ""role"": 0.121, ""seed_flow_kzt"": 0.019, ""temporal"": 0.032}"
100000003230328100,frontier,0.6097841424702184,3,0.3394316921239013,"4-е колено, обрыв обхода; вероятно передаёт дальше, P(конечный)=0.39 — оценка по аналогам",4,False,3,0,26572.0,0.0,3,0,0.0,52.61988210260405,0.0019802755570752693,0,0.3902158575297816,0.0,0.0,1,0.0,0,,"{""betweenness"": 0.055, ""degree"": 0.081, ""n_seed_upstream"": 0.058, ""role"": 0.053, ""seed_flow_kzt"": 0.052, ""temporal"": 0.032}"
100000002702968100,terminal,0.7308873717737315,7,0.3660323690872372,"4-е колено, исходящие не наблюдались; вероятно конечный, P=0.73 — оценка по аналогам",4,False,1,0,31600.0,0.0,1,0,0.0,74.59414813047013,0.00236057430792627,0,0.7308873717737315,0.0,0.0,1,0.0,0,,"{""betweenness"": 0.055, ""degree"": 0.032, ""n_seed_upstream"": 0.058, ""role"": 0.121, ""seed_flow_kzt"": 0.06, ""temporal"": 0.032}"
100000004788983100,terminal,0.7295385265225346,13,0.3757032738857126,"4-е колено, исходящие не наблюдались; вероятно конечный, P=0.73 — оценка по аналогам",4,False,1,0,27000.0,0.0,1,0,0.0,110.41814115417235,0.004089560783487865,0,0.7295385265225346,0.0,0.0,1,0.0,0,,"{""betweenness"": 0.055, ""degree"": 0.032, ""n_seed_upstream"": 0.058, ""role"": 0.121, ""seed_flow_kzt"": 0.069, ""temporal"": 0.032}"
100000006490615100,frontier,0.776781529969937,3,0.3214665642688511,"4-е колено, обрыв обхода; вероятно передаёт дальше, P(конечный)=0.22 — оценка по аналогам",4,False,1,0,41600.0,0.0,6,0,0.0,117.55339050441813,0.002825802656356205,0,0.22321847003006304,0.0,0.0,1,0.3333333333333333,0,near_threshold,"{""betweenness"": 0.055, ""degree"": 0.032, ""n_seed_upstream"": 0.058, ""role"": 0.053, ""seed_flow_kzt"": 0.071, ""temporal"": 0.045}"
100000008745676100,terminal,0.7377351935407077,9,0.32535768125835535,"4-е колено, исходящие не наблюдались; вероятно конечный, P=0.74 — оценка по аналогам",4,False,1,0,34547.0,0.0,1,0,0.0,8.688437940848273,0.00025149616293305564,0,0.7377351935407077,0.0,0.0,1,0.0,0,,"{""betweenness"": 0.055, ""degree"": 0.032, ""n_seed_upstream"": 0.058, ""role"": 0.121, ""seed_flow_kzt"": 0.02, ""temporal"": 0.032}"
100000001598625100,terminal,0.7228359115525558,1,0.3874790226697386,"4-е колено, исходящие не наблюдались; вероятно конечный, P=0.72 — оценка по аналогам",4,False,1,0,25000.0,0.0,1,0,0.0,166.28759276579152,0.006651503710631661,0,0.7228359115525558,0.0,0.0,1,0.0,0,,"{""betweenness"": 0.055, ""degree"": 0.032, ""n_seed_upstream"": 0.058, ""role"": 0.121, ""seed_flow_kzt"": 0.081, ""temporal"": 0.032}"
100000008461217100,terminal,0.7242149785877733,5,0.39589839861194065,"4-е колено, исходящие не наблюдались; вероятно конечный, P=0.72 — оценка по аналогам",4,False,1,0,18000.0,0.0,1,0,0.0,217.3913043478261,0.012077294685990338,0,0.7242149785877733,0.0,0.0,1,0.0,0,,"{""betweenness"": 0.055, ""degree"": 0.032, ""n_seed_upstream"": 0.058, ""role"": 0.121, ""seed_flow_kzt"": 0.089, ""temporal"": 0.032}"
100000005711521100,terminal,0.7727177127642139,3,0.3907785078362772,"4-е колено, исходящие не наблюдались; вероятно конечный, P=0.77 — оценка по аналогам",4,False,1,0,238000.0,0.0,1,0,0.0,180.24190088987424,0.0007573189113019926,0,0.7727177127642139,0.0,0.0,1,0.0,0,,"{""betweenness"": 0.055, ""degree"": 0.032, ""n_seed_upstream"": 0.058, ""role"": 0.121, ""seed_flow_kzt"": 0.084, ""temporal"": 0.032}"
100000002713974100,terminal,0.7399843637554587,14,0.349193617202833,"4-е колено, исходящие не наблюдались; вероятно конечный, P=0.74 — оценка по аналогам",4,False,1,0,50000.0,0.0,1,0,0.0,33.62163346858649,0.0006724326693717297,0,0.7399843637554587,0.0,0.0,1,0.0,0,,"{""betweenness"": 0.055, ""degree"": 0.032, ""n_seed_upstream"": 0.058, ""role"": 0.121, ""seed_flow_kzt"": 0.043, ""temporal"": 0.032}"
100000005272139100,terminal,0.7702418154513004,2,0.4575646386210427,"4-е колено, исходящие не наблюдались; вероятно конечный, P=0.77 — оценка по аналогам",4,False,1,0,165000.0,0.0,1,0,0.0,3188.8426541141685,0.019326319115843444,0,0.7702418154513004,0.0,0.0,1,0.0,0,,"{""betweenness"": 0.055, ""degree"": 0.032, ""n_seed_upstream"": 0.058, ""role"": 0.121, ""seed_flow_kzt"": 0.149, ""temporal"": 0.032}"
100000002968096100,terminal,0.7560867036780144,8,0.34384617572602894,"4-е колено, исходящие не наблюдались; вероятно конечный, P=0.76 — оценка по аналогам",4,False,1,0,70000.0,0.0,1,0,0.0,25.642981038421755,0.00036632830054888224,0,0.7560867036780144,0.0,0.0,1,0.0,0,,"{""betweenness"": 0.055, ""degree"": 0.032, ""n_seed_upstream"": 0.058, ""role"": 0.121, ""seed_flow_kzt"": 0.038, ""temporal"": 0.032}"
100000004449824100,terminal,0.7104462686893828,22,0.3117046391899195,"4-е колено, исходящие не наблюдались; вероятно конечный, P=0.71 — оценка по аналогам",4,False,1,0,9000.0,0.0,1,0,0.0,0.4354644739150972,4.838494154612191e-05,0,0.7104462686893828,0.0,0.0,1,0.0,0,,"{""betweenness"": 0.055, ""degree"": 0.032, ""n_seed_upstream"": 0.058, ""role"": 0.121, ""seed_flow_kzt"": 0.007, ""temporal"": 0.032}"
100000004502048100,terminal,0.7080705708223847,19,0.37274511477088484,"4-е колено, исходящие не наблюдались; вероятно конечный, P=0.71 — оценка по аналогам",4,False,1,0,13888.0,0.0,1,0,0.0,103.02363102483986,0.0074181761970650816,0,0.7080705708223847,0.0,0.0,1,0.0,0,,"{""betweenness"": 0.055, ""degree"": 0.032, ""n_seed_upstream"": 0.058, ""role"": 0.121, ""seed_flow_kzt"": 0.067, ""temporal"": 0.032}"
100000002660298100,terminal,0.7358065301289197,7,0.36546349233438574,"4-е колено, исходящие не наблюдались; вероятно конечный, P=0.74 — оценка по аналогам",4,False,1,0,30900.0,0.0,1,0,0.0,72.94174611492174,0.00236057430792627,0,0.7358065301289197,0.0,0.0,1,0.0,0,,"{""betweenness"": 0.055, ""degree"": 0.032, ""n_seed_upstream"": 0.058, ""role"": 0.121, ""seed_flow_kzt"": 0.059, ""temporal"": 0.032}"
100000001299828100,terminal,0.7614984792987038,1,0.419620559205848,"4-е колено, исходящие не наблюдались; вероятно конечный, P=0.76 — оценка по аналогам",4,False,1,0,100000.0,0.0,1,0,0.0,484.9960600259525,0.004849960600259525,0,0.7614984792987038,0.0,0.0,1,0.0,0,,"{""betweenness"": 0.055, ""degree"": 0.032, ""n_seed_upstream"": 0.058, ""role"": 0.121, ""seed_flow_kzt"": 0.112, ""temporal"": 0.032}"
100000000581662100,terminal,0.723468706052567,15,0.3224564098188127,"4-е колено, исходящие не наблюдались; вероятно конечный, P=0.72 — оценка по аналогам",4,False,1,0,21160.0,0.0,1,0,0.0,6.786950064616291,0.0003207443319761952,0,0.723468706052567,0.0,0.0,1,0.0,0,,"{""betweenness"": 0.055, ""degree"": 0.032, ""n_seed_upstream"": 0.058, ""role"": 0.121, ""seed_flow_kzt"": 0.017, ""temporal"": 0.032}"
100000001249054100,terminal,0.7245172920716518,7,0.35340330517393403,"4-е колено, исходящие не наблюдались; вероятно конечный, P=0.72 — оценка по аналогам",4,False,1,0,17375.0,0.0,1,0,0.0,41.01497860021894,0.00236057430792627,0,0.7245172920716518,0.0,0.0,1,0.0,0,,"{""betweenness"": 0.055, ""degree"": 0.032, ""n_seed_upstream"": 0.058, ""role"": 0.121, ""seed_flow_kzt"": 0.048, ""temporal"": 0.032}"
100000008759795100,terminal,0.7240206758764773,22,0.3136957078248997,"4-е колено, исходящие не наблюдались; вероятно конечный, P=0.72 — оценка по аналогам",4,False,1,0,17000.0,0.0,1,0,0.0,0.8225440062840724,4.838494154612191e-05,0,0.7240206758764773,0.0,0.0,1,0.0,0,,"{""betweenness"": 0.055, ""degree"": 0.032, ""n_seed_upstream"": 0.058, ""role"": 0.121, ""seed_flow_kzt"": 0.009, ""temporal"": 0.032}"
100000001299443100,terminal,0.7053790085806347,22,0.3114202008134937,"4-е колено, исходящие не наблюдались; вероятно конечный, P=0.71 — оценка по аналогам",4,False,1,0,8000.0,0.0,1,0,0.0,0.38707953236897524,4.838494154612191e-05,0,0.7053790085806347,0.0,0.0,1,0.0,0,,"{""betweenness"": 0.055, ""degree"": 0.032, ""n_seed_upstream"": 0.058, ""role"": 0.121, ""seed_flow_kzt"": 0.007, ""temporal"": 0.032}"
100000007997939100,terminal,0.7122240445224786,6,0.35602013823705086,"4-е колено, исходящие не наблюдались; вероятно конечный, P=0.71 — оценка по аналогам",4,False,1,0,13000.0,0.0,1,0,0.0,49.331887493600355,0.0037947605764307966,0,0.7122240445224786,0.0,0.0,1,0.0,0,,"{""betweenness"": 0.055, ""degree"": 0.032, ""n_seed_upstream"": 0.058, ""role"": 0.121, ""seed_flow_kzt"": 0.05, ""temporal"": 0.032}"
100000003470579100,terminal,0.642400728701807,28,0.3768410273914156,"4-е колено, исходящие не наблюдались; вероятно конечный, P=0.64 — оценка по аналогам",4,False,1,0,357000.0,0.0,2,0,0.0,115.21053650873341,0.0003227185896603177,0,0.642400728701807,0.0,0.0,1,0.0,0,,"{""betweenness"": 0.055, ""degree"": 0.032, ""n_seed_upstream"": 0.058, ""role"": 0.121, ""seed_flow_kzt"": 0.071, ""temporal"": 0.032}"
100000008649416100,terminal,0.6846335858499756,8,0.35326108598572115,"4-е колено, исходящие не наблюдались; вероятно конечный, P=0.68 — оценка по аналогам",4,False,1,0,5000.0,0.0,1,0,0.0,18.79914506903959,0.003759829013807918,0,0.6846335858499756,0.0,0.0,1,1.0,0,near_threshold,"{""betweenness"": 0.055, ""degree"": 0.032, ""n_seed_upstream"": 0.058, ""role"": 0.121, ""seed_flow_kzt"": 0.033, ""temporal"": 0.047}"
100000008183752100,terminal,0.7693784281955917,6,0.31796228347128586,"4-е колено, исходящие не наблюдались; вероятно конечный, P=0.77 — оценка по аналогам",4,False,1,0,140000.0,0.0,1,0,0.0,3.491747265386912,2.49410518956208e-05,0,0.7693784281955917,0.0,0.0,1,0.0,0,,"{""betweenness"": 0.055, ""degree"": 0.032, ""n_seed_upstream"": 0.058, ""role"": 0.121, ""seed_flow_kzt"": 0.013, ""temporal"": 0.032}"
100000003950749100,terminal,0.7056715008923935,2,0.42735728304462833,"4-е колено, исходящие не наблюдались; вероятно конечный, P=0.71 — оценка по аналогам",4,False,1,0,7000.0,0.0,1,0,0.0,669.6569573639754,0.09566527962342505,0,0.7056715008923935,0.0,0.0,1,0.0,0,,"{""betweenness"": 0.055, ""degree"": 0.032, ""n_seed_upstream"": 0.058, ""role"": 0.121, ""seed_flow_kzt"": 0.12, ""temporal"": 0.032}"
100000005979037100,terminal,0.7513880977739302,1,0.359092072702449,"4-е колено, исходящие не наблюдались; вероятно конечный, P=0.75 — оценка по аналогам",4,False,1,0,60300.0,0.0,1,0,0.0,54.498039193289586,0.0009037817444989981,0,0.7513880977739302,0.0,0.0,1,0.0,0,,"{""betweenness"": 0.055, ""degree"": 0.032, ""n_seed_upstream"": 0.058, ""role"": 0.121, ""seed_flow_kzt"": 0.053, ""temporal"": 0.032}"
100000008734279100,terminal,0.7363375385764475,14,0.3240492647267969,"4-е колено, исходящие не наблюдались; вероятно конечный, P=0.74 — оценка по аналогам",4,False,1,0,31650.0,0.0,1,0,0.0,8.166879505635674,0.00025803726716068477,0,0.7363375385764475,0.0,0.0,1,0.0,0,,"{""betweenness"": 0.055, ""degree"": 0.032, ""n_seed_upstream"": 0.058, ""role"": 0.121, ""seed_flow_kzt"": 0.019, ""temporal"": 0.032}"
100000005589319100,terminal,0.7308746669312799,3,0.3213186563131097,"4-е колено, исходящие не наблюдались; вероятно конечный, P=0.73 — оценка по аналогам",4,False,1,0,26000.0,0.0,1,0,0.0,5.966915638849897,0.00022949675534038064,0,0.7308746669312799,0.0,0.0,1,0.0,0,,"{""betweenness"": 0.055, ""degree"": 0.032, ""n_seed_upstream"": 0.058, ""role"": 0.121, ""seed_flow_kzt"": 0.016, ""temporal"": 0.032}"
100000003626268100,terminal,0.6822356115641738,1,0.36304576613476686,"4-е колено, исходящие не наблюдались; вероятно конечный, P=0.68 — оценка по аналогам",4,False,1,0,5000.0,0.0,1,0,0.0,33.257518553158306,0.006651503710631662,0,0.6822356115641738,0.0,0.0,1,1.0,0,near_threshold,"{""betweenness"": 0.055, ""degree"": 0.032, ""n_seed_upstream"": 0.058, ""role"": 0.121, ""seed_flow_kzt"": 0.043, ""temporal"": 0.047}"
100000001220124100,terminal,0.7372139403431294,1,0.40517108968341997,"4-е колено, исходящие не наблюдались; вероятно конечный, P=0.74 — оценка по аналогам",4,False,1,0,40000.0,0.0,1,0,0.0,292.75024023205907,0.0073187560058014765,0,0.7372139403431294,0.0,0.0,1,0.0,0,,"{""betweenness"": 0.055, ""degree"": 0.032, ""n_seed_upstream"": 0.058, ""role"": 0.121, ""seed_flow_kzt"": 0.098, ""temporal"": 0.032}"
100000003904497100,terminal,0.6979417699000616,6,0.3518104502659498,"4-е колено, исходящие не наблюдались; вероятно конечный, P=0.70 — оценка по аналогам",4,False,1,0,10000.0,0.0,1,0,0.0,37.947605764307966,0.0037947605764307966,0,0.6979417699000616,0.0,0.0,1,0.0,0,,"{""betweenness"": 0.055, ""degree"": 0.032, ""n_seed_upstream"": 0.058, ""role"": 0.121, ""seed_flow_kzt"": 0.046, ""temporal"": 0.032}"
100000001270470100,terminal,0.5922073323340863,1,0.3711522598629006,"4-е колено, исходящие не наблюдались; вероятно конечный, P=0.59 — оценка по аналогам",4,False,1,0,28300.0,0.0,2,0,0.0,97.37234885131514,0.003440719040682514,0,0.5922073323340863,0.0,0.0,1,0.0,0,,"{""betweenness"": 0.055, ""degree"": 0.032, ""n_seed_upstream"": 0.058, ""role"": 0.121, ""seed_flow_kzt"": 0.065, ""temporal"": 0.032}"
100000003091142100,terminal,0.7436046777314139,13,0.38708080894274255,"4-е колено, исходящие не наблюдались; вероятно конечный, P=0.74 — оценка по аналогам",4,False,1,0,40000.0,0.0,1,0,0.0,163.58243133951459,0.004089560783487865,0,0.7436046777314139,0.0,0.0,1,0.0,0,,"{""betweenness"": 0.055, ""degree"": 0.032, ""n_seed_upstream"": 0.058, ""role"": 0.121, ""seed_flow_kzt"": 0.081, ""temporal"": 0.032}"
100000001053894100,frontier,0.7285826655029941,8,0.32703017891173874,"4-е колено, обрыв обхода; вероятно передаёт дальше, P(конечный)=0.27 — оценка по аналогам",4,False,1,0,2000000.0,0.0,7,0,0.0,217.5504527917437,0.00010877522639587186,0,0.27141733449700595,0.0,0.0,1,0.0,0,,"{""betweenness"": 0.055, ""degree"": 0.032, ""n_seed_upstream"": 0.058, ""role"": 0.053, ""seed_flow_kzt"": 0.089, ""temporal"": 0.032}"
100000004722630100,terminal,0.5727518825412775,1,0.4461302158887276,"4-е колено, исходящие не наблюдались; вероятно конечный, P=0.57 — оценка по аналогам",4,False,1,0,340000.0,0.0,2,0,0.0,1631.8553297369099,0.0047995744992262055,0,0.5727518825412775,0.0,0.0,1,0.0,0,,"{""betweenness"": 0.055, ""degree"": 0.032, ""n_seed_upstream"": 0.058, ""role"": 0.121, ""seed_flow_kzt"": 0.138, ""temporal"": 0.032}"
100000004655046100,terminal,0.7334327630486954,7,0.3395227124043576,"4-е колено, исходящие не наблюдались; вероятно конечный, P=0.73 — оценка по аналогам",4,False,1,0,24000.0,0.0,1,0,0.0,19.340522095380656,0.0008058550873075274,0,0.7334327630486954,0.0,0.0,1,0.0,0,,"{""betweenness"": 0.055, ""degree"": 0.032, ""n_seed_upstream"": 0.058, ""role"": 0.121, ""seed_flow_kzt"": 0.034, ""temporal"": 0.032}"
100000004019056100,terminal,0.7489449248281681,3,0.41660551241573507,"4-е колено, исходящие не наблюдались; вероятно конечный, P=0.75 — оценка по аналогам",4,False,1,0,50000.0,0.0,1,0,0.0,422.92011492973006,0.0084584022985946,0,0.7489449248281681,0.0,0.0,1,0.0,0,,"{""betweenness"": 0.055, ""degree"": 0.032, ""n_seed_upstream"": 0.058, ""role"": 0.121, ""seed_flow_kzt"": 0.109, ""temporal"": 0.032}"
100000008071749100,terminal,0.7299432118326459,7,0.3606849276104332,"4-е колено, исходящие не наблюдались; вероятно конечный, P=0.73 — оценка по аналогам",4,False,1,0,24943.0,0.0,1,0,0.0,58.87980496260495,0.00236057430792627,0,0.7299432118326459,0.0,0.0,1,0.0,0,,"{""betweenness"": 0.055, ""degree"": 0.032, ""n_seed_upstream"": 0.058, ""role"": 0.121, ""seed_flow_kzt"": 0.055, ""temporal"": 0.032}"
100000008221765100,terminal,0.7591680687933016,8,0.3915180476149842,"4-е колено, исходящие не наблюдались; вероятно конечный, P=0.76 — оценка по аналогам",4,False,1,0,156354.0,0.0,1,0,0.0,186.89963663674558,0.001195362041500349,0,0.7591680687933016,0.0,0.0,1,0.0,0,,"{""betweenness"": 0.055, ""degree"": 0.032, ""n_seed_upstream"": 0.058, ""role"": 0.121, ""seed_flow_kzt"": 0.085, ""temporal"": 0.032}"
100000008778010100,terminal,0.6406520007861328,9,0.32023779048269185,"4-е колено, исходящие не наблюдались; вероятно конечный, P=0.64 — оценка по аналогам",4,False,1,0,76950.0,0.0,2,0,0.0,5.28283607110851,6.865284043026003e-05,0,0.6406520007861328,0.0,0.0,1,0.0,0,,"{""betweenness"": 0.055, ""degree"": 0.032, ""n_seed_upstream"": 0.058, ""role"": 0.121, ""seed_flow_kzt"": 0.015, ""temporal"": 0.032}"
100000004584730100,terminal,0.7476165695344409,3,0.322570185169383,"4-е колено, исходящие не наблюдались; вероятно конечный, P=0.75 — оценка по аналогам",4,False,1,0,47000.0,0.0,1,0,0.0,6.907498229817961,0.00014696804744293533,0,0.7476165695344409,0.0,0.0,1,0.0,0,,"{""betweenness"": 0.055, ""degree"": 0.032, ""n_seed_upstream"": 0.058, ""role"": 0.121, ""seed_flow_kzt"": 0.017, ""temporal"": 0.032}"
100000004797167100,terminal,0.727720877090847,14,0.3640981881275421,"4-е колено, исходящие не наблюдались; вероятно конечный, P=0.73 — оценка по аналогам",4,False,1,0,31000.0,0.0,1,0,0.0,66.85767156238443,0.002156699082657562,0,0.727720877090847,0.0,0.0,1,0.0,0,,"{""betweenness"": 0.055, ""degree"": 0.032, ""n_seed_upstream"": 0.058, ""role"": 0.121, ""seed_flow_kzt"": 0.058, ""temporal"": 0.032}"
100000005010159100,terminal,0.7013582126339254,14,0.3307620104104445,"4-е колено, исходящие не наблюдались; вероятно конечный, P=0.70 — оценка по аналогам",4,False,1,0,7092.0,0.0,1,0,0.0,11.852340059609718,0.0016712267427537674,0,0.7013582126339254,0.0,0.0,1,0.0,0,,"{""betweenness"": 0.055, ""degree"": 0.032, ""n_seed_upstream"": 0.058, ""role"": 0.121, ""seed_flow_kzt"": 0.025, ""temporal"": 0.032}"
100000003025903100,frontier,0.7225948678580438,14,0.354905139801462,"4-е колено, обрыв обхода; вероятно передаёт дальше, P(конечный)=0.28 — оценка по аналогам",4,False,1,0,386300.0,0.0,6,0,0.0,567.8724992027367,0.001470029767545267,0,0.27740513214195617,0.0,0.0,1,0.0,0,,"{""betweenness"": 0.055, ""degree"": 0.032, ""n_seed_upstream"": 0.058, ""role"": 0.053, ""seed_flow_kzt"": 0.117, ""temporal"": 0.032}"
100000003005167100,terminal,0.7033641839122263,22,0.3113064254629234,"4-е колено, исходящие не наблюдались; вероятно конечный, P=0.70 — оценка по аналогам",4,False,1,0,7000.0,0.0,1,0,0.0,0.33869459082285336,4.838494154612191e-05,0,0.7033641839122263,0.0,0.0,1,0.0,0,,"{""betweenness"": 0.055, ""degree"": 0.032, ""n_seed_upstream"": 0.058, ""role"": 0.121, ""seed_flow_kzt"": 0.006, ""temporal"": 0.032}"
100000002214383100,terminal,0.7763155985834796,9,0.3295673692294564,"4-е колено, исходящие не наблюдались; вероятно конечный, P=0.78 — оценка по аналогам",4,False,1,0,213000.0,0.0,1,0,0.0,11.429532128687592,5.365977525205442e-05,0,0.7763155985834796,0.0,0.0,1,0.0,0,,"{""betweenness"": 0.055, ""degree"": 0.032, ""n_seed_upstream"": 0.058, ""role"": 0.121, ""seed_flow_kzt"": 0.024, ""temporal"": 0.032}"
100000004800452100,terminal,0.7006007723070268,14,0.3258696703359217,"4-е колено, исходящие не наблюдались; вероятно конечный, P=0.70 — оценка по аналогам",4,False,1,0,6544.53,0.0,1,0,0.0,9.191590590098956,0.0014044691658681306,0,0.7006007723070268,0.0,0.0,1,0.0,0,,"{""betweenness"": 0.055, ""degree"": 0.032, ""n_seed_upstream"": 0.058, ""role"": 0.121, ""seed_flow_kzt"": 0.021, ""temporal"": 0.032}"
100000006903193100,terminal,0.6971622600579165,1,0.37490684643172056,"4-е колено, исходящие не наблюдались; вероятно конечный, P=0.70 — оценка по аналогам",4,False,1,0,9000.0,0.0,1,0,0.0,109.17376401348093,0.012130418223720104,0,0.6971622600579165,0.0,0.0,1,0.0,0,,"{""betweenness"": 0.055, ""degree"": 0.032, ""n_seed_upstream"": 0.058, ""role"": 0.121, ""seed_flow_kzt"": 0.069, ""temporal"": 0.032}"
100000007811950100,terminal,0.7499855029908852,26,0.39840145632448726,"4-е колено, исходящие не наблюдались; вероятно конечный, P=0.75 — оценка по аналогам",4,False,1,0,50000.0,0.0,1,0,0.0,229.5887778802765,0.00459177555760553,0,0.7499855029908852,0.0,0.0,1,0.0,0,,"{""betweenness"": 0.055, ""degree"": 0.032, ""n_seed_upstream"": 0.058, ""role"": 0.121, ""seed_flow_kzt"": 0.092, ""temporal"": 0.032}"
100000000375150100,terminal,0.7753941973508145,20,0.5010268225388969,"4-е колено, исходящие не наблюдались; вероятно конечный, P=0.78 — оценка по аналогам",4,False,1,0,300000.0,0.0,1,0,0.0,20532.39404848118,0.06844131349493726,0,0.7753941973508145,0.0,0.0,1,0.0,0,,"{""betweenness"": 0.055, ""degree"": 0.032, ""n_seed_upstream"": 0.058, ""role"": 0.121, ""seed_flow_kzt"": 0.192, ""temporal"": 0.032}"
100000008775747100,terminal,0.6982292808243795,6,0.33187132007850495,"4-е колено, исходящие не наблюдались; вероятно конечный, P=0.70 — оценка по аналогам",4,False,1,0,5000.0,0.0,1,0,0.0,3.3118473448533035,0.0006623694689706607,0,0.6982292808243795,0.0,0.0,1,1.0,0,near_threshold,"{""betweenness"": 0.055, ""degree"": 0.032, ""n_seed_upstream"": 0.058, ""role"": 0.121, ""seed_flow_kzt"": 0.012, ""temporal"": 0.047}"
100000006689603100,terminal,0.6589653206403578,5,0.33633700258838917,"4-е колено, исходящие не наблюдались; вероятно конечный, P=0.66 — оценка по аналогам",4,False,1,0,400000.0,0.0,2,0,0.0,17.11924319603706,4.279810799009265e-05,0,0.6589653206403578,0.0,0.0,1,0.0,0,,"{""betweenness"": 0.055, ""degree"": 0.032, ""n_seed_upstream"": 0.058, ""role"": 0.121, ""seed_flow_kzt"": 0.031, ""temporal"": 0.032}"
100000005075949100,frontier,0.6594235408075362,3,0.40633159825923704,"4-е колено, обрыв обхода; вероятно передаёт дальше, P(конечный)=0.34 — оценка по аналогам",4,False,1,0,2226000.0,0.0,7,0,0.0,7711.203469376132,0.003464152501965917,0,0.3405764591924638,0.0,0.0,1,0.0,0,,"{""betweenness"": 0.055, ""degree"": 0.032, ""n_seed_upstream"": 0.058, ""role"": 0.053, ""seed_flow_kzt"": 0.167, ""temporal"": 0.032}"
100000003985389100,frontier,0.8833092156641568,8,0.3287880080780499,"4-е колено, обрыв обхода; вероятно передаёт дальше, P(конечный)=0.12 — оценка по аналогам",4,False,1,0,422698.0,0.0,16,0,0.0,154.84623998541142,0.00036632830054888224,0,0.11669078433584319,0.0,0.0,1,0.1875,0,near_threshold,"{""betweenness"": 0.055, ""degree"": 0.032, ""n_seed_upstream"": 0.058, ""role"": 0.053, ""seed_flow_kzt"": 0.079, ""temporal"": 0.044}"
100000002478829100,terminal,0.7292552282579103,16,0.40505731433284975,"4-е колено, исходящие не наблюдались; вероятно конечный, P=0.73 — оценка по аналогам",4,False,1,0,34000.0,0.0,1,0,0.0,292.70276128733445,0.00860890474374513,0,0.7292552282579103,0.0,0.0,1,0.0,0,,"{""betweenness"": 0.055, ""degree"": 0.032, ""n_seed_upstream"": 0.058, ""role"": 0.121, ""seed_flow_kzt"": 0.098, ""temporal"": 0.032}"
100000003125997100,terminal,0.7603010755283524,6,0.40335068407429525,"4-е колено, исходящие не наблюдались; вероятно конечный, P=0.76 — оценка по аналогам",4,False,1,0,87750.0,0.0,1,0,0.0,275.2601431381539,0.00313686772807013,0,0.7603010755283524,0.0,0.0,1,0.0,0,,"{""betweenness"": 0.055, ""degree"": 0.032, ""n_seed_upstream"": 0.058, ""role"": 0.121, ""seed_flow_kzt"": 0.096, ""temporal"": 0.032}"
100000003214786100,terminal,0.6929488057845024,1,0.3756179423727849,"4-е колено, исходящие не наблюдались; вероятно конечный, P=0.69 — оценка по аналогам",4,False,1,0,5000.0,0.0,1,0,0.0,60.65209111860051,0.012130418223720102,0,0.6929488057845024,0.0,0.0,1,1.0,0,near_threshold,"{""betweenness"": 0.055, ""degree"": 0.032, ""n_seed_upstream"": 0.058, ""role"": 0.121, ""seed_flow_kzt"": 0.055, ""temporal"": 0.047}"
100000008308418100,terminal,0.7356965457508193,13,0.3543135079784964,"4-е колено, исходящие не наблюдались; вероятно конечный, P=0.74 — оценка по аналогам",4,False,1,0,50000.0,0.0,1,0,0.0,42.32212905366858,0.0008464425810733717,0,0.7356965457508193,0.0,0.0,1,0.0,0,,"{""betweenness"": 0.055, ""degree"": 0.032, ""n_seed_upstream"": 0.058, ""role"": 0.121, ""seed_flow_kzt"": 0.048, ""temporal"": 0.032}"
100000008619159100,terminal,0.6684062918194045,2,0.3598885001564411,"4-е колено, исходящие не наблюдались; вероятно конечный, P=0.67 — оценка по аналогам",4,False,1,0,446400.0,0.0,2,0,0.0,56.792529236611394,0.00012722340778810795,0,0.6684062918194045,0.0,0.0,1,0.0,0,,"{""betweenness"": 0.055, ""degree"": 0.032, ""n_seed_upstream"": 0.058, ""role"": 0.121, ""seed_flow_kzt"": 0.054, ""temporal"": 0.032}"
100000004418967100,terminal,0.759985441725701,6,0.39390732997696043,"4-е колено, исходящие не наблюдались; вероятно конечный, P=0.76 — оценка по аналогам",4,False,1,0,100000.0,0.0,1,0,0.0,200.0428523707174,0.0020004285237071743,0,0.759985441725701,0.0,0.0,1,0.0,0,,"{""betweenness"": 0.055, ""degree"": 0.032, ""n_seed_upstream"": 0.058, ""role"": 0.121, ""seed_flow_kzt"": 0.087, ""temporal"": 0.032}"
100000003173783100,terminal,0.5650927731877952,15,0.35215177631766076,"4-е колено, исходящие не наблюдались; вероятно конечный, P=0.57 — оценка по аналогам",4,False,1,0,23500.0,0.0,2,0,0.0,38.77543685064594,0.0016500185893891888,0,0.5650927731877952,0.0,0.0,1,0.0,0,,"{""betweenness"": 0.055, ""degree"": 0.032, ""n_seed_upstream"": 0.058, ""role"": 0.121, ""seed_flow_kzt"": 0.046, ""temporal"": 0.032}"
100000002242455100,terminal,0.7527970852331491,8,0.38093694001194633,"4-е колено, исходящие не наблюдались; вероятно конечный, P=0.75 — оценка по аналогам",4,False,1,0,110000.0,0.0,1,0,0.0,131.4898245650384,0.0011953620415003489,0,0.7527970852331491,0.0,0.0,1,0.0,0,,"{""betweenness"": 0.055, ""degree"": 0.032, ""n_seed_upstream"": 0.058, ""role"": 0.121, ""seed_flow_kzt"": 0.075, ""temporal"": 0.032}"
100000004848236100,terminal,0.7032702572764005,13,0.3471456608925676,"4-е колено, исходящие не наблюдались; вероятно конечный, P=0.70 — оценка по аналогам",4,False,1,0,7500.0,0.0,1,0,0.0,30.671705876158985,0.004089560783487865,0,0.7032702572764005,0.0,0.0,1,0.0,0,,"{""betweenness"": 0.055, ""degree"": 0.032, ""n_seed_upstream"": 0.058, ""role"": 0.121, ""seed_flow_kzt"": 0.041, ""temporal"": 0.032}"
100000004674412100,terminal,0.7487209633776524,3,0.3989134454020536,"4-е колено, исходящие не наблюдались; вероятно конечный, P=0.75 — оценка по аналогам",4,False,1,0,46000.0,0.0,1,0,0.0,231.9378084196564,0.00504212626999253,0,0.7487209633776524,0.0,0.0,1,0.0,0,,"{""betweenness"": 0.055, ""degree"": 0.032, ""n_seed_upstream"": 0.058, ""role"": 0.121, ""seed_flow_kzt"": 0.092, ""temporal"": 0.032}"
100000007071852100,terminal,0.7750467025934403,1,0.40710527064311514,"4-е колено, исходящие не наблюдались; вероятно конечный, P=0.78 — оценка по аналогам",4,False,1,0,195000.0,0.0,1,0,0.0,304.23556959812475,0.0015601824081955115,0,0.7750467025934403,0.0,0.0,1,0.0,0,,"{""betweenness"": 0.055, ""degree"": 0.032, ""n_seed_upstream"": 0.058, ""role"": 0.121, ""seed_flow_kzt"": 0.1, ""temporal"": 0.032}"
100000001498732100,terminal,0.6940794613526213,29,0.325044799044287,"4-е колено, исходящие не наблюдались; вероятно конечный, P=0.69 — оценка по аналогам",4,False,1,0,5500.0,0.0,1,0,0.0,0.26776313613261793,4.8684206569566896e-05,0,0.6940794613526213,0.0,0.0,1,1.0,0,near_threshold,"{""betweenness"": 0.055, ""degree"": 0.032, ""n_seed_upstream"": 0.058, ""role"": 0.121, ""seed_flow_kzt"": 0.006, ""temporal"": 0.047}"
100000000627521100,terminal,0.6928250709940672,8,0.3130130557214779,"4-е колено, исходящие не наблюдались; вероятно конечный, P=0.69 — оценка по аналогам",4,False,1,0,6500.0,0.0,1,0,0.0,0.7070389715731671,0.00010877522639587186,0,0.6928250709940672,0.0,0.0,1,0.0,0,,"{""betweenness"": 0.055, ""degree"": 0.032, ""n_seed_upstream"": 0.058, ""role"": 0.121, ""seed_flow_kzt"": 0.008, ""temporal"": 0.032}"
100000003105089100,terminal,0.7117745437050452,16,0.38429331285377016,"4-е колено, исходящие не наблюдались; вероятно конечный, P=0.71 — оценка по аналогам",4,False,1,0,10000.0,0.0,1,0,0.0,146.88435872330433,0.014688435872330433,0,0.7117745437050452,0.0,0.0,1,0.0,0,,"{""betweenness"": 0.055, ""degree"": 0.032, ""n_seed_upstream"": 0.058, ""role"": 0.121, ""seed_flow_kzt"": 0.078, ""temporal"": 0.032}"
100000003166017100,terminal,0.719486543756338,7,0.3502744830332508,"4-е колено, исходящие не наблюдались; вероятно конечный, P=0.72 — оценка по аналогам",4,False,1,0,15000.0,0.0,1,0,0.0,35.40861461889405,0.00236057430792627,0,0.719486543756338,0.0,0.0,1,0.0,0,,"{""betweenness"": 0.055, ""degree"": 0.032, ""n_seed_upstream"": 0.058, ""role"": 0.121, ""seed_flow_kzt"": 0.045, ""temporal"": 0.032}"
100000002506987100,terminal,0.7277791744346017,7,0.36398441277697186,"4-е колено, исходящие не наблюдались; вероятно конечный, P=0.73 — оценка по аналогам",4,False,1,0,28200.0,0.0,1,0,0.0,66.56819548352081,0.00236057430792627,0,0.7277791744346017,0.0,0.0,1,0.0,0,,"{""betweenness"": 0.055, ""degree"": 0.032, ""n_seed_upstream"": 0.058, ""role"": 0.121, ""seed_flow_kzt"": 0.058, ""temporal"": 0.032}"
100000005767403100,terminal,0.5633476154050934,21,0.48492761043319954,"4-е колено, исходящие не наблюдались; вероятно конечный, P=0.56 — оценка по аналогам",4,False,1,0,1100000.0,0.0,2,0,0.0,11799.833448936131,0.010727121317214665,0,0.5633476154050934,0.0,0.0,1,0.0,0,,"{""betweenness"": 0.055, ""degree"": 0.032, ""n_seed_upstream"": 0.058, ""role"": 0.121, ""seed_flow_kzt"": 0.176, ""temporal"": 0.032}"
100000005553088100,terminal,0.7151830753888362,14,0.31927070000284435,"4-е колено, исходящие не наблюдались; вероятно конечный, P=0.72 — оценка по аналогам",4,False,1,0,17500.0,0.0,1,0,0.0,4.515652175311984,0.00025803726716068477,0,0.7151830753888362,0.0,0.0,1,0.0,0,,"{""betweenness"": 0.055, ""degree"": 0.032, ""n_seed_upstream"": 0.058, ""role"": 0.121, ""seed_flow_kzt"": 0.014, ""temporal"": 0.032}"
100000003632533100,terminal,0.7077790315354445,8,0.3410017919617715,"4-е колено, исходящие не наблюдались; вероятно конечный, P=0.71 — оценка по аналогам",4,False,1,0,10000.0,0.0,1,0,0.0,21.707553498128345,0.0021707553498128344,0,0.7077790315354445,0.0,0.0,1,0.0,0,,"{""betweenness"": 0.055, ""degree"": 0.032, ""n_seed_upstream"": 0.058, ""role"": 0.121, ""seed_flow_kzt"": 0.035, ""temporal"": 0.032}"
100000008762005100,terminal,0.6958887647978472,6,0.32402082088915435,"4-е колено, исходящие не наблюдались; вероятно конечный, P=0.70 — оценка по аналогам",4,False,1,0,5000.0,0.0,1,0,0.0,0.025862088843181356,5.1724177686362716e-06,0,0.6958887647978472,0.0,0.0,1,1.0,0,near_threshold,"{""betweenness"": 0.055, ""degree"": 0.032, ""n_seed_upstream"": 0.058, ""role"": 0.121, ""seed_flow_kzt"": 0.005, ""temporal"": 0.047}"
100000002214207100,terminal,0.7583374535893995,31,0.4817987882925164,"4-е колено, исходящие не наблюдались; вероятно конечный, P=0.76 — оценка по аналогам",4,False,1,0,97000.0,0.0,1,0,0.0,10104.046242774568,0.10416542518324297,0,0.7583374535893995,0.0,0.0,1,0.0,0,,"{""betweenness"": 0.055, ""degree"": 0.032, ""n_seed_upstream"": 0.058, ""role"": 0.121, ""seed_flow_kzt"": 0.173, ""temporal"": 0.032}"
100000003180820100,terminal,0.7566384437069376,6,0.3642119634781124,"4-е колено, исходящие не наблюдались; вероятно конечный, P=0.76 — оценка по аналогам",4,False,1,0,101000.0,0.0,1,0,0.0,66.89931636603673,0.0006623694689706607,0,0.7566384437069376,0.0,0.0,1,0.0,0,,"{""betweenness"": 0.055, ""degree"": 0.032, ""n_seed_upstream"": 0.058, ""role"": 0.121, ""seed_flow_kzt"": 0.058, ""temporal"": 0.032}"
100000003786516100,terminal,0.6964748517136441,3,0.33528458059561395,"4-е колено, исходящие не наблюдались; вероятно конечный, P=0.70 — оценка по аналогам",4,False,1,0,5000.0,0.0,1,0,0.0,5.641435077884143,0.0011282870155768286,0,0.6964748517136441,0.0,0.0,1,1.0,0,near_threshold,"{""betweenness"": 0.055, ""degree"": 0.032, ""n_seed_upstream"": 0.058, ""role"": 0.121, ""seed_flow_kzt"": 0.016, ""temporal"": 0.047}"
100000005226217100,terminal,0.7106461943836467,6,0.36352931137469063,"4-е колено, исходящие не наблюдались; вероятно конечный, P=0.71 — оценка по аналогам",4,False,1,0,17500.0,0.0,1,0,0.0,66.40831008753894,0.003794760576430796,0,0.7106461943836467,0.0,0.0,1,0.0,0,,"{""betweenness"": 0.055, ""degree"": 0.032, ""n_seed_upstream"": 0.058, ""role"": 0.121, ""seed_flow_kzt"": 0.057, ""temporal"": 0.032}"
100000001533161100,terminal,0.759985441725701,3,0.3334926188241317,"4-е колено, исходящие не наблюдались; вероятно конечный, P=0.76 — оценка по аналогам",4,False,1,0,100000.0,0.0,1,0,0.0,14.696804744293534,0.00014696804744293533,0,0.759985441725701,0.0,0.0,1,0.0,0,,"{""betweenness"": 0.055, ""degree"": 0.032, ""n_seed_upstream"": 0.058, ""role"": 0.121, ""seed_flow_kzt"": 0.028, ""temporal"": 0.032}"
100000007034089100,terminal,0.611330402182119,6,0.3873766248542253,"4-е колено, исходящие не наблюдались; вероятно конечный, P=0.61 — оценка по аналогам",4,False,2,0,198000.0,0.0,2,0,0.0,33.24940078849202,0.00016792626660854553,0,0.611330402182119,0.0,0.0,2,0.0,0,,"{""betweenness"": 0.055, ""degree"": 0.07, ""n_seed_upstream"": 0.058, ""role"": 0.121, ""seed_flow_kzt"": 0.043, ""temporal"": 0.032}"
100000008336318100,terminal,0.7737669913300933,6,0.3140370338766106,"4-е колено, исходящие не наблюдались; вероятно конечный, P=0.77 — оценка по аналогам",4,False,1,0,170000.0,0.0,1,0,0.0,0.8793110206681661,5.1724177686362716e-06,0,0.7737669913300933,0.0,0.0,1,0.0,0,,"{""betweenness"": 0.055, ""degree"": 0.032, ""n_seed_upstream"": 0.058, ""role"": 0.121, ""seed_flow_kzt"": 0.009, ""temporal"": 0.032}"
100000005370558100,terminal,0.6852315524320759,3,0.3283442842108257,"4-е колено, исходящие не наблюдались; вероятно конечный, P=0.69 — оценка по аналогам",4,False,1,0,5000.0,0.0,1,0,0.0,0.8479135400280385,0.00016958270800560772,0,0.6852315524320759,0.0,0.0,1,1.0,0,near_threshold,"{""betweenness"": 0.055, ""degree"": 0.032, ""n_seed_upstream"": 0.058, ""role"": 0.121, ""seed_flow_kzt"": 0.009, ""temporal"": 0.047}"
100000002729875100,terminal,0.7542334830104835,7,0.39049406945985143,"4-е колено, исходящие не наблюдались; вероятно конечный, P=0.75 — оценка по аналогам",4,False,1,0,76000.0,0.0,1,0,0.0,179.4036474023965,0.00236057430792627,0,0.7542334830104835,0.0,0.0,1,0.0,0,,"{""betweenness"": 0.055, ""degree"": 0.032, ""n_seed_upstream"": 0.058, ""role"": 0.121, ""seed_flow_kzt"": 0.084, ""temporal"": 0.032}"
100000006512787100,terminal,0.5867413283241083,13,0.3359956765366783,"4-е колено, исходящие не наблюдались; вероятно конечный, P=0.59 — оценка по аналогам",4,False,1,0,20000.0,0.0,2,0,0.0,16.92885162146743,0.0008464425810733715,0,0.5867413283241083,0.0,0.0,1,0.0,0,,"{""betweenness"": 0.055, ""degree"": 0.032, ""n_seed_upstream"": 0.058, ""role"": 0.121, ""seed_flow_kzt"": 0.031, ""temporal"": 0.032}"
100000003186579100,terminal,0.557915629109923,1,0.42223739226896484,"4-е колено, исходящие не наблюдались; вероятно конечный, P=0.56 — оценка по аналогам",4,False,1,0,110000.0,0.0,2,0,0.0,538.7712641495749,0.004897920583177954,0,0.557915629109923,0.0,0.0,1,0.0,0,,"{""betweenness"": 0.055, ""degree"": 0.032, ""n_seed_upstream"": 0.058, ""role"": 0.121, ""seed_flow_kzt"": 0.115, ""temporal"": 0.032}"
100000004472936100,terminal,0.6923589177288667,3,0.3732855476860938,"4-е колено, исходящие не наблюдались; вероятно конечный, P=0.69 — оценка по аналогам",4,False,1,0,5000.0,0.0,1,0,0.0,54.02934678953065,0.01080586935790613,0,0.6923589177288667,0.0,0.0,1,1.0,0,near_threshold,"{""betweenness"": 0.055, ""degree"": 0.032, ""n_seed_upstream"": 0.058, ""role"": 0.121, ""seed_flow_kzt"": 0.053, ""temporal"": 0.047}"
100000002231144100,terminal,0.7222742466726494,16,0.4099496544073726,"4-е колено, исходящие не наблюдались; вероятно конечный, P=0.72 — оценка по аналогам",4,False,1,0,15000.0,0.0,1,0,0.0,338.501681239615,0.022566778749307667,0,0.7222742466726494,0.0,0.0,1,0.0,0,,"{""betweenness"": 0.055, ""degree"": 0.032, ""n_seed_upstream"": 0.058, ""role"": 0.121, ""seed_flow_kzt"": 0.103, ""temporal"": 0.032}"
100000002505277100,terminal,0.7423760483316868,13,0.3272918622180504,"4-е колено, исходящие не наблюдались; вероятно конечный, P=0.74 — оценка по аналогам",4,False,1,0,60000.0,0.0,1,0,0.0,10.15731097288046,0.00016928851621467433,0,0.7423760483316868,0.0,0.0,1,0.0,0,,"{""betweenness"": 0.055, ""degree"": 0.032, ""n_seed_upstream"": 0.058, ""role"": 0.121, ""seed_flow_kzt"": 0.022, ""temporal"": 0.032}"
100000003177533100,terminal,0.5013986339099202,14,0.3628068378985692,"4-е колено, исходящие не наблюдались; вероятно конечный, P=0.50 — оценка по аналогам",4,False,1,0,20000.0,0.0,3,0,0.0,33.42453485507535,0.0016712267427537676,0,0.5013986339099202,0.0,0.0,1,0.6666666666666666,0,near_threshold,"{""betweenness"": 0.055, ""degree"": 0.032, ""n_seed_upstream"": 0.058, ""role"": 0.121, ""seed_flow_kzt"": 0.043, ""temporal"": 0.046}"
100000005888829100,terminal,0.769894092324907,6,0.38082316466137606,"4-е колено, исходящие не наблюдались; вероятно конечный, P=0.77 — оценка по аналогам",4,False,1,0,197000.0,0.0,1,0,0.0,130.48678538722015,0.0006623694689706607,0,0.769894092324907,0.0,0.0,1,0.0,0,,"{""betweenness"": 0.055, ""degree"": 0.032, ""n_seed_upstream"": 0.058, ""role"": 0.121, ""seed_flow_kzt"": 0.074, ""temporal"": 0.032}"
100000002242066100,terminal,0.7397174070969409,18,0.3440168387518843,"4-е колено, исходящие не наблюдались; вероятно конечный, P=0.74 — оценка по аналогам",4,False,1,0,60000.0,0.0,1,0,0.0,25.649784113137883,0.0004274964018856304,0,0.7397174070969409,0.0,0.0,1,0.0,0,,"{""betweenness"": 0.055, ""degree"": 0.032, ""n_seed_upstream"": 0.058, ""role"": 0.121, ""seed_flow_kzt"": 0.038, ""temporal"": 0.032}"
100000008027922100,terminal,0.7504217706597437,27,0.4420343032681969,"4-е колено, исходящие не наблюдались; вероятно конечный, P=0.75 — оценка по аналогам",4,False,1,0,70000.0,0.0,1,0,0.0,1319.5714404626337,0.018851020578037624,0,0.7504217706597437,0.0,0.0,1,0.0,0,,"{""betweenness"": 0.055, ""degree"": 0.032, ""n_seed_upstream"": 0.058, ""role"": 0.121, ""seed_flow_kzt"": 0.134, ""temporal"": 0.032}"
100000002686226100,terminal,0.6688418972870104,8,0.4430582814233296,"4-е колено, исходящие не наблюдались; вероятно конечный, P=0.67 — оценка по аналогам",4,False,1,0,430000.0,0.0,2,0,0.0,1416.9297267140457,0.003295185410962897,0,0.6688418972870104,0.0,0.0,1,0.0,0,,"{""betweenness"": 0.055, ""degree"": 0.032, ""n_seed_upstream"": 0.058, ""role"": 0.121, ""seed_flow_kzt"": 0.135, ""temporal"": 0.032}"
100000001065234100,terminal,0.7780370333903035,2,0.4147282191313251,"4-е колено, исходящие не наблюдались; вероятно конечный, P=0.78 — оценка по аналогам",4,False,1,0,360000.0,0.0,1,0,0.0,408.325283943468,0.0011342368998429667,0,0.7780370333903035,0.0,0.0,1,0.0,0,,"{""betweenness"": 0.055, ""degree"": 0.032, ""n_seed_upstream"": 0.058, ""role"": 0.121, ""seed_flow_kzt"": 0.108, ""temporal"": 0.032}"
100000000424935100,terminal,0.7093108482311079,21,0.3538584065762152,"4-е колено, исходящие не наблюдались; вероятно конечный, P=0.71 — оценка по аналогам",4,False,1,0,15000.0,0.0,1,0,0.0,41.45011246937881,0.0027633408312919207,0,0.7093108482311079,0.0,0.0,1,0.0,0,,"{""betweenness"": 0.055, ""degree"": 0.032, ""n_seed_upstream"": 0.058, ""role"": 0.121, ""seed_flow_kzt"": 0.048, ""temporal"": 0.032}"
100000005723580100,terminal,0.7337138448834418,6,0.36478084023096397,"4-е колено, исходящие не наблюдались; вероятно конечный, P=0.73 — оценка по аналогам",4,False,1,0,35000.0,0.0,1,0,0.0,70.0149983297511,0.0020004285237071743,0,0.7337138448834418,0.0,0.0,1,0.0,0,,"{""betweenness"": 0.055, ""degree"": 0.032, ""n_seed_upstream"": 0.058, ""role"": 0.121, ""seed_flow_kzt"": 0.059, ""temporal"": 0.032}"
100000000704700100,terminal,0.7117745437050452,23,0.3424808715191853,"4-е колено, исходящие не наблюдались; вероятно конечный, P=0.71 — оценка по аналогам",4,False,1,0,10000.0,0.0,1,0,0.0,23.57054273266704,0.002357054273266704,0,0.7117745437050452,0.0,0.0,1,0.0,0,,"{""betweenness"": 0.055, ""degree"": 0.032, ""n_seed_upstream"": 0.058, ""role"": 0.121, ""seed_flow_kzt"": 0.037, ""temporal"": 0.032}"
100000005293969100,terminal,0.6832391500156197,1,0.3335210626617743,"4-е колено, исходящие не наблюдались; вероятно конечный, P=0.68 — оценка по аналогам",4,False,1,0,5466.97,0.0,1,0,0.0,4.276201308951274,0.0007821885448340257,0,0.6832391500156197,0.0,0.0,1,1.0,0,near_threshold,"{""betweenness"": 0.055, ""degree"": 0.032, ""n_seed_upstream"": 0.058, ""role"": 0.121, ""seed_flow_kzt"": 0.014, ""temporal"": 0.047}"
100000002512742100,terminal,0.6996858575800536,22,0.31090821173592736,"4-е колено, исходящие не наблюдались; вероятно конечный, P=0.70 — оценка по аналогам",4,False,1,0,6000.0,0.0,1,0,0.0,0.2903096492767315,4.8384941546121915e-05,0,0.6996858575800536,0.0,0.0,1,0.0,0,,"{""betweenness"": 0.055, ""degree"": 0.032, ""n_seed_upstream"": 0.058, ""role"": 0.121, ""seed_flow_kzt"": 0.006, ""temporal"": 0.032}"
100000001816678100,terminal,0.7512818909235007,5,0.33519924908268617,"4-е колено, исходящие не наблюдались; вероятно конечный, P=0.75 — оценка по аналогам",4,False,1,0,60000.0,0.0,1,0,0.0,16.326896176590132,0.0002721149362765022,0,0.7512818909235007,0.0,0.0,1,0.0,0,,"{""betweenness"": 0.055, ""degree"": 0.032, ""n_seed_upstream"": 0.058, ""role"": 0.121, ""seed_flow_kzt"": 0.03, ""temporal"": 0.032}"
100000004586598100,frontier,0.609687013504572,20,0.2838524333703103,"4-е колено, обрыв обхода; вероятно передаёт дальше, P(конечный)=0.39 — оценка по аналогам",4,False,1,0,761255.0,0.0,4,0,0.0,39.956412824850766,5.248755387465536e-05,0,0.390312986495428,0.0,0.0,1,0.0,0,,"{""betweenness"": 0.055, ""degree"": 0.032, ""n_seed_upstream"": 0.058, ""role"": 0.053, ""seed_flow_kzt"": 0.047, ""temporal"": 0.032}"
100000005782886100,terminal,0.7178968132622119,6,0.3584094205990272,"4-е колено, исходящие не наблюдались; вероятно конечный, P=0.72 — оценка по аналогам",4,False,1,0,14000.0,0.0,1,0,0.0,53.12664807003115,0.0037947605764307966,0,0.7178968132622119,0.0,0.0,1,0.0,0,,"{""betweenness"": 0.055, ""degree"": 0.032, ""n_seed_upstream"": 0.058, ""role"": 0.121, ""seed_flow_kzt"": 0.052, ""temporal"": 0.032}"
100000002622822100,terminal,0.8037603760698885,6,0.36250533321955797,"4-е колено, исходящие не наблюдались; вероятно конечный, P=0.80 — оценка по аналогам",4,False,1,0,750000.0,0.0,1,0,0.0,63.36175808856589,8.448234411808786e-05,0,0.8037603760698885,0.0,0.0,1,0.0,0,,"{""betweenness"": 0.055, ""degree"": 0.032, ""n_seed_upstream"": 0.058, ""role"": 0.121, ""seed_flow_kzt"": 0.056, ""temporal"": 0.032}"
100000003718715100,terminal,0.5399279827307714,20,0.38952697898000394,"4-е колено, исходящие не наблюдались; вероятно конечный, P=0.54 — оценка по аналогам",4,False,1,0,915000.0,0.0,3,0,0.0,175.80821642934336,0.000192140127245184,0,0.5399279827307714,0.0,0.0,1,0.0,0,,"{""betweenness"": 0.055, ""degree"": 0.032, ""n_seed_upstream"": 0.058, ""role"": 0.121, ""seed_flow_kzt"": 0.083, ""temporal"": 0.032}"
100000006491963100,frontier,0.513700304020529,22,0.2583838211451489,"4-е колено, обрыв обхода; вероятно передаёт дальше, P(конечный)=0.49 — оценка по аналогам",4,False,1,0,16000.0,0.0,3,0,0.0,0.7741590647379505,4.838494154612191e-05,0,0.48629969597947104,0.0,0.0,1,0.6666666666666666,0,near_threshold,"{""betweenness"": 0.055, ""degree"": 0.032, ""n_seed_upstream"": 0.058, ""role"": 0.053, ""seed_flow_kzt"": 0.009, ""temporal"": 0.046}"
100000004526651100,terminal,0.7340275833336402,6,0.3411155673123417,"4-е колено, исходящие не наблюдались; вероятно конечный, P=0.73 — оценка по аналогам",4,False,1,0,33000.0,0.0,1,0,0.0,21.858192476031803,0.0006623694689706607,0,0.7340275833336402,0.0,0.0,1,0.0,0,,"{""betweenness"": 0.055, ""degree"": 0.032, ""n_seed_upstream"": 0.058, ""role"": 0.121, ""seed_flow_kzt"": 0.036, ""temporal"": 0.032}"
100000008331280100,frontier,0.5259471710033159,28,0.26342975794294166,"4-е колено, обрыв обхода; вероятно передаёт дальше, P(конечный)=0.47 — оценка по аналогам",4,False,1,0,41000.0,0.0,2,0,0.0,13.231462176073025,0.0003227185896603177,0,0.47405282899668405,0.0,0.0,1,0.0,0,,"{""betweenness"": 0.055, ""degree"": 0.032, ""n_seed_upstream"": 0.058, ""role"": 0.053, ""seed_flow_kzt"": 0.027, ""temporal"": 0.032}"
100000004177936100,terminal,0.699691375990958,1,0.3637568620758312,"4-е колено, исходящие не наблюдались; вероятно конечный, P=0.70 — оценка по аналогам",4,False,1,0,10000.0,0.0,1,0,0.0,66.51503710631661,0.006651503710631662,0,0.699691375990958,0.0,0.0,1,0.0,0,,"{""betweenness"": 0.055, ""degree"": 0.032, ""n_seed_upstream"": 0.058, ""role"": 0.121, ""seed_flow_kzt"": 0.058, ""temporal"": 0.032}"
100000002922000100,terminal,0.7851298250162734,3,0.3633017606735501,"4-е колено, исходящие не наблюдались; вероятно конечный, P=0.79 — оценка по аналогам",4,False,1,0,448000.0,0.0,1,0,0.0,65.84168525443502,0.0001469680474429353,0,0.7851298250162734,0.0,0.0,1,0.0,0,,"{""betweenness"": 0.055, ""degree"": 0.032, ""n_seed_upstream"": 0.058, ""role"": 0.121, ""seed_flow_kzt"": 0.057, ""temporal"": 0.032}"
100000002404112100,terminal,0.7538617129976184,28,0.33963648775492783,"4-е колено, исходящие не наблюдались; вероятно конечный, P=0.75 — оценка по аналогам",4,False,1,0,60000.0,0.0,1,0,0.0,19.36311537961906,0.0003227185896603177,0,0.7538617129976184,0.0,0.0,1,0.0,0,,"{""betweenness"": 0.055, ""degree"": 0.032, ""n_seed_upstream"": 0.058, ""role"": 0.121, ""seed_flow_kzt"": 0.034, ""temporal"": 0.032}"
100000000634341100,terminal,0.5844703484181588,1,0.3772961287936968,"4-е колено, исходящие не наблюдались; вероятно конечный, P=0.58 — оценка по аналогам",4,False,1,0,24000.0,0.0,2,0,0.0,116.39905440622857,0.004849960600259524,0,0.5844703484181588,0.0,0.0,1,0.0,0,,"{""betweenness"": 0.055, ""degree"": 0.032, ""n_seed_upstream"": 0.058, ""role"": 0.121, ""seed_flow_kzt"": 0.071, ""temporal"": 0.032}"
100000001822650100,terminal,0.7673175308739978,6,0.33542679978382683,"4-е колено, исходящие не наблюдались; вероятно конечный, P=0.77 — оценка по аналогам",4,False,1,0,112000.0,0.0,1,0,0.0,16.476051811123124,0.00014710760545645645,0,0.7673175308739978,0.0,0.0,1,0.0,0,,"{""betweenness"": 0.055, ""degree"": 0.032, ""n_seed_upstream"": 0.058, ""role"": 0.121, ""seed_flow_kzt"": 0.03, ""temporal"": 0.032}"
100000004791226100,terminal,0.717150153310101,13,0.3359956765366783,"4-е колено, исходящие не наблюдались; вероятно конечный, P=0.72 — оценка по аналогам",4,False,1,0,20000.0,0.0,1,0,0.0,16.92885162146743,0.0008464425810733715,0,0.717150153310101,0.0,0.0,1,0.0,0,,"{""betweenness"": 0.055, ""degree"": 0.032, ""n_seed_upstream"": 0.058, ""role"": 0.121, ""seed_flow_kzt"": 0.031, ""temporal"": 0.032}"
100000007841978100,terminal,0.7943727633430202,8,0.421554740165543,"4-е колено, исходящие не наблюдались; вероятно конечный, P=0.79 — оценка по аналогам",4,False,1,0,449000.0,0.0,1,0,0.0,516.6368850881923,0.0011506389422899607,0,0.7943727633430202,0.0,0.0,1,0.0,0,,"{""betweenness"": 0.055, ""degree"": 0.032, ""n_seed_upstream"": 0.058, ""role"": 0.121, ""seed_flow_kzt"": 0.114, ""temporal"": 0.032}"
100000006866831100,terminal,0.721673673338904,5,0.38981141735642966,"4-е колено, исходящие не наблюдались; вероятно конечный, P=0.72 — оценка по аналогам",4,False,1,0,16500.0,0.0,1,0,0.0,176.17493026564827,0.01067726850094838,0,0.721673673338904,0.0,0.0,1,0.0,0,,"{""betweenness"": 0.055, ""degree"": 0.032, ""n_seed_upstream"": 0.058, ""role"": 0.121, ""seed_flow_kzt"": 0.083, ""temporal"": 0.032}"
100000002999140100,terminal,0.5518489842450125,10,0.337218761555309,"4-е колено, исходящие не наблюдались; вероятно конечный, P=0.55 — оценка по аналогам",4,False,1,0,10000.0,0.0,2,0,0.0,7.106107656919252,0.0007106107656919252,0,0.5518489842450125,0.0,0.0,1,1.0,0,near_threshold,"{""betweenness"": 0.055, ""degree"": 0.032, ""n_seed_upstream"": 0.058, ""role"": 0.121, ""seed_flow_kzt"": 0.018, ""temporal"": 0.047}"
100000002884708100,terminal,0.7034877169199267,6,0.3724606763944591,"4-е колено, исходящие не наблюдались; вероятно конечный, P=0.70 — оценка по аналогам",4,False,1,0,1171644.0,0.0,2,0,0.0,102.53077544490615,8.75101783860167e-05,0,0.7034877169199267,0.0,0.0,1,0.0,0,,"{""betweenness"": 0.055, ""degree"": 0.032, ""n_seed_upstream"": 0.058, ""role"": 0.121, ""seed_flow_kzt"": 0.066, ""temporal"": 0.032}"
100000001130553100,terminal,0.5883649527403982,8,0.36596410387689504,"4-е колено, исходящие не наблюдались; вероятно конечный, P=0.59 — оценка по аналогам",4,False,1,0,18000.0,0.0,2,0,0.0,39.07359629663102,0.0021707553498128344,0,0.5883649527403982,0.0,0.0,1,0.5,0,near_threshold,"{""betweenness"": 0.055, ""degree"": 0.032, ""n_seed_upstream"": 0.058, ""role"": 0.121, ""seed_flow_kzt"": 0.047, ""temporal"": 0.046}"
100000006351075100,terminal,0.6239617280190312,13,0.3099411212560798,"4-е колено, исходящие не наблюдались; вероятно конечный, P=0.62 — оценка по аналогам",4,False,1,0,40000.0,0.0,2,0,0.0,0.18434192414722067,4.608548103680517e-06,0,0.6239617280190312,0.0,0.0,1,0.0,0,,"{""betweenness"": 0.055, ""degree"": 0.032, ""n_seed_upstream"": 0.058, ""role"": 0.121, ""seed_flow_kzt"": 0.005, ""temporal"": 0.032}"
100000005616568100,terminal,0.7846216903569122,8,0.4057399664362716,"4-е колено, исходящие не наблюдались; вероятно конечный, P=0.78 — оценка по аналогам",4,False,1,0,530000.0,0.0,1,0,0.0,296.3541443779318,0.0005591587629772298,0,0.7846216903569122,0.0,0.0,1,0.0,0,,"{""betweenness"": 0.055, ""degree"": 0.032, ""n_seed_upstream"": 0.058, ""role"": 0.121, ""seed_flow_kzt"": 0.099, ""temporal"": 0.032}"
100000006381453100,terminal,0.732812707999153,6,0.34498392923173193,"4-е колено, исходящие не наблюдались; вероятно конечный, P=0.73 — оценка по аналогам",4,False,1,0,45000.0,0.0,1,0,0.0,26.37542052673295,0.0005861204561496211,0,0.732812707999153,0.0,0.0,1,0.0,0,,"{""betweenness"": 0.055, ""degree"": 0.032, ""n_seed_upstream"": 0.058, ""role"": 0.121, ""seed_flow_kzt"": 0.039, ""temporal"": 0.032}"
100000004616845100,terminal,0.5963048610936149,12,0.31358193247432936,"4-е колено, исходящие не наблюдались; вероятно конечный, P=0.60 — оценка по аналогам",4,False,1,0,20200.0,0.0,2,0,0.0,0.7910954671749854,3.916314193935571e-05,0,0.5963048610936149,0.0,0.0,1,0.0,0,,"{""betweenness"": 0.055, ""degree"": 0.032, ""n_seed_upstream"": 0.058, ""role"": 0.121, ""seed_flow_kzt"": 0.009, ""temporal"": 0.032}"
100000004908173100,terminal,0.7249562259296737,6,0.3541997326279261,"4-е колено, исходящие не наблюдались; вероятно конечный, P=0.72 — оценка по аналогам",4,False,1,0,21000.0,0.0,1,0,0.0,42.00899899785066,0.0020004285237071743,0,0.7249562259296737,0.0,0.0,1,0.0,0,,"{""betweenness"": 0.055, ""degree"": 0.032, ""n_seed_upstream"": 0.058, ""role"": 0.121, ""seed_flow_kzt"": 0.048, ""temporal"": 0.032}"
100000004433250100,terminal,0.7059545340394359,13,0.31585743948573536,"4-е колено, исходящие не наблюдались; вероятно конечный, P=0.71 — оценка по аналогам",4,False,1,0,8000.0,0.0,1,0,0.0,1.6977635839043272,0.0002122204479880409,0,0.7059545340394359,0.0,0.0,1,0.0,0,,"{""betweenness"": 0.055, ""degree"": 0.032, ""n_seed_upstream"": 0.058, ""role"": 0.121, ""seed_flow_kzt"": 0.011, ""temporal"": 0.032}"
100000003664994100,terminal,0.6608963983474233,8,0.4058537417868418,"4-е колено, исходящие не наблюдались; вероятно конечный, P=0.66 — оценка по аналогам",4,False,1,0,338271.0,0.0,2,0,0.0,298.1885459859681,0.0008815078619981261,0,0.6608963983474233,0.0,0.0,1,0.0,0,,"{""betweenness"": 0.055, ""degree"": 0.032, ""n_seed_upstream"": 0.058, ""role"": 0.121, ""seed_flow_kzt"": 0.099, ""temporal"": 0.032}"
100000004673335100,terminal,0.7470294261403906,15,0.381164490713087,"4-е колено, исходящие не наблюдались; вероятно конечный, P=0.75 — оценка по аналогам",4,False,1,0,80000.0,0.0,1,0,0.0,132.0014871511351,0.0016500185893891888,0,0.7470294261403906,0.0,0.0,1,0.0,0,,"{""betweenness"": 0.055, ""degree"": 0.032, ""n_seed_upstream"": 0.058, ""role"": 0.121, ""seed_flow_kzt"": 0.075, ""temporal"": 0.032}"
100000002487222100,terminal,0.6223211580602712,8,0.3564752396393321,"4-е колено, исходящие не наблюдались; вероятно конечный, P=0.62 — оценка по аналогам",4,False,1,0,90000.0,0.0,2,0,0.0,50.32428866795068,0.0005591587629772298,0,0.6223211580602712,0.0,0.0,1,0.0,0,,"{""betweenness"": 0.055, ""degree"": 0.032, ""n_seed_upstream"": 0.058, ""role"": 0.121, ""seed_flow_kzt"": 0.051, ""temporal"": 0.032}"
100000000018102100,terminal,0.6987183476895537,5,0.3661461444378075,"4-е колено, исходящие не наблюдались; вероятно конечный, P=0.70 — оценка по аналогам",4,False,1,0,7000.0,0.0,1,0,0.0,74.74087950663866,0.01067726850094838,0,0.6987183476895537,0.0,0.0,1,0.0,0,,"{""betweenness"": 0.055, ""degree"": 0.032, ""n_seed_upstream"": 0.058, ""role"": 0.121, ""seed_flow_kzt"": 0.06, ""temporal"": 0.032}"
100000008638859100,terminal,0.726511064831099,19,0.3648946155815342,"4-е колено, исходящие не наблюдались; вероятно конечный, P=0.73 — оценка по аналогам",4,False,1,0,34000.0,0.0,1,0,0.0,71.1812376794057,0.0020935658141001674,0,0.726511064831099,0.0,0.0,1,0.0,0,,"{""betweenness"": 0.055, ""degree"": 0.032, ""n_seed_upstream"": 0.058, ""role"": 0.121, ""seed_flow_kzt"": 0.059, ""temporal"": 0.032}"
100000001131403100,terminal,0.5866413861112825,12,0.36205023181727675,"4-е колено, исходящие не наблюдались; вероятно конечный, P=0.59 — оценка по аналогам",4,False,1,0,1570000.0,0.0,3,0,0.0,61.48613284478847,3.916314193935571e-05,0,0.5866413861112825,0.0,0.0,1,0.0,0,,"{""betweenness"": 0.055, ""degree"": 0.032, ""n_seed_upstream"": 0.058, ""role"": 0.121, ""seed_flow_kzt"": 0.056, ""temporal"": 0.032}"
100000001733216100,terminal,0.6289395594670246,13,0.3272918622180504,"4-е колено, исходящие не наблюдались; вероятно конечный, P=0.63 — оценка по аналогам",4,False,1,0,60000.0,0.0,2,0,0.0,10.15731097288046,0.00016928851621467433,0,0.6289395594670246,0.0,0.0,1,0.0,0,,"{""betweenness"": 0.055, ""degree"": 0.032, ""n_seed_upstream"": 0.058, ""role"": 0.121, ""seed_flow_kzt"": 0.022, ""temporal"": 0.032}"
100000004400480100,terminal,0.7218228630835086,15,0.32268396051995335,"4-е колено, исходящие не наблюдались; вероятно конечный, P=0.72 — оценка по аналогам",4,False,1,0,21700.0,0.0,1,0,0.0,6.960152003883436,0.0003207443319761952,0,0.7218228630835086,0.0,0.0,1,0.0,0,,"{""betweenness"": 0.055, ""degree"": 0.032, ""n_seed_upstream"": 0.058, ""role"": 0.121, ""seed_flow_kzt"": 0.018, ""temporal"": 0.032}"
100000007539296100,terminal,0.5725664130715645,3,0.3751912848081463,"4-е колено, исходящие не наблюдались; вероятно конечный, P=0.57 — оценка по аналогам",4,False,1,0,46000.0,0.0,2,0,0.0,109.53528914847362,0.002381201938010296,0,0.5725664130715645,0.0,0.0,1,0.0,0,,"{""betweenness"": 0.055, ""degree"": 0.032, ""n_seed_upstream"": 0.058, ""role"": 0.121, ""seed_flow_kzt"": 0.069, ""temporal"": 0.032}"
100000008757301100,terminal,0.5279122784725178,1,0.3927240663310293,"4-е колено, исходящие не наблюдались; вероятно конечный, P=0.53 — оценка по аналогам",4,False,1,0,58398.0,0.0,3,0,0.0,125.9098271433375,0.002156064028619773,0,0.5279122784725178,0.0,0.0,1,0.3333333333333333,0,near_threshold,"{""betweenness"": 0.055, ""degree"": 0.032, ""n_seed_upstream"": 0.058, ""role"": 0.121, ""seed_flow_kzt"": 0.073, ""temporal"": 0.045}"
100000002752565100,terminal,0.7507067989515209,1,0.4100634297579429,"4-е колено, исходящие не наблюдались; вероятно конечный, P=0.75 — оценка по аналогам",4,False,1,0,57000.0,0.0,1,0,0.0,338.54334055780464,0.00593935685189131,0,0.7507067989515209,0.0,0.0,1,0.0,0,,"{""betweenness"": 0.055, ""degree"": 0.032, ""n_seed_upstream"": 0.058, ""role"": 0.121, ""seed_flow_kzt"": 0.103, ""temporal"": 0.032}"
100000002734815100,terminal,0.7639658655747325,6,0.31198907756634525,"4-е колено, исходящие не наблюдались; вероятно конечный, P=0.76 — оценка по аналогам",4,False,1,0,110000.0,0.0,1,0,0.0,0.5689659545499899,5.1724177686362716e-06,0,0.7639658655747325,0.0,0.0,1,0.0,0,,"{""betweenness"": 0.055, ""degree"": 0.032, ""n_seed_upstream"": 0.058, ""role"": 0.121, ""seed_flow_kzt"": 0.007, ""temporal"": 0.032}"
100000008333492100,terminal,0.7804508181154413,6,0.33554057513439706,"4-е колено, исходящие не наблюдались; вероятно конечный, P=0.78 — оценка по аналогам",4,False,1,0,216400.0,0.0,1,0,0.0,16.484841271271968,7.617763988572999e-05,0,0.7804508181154413,0.0,0.0,1,0.0,0,,"{""betweenness"": 0.055, ""degree"": 0.032, ""n_seed_upstream"": 0.058, ""role"": 0.121, ""seed_flow_kzt"": 0.03, ""temporal"": 0.032}"
100000006527156100,terminal,0.7377105462262158,3,0.3879910117473049,"4-е колено, исходящие не наблюдались; вероятно конечный, P=0.74 — оценка по аналогам",4,False,1,0,48500.0,0.0,1,0,0.0,168.01139634534698,0.003464152501965917,0,0.7377105462262158,0.0,0.0,1,0.0,0,,"{""betweenness"": 0.055, ""degree"": 0.032, ""n_seed_upstream"": 0.058, ""role"": 0.121, ""seed_flow_kzt"": 0.081, ""temporal"": 0.032}"
100000003448713100,terminal,0.7773991912684893,5,0.32905538015189006,"4-е колено, исходящие не наблюдались; вероятно конечный, P=0.78 — оценка по аналогам",4,False,1,0,266750.0,0.0,1,0,0.0,11.416395306357217,4.279810799009266e-05,0,0.7773991912684893,0.0,0.0,1,0.0,0,,"{""betweenness"": 0.055, ""degree"": 0.032, ""n_seed_upstream"": 0.058, ""role"": 0.121, ""seed_flow_kzt"": 0.024, ""temporal"": 0.032}"
100000004780083100,terminal,0.7117722055189986,3,0.32165998236482063,"4-е колено, исходящие не наблюдались; вероятно конечный, P=0.71 — оценка по аналогам",4,False,1,0,9999.0,0.0,1,0,0.0,6.448578450686449,0.0006449223373023752,0,0.7117722055189986,0.0,0.0,1,0.0,0,,"{""betweenness"": 0.055, ""degree"": 0.032, ""n_seed_upstream"": 0.058, ""role"": 0.121, ""seed_flow_kzt"": 0.017, ""temporal"": 0.032}"
100000004798515100,terminal,0.5348016688983591,10,0.383439997724493,"4-е колено, исходящие не наблюдались; вероятно конечный, P=0.53 — оценка по аналогам",4,False,1,0,200000.0,0.0,2,0,0.0,142.12215313838504,0.0007106107656919252,0,0.5348016688983591,0.0,0.0,1,0.0,0,,"{""betweenness"": 0.055, ""degree"": 0.032, ""n_seed_upstream"": 0.058, ""role"": 0.121, ""seed_flow_kzt"": 0.077, ""temporal"": 0.032}"
100000004232712100,terminal,0.7101676541079077,8,0.333606394174702,"4-е колено, исходящие не наблюдались; вероятно конечный, P=0.71 — оценка по аналогам",4,False,1,0,12500.0,0.0,1,0,0.0,14.942025518754361,0.0011953620415003489,0,0.7101676541079077,0.0,0.0,1,0.0,0,,"{""betweenness"": 0.055, ""degree"": 0.032, ""n_seed_upstream"": 0.058, ""role"": 0.121, ""seed_flow_kzt"": 0.028, ""temporal"": 0.032}"
100000005209352100,terminal,0.6840350071074316,1,0.3756179423727849,"4-е колено, исходящие не наблюдались; вероятно конечный, P=0.68 — оценка по аналогам",4,False,1,0,5000.0,0.0,1,0,0.0,60.65209111860051,0.012130418223720102,0,0.6840350071074316,0.0,0.0,1,1.0,0,near_threshold,"{""betweenness"": 0.055, ""degree"": 0.032, ""n_seed_upstream"": 0.058, ""role"": 0.121, ""seed_flow_kzt"": 0.055, ""temporal"": 0.047}"
100000000561160100,terminal,0.7819936591731769,5,0.4191654578035668,"4-е колено, исходящие не наблюдались; вероятно конечный, P=0.78 — оценка по аналогам",4,False,1,0,240000.0,0.0,1,0,0.0,474.55385530002775,0.0019773077304167824,0,0.7819936591731769,0.0,0.0,1,0.0,0,,"{""betweenness"": 0.055, ""degree"": 0.032, ""n_seed_upstream"": 0.058, ""role"": 0.121, ""seed_flow_kzt"": 0.112, ""temporal"": 0.032}"
100000003568904100,terminal,0.7427307192055044,3,0.37422419432829873,"4-е колено, исходящие не наблюдались; вероятно конечный, P=0.74 — оценка по аналогам",4,False,1,0,49000.0,0.0,1,0,0.0,107.82096445318734,0.0022004278459834153,0,0.7427307192055044,0.0,0.0,1,0.0,0,,"{""betweenness"": 0.055, ""degree"": 0.032, ""n_seed_upstream"": 0.058, ""role"": 0.121, ""seed_flow_kzt"": 0.068, ""temporal"": 0.032}"
100000000470237100,terminal,0.7406665776979297,2,0.45443581648035947,"4-е колено, исходящие не наблюдались; вероятно конечный, P=0.74 — оценка по аналогам",4,False,1,0,32500.0,0.0,1,0,0.0,2583.9340968455444,0.0795056645183244,0,0.7406665776979297,0.0,0.0,1,0.0,0,,"{""betweenness"": 0.055, ""degree"": 0.032, ""n_seed_upstream"": 0.058, ""role"": 0.121, ""seed_flow_kzt"": 0.146, ""temporal"": 0.032}"
100000008560263100,terminal,0.7497315524078183,8,0.35943339875415986,"4-е колено, исходящие не наблюдались; вероятно конечный, P=0.75 — оценка по аналогам",4,False,1,0,100000.0,0.0,1,0,0.0,55.91587629772298,0.0005591587629772298,0,0.7497315524078183,0.0,0.0,1,0.0,0,,"{""betweenness"": 0.055, ""degree"": 0.032, ""n_seed_upstream"": 0.058, ""role"": 0.121, ""seed_flow_kzt"": 0.053, ""temporal"": 0.032}"
100000000542087100,terminal,0.7016377375610068,8,0.31153397616406403,"4-е колено, исходящие не наблюдались; вероятно конечный, P=0.70 — оценка по аналогам",4,False,1,0,8506.91,0.0,1,0,0.0,0.4111249159855777,4.832834906982415e-05,0,0.7016377375610068,0.0,0.0,1,0.0,0,,"{""betweenness"": 0.055, ""degree"": 0.032, ""n_seed_upstream"": 0.058, ""role"": 0.121, ""seed_flow_kzt"": 0.007, ""temporal"": 0.032}"
100000004403548100,terminal,0.6810329788833884,1,0.36304576613476686,"4-е колено, исходящие не наблюдались; вероятно конечный, P=0.68 — оценка по аналогам",4,False,1,0,5000.0,0.0,1,0,0.0,33.257518553158306,0.006651503710631662,0,0.6810329788833884,0.0,0.0,1,1.0,0,near_threshold,"{""betweenness"": 0.055, ""degree"": 0.032, ""n_seed_upstream"": 0.058, ""role"": 0.121, ""seed_flow_kzt"": 0.043, ""temporal"": 0.047}"
100000003010908100,terminal,0.7190098864271668,7,0.36660124584008874,"4-е колено, исходящие не наблюдались; вероятно конечный, P=0.72 — оценка по аналогам",4,False,1,0,17000.0,0.0,1,0,0.0,76.35212645225754,0.004491301556015149,0,0.7190098864271668,0.0,0.0,1,0.0,0,,"{""betweenness"": 0.055, ""degree"": 0.032, ""n_seed_upstream"": 0.058, ""role"": 0.121, ""seed_flow_kzt"": 0.06, ""temporal"": 0.032}"
100000006756956100,frontier,0.7851442598798831,3,0.34306112580709386,"4-е колено, обрыв обхода; вероятно передаёт дальше, P(конечный)=0.21 — оценка по аналогам",4,False,1,0,121200.0,0.0,9,0,0.0,229.46379754246962,0.0018932656562910034,0,0.21485574012011685,0.0,0.0,1,0.5555555555555556,0,near_threshold,"{""betweenness"": 0.055, ""degree"": 0.032, ""n_seed_upstream"": 0.058, ""role"": 0.053, ""seed_flow_kzt"": 0.091, ""temporal"": 0.046}"
100000007357489100,terminal,0.6049754201261676,6,0.39522712404357596,"4-е колено, исходящие не наблюдались; вероятно конечный, P=0.60 — оценка по аналогам",4,False,2,0,164500.0,0.0,2,0,0.0,49.7046633415402,0.00030215600815525955,0,0.6049754201261676,0.0,0.0,2,0.0,0,,"{""betweenness"": 0.055, ""degree"": 0.07, ""n_seed_upstream"": 0.058, ""role"": 0.121, ""seed_flow_kzt"": 0.05, ""temporal"": 0.032}"
100000002599729100,terminal,0.6292090594148273,13,0.3559063628864806,"4-е колено, исходящие не наблюдались; вероятно конечный, P=0.63 — оценка по аналогам",4,False,1,0,65000.0,0.0,2,0,0.0,48.829156395670125,0.0007512177907026173,0,0.6292090594148273,0.0,0.0,1,0.0,0,,"{""betweenness"": 0.055, ""degree"": 0.032, ""n_seed_upstream"": 0.058, ""role"": 0.121, ""seed_flow_kzt"": 0.05, ""temporal"": 0.032}"
100000005849862100,frontier,0.5279232815176,3,0.28038228517791614,"4-е колено, обрыв обхода; вероятно передаёт дальше, P(конечный)=0.47 — оценка по аналогам",4,False,1,0,13000.0,0.0,2,0,0.0,33.887369055032785,0.0026067206965409836,0,0.4720767184824,0.0,0.0,1,0.0,0,,"{""betweenness"": 0.055, ""degree"": 0.032, ""n_seed_upstream"": 0.058, ""role"": 0.053, ""seed_flow_kzt"": 0.044, ""temporal"": 0.032}"
100000008762843100,terminal,0.7039419932843074,6,0.3097704582302244,"4-е колено, исходящие не наблюдались; вероятно конечный, P=0.70 — оценка по аналогам",4,False,1,0,7000.0,0.0,1,0,0.0,0.0362069243804539,5.1724177686362716e-06,0,0.7039419932843074,0.0,0.0,1,0.0,0,,"{""betweenness"": 0.055, ""degree"": 0.032, ""n_seed_upstream"": 0.058, ""role"": 0.121, ""seed_flow_kzt"": 0.005, ""temporal"": 0.032}"
100000002723674100,terminal,0.7269797405869476,16,0.41745882754501235,"4-е колено, исходящие не наблюдались; вероятно конечный, P=0.73 — оценка по аналогам",4,False,1,0,30000.0,0.0,1,0,0.0,440.653076169913,0.014688435872330433,0,0.7269797405869476,0.0,0.0,1,0.0,0,,"{""betweenness"": 0.055, ""degree"": 0.032, ""n_seed_upstream"": 0.058, ""role"": 0.121, ""seed_flow_kzt"": 0.11, ""temporal"": 0.032}"
100000008758106100,terminal,0.7112057495622713,6,0.3220013084165315,"4-е колено, исходящие не наблюдались; вероятно конечный, P=0.71 — оценка по аналогам",4,False,1,0,10000.0,0.0,1,0,0.0,6.623694689706607,0.0006623694689706607,0,0.7112057495622713,0.0,0.0,1,0.0,0,,"{""betweenness"": 0.055, ""degree"": 0.032, ""n_seed_upstream"": 0.058, ""role"": 0.121, ""seed_flow_kzt"": 0.017, ""temporal"": 0.032}"
100000001286703100,terminal,0.72551325893767,8,0.31654009158915714,"4-е колено, исходящие не наблюдались; вероятно конечный, P=0.73 — оценка по аналогам",4,False,1,0,20500.0,0.0,1,0,0.0,2.229892141115373,0.00010877522639587186,0,0.72551325893767,0.0,0.0,1,0.0,0,,"{""betweenness"": 0.055, ""degree"": 0.032, ""n_seed_upstream"": 0.058, ""role"": 0.121, ""seed_flow_kzt"": 0.012, ""temporal"": 0.032}"
