gid,role,role_score,cluster_id,priority_score,evidence,depth,is_seed,in_deg,out_deg,in_kzt,out_kzt,in_tx,out_tx,pass_ratio,n_seed_upstream,betweenness,flags,score_breakdown
100000000343175100,coordinator,0.8984063745020054,10,0.6978432124960499,Кандидат в координирующий узел: 8 плательщиков → 31 получателей; сигналы S2,0,True,8,31,178712.0,4000039.0,14,33,,3,0.0010911947105886903,distributor;S2,"{""betweenness"": 0.197, ""degree"": 0.149, ""n_seed_upstream"": 0.346, ""role"": 0.29}"
100000000456947100,peripheral,1.0,0,0.14982167847952688,Нет переводов ≥5000 KZT в выгрузке,0,True,0,0,0.0,0.0,0,0,,0,0.0,,"{""betweenness"": 0.074, ""degree"": 0.001, ""n_seed_upstream"": 0.101, ""role"": 0.036}"
100000000580561100,peripheral,0.5,32,0.3014446300392759,"Периферийный узел: 2 входящих, 3 исходящих, оборот 1.52 млн",0,True,2,3,27980.0,1488077.0,3,13,,0,1.1888811083225246e-06,,"{""betweenness"": 0.153, ""degree"": 0.135, ""n_seed_upstream"": 0.101, ""role"": 0.036}"
100000001415126100,terminal,0.5,11,0.29901923163739785,"Вероятный конечный получатель: 1 плательщиков, получено 27 тыс., исходящих нет",0,True,1,0,27000.0,0.0,1,0,,0,0.0,,"{""betweenness"": 0.074, ""degree"": 0.048, ""n_seed_upstream"": 0.101, ""role"": 0.199}"
100000001429930100,terminal,0.5,20,0.29901923163739785,"Вероятный конечный получатель: 1 плательщиков, получено 26 тыс., исходящих нет",0,True,1,0,26000.0,0.0,1,0,,0,0.0,,"{""betweenness"": 0.074, ""degree"": 0.048, ""n_seed_upstream"": 0.101, ""role"": 0.199}"
100000001616816100,peripheral,0.5,7,0.496938061487066,"Периферийный узел: 5 входящих, 3 исходящих, оборот 358 тыс.",0,True,5,3,176195.0,181326.0,12,10,,2,0.00010581041864070468,,"{""betweenness"": 0.187, ""degree"": 0.142, ""n_seed_upstream"": 0.334, ""role"": 0.036}"
100000001732159100,peripheral,0.5,3,0.481895851203106,"Периферийный узел: 2 входящих, 4 исходящих, оборот 3.88 млн",0,True,2,4,2378100.0,1505966.0,30,23,,2,2.0607272544257092e-05,,"{""betweenness"": 0.17, ""degree"": 0.138, ""n_seed_upstream"": 0.334, ""role"": 0.036}"
100000002527114100,distributor,1.0,4,0.5095548733691482,"Веерная рассылка: 111 получателей, отдано 3.29 млн",0,True,3,111,129000.0,3289249.0,4,113,,0,0.00019339132695379732,,"{""betweenness"": 0.191, ""degree"": 0.15, ""n_seed_upstream"": 0.101, ""role"": 0.275}"
100000002916006100,peripheral,0.5,11,0.1831689314252178,"Периферийный узел: 0 входящих, 1 исходящих, оборот 32 тыс.",0,True,0,1,0.0,32000.0,0,1,,0,0.0,,"{""betweenness"": 0.074, ""degree"": 0.048, ""n_seed_upstream"": 0.101, ""role"": 0.036}"
100000003016635100,coordinator,1.0,2,0.5255135208342739,Кандидат в координирующий узел: 8 плательщиков → 73 получателей; сигналы S2,0,True,8,73,586981.0,9414081.0,36,151,,0,0.007268819096283914,distributor;S2,"{""betweenness"": 0.2, ""degree"": 0.15, ""n_seed_upstream"": 0.101, ""role"": 0.29}"
100000003200071100,peripheral,0.5,44,0.1831689314252178,"Периферийный узел: 0 входящих, 1 исходящих, оборот 30 тыс.",0,True,0,1,0.0,30000.0,0,1,,0,0.0,,"{""betweenness"": 0.074, ""degree"": 0.048, ""n_seed_upstream"": 0.101, ""role"": 0.036}"
100000003265658100,peripheral,1.0,0,0.14982167847952688,Нет переводов ≥5000 KZT в выгрузке,0,True,0,0,0.0,0.0,0,0,,0,0.0,,"{""betweenness"": 0.074, ""degree"": 0.001, ""n_seed_upstream"": 0.101, ""role"": 0.036}"
100000003349739100,peripheral,1.0,0,0.14982167847952688,Нет переводов ≥5000 KZT в выгрузке,0,True,0,0,0.0,0.0,0,0,,0,0.0,,"{""betweenness"": 0.074, ""degree"": 0.001, ""n_seed_upstream"": 0.101, ""role"": 0.036}"
100000003684369100,coordinator,1.0,5,0.6991467653830526,Кандидат в координирующий узел: 24 плательщиков → 62 получателей; сигналы S2,0,True,24,62,3848436.0,8588655.0,58,67,,3,0.002271159210598796,distributor;S2,"{""betweenness"": 0.198, ""degree"": 0.15, ""n_seed_upstream"": 0.346, ""role"": 0.29}"
100000003770083100,peripheral,1.0,0,0.14982167847952688,Нет переводов ≥5000 KZT в выгрузке,0,True,0,0,0.0,0.0,0,0,,0,0.0,,"{""betweenness"": 0.074, ""degree"": 0.001, ""n_seed_upstream"": 0.101, ""role"": 0.036}"
100000003975102100,peripheral,0.5,2,0.4103347478669135,"Периферийный узел: 1 входящих, 2 исходящих, оборот 114 тыс.",0,True,1,2,25650.0,88500.0,1,2,,1,1.149251738045107e-05,,"{""betweenness"": 0.158, ""degree"": 0.122, ""n_seed_upstream"": 0.262, ""role"": 0.036}"
100000003977183100,peripheral,0.5,7,0.4195386212812063,"Периферийный узел: 2 входящих, 4 исходящих, оборот 890 тыс.",0,True,2,4,123800.0,766000.0,2,6,,1,1.5851748110966993e-06,,"{""betweenness"": 0.154, ""degree"": 0.138, ""n_seed_upstream"": 0.262, ""role"": 0.036}"
100000004007116100,peripheral,0.5,23,0.3036567197869171,"Периферийный узел: 3 входящих, 4 исходящих, оборот 913 тыс.",0,True,3,4,764704.0,148000.0,24,6,,0,5.944405541612623e-07,,"{""betweenness"": 0.15, ""degree"": 0.141, ""n_seed_upstream"": 0.101, ""role"": 0.036}"
100000004019124100,consolidator,1.0,2,0.583904789851474,"Признаки консолидации: 3 плательщиков, деньги от 4 seed за ≤2 колена, получено 193 тыс., дальше ушло 0%",0,True,3,0,193000.0,0.0,3,0,,4,0.0,,"{""betweenness"": 0.074, ""degree"": 0.122, ""n_seed_upstream"": 0.349, ""role"": 0.278}"
100000004021459100,peripheral,1.0,0,0.14982167847952688,Нет переводов ≥5000 KZT в выгрузке,0,True,0,0,0.0,0.0,0,0,,0,0.0,,"{""betweenness"": 0.074, ""degree"": 0.001, ""n_seed_upstream"": 0.101, ""role"": 0.036}"
100000004041163100,peripheral,0.5,11,0.48331000857749085,"Периферийный узел: 1 входящих, 2 исходящих, оборот 916 тыс.",0,True,1,2,50000.0,866000.0,1,6,,6,2.3381328463676314e-05,,"{""betweenness"": 0.173, ""degree"": 0.122, ""n_seed_upstream"": 0.35, ""role"": 0.036}"
100000004174835100,peripheral,1.0,0,0.14982167847952688,Нет переводов ≥5000 KZT в выгрузке,0,True,0,0,0.0,0.0,0,0,,0,0.0,,"{""betweenness"": 0.074, ""degree"": 0.001, ""n_seed_upstream"": 0.101, ""role"": 0.036}"
100000004193835100,peripheral,0.5,2,0.39462101033813374,"Периферийный узел: 1 входящих, 1 исходящих, оборот 52 тыс.",0,True,1,1,47000.0,5000.0,1,1,,1,1.1888811083225246e-06,,"{""betweenness"": 0.153, ""degree"": 0.105, ""n_seed_upstream"": 0.262, ""role"": 0.036}"
100000004269433100,peripheral,0.5,10,0.1831689314252178,"Периферийный узел: 0 входящих, 1 исходящих, оборот 1.37 млн",0,True,0,1,0.0,1372000.0,0,67,,0,0.0,,"{""betweenness"": 0.074, ""degree"": 0.048, ""n_seed_upstream"": 0.101, ""role"": 0.036}"
100000004358004100,peripheral,0.5,5,0.2524468421290235,"Периферийный узел: 0 входящих, 11 исходящих, оборот 981 тыс.",0,True,0,11,0.0,980850.0,0,17,,0,0.0,,"{""betweenness"": 0.074, ""degree"": 0.145, ""n_seed_upstream"": 0.101, ""role"": 0.036}"
100000004388983100,peripheral,0.5,41,0.22376867861496094,"Периферийный узел: 0 входящих, 2 исходящих, оборот 451 тыс.",0,True,0,2,0.0,450816.0,0,23,,0,0.0,,"{""betweenness"": 0.074, ""degree"": 0.105, ""n_seed_upstream"": 0.101, ""role"": 0.036}"
100000004714705100,peripheral,0.5,11,0.1831689314252178,"Периферийный узел: 0 входящих, 1 исходящих, оборот 37 тыс.",0,True,0,1,0.0,36550.0,0,1,,0,0.0,,"{""betweenness"": 0.074, ""degree"": 0.048, ""n_seed_upstream"": 0.101, ""role"": 0.036}"
100000004723755100,peripheral,0.5,5,0.1831689314252178,"Периферийный узел: 0 входящих, 1 исходящих, оборот 95 тыс.",0,True,0,1,0.0,95000.0,0,5,,0,0.0,,"{""betweenness"": 0.074, ""degree"": 0.048, ""n_seed_upstream"": 0.101, ""role"": 0.036}"
100000004813068100,peripheral,0.5,13,0.235785066136969,"Периферийный узел: 0 входящих, 3 исходящих, оборот 297 тыс.",0,True,0,3,0.0,297000.0,0,5,,0,0.0,,"{""betweenness"": 0.074, ""degree"": 0.122, ""n_seed_upstream"": 0.101, ""role"": 0.036}"
100000004971871100,peripheral,0.5,40,0.22376867861496094,"Периферийный узел: 1 входящих, 1 исходящих, оборот 31 тыс.",0,True,1,1,25400.0,5650.0,3,1,,0,0.0,,"{""betweenness"": 0.074, ""degree"": 0.105, ""n_seed_upstream"": 0.101, ""role"": 0.036}"
100000005017150100,peripheral,1.0,0,0.14982167847952688,Нет переводов ≥5000 KZT в выгрузке,0,True,0,0,0.0,0.0,0,0,,0,0.0,,"{""betweenness"": 0.074, ""degree"": 0.001, ""n_seed_upstream"": 0.101, ""role"": 0.036}"
100000005087431100,peripheral,1.0,0,0.14982167847952688,Нет переводов ≥5000 KZT в выгрузке,0,True,0,0,0.0,0.0,0,0,,0,0.0,,"{""betweenness"": 0.074, ""degree"": 0.001, ""n_seed_upstream"": 0.101, ""role"": 0.036}"
100000005235389100,peripheral,1.0,0,0.14982167847952688,Нет переводов ≥5000 KZT в выгрузке,0,True,0,0,0.0,0.0,0,0,,0,0.0,,"{""betweenness"": 0.074, ""degree"": 0.001, ""n_seed_upstream"": 0.101, ""role"": 0.036}"
100000005264990100,peripheral,0.5,11,0.315041081666742,"Периферийный узел: 1 входящих, 2 исходящих, оборот 139 тыс.",0,True,1,2,17070.0,122000.0,1,2,,0,7.906059370344787e-05,,"{""betweenness"": 0.185, ""degree"": 0.122, ""n_seed_upstream"": 0.101, ""role"": 0.036}"
100000005370580100,terminal,0.5,20,0.29901923163739785,"Вероятный конечный получатель: 1 плательщиков, получено 24 тыс., исходящих нет",0,True,1,0,24075.0,0.0,1,0,,0,0.0,,"{""betweenness"": 0.074, ""degree"": 0.048, ""n_seed_upstream"": 0.101, ""role"": 0.199}"
100000005382566100,consolidator,1.0,11,0.6754063021985464,"Признаки консолидации: 7 плательщиков, деньги от 6 seed за ≤2 колена, получено 393 тыс., дальше ушло 0%",0,True,7,1,393066.0,50000.0,11,1,,6,4.6366363224578456e-05,,"{""betweenness"": 0.181, ""degree"": 0.142, ""n_seed_upstream"": 0.35, ""role"": 0.278}"
100000005386383100,peripheral,0.5,11,0.3072671662678886,"Периферийный узел: 2 входящих, 1 исходящих, оборот 66 тыс.",0,True,2,1,37500.0,29000.0,2,1,,0,2.67498249372568e-05,,"{""betweenness"": 0.175, ""degree"": 0.122, ""n_seed_upstream"": 0.101, ""role"": 0.036}"
100000005392290100,peripheral,0.5,43,0.1831689314252178,"Периферийный узел: 0 входящих, 1 исходящих, оборот 81 тыс.",0,True,0,1,0.0,81465.0,0,1,,0,0.0,,"{""betweenness"": 0.074, ""degree"": 0.048, ""n_seed_upstream"": 0.101, ""role"": 0.036}"
100000005395727100,terminal,0.5,2,0.29901923163739785,"Вероятный конечный получатель: 1 плательщиков, получено 17 тыс., исходящих нет",0,True,1,0,17000.0,0.0,1,0,,0,0.0,,"{""betweenness"": 0.074, ""degree"": 0.048, ""n_seed_upstream"": 0.101, ""role"": 0.199}"
100000005409680100,terminal,0.5,19,0.339618978827141,"Вероятный конечный получатель: 2 плательщиков, получено 55 тыс., исходящих нет",0,True,2,0,55060.0,0.0,2,0,,0,0.0,,"{""betweenness"": 0.074, ""degree"": 0.105, ""n_seed_upstream"": 0.101, ""role"": 0.199}"
100000005417257100,peripheral,0.5,11,0.22376867861496094,"Периферийный узел: 0 входящих, 2 исходящих, оборот 106 тыс.",0,True,0,2,0.0,106000.0,0,2,,0,0.0,,"{""betweenness"": 0.074, ""degree"": 0.105, ""n_seed_upstream"": 0.101, ""role"": 0.036}"
100000005454368100,terminal,0.5,20,0.339618978827141,"Вероятный конечный получатель: 2 плательщиков, получено 49 тыс., исходящих нет",0,True,2,0,48600.0,0.0,2,0,,0,0.0,,"{""betweenness"": 0.074, ""degree"": 0.105, ""n_seed_upstream"": 0.101, ""role"": 0.199}"
100000005480435100,peripheral,1.0,0,0.14982167847952688,Нет переводов ≥5000 KZT в выгрузке,0,True,0,0,0.0,0.0,0,0,,0,0.0,,"{""betweenness"": 0.074, ""degree"": 0.001, ""n_seed_upstream"": 0.101, ""role"": 0.036}"
100000005485830100,peripheral,0.5,33,0.2452891517312988,"Периферийный узел: 0 входящих, 5 исходящих, оборот 276 тыс.",0,True,0,5,0.0,275885.0,0,9,,0,0.0,,"{""betweenness"": 0.074, ""degree"": 0.135, ""n_seed_upstream"": 0.101, ""role"": 0.036}"
100000005493505100,terminal,0.5,20,0.5173761906911651,"Вероятный конечный получатель: 3 плательщиков, получено 62 тыс., исходящих нет",0,True,3,0,62020.0,0.0,3,0,,2,0.0,,"{""betweenness"": 0.074, ""degree"": 0.122, ""n_seed_upstream"": 0.334, ""role"": 0.199}"
100000005495722100,peripheral,1.0,0,0.14982167847952688,Нет переводов ≥5000 KZT в выгрузке,0,True,0,0,0.0,0.0,0,0,,0,0.0,,"{""betweenness"": 0.074, ""degree"": 0.001, ""n_seed_upstream"": 0.101, ""role"": 0.036}"
100000005498992100,peripheral,0.5,7,0.25384519886235385,"Периферийный узел: 0 входящих, 16 исходящих, оборот 2.26 млн",0,True,0,16,0.0,2262868.0,0,19,,0,0.0,,"{""betweenness"": 0.074, ""degree"": 0.147, ""n_seed_upstream"": 0.101, ""role"": 0.036}"
100000005519347100,peripheral,0.5,2,0.4681808947677305,"Периферийный узел: 2 входящих, 1 исходящих, оборот 172 тыс.",0,True,2,1,73100.0,99000.0,2,1,,3,2.377762216645049e-06,,"{""betweenness"": 0.155, ""degree"": 0.122, ""n_seed_upstream"": 0.346, ""role"": 0.036}"
100000005523088100,terminal,0.5,11,0.46476005597941394,"Вероятный конечный получатель: 1 плательщиков, получено 700 тыс., исходящих нет",0,True,1,0,700000.0,0.0,2,0,,2,0.0,,"{""betweenness"": 0.074, ""degree"": 0.048, ""n_seed_upstream"": 0.334, ""role"": 0.199}"
100000005543136100,peripheral,0.5,20,0.1831689314252178,"Периферийный узел: 0 входящих, 1 исходящих, оборот 10 тыс.",0,True,0,1,0.0,10000.0,0,1,,0,0.0,,"{""betweenness"": 0.074, ""degree"": 0.048, ""n_seed_upstream"": 0.101, ""role"": 0.036}"
100000005550592100,peripheral,1.0,0,0.14982167847952688,Нет переводов ≥5000 KZT в выгрузке,0,True,0,0,0.0,0.0,0,0,,0,0.0,,"{""betweenness"": 0.074, ""degree"": 0.001, ""n_seed_upstream"": 0.101, ""role"": 0.036}"
100000005560900100,peripheral,1.0,0,0.14982167847952688,Нет переводов ≥5000 KZT в выгрузке,0,True,0,0,0.0,0.0,0,0,,0,0.0,,"{""betweenness"": 0.074, ""degree"": 0.001, ""n_seed_upstream"": 0.101, ""role"": 0.036}"
100000005568407100,peripheral,1.0,0,0.14982167847952688,Нет переводов ≥5000 KZT в выгрузке,0,True,0,0,0.0,0.0,0,0,,0,0.0,,"{""betweenness"": 0.074, ""degree"": 0.001, ""n_seed_upstream"": 0.101, ""role"": 0.036}"
100000005668605100,consolidator,1.0,11,0.583904789851474,"Признаки консолидации: 3 плательщиков, деньги от 4 seed за ≤2 колена, получено 94 тыс., дальше ушло 0%",0,True,3,0,94500.0,0.0,3,0,,4,0.0,,"{""betweenness"": 0.074, ""degree"": 0.122, ""n_seed_upstream"": 0.349, ""role"": 0.278}"
100000005744674100,peripheral,0.5,11,0.1831689314252178,"Периферийный узел: 0 входящих, 1 исходящих, оборот 50 тыс.",0,True,0,1,0.0,50066.0,0,2,,0,0.0,,"{""betweenness"": 0.074, ""degree"": 0.048, ""n_seed_upstream"": 0.101, ""role"": 0.036}"
100000006232815100,peripheral,0.5,24,0.30569500248295794,"Периферийный узел: 1 входящих, 5 исходящих, оборот 456 тыс.",0,True,1,5,160000.0,296500.0,2,5,,0,2.774055919419224e-06,,"{""betweenness"": 0.156, ""degree"": 0.138, ""n_seed_upstream"": 0.101, ""role"": 0.036}"
100000006249740100,peripheral,0.5,38,0.235785066136969,"Периферийный узел: 0 входящих, 3 исходящих, оборот 93 тыс.",0,True,0,3,0.0,93007.0,0,5,,0,0.0,,"{""betweenness"": 0.074, ""degree"": 0.122, ""n_seed_upstream"": 0.101, ""role"": 0.036}"
100000006831291100,peripheral,0.5,38,0.1831689314252178,"Периферийный узел: 0 входящих, 1 исходящих, оборот 15 тыс.",0,True,0,1,0.0,15000.0,0,3,,0,0.0,,"{""betweenness"": 0.074, ""degree"": 0.048, ""n_seed_upstream"": 0.101, ""role"": 0.036}"
100000006866783100,coordinator,1.0,1,0.52537921538531,"Кандидат в координирующий узел: 13 плательщиков → 67 получателей; сигналы S2, S3",0,True,13,67,838812.0,3948037.0,31,90,,0,0.006216461168567093,distributor;S2;S3,"{""betweenness"": 0.2, ""degree"": 0.15, ""n_seed_upstream"": 0.101, ""role"": 0.29}"
100000007018630100,peripheral,0.5,42,0.1831689314252178,"Периферийный узел: 0 входящих, 1 исходящих, оборот 200 тыс.",0,True,0,1,0.0,200000.0,0,5,,0,0.0,,"{""betweenness"": 0.074, ""degree"": 0.048, ""n_seed_upstream"": 0.101, ""role"": 0.036}"
100000007747786100,distributor,0.8541532517707721,7,0.42520315109927315,"Веерная рассылка: 31 получателей, отдано 4.24 млн",0,True,0,31,0.0,4238009.4,0,35,,0,0.0,,"{""betweenness"": 0.074, ""degree"": 0.149, ""n_seed_upstream"": 0.101, ""role"": 0.275}"
100000007982728100,peripheral,0.5,7,0.2505507652024739,"Периферийный узел: 0 входящих, 8 исходящих, оборот 1.80 млн",0,True,0,8,0.0,1804384.0,0,12,,0,0.0,,"{""betweenness"": 0.074, ""degree"": 0.142, ""n_seed_upstream"": 0.101, ""role"": 0.036}"
100000008117324100,peripheral,1.0,0,0.14982167847952688,Нет переводов ≥5000 KZT в выгрузке,0,True,0,0,0.0,0.0,0,0,,0,0.0,,"{""betweenness"": 0.074, ""degree"": 0.001, ""n_seed_upstream"": 0.101, ""role"": 0.036}"
100000008205000100,peripheral,1.0,0,0.14982167847952688,Нет переводов ≥5000 KZT в выгрузке,0,True,0,0,0.0,0.0,0,0,,0,0.0,,"{""betweenness"": 0.074, ""degree"": 0.001, ""n_seed_upstream"": 0.101, ""role"": 0.036}"
100000008314203100,peripheral,0.5,3,0.4077829443365988,"Периферийный узел: 2 входящих, 2 исходящих, оборот 709 тыс.",0,True,2,2,382076.0,327000.0,10,13,,2,0.0,,"{""betweenness"": 0.074, ""degree"": 0.13, ""n_seed_upstream"": 0.334, ""role"": 0.036}"
100000008418835100,peripheral,0.5,10,0.44511985914857116,"Периферийный узел: 1 входящих, 4 исходящих, оборот 1.56 млн",0,True,1,4,1372000.0,186179.0,67,6,,1,0.00031663866851656567,,"{""betweenness"": 0.194, ""degree"": 0.135, ""n_seed_upstream"": 0.262, ""role"": 0.036}"
100000008513251100,peripheral,1.0,0,0.14982167847952688,Нет переводов ≥5000 KZT в выгрузке,0,True,0,0,0.0,0.0,0,0,,0,0.0,,"{""betweenness"": 0.074, ""degree"": 0.001, ""n_seed_upstream"": 0.101, ""role"": 0.036}"
100000008516839100,consolidator,0.5,11,0.582245722540743,"Признаки консолидации: 3 плательщиков, деньги от 3 seed за ≤2 колена, получено 155 тыс., дальше ушло 0%",0,True,3,0,155000.0,0.0,4,0,,3,0.0,,"{""betweenness"": 0.074, ""degree"": 0.122, ""n_seed_upstream"": 0.346, ""role"": 0.278}"
100000008522127100,peripheral,0.5,6,0.1831689314252178,"Периферийный узел: 0 входящих, 1 исходящих, оборот 145 тыс.",0,True,0,1,0.0,145000.0,0,3,,0,0.0,,"{""betweenness"": 0.074, ""degree"": 0.048, ""n_seed_upstream"": 0.101, ""role"": 0.036}"
100000008571433100,peripheral,0.5,37,0.2975971739424857,"Периферийный узел: 2 входящих, 2 исходящих, оборот 1.78 млн",0,True,2,2,350000.0,1434000.0,2,3,,0,9.90734256935437e-07,,"{""betweenness"": 0.152, ""degree"": 0.13, ""n_seed_upstream"": 0.101, ""role"": 0.036}"
100000008575624100,peripheral,0.5,31,0.235785066136969,"Периферийный узел: 0 входящих, 3 исходящих, оборот 90 тыс.",0,True,0,3,0.0,89500.0,0,5,,0,0.0,,"{""betweenness"": 0.074, ""degree"": 0.122, ""n_seed_upstream"": 0.101, ""role"": 0.036}"
100000008601794100,peripheral,0.5,39,0.28931763802988575,"Периферийный узел: 2 входящих, 1 исходящих, оборот 1.37 млн",0,True,2,1,494400.0,871400.0,8,13,,0,3.962937027741748e-07,,"{""betweenness"": 0.149, ""degree"": 0.122, ""n_seed_upstream"": 0.101, ""role"": 0.036}"
100000008637537100,coordinator,1.0,3,0.6815606518893051,Кандидат в координирующий узел: 3 плательщиков → 3 получателей; сигналы S1,0,True,3,3,619890.0,2351495.0,22,30,,3,7.787171259512535e-05,consolidator;S1,"{""betweenness"": 0.185, ""degree"": 0.138, ""n_seed_upstream"": 0.346, ""role"": 0.29}"
100000008650785100,peripheral,0.5,2,0.47819060087580695,"Периферийный узел: 2 входящих, 2 исходящих, оборот 212 тыс.",0,True,2,2,92000.0,120120.0,2,2,,2,2.3183181612289228e-05,,"{""betweenness"": 0.173, ""degree"": 0.13, ""n_seed_upstream"": 0.334, ""role"": 0.036}"
100000008654653100,peripheral,0.5,2,0.1831689314252178,"Периферийный узел: 0 входящих, 1 исходящих, оборот 54 тыс.",0,True,0,1,0.0,54000.0,0,1,,0,0.0,,"{""betweenness"": 0.074, ""degree"": 0.048, ""n_seed_upstream"": 0.101, ""role"": 0.036}"
100000008659445100,peripheral,0.5,36,0.3054263915850301,"Периферийный узел: 3 входящих, 4 исходящих, оборот 1.01 млн",0,True,3,4,138490.0,875150.0,7,18,,0,1.1888811083225246e-06,,"{""betweenness"": 0.153, ""degree"": 0.141, ""n_seed_upstream"": 0.101, ""role"": 0.036}"
100000008669037100,peripheral,1.0,0,0.14982167847952688,Нет переводов ≥5000 KZT в выгрузке,0,True,0,0,0.0,0.0,0,0,,0,0.0,,"{""betweenness"": 0.074, ""degree"": 0.001, ""n_seed_upstream"": 0.101, ""role"": 0.036}"
100000008673001100,terminal,0.5,11,0.4137160850525936,"Вероятный конечный получатель: 1 плательщиков, получено 80 тыс., исходящих нет",0,True,1,0,80000.0,0.0,1,0,,1,0.0,,"{""betweenness"": 0.074, ""degree"": 0.048, ""n_seed_upstream"": 0.262, ""role"": 0.199}"
100000008680731100,distributor,0.7253702511268549,13,0.42508464629136383,"Веерная рассылка: 27 получателей, отдано 1.46 млн",0,True,0,27,0.0,1464354.0,0,28,,0,0.0,,"{""betweenness"": 0.074, ""degree"": 0.148, ""n_seed_upstream"": 0.101, ""role"": 0.275}"
100000008701222100,peripheral,1.0,0,0.14982167847952688,Нет переводов ≥5000 KZT в выгрузке,0,True,0,0,0.0,0.0,0,0,,0,0.0,,"{""betweenness"": 0.074, ""degree"": 0.001, ""n_seed_upstream"": 0.101, ""role"": 0.036}"
100000008738325100,peripheral,0.5,11,0.3912396731524536,"Периферийный узел: 1 входящих, 1 исходящих, оборот 91 тыс.",0,True,1,1,36550.0,54000.0,1,1,,1,1.981468513870874e-07,,"{""betweenness"": 0.148, ""degree"": 0.105, ""n_seed_upstream"": 0.262, ""role"": 0.036}"
100000003134937100,terminal,0.5,2,0.5910229786465623,"Вероятный конечный получатель: 1 плательщиков, получено 10 тыс., исходящих нет",1,False,1,0,10286.0,0.0,1,0,0.0,1,0.0,,"{""betweenness"": 0.074, ""degree"": 0.048, ""n_seed_upstream"": 0.262, ""role"": 0.199}"
100000005074393100,coordinator,0.5,20,0.9741433795313982,Кандидат в координирующий узел: 4 плательщиков → 6 получателей; сигналы S3,1,False,4,6,563026.0,685500.0,5,10,1.2175281425724567,2,0.00021697080226886072,external_funding;peripheral;S3,"{""betweenness"": 0.192, ""degree"": 0.144, ""n_seed_upstream"": 0.334, ""role"": 0.29}"
100000001924185100,coordinator,0.5,10,0.8291047808225364,Кандидат в координирующий узел: 2 плательщиков → 0 получателей; сигналы S3,1,False,2,0,151000.0,0.0,2,0,0.0,4,0.0,terminal;S3,"{""betweenness"": 0.074, ""degree"": 0.105, ""n_seed_upstream"": 0.349, ""role"": 0.29}"
100000004070318100,coordinator,1.0,3,0.9112906866507157,"Кандидат в координирующий узел: 4 плательщиков → 19 получателей; сигналы S1, S3",1,False,4,19,207246.55,551860.0,6,37,2.662818753798314,1,0.0018530693541720415,external_funding;peripheral;S1;S3,"{""betweenness"": 0.198, ""degree"": 0.148, ""n_seed_upstream"": 0.262, ""role"": 0.29}"
100000005807278100,terminal,0.5,33,0.5910229786465623,"Вероятный конечный получатель: 1 плательщиков, получено 8 тыс., исходящих нет",1,False,1,0,8385.0,0.0,1,0,0.0,1,0.0,,"{""betweenness"": 0.074, ""degree"": 0.048, ""n_seed_upstream"": 0.262, ""role"": 0.199}"
100000003377795100,terminal,0.5,7,0.5910229786465623,"Вероятный конечный получатель: 1 плательщиков, получено 7 тыс., исходящих нет",1,False,1,0,7000.0,0.0,1,0,0.0,1,0.0,,"{""betweenness"": 0.074, ""degree"": 0.048, ""n_seed_upstream"": 0.262, ""role"": 0.199}"
100000004330371100,peripheral,0.5,2,0.6316983431899237,"Периферийный узел: 2 входящих, 2 исходящих, оборот 355 тыс.",1,False,2,2,264171.0,90681.0,12,6,0.3432662934235779,1,0.00033467003199279065,,"{""betweenness"": 0.194, ""degree"": 0.13, ""n_seed_upstream"": 0.262, ""role"": 0.036}"
100000008165763100,consolidator,1.0,5,0.9811972371450499,"Признаки консолидации: 15 плательщиков, деньги от 3 seed за ≤2 колена, получено 1.17 млн, дальше ушло 109%",1,False,15,17,1165815.0,1267858.0,26,17,1.087529324978663,3,0.00032674415793730713,,"{""betweenness"": 0.194, ""degree"": 0.149, ""n_seed_upstream"": 0.346, ""role"": 0.278}"
100000001684867100,terminal,0.5,2,0.5910229786465623,"Вероятный конечный получатель: 1 плательщиков, получено 31 тыс., исходящих нет",1,False,1,0,30550.0,0.0,1,0,0.0,1,0.0,,"{""betweenness"": 0.074, ""degree"": 0.048, ""n_seed_upstream"": 0.262, ""role"": 0.199}"
100000003900547100,terminal,0.5,2,0.5910229786465623,"Вероятный конечный получатель: 1 плательщиков, получено 24 тыс., исходящих нет",1,False,1,0,23700.0,0.0,1,0,0.0,1,0.0,,"{""betweenness"": 0.074, ""degree"": 0.048, ""n_seed_upstream"": 0.262, ""role"": 0.199}"
100000006656003100,peripheral,0.5,4,0.4835221886145096,"Периферийный узел: 1 входящих, 1 исходящих, оборот 29 тыс.",1,False,1,1,20000.0,9000.0,1,1,0.45,1,0.0,,"{""betweenness"": 0.074, ""degree"": 0.105, ""n_seed_upstream"": 0.262, ""role"": 0.036}"
100000008237827100,terminal,0.5,5,0.6639429371134485,"Вероятный конечный получатель: 1 плательщиков, получено 40 тыс., исходящих нет",1,False,1,0,40001.0,0.0,1,0,0.0,2,0.0,,"{""betweenness"": 0.074, ""degree"": 0.048, ""n_seed_upstream"": 0.334, ""role"": 0.199}"
100000003014659100,terminal,0.5,10,0.6639429371134485,"Вероятный конечный получатель: 1 плательщиков, получено 280 тыс., исходящих нет",1,False,1,0,280000.0,0.0,1,0,0.0,2,0.0,,"{""betweenness"": 0.074, ""degree"": 0.048, ""n_seed_upstream"": 0.334, ""role"": 0.199}"
100000007939160100,peripheral,0.5,32,0.5771635592072594,"Периферийный узел: 1 входящих, 2 исходящих, оборот 809 тыс.",1,False,1,2,795000.0,14300.0,2,2,0.017987421383647798,1,3.962937027741748e-07,,"{""betweenness"": 0.149, ""degree"": 0.122, ""n_seed_upstream"": 0.262, ""role"": 0.036}"
100000007274584100,terminal,0.5,5,0.6639429371134485,"Вероятный конечный получатель: 1 плательщиков, получено 38 тыс., исходящих нет",1,False,1,0,38000.0,0.0,1,0,0.0,2,0.0,,"{""betweenness"": 0.074, ""degree"": 0.048, ""n_seed_upstream"": 0.334, ""role"": 0.199}"
100000001524952100,terminal,0.5,1,0.5910229786465623,"Вероятный конечный получатель: 1 плательщиков, получено 104 тыс., исходящих нет",1,False,1,0,103807.0,0.0,1,0,0.0,1,0.0,,"{""betweenness"": 0.074, ""degree"": 0.048, ""n_seed_upstream"": 0.262, ""role"": 0.199}"
100000003131693100,terminal,0.5,5,0.6639429371134485,"Вероятный конечный получатель: 1 плательщиков, получено 353 тыс., исходящих нет",1,False,1,0,353277.0,0.0,1,0,0.0,2,0.0,,"{""betweenness"": 0.074, ""degree"": 0.048, ""n_seed_upstream"": 0.334, ""role"": 0.199}"
100000008383405100,terminal,0.5,13,0.5910229786465623,"Вероятный конечный получатель: 1 плательщиков, получено 25 тыс., исходящих нет",1,False,1,0,25000.0,0.0,2,0,0.0,1,0.0,,"{""betweenness"": 0.074, ""degree"": 0.048, ""n_seed_upstream"": 0.262, ""role"": 0.199}"
100000008736173100,terminal,0.5,4,0.5910229786465623,"Вероятный конечный получатель: 1 плательщиков, получено 31 тыс., исходящих нет",1,False,1,0,31060.0,0.0,1,0,0.0,1,0.0,,"{""betweenness"": 0.074, ""degree"": 0.048, ""n_seed_upstream"": 0.262, ""role"": 0.199}"
100000002861485100,terminal,0.5,2,0.5910229786465623,"Вероятный конечный получатель: 1 плательщиков, получено 29 тыс., исходящих нет",1,False,1,0,29323.0,0.0,1,0,0.0,1,0.0,,"{""betweenness"": 0.074, ""degree"": 0.048, ""n_seed_upstream"": 0.262, ""role"": 0.199}"
100000008745474100,terminal,0.5,4,0.5910229786465623,"Вероятный конечный получатель: 1 плательщиков, получено 41 тыс., исходящих нет",1,False,1,0,40559.0,0.0,1,0,0.0,1,0.0,,"{""betweenness"": 0.074, ""degree"": 0.048, ""n_seed_upstream"": 0.262, ""role"": 0.199}"
100000008691330100,terminal,0.5,4,0.5910229786465623,"Вероятный конечный получатель: 1 плательщиков, получено 21 тыс., исходящих нет",1,False,1,0,21440.0,0.0,1,0,0.0,1,0.0,,"{""betweenness"": 0.074, ""degree"": 0.048, ""n_seed_upstream"": 0.262, ""role"": 0.199}"
100000007639767100,coordinator,1.0,3,0.9082208478172544,"Кандидат в координирующий узел: 4 плательщиков → 10 получателей; сигналы S1, S3",1,False,4,10,90913.0,822244.0,4,13,9.044295095310902,1,0.0010012360400589526,external_funding;peripheral;S1;S3,"{""betweenness"": 0.197, ""degree"": 0.146, ""n_seed_upstream"": 0.262, ""role"": 0.29}"
100000002921047100,coordinator,0.5,7,0.8577829443365987,Кандидат в координирующий узел: 2 плательщиков → 1 получателей; сигналы S3,1,False,2,1,338000.0,163000.02,2,1,0.48224857988165676,1,2.159800680119253e-05,peripheral;S3,"{""betweenness"": 0.172, ""degree"": 0.122, ""n_seed_upstream"": 0.262, ""role"": 0.29}"
100000004783447100,terminal,0.5,4,0.5910229786465623,"Вероятный конечный получатель: 1 плательщиков, получено 26 тыс., исходящих нет",1,False,1,0,26200.0,0.0,1,0,0.0,1,0.0,,"{""betweenness"": 0.074, ""degree"": 0.048, ""n_seed_upstream"": 0.262, ""role"": 0.199}"
100000008696919100,terminal,0.5,4,0.5910229786465623,"Вероятный конечный получатель: 1 плательщиков, получено 32 тыс., исходящих нет",1,False,1,0,31945.0,0.0,1,0,0.0,1,0.0,,"{""betweenness"": 0.074, ""degree"": 0.048, ""n_seed_upstream"": 0.262, ""role"": 0.199}"
100000008736940100,peripheral,0.5,36,0.5962710487111192,"Периферийный узел: 3 входящих, 3 исходящих, оборот 633 тыс.",1,False,3,3,451090.0,182100.0,13,6,0.40368884258130305,1,7.925874055483496e-07,,"{""betweenness"": 0.151, ""degree"": 0.138, ""n_seed_upstream"": 0.262, ""role"": 0.036}"
100000005940652100,terminal,0.5,3,0.6765044467518396,"Вероятный конечный получатель: 1 плательщиков, получено 8 тыс., исходящих нет",1,False,1,0,8395.0,0.0,1,0,0.0,3,0.0,,"{""betweenness"": 0.074, ""degree"": 0.048, ""n_seed_upstream"": 0.346, ""role"": 0.199}"
100000004180097100,peripheral,0.5,16,0.6391133583133946,"Периферийный узел: 3 входящих, 3 исходящих, оборот 153 тыс.",1,False,3,3,104854.0,47800.0,5,7,0.4558719743643542,1,0.0003136664657457594,,"{""betweenness"": 0.194, ""degree"": 0.138, ""n_seed_upstream"": 0.262, ""role"": 0.036}"
100000005539201100,peripheral,0.5,2,0.5909214030969256,"Периферийный узел: 1 входящих, 1 исходящих, оборот 71 тыс.",1,False,1,1,45504.0,25000.0,1,1,0.5494022503516175,1,4.240342619683671e-05,,"{""betweenness"": 0.18, ""degree"": 0.105, ""n_seed_upstream"": 0.262, ""role"": 0.036}"
100000005620225100,coordinator,0.5,1,0.741253216559072,Кандидат в координирующий узел: 2 плательщиков → 0 получателей; сигналы S3,1,False,2,0,49845.66,0.0,2,0,0.0,1,0.0,terminal;S3,"{""betweenness"": 0.074, ""degree"": 0.105, ""n_seed_upstream"": 0.262, ""role"": 0.29}"
100000004388353100,terminal,0.5,10,0.7219425759559388,"Вероятный конечный получатель: 2 плательщиков, получено 63 тыс., исходящих нет",1,False,2,0,62960.0,0.0,2,0,0.0,2,0.0,,"{""betweenness"": 0.074, ""degree"": 0.105, ""n_seed_upstream"": 0.334, ""role"": 0.199}"
100000007442518100,coordinator,1.0,14,0.9038869576994267,Кандидат в координирующий узел: 5 плательщиков → 9 получателей; сигналы S3,1,False,5,9,510000.0,4419999.0,8,12,8.666664705882352,1,0.0002522409418157623,external_funding;peripheral;S3,"{""betweenness"": 0.193, ""degree"": 0.146, ""n_seed_upstream"": 0.262, ""role"": 0.29}"
100000000267734100,peripheral,0.5,25,0.6068010473567785,"Периферийный узел: 2 входящих, 7 исходящих, оборот 462 тыс.; есть источники вне выборки",1,False,2,7,180000.0,282000.0,4,8,1.5666666666666667,1,3.5666433249675733e-06,external_funding,"{""betweenness"": 0.157, ""degree"": 0.144, ""n_seed_upstream"": 0.262, ""role"": 0.036}"
100000001987030100,coordinator,0.5,2,0.9404993002573246,Кандидат в координирующий узел: 2 плательщиков → 1 получателей; сигналы S3,1,False,2,1,30864.0,19000.0,2,1,0.6156039398652151,2,5.706629319948117e-05,peripheral;S3,"{""betweenness"": 0.181, ""degree"": 0.122, ""n_seed_upstream"": 0.334, ""role"": 0.29}"
100000002603478100,terminal,0.5,13,0.5910229786465623,"Вероятный конечный получатель: 1 плательщиков, получено 24 тыс., исходящих нет",1,False,1,0,23500.0,0.0,1,0,0.0,1,0.0,,"{""betweenness"": 0.074, ""degree"": 0.048, ""n_seed_upstream"": 0.262, ""role"": 0.199}"
100000001380054100,peripheral,0.5,24,0.5972416595187577,"Периферийный узел: 2 входящих, 3 исходящих, оборот 487 тыс.; есть источники вне выборки",1,False,2,3,127050.0,360000.0,2,4,2.833530106257379,1,2.774055919419224e-06,external_funding,"{""betweenness"": 0.156, ""degree"": 0.135, ""n_seed_upstream"": 0.262, ""role"": 0.036}"
100000002992171100,terminal,0.5,4,0.5910229786465623,"Вероятный конечный получатель: 1 плательщиков, получено 15 тыс., исходящих нет",1,False,1,0,14627.0,0.0,1,0,0.0,1,0.0,,"{""betweenness"": 0.074, ""degree"": 0.048, ""n_seed_upstream"": 0.262, ""role"": 0.199}"
100000002781227100,transit,0.502289737408735,6,0.8698027177102615,"Признаки транзита: получено 191 тыс., отдано 111%, 2→3 контрагента",1,False,2,3,191167.62,212420.0,8,10,1.1111714421092862,1,0.00013295653728073565,,"{""betweenness"": 0.189, ""degree"": 0.135, ""n_seed_upstream"": 0.262, ""role"": 0.271}"
100000008745643100,terminal,0.5,4,0.5910229786465623,"Вероятный конечный получатель: 1 плательщиков, получено 20 тыс., исходящих нет",1,False,1,0,20313.0,0.0,1,0,0.0,1,0.0,,"{""betweenness"": 0.074, ""degree"": 0.048, ""n_seed_upstream"": 0.262, ""role"": 0.199}"
100000002836736100,terminal,0.5,7,0.7219425759559388,"Вероятный конечный получатель: 2 плательщиков, получено 509 тыс., исходящих нет",1,False,2,0,509000.0,0.0,2,0,0.0,2,0.0,,"{""betweenness"": 0.074, ""degree"": 0.105, ""n_seed_upstream"": 0.334, ""role"": 0.199}"
100000004188160100,coordinator,0.5,2,0.97746151415286,Кандидат в координирующий узел: 2 плательщиков → 5 получателей; сигналы S3,1,False,2,5,87862.0,133846.0,5,6,1.5233661878855478,2,0.0032091864050652675,external_funding;peripheral;S3,"{""betweenness"": 0.199, ""degree"": 0.141, ""n_seed_upstream"": 0.334, ""role"": 0.29}"
100000004841728100,terminal,0.5,4,0.5910229786465623,"Вероятный конечный получатель: 1 плательщиков, получено 52 тыс., исходящих нет",1,False,1,0,52208.0,0.0,1,0,0.0,1,0.0,,"{""betweenness"": 0.074, ""degree"": 0.048, ""n_seed_upstream"": 0.262, ""role"": 0.199}"
100000001554432100,terminal,0.5,5,0.6639429371134485,"Вероятный конечный получатель: 1 плательщиков, получено 54 тыс., исходящих нет",1,False,1,0,53920.0,0.0,1,0,0.0,2,0.0,,"{""betweenness"": 0.074, ""degree"": 0.048, ""n_seed_upstream"": 0.334, ""role"": 0.199}"
100000008768896100,terminal,0.5,4,0.5910229786465623,"Вероятный конечный получатель: 1 плательщиков, получено 47 тыс., исходящих нет",1,False,1,0,47060.0,0.0,1,0,0.0,1,0.0,,"{""betweenness"": 0.074, ""degree"": 0.048, ""n_seed_upstream"": 0.262, ""role"": 0.199}"
100000008232832100,peripheral,0.5,3,0.5690036567197868,"Периферийный узел: 1 входящих, 1 исходящих, оборот 475 тыс.",1,False,1,1,337000.0,138000.0,2,1,0.4094955489614243,3,0.0,,"{""betweenness"": 0.074, ""degree"": 0.105, ""n_seed_upstream"": 0.346, ""role"": 0.036}"
100000002864256100,terminal,0.5,5,0.6639429371134485,"Вероятный конечный получатель: 1 плательщиков, получено 136 тыс., исходящих нет",1,False,1,0,135780.0,0.0,1,0,0.0,2,0.0,,"{""betweenness"": 0.074, ""degree"": 0.048, ""n_seed_upstream"": 0.334, ""role"": 0.199}"
100000001929088100,terminal,0.5,7,0.7219425759559388,"Вероятный конечный получатель: 2 плательщиков, получено 396 тыс., исходящих нет",1,False,2,0,396010.0,0.0,2,0,0.0,2,0.0,,"{""betweenness"": 0.074, ""degree"": 0.105, ""n_seed_upstream"": 0.334, ""role"": 0.199}"
100000002794197100,terminal,0.5,7,0.5910229786465623,"Вероятный конечный получатель: 1 плательщиков, получено 30 тыс., исходящих нет",1,False,1,0,30100.0,0.0,1,0,0.0,1,0.0,,"{""betweenness"": 0.074, ""degree"": 0.048, ""n_seed_upstream"": 0.262, ""role"": 0.199}"
100000005669845100,terminal,0.5,24,0.5910229786465623,"Вероятный конечный получатель: 1 плательщиков, получено 20 тыс., исходящих нет",1,False,1,0,20000.0,0.0,1,0,0.0,1,0.0,,"{""betweenness"": 0.074, ""degree"": 0.048, ""n_seed_upstream"": 0.262, ""role"": 0.199}"
100000002211413100,terminal,0.5,4,0.5910229786465623,"Вероятный конечный получатель: 1 плательщиков, получено 37 тыс., исходящих нет",1,False,1,0,37000.0,0.0,1,0,0.0,1,0.0,,"{""betweenness"": 0.074, ""degree"": 0.048, ""n_seed_upstream"": 0.262, ""role"": 0.199}"
100000002784085100,terminal,0.5,7,0.5910229786465623,"Вероятный конечный получатель: 1 плательщиков, получено 200 тыс., исходящих нет",1,False,1,0,200000.0,0.0,1,0,0.0,1,0.0,,"{""betweenness"": 0.074, ""degree"": 0.048, ""n_seed_upstream"": 0.262, ""role"": 0.199}"
100000008782421100,terminal,0.5,4,0.5910229786465623,"Вероятный конечный получатель: 1 плательщиков, получено 50 тыс., исходящих нет",1,False,1,0,49680.0,0.0,1,0,0.0,1,0.0,,"{""betweenness"": 0.074, ""degree"": 0.048, ""n_seed_upstream"": 0.262, ""role"": 0.199}"
100000003739818100,terminal,0.5,5,0.6639429371134485,"Вероятный конечный получатель: 1 плательщиков, получено 57 тыс., исходящих нет",1,False,1,0,57293.0,0.0,1,0,0.0,2,0.0,,"{""betweenness"": 0.074, ""degree"": 0.048, ""n_seed_upstream"": 0.334, ""role"": 0.199}"
100000002214570100,terminal,0.5,4,0.5910229786465623,"Вероятный конечный получатель: 1 плательщиков, получено 26 тыс., исходящих нет",1,False,1,0,26471.0,0.0,1,0,0.0,1,0.0,,"{""betweenness"": 0.074, ""degree"": 0.048, ""n_seed_upstream"": 0.262, ""role"": 0.199}"
100000006443391100,peripheral,0.5,7,0.5944878335063881,"Периферийный узел: 3 входящих, 2 исходящих, оборот 147 тыс.",1,False,3,2,86775.93,60041.71000000001,7,6,0.6919166409394865,1,1.1888811083225246e-06,,"{""betweenness"": 0.153, ""degree"": 0.135, ""n_seed_upstream"": 0.262, ""role"": 0.036}"
100000005473151100,peripheral,0.5,7,0.6402194031872152,"Периферийный узел: 3 входящих, 4 исходящих, оборот 1.45 млн",1,False,3,4,1220000.0,225000.0,4,6,0.18442622950819673,1,0.0002423335992464079,,"{""betweenness"": 0.192, ""degree"": 0.141, ""n_seed_upstream"": 0.262, ""role"": 0.036}"
100000005124479100,coordinator,0.5,1,0.9488962123606157,Кандидат в координирующий узел: 2 плательщиков → 2 получателей; сигналы S3,1,False,2,2,137753.0,22000.0,2,2,0.15970614070110994,2,4.755524433290098e-05,peripheral;S3,"{""betweenness"": 0.181, ""degree"": 0.13, ""n_seed_upstream"": 0.334, ""role"": 0.29}"
100000005527892100,peripheral,0.5,6,0.6477359938603224,"Периферийный узел: 3 входящих, 8 исходящих, оборот 772 тыс.; есть источники вне выборки",1,False,3,8,220001.0,552419.0,3,8,2.510984040981632,1,0.0005966201695265202,external_funding,"{""betweenness"": 0.195, ""degree"": 0.145, ""n_seed_upstream"": 0.262, ""role"": 0.036}"
100000008028628100,terminal,0.5,4,0.5910229786465623,"Вероятный конечный получатель: 1 плательщиков, получено 57 тыс., исходящих нет",1,False,1,0,57224.0,0.0,1,0,0.0,1,0.0,,"{""betweenness"": 0.074, ""degree"": 0.048, ""n_seed_upstream"": 0.262, ""role"": 0.199}"
100000001953577100,terminal,0.5,4,0.5910229786465623,"Вероятный конечный получатель: 1 плательщиков, получено 16 тыс., исходящих нет",1,False,1,0,15600.0,0.0,1,0,0.0,1,0.0,,"{""betweenness"": 0.074, ""degree"": 0.048, ""n_seed_upstream"": 0.262, ""role"": 0.199}"
100000008193577100,peripheral,0.5,36,0.5986411448693063,"Периферийный узел: 2 входящих, 5 исходящих, оборот 634 тыс.; есть источники вне выборки",1,False,2,5,154300.0,480180.0,6,16,3.1119896305897603,1,7.925874055483496e-07,external_funding,"{""betweenness"": 0.151, ""degree"": 0.141, ""n_seed_upstream"": 0.262, ""role"": 0.036}"
100000008753193100,terminal,0.5,4,0.5910229786465623,"Вероятный конечный получатель: 1 плательщиков, получено 35 тыс., исходящих нет",1,False,1,0,35225.0,0.0,1,0,0.0,1,0.0,,"{""betweenness"": 0.074, ""degree"": 0.048, ""n_seed_upstream"": 0.262, ""role"": 0.199}"
100000008746025100,terminal,0.5,4,0.5910229786465623,"Вероятный конечный получатель: 1 плательщиков, получено 22 тыс., исходящих нет",1,False,1,0,22000.0,0.0,1,0,0.0,1,0.0,,"{""betweenness"": 0.074, ""degree"": 0.048, ""n_seed_upstream"": 0.262, ""role"": 0.199}"
100000002934441100,coordinator,0.5,1,0.741253216559072,Кандидат в координирующий узел: 2 плательщиков → 0 получателей; сигналы S3,1,False,2,0,60845.6,0.0,2,0,0.0,1,0.0,terminal;S3,"{""betweenness"": 0.074, ""degree"": 0.105, ""n_seed_upstream"": 0.262, ""role"": 0.29}"
100000003701161100,peripheral,0.5,28,0.712597625389373,"Периферийный узел: 4 входящих, 3 исходящих, оборот 1.88 млн",1,False,4,3,1527103.0,349000.0,13,7,0.22853730232996727,2,0.00021300786524111896,,"{""betweenness"": 0.192, ""degree"": 0.141, ""n_seed_upstream"": 0.334, ""role"": 0.036}"
100000006707582100,peripheral,0.5,7,0.6488307525619612,"Периферийный узел: 2 входящих, 14 исходящих, оборот 1.00 млн; есть источники вне выборки",1,False,2,14,39520.0,961138.0,2,15,24.320293522267207,1,0.0003634013254439183,external_funding,"{""betweenness"": 0.194, ""degree"": 0.147, ""n_seed_upstream"": 0.262, ""role"": 0.036}"
100000003239379100,terminal,0.5,13,0.5910229786465623,"Вероятный конечный получатель: 1 плательщиков, получено 92 тыс., исходящих нет",1,False,1,0,92500.0,0.0,1,0,0.0,1,0.0,,"{""betweenness"": 0.074, ""degree"": 0.048, ""n_seed_upstream"": 0.262, ""role"": 0.199}"
100000000979923100,terminal,0.5,10,0.6639429371134485,"Вероятный конечный получатель: 1 плательщиков, получено 98 тыс., исходящих нет",1,False,1,0,97900.0,0.0,1,0,0.0,2,0.0,,"{""betweenness"": 0.074, ""degree"": 0.048, ""n_seed_upstream"": 0.334, ""role"": 0.199}"
100000001111763100,terminal,0.5,4,0.5910229786465623,"Вероятный конечный получатель: 1 плательщиков, получено 17 тыс., исходящих нет",1,False,1,0,17144.0,0.0,1,0,0.0,1,0.0,,"{""betweenness"": 0.074, ""degree"": 0.048, ""n_seed_upstream"": 0.262, ""role"": 0.199}"
100000003865939100,terminal,0.5,43,0.5910229786465623,"Вероятный конечный получатель: 1 плательщиков, получено 81 тыс., исходящих нет",1,False,1,0,81465.0,0.0,1,0,0.0,1,0.0,,"{""betweenness"": 0.074, ""degree"": 0.048, ""n_seed_upstream"": 0.262, ""role"": 0.199}"
100000002858835100,terminal,0.5,4,0.5910229786465623,"Вероятный конечный получатель: 1 плательщиков, получено 24 тыс., исходящих нет",1,False,1,0,24400.0,0.0,1,0,0.0,1,0.0,,"{""betweenness"": 0.074, ""degree"": 0.048, ""n_seed_upstream"": 0.262, ""role"": 0.199}"
100000003404627100,consolidator,1.0,3,0.8430883481558396,"Признаки консолидации: 4 плательщиков, деньги от 4 seed за ≤2 колена, получено 878 тыс., дальше ушло 0%",1,False,4,0,877700.0,0.0,5,0,0.0,4,0.0,,"{""betweenness"": 0.074, ""degree"": 0.13, ""n_seed_upstream"": 0.349, ""role"": 0.278}"
100000008691027100,terminal,0.5,4,0.5910229786465623,"Вероятный конечный получатель: 1 плательщиков, получено 18 тыс., исходящих нет",1,False,1,0,17534.0,0.0,1,0,0.0,1,0.0,,"{""betweenness"": 0.074, ""degree"": 0.048, ""n_seed_upstream"": 0.262, ""role"": 0.199}"
100000004071080100,coordinator,1.0,1,0.8845198862353845,Кандидат в координирующий узел: 9 плательщиков → 2 получателей; сигналы S3,1,False,9,2,238600.0,46500.0,16,5,0.19488683989941324,1,2.83349997483535e-05,consolidator;S3,"{""betweenness"": 0.175, ""degree"": 0.145, ""n_seed_upstream"": 0.262, ""role"": 0.29}"
100000002864680100,terminal,0.5,13,0.5910229786465623,"Вероятный конечный получатель: 1 плательщиков, получено 56 тыс., исходящих нет",1,False,1,0,55932.0,0.0,1,0,0.0,1,0.0,,"{""betweenness"": 0.074, ""degree"": 0.048, ""n_seed_upstream"": 0.262, ""role"": 0.199}"
100000001330685100,coordinator,0.75,8,0.8572863527605978,Кандидат в координирующий узел: 3 плательщиков → 1 получателей; сигналы S3,1,False,3,1,2435923.0,100500.0,7,1,0.04125746175063826,1,1.922024458454748e-05,peripheral;S3,"{""betweenness"": 0.163, ""degree"": 0.13, ""n_seed_upstream"": 0.262, ""role"": 0.29}"
100000008745725100,terminal,0.5,4,0.5910229786465623,"Вероятный конечный получатель: 1 плательщиков, получено 47 тыс., исходящих нет",1,False,1,0,47060.0,0.0,1,0,0.0,1,0.0,,"{""betweenness"": 0.074, ""degree"": 0.048, ""n_seed_upstream"": 0.262, ""role"": 0.199}"
100000002621949100,terminal,0.5,5,0.6639429371134485,"Вероятный конечный получатель: 1 плательщиков, получено 165 тыс., исходящих нет",1,False,1,0,164612.0,0.0,1,0,0.0,2,0.0,,"{""betweenness"": 0.074, ""degree"": 0.048, ""n_seed_upstream"": 0.334, ""role"": 0.199}"
100000007908818100,coordinator,0.75,15,0.9879915127985193,Кандидат в координирующий узел: 4 плательщиков → 6 получателей; сигналы S3,1,False,4,6,727475.0,302000.0,4,13,0.4151345407058662,4,0.00017753957884283033,consolidator;S3,"{""betweenness"": 0.191, ""degree"": 0.144, ""n_seed_upstream"": 0.349, ""role"": 0.29}"
100000008691495100,terminal,0.5,4,0.5910229786465623,"Вероятный конечный получатель: 1 плательщиков, получено 27 тыс., исходящих нет",1,False,1,0,27000.0,0.0,1,0,0.0,1,0.0,,"{""betweenness"": 0.074, ""degree"": 0.048, ""n_seed_upstream"": 0.262, ""role"": 0.199}"
100000003832231100,terminal,0.5,5,0.6639429371134485,"Вероятный конечный получатель: 1 плательщиков, получено 35 тыс., исходящих нет",1,False,1,0,35000.0,0.0,1,0,0.0,2,0.0,,"{""betweenness"": 0.074, ""degree"": 0.048, ""n_seed_upstream"": 0.334, ""role"": 0.199}"
100000002371751100,peripheral,0.5,42,0.5589138187892195,"Периферийный узел: 1 входящих, 1 исходящих, оборот 450 тыс.; есть источники вне выборки",1,False,1,1,200000.0,250000.0,5,1,1.25,1,1.981468513870874e-07,external_funding,"{""betweenness"": 0.148, ""degree"": 0.105, ""n_seed_upstream"": 0.262, ""role"": 0.036}"
100000002894076100,coordinator,0.5,7,0.8528396009209517,Кандидат в координирующий узел: 4 плательщиков → 0 получателей; сигналы S3,1,False,4,0,1122782.0,0.0,6,0,0.0,3,0.0,consolidator;S3,"{""betweenness"": 0.074, ""degree"": 0.13, ""n_seed_upstream"": 0.346, ""role"": 0.29}"
100000001362940100,terminal,0.5,5,0.6639429371134485,"Вероятный конечный получатель: 1 плательщиков, получено 81 тыс., исходящих нет",1,False,1,0,81000.0,0.0,1,0,0.0,2,0.0,,"{""betweenness"": 0.074, ""degree"": 0.048, ""n_seed_upstream"": 0.334, ""role"": 0.199}"
100000008741372100,terminal,0.5,4,0.5910229786465623,"Вероятный конечный получатель: 1 плательщиков, получено 36 тыс., исходящих нет",1,False,1,0,35975.0,0.0,1,0,0.0,1,0.0,,"{""betweenness"": 0.074, ""degree"": 0.048, ""n_seed_upstream"": 0.262, ""role"": 0.199}"
100000002618492100,terminal,0.5,10,0.7345040855943299,"Вероятный конечный получатель: 2 плательщиков, получено 296 тыс., исходящих нет",1,False,2,0,296500.0,0.0,2,0,0.0,3,0.0,,"{""betweenness"": 0.074, ""degree"": 0.105, ""n_seed_upstream"": 0.346, ""role"": 0.199}"
100000002750332100,terminal,0.5,7,0.5910229786465623,"Вероятный конечный получатель: 1 плательщиков, получено 11 тыс., исходящих нет",1,False,1,0,11360.0,0.0,1,0,0.0,1,0.0,,"{""betweenness"": 0.074, ""degree"": 0.048, ""n_seed_upstream"": 0.262, ""role"": 0.199}"
100000004948177100,terminal,0.5,2,0.6661888853776353,"Вероятный конечный получатель: 3 плательщиков, получено 437 тыс., исходящих нет",1,False,3,0,437163.0,0.0,8,0,0.0,1,0.0,,"{""betweenness"": 0.074, ""degree"": 0.122, ""n_seed_upstream"": 0.262, ""role"": 0.199}"
100000002511825100,terminal,0.5,1,0.5910229786465623,"Вероятный конечный получатель: 1 плательщиков, получено 65 тыс., исходящих нет",1,False,1,0,65000.0,0.0,1,0,0.0,1,0.0,,"{""betweenness"": 0.074, ""degree"": 0.048, ""n_seed_upstream"": 0.262, ""role"": 0.199}"
100000008566737100,terminal,0.5,5,0.7219425759559388,"Вероятный конечный получатель: 2 плательщиков, получено 230 тыс., исходящих нет",1,False,2,0,230000.0,0.0,2,0,0.0,2,0.0,,"{""betweenness"": 0.074, ""degree"": 0.105, ""n_seed_upstream"": 0.334, ""role"": 0.199}"
100000008661585100,terminal,0.5,4,0.5910229786465623,"Вероятный конечный получатель: 1 плательщиков, получено 43 тыс., исходящих нет",1,False,1,0,43141.0,0.0,1,0,0.0,1,0.0,,"{""betweenness"": 0.074, ""degree"": 0.048, ""n_seed_upstream"": 0.262, ""role"": 0.199}"
100000004759121100,coordinator,1.0,1,0.8919236151866734,Кандидат в координирующий узел: 6 плательщиков → 2 получателей; сигналы S3,1,False,6,2,710000.0,312000.0,10,6,0.4394366197183099,1,7.7079125189577e-05,consolidator;S3,"{""betweenness"": 0.185, ""degree"": 0.142, ""n_seed_upstream"": 0.262, ""role"": 0.29}"
100000004360785100,terminal,0.5,2,0.5910229786465623,"Вероятный конечный получатель: 1 плательщиков, получено 95 тыс., исходящих нет",1,False,1,0,94705.0,0.0,1,0,0.0,1,0.0,,"{""betweenness"": 0.074, ""degree"": 0.048, ""n_seed_upstream"": 0.262, ""role"": 0.199}"
100000005092518100,terminal,0.5,4,0.5910229786465623,"Вероятный конечный получатель: 1 плательщиков, получено 26 тыс., исходящих нет",1,False,1,0,26144.0,0.0,1,0,0.0,1,0.0,,"{""betweenness"": 0.074, ""degree"": 0.048, ""n_seed_upstream"": 0.262, ""role"": 0.199}"
100000008737958100,coordinator,0.5,4,0.741253216559072,Кандидат в координирующий узел: 2 плательщиков → 0 получателей; сигналы S3,1,False,2,0,53373.0,0.0,2,0,0.0,1,0.0,terminal;S3,"{""betweenness"": 0.074, ""degree"": 0.105, ""n_seed_upstream"": 0.262, ""role"": 0.29}"
100000003044518100,terminal,0.5,7,0.5910229786465623,"Вероятный конечный получатель: 1 плательщиков, получено 34 тыс., исходящих нет",1,False,1,0,34423.0,0.0,1,0,0.0,1,0.0,,"{""betweenness"": 0.074, ""degree"": 0.048, ""n_seed_upstream"": 0.262, ""role"": 0.199}"
100000004159526100,coordinator,0.5,11,0.9673716762222924,Кандидат в координирующий узел: 4 плательщиков → 4 получателей; сигналы S3,1,False,4,4,275037.0,68000.0,4,6,0.24723946232688693,2,9.788454458522118e-05,peripheral;S3,"{""betweenness"": 0.187, ""degree"": 0.142, ""n_seed_upstream"": 0.334, ""role"": 0.29}"
100000007544358100,transit,0.5020991528131422,2,0.8343754232314569,"Признаки транзита: получено 322 тыс., отдано 109%, 2→1 контрагента",1,False,2,1,322500.0,350000.0,2,3,1.0852713178294573,1,1.9616538287321655e-05,,"{""betweenness"": 0.168, ""degree"": 0.122, ""n_seed_upstream"": 0.262, ""role"": 0.271}"
100000005901606100,terminal,0.5,4,0.5910229786465623,"Вероятный конечный получатель: 1 плательщиков, получено 36 тыс., исходящих нет",1,False,1,0,35660.0,0.0,1,0,0.0,1,0.0,,"{""betweenness"": 0.074, ""degree"": 0.048, ""n_seed_upstream"": 0.262, ""role"": 0.199}"
100000006658598100,terminal,0.5,2,0.5910229786465623,"Вероятный конечный получатель: 1 плательщиков, получено 9 тыс., исходящих нет",1,False,1,0,9000.0,0.0,1,0,0.0,1,0.0,,"{""betweenness"": 0.074, ""degree"": 0.048, ""n_seed_upstream"": 0.262, ""role"": 0.199}"
100000002793851100,terminal,0.5,2,0.5910229786465623,"Вероятный конечный получатель: 1 плательщиков, получено 11 тыс., исходящих нет",1,False,1,0,11052.0,0.0,1,0,0.0,1,0.0,,"{""betweenness"": 0.074, ""degree"": 0.048, ""n_seed_upstream"": 0.262, ""role"": 0.199}"
100000005612411100,peripheral,0.5,5,0.7152385896799243,"Периферийный узел: 3 входящих, 8 исходящих, оборот 622 тыс.; есть источники вне выборки",1,False,3,8,115500.0,506997.0,4,8,4.389584415584416,2,0.00015534713148747652,external_funding,"{""betweenness"": 0.19, ""degree"": 0.145, ""n_seed_upstream"": 0.334, ""role"": 0.036}"
100000007511163100,peripheral,0.5,2,0.617105322558801,"Периферийный узел: 2 входящих, 3 исходящих, оборот 146 тыс.; есть источники вне выборки",1,False,2,3,63666.0,82052.0,2,3,1.2887883642760658,1,3.3288671033030686e-05,external_funding,"{""betweenness"": 0.175, ""degree"": 0.135, ""n_seed_upstream"": 0.262, ""role"": 0.036}"
100000002648315100,peripheral,0.5,7,0.5771635592072594,"Периферийный узел: 1 входящих, 2 исходящих, оборот 208 тыс.",1,False,1,2,132000.0,76000.0,1,3,0.5757575757575758,1,3.962937027741748e-07,,"{""betweenness"": 0.149, ""degree"": 0.122, ""n_seed_upstream"": 0.262, ""role"": 0.036}"
100000004739664100,transit,0.50024528144284,4,0.8032594465261162,"Признаки транзита: получено 12 тыс., отдано 83%, 1→1 контрагента",1,False,1,1,12000.0,10000.0,1,1,0.8333333333333334,1,1.387027959709612e-06,,"{""betweenness"": 0.154, ""degree"": 0.105, ""n_seed_upstream"": 0.262, ""role"": 0.271}"
100000003713616100,terminal,0.5,2,0.5910229786465623,"Вероятный конечный получатель: 1 плательщиков, получено 16 тыс., исходящих нет",1,False,1,0,15893.0,0.0,1,0,0.0,1,0.0,,"{""betweenness"": 0.074, ""degree"": 0.048, ""n_seed_upstream"": 0.262, ""role"": 0.199}"
100000003476560100,terminal,0.5,5,0.6639429371134485,"Вероятный конечный получатель: 1 плательщиков, получено 50 тыс., исходящих нет",1,False,1,0,50000.0,0.0,1,0,0.0,2,0.0,,"{""betweenness"": 0.074, ""degree"": 0.048, ""n_seed_upstream"": 0.334, ""role"": 0.199}"
100000008782800100,terminal,0.5,4,0.5910229786465623,"Вероятный конечный получатель: 1 плательщиков, получено 43 тыс., исходящих нет",1,False,1,0,43381.0,0.0,1,0,0.0,1,0.0,,"{""betweenness"": 0.074, ""degree"": 0.048, ""n_seed_upstream"": 0.262, ""role"": 0.199}"
100000004218576100,terminal,0.5,4,0.5910229786465623,"Вероятный конечный получатель: 1 плательщиков, получено 26 тыс., исходящих нет",1,False,1,0,26144.0,0.0,1,0,0.0,1,0.0,,"{""betweenness"": 0.074, ""degree"": 0.048, ""n_seed_upstream"": 0.262, ""role"": 0.199}"
100000003299365100,transit,0.50147168865704,5,0.7950092546611892,"Признаки транзита: получено 200 тыс., отдано 100%, 1→1 контрагента",1,False,1,1,200000.0,200000.0,1,1,1.0,2,0.0,,"{""betweenness"": 0.074, ""degree"": 0.105, ""n_seed_upstream"": 0.334, ""role"": 0.271}"
100000008730021100,terminal,0.5,10,0.6639429371134485,"Вероятный конечный получатель: 1 плательщиков, получено 76 тыс., исходящих нет",1,False,1,0,75555.0,0.0,3,0,0.0,2,0.0,,"{""betweenness"": 0.074, ""degree"": 0.048, ""n_seed_upstream"": 0.334, ""role"": 0.199}"
100000002757797100,terminal,0.5,13,0.5910229786465623,"Вероятный конечный получатель: 1 плательщиков, получено 100 тыс., исходящих нет",1,False,1,0,100000.0,0.0,1,0,0.0,1,0.0,,"{""betweenness"": 0.074, ""degree"": 0.048, ""n_seed_upstream"": 0.262, ""role"": 0.199}"
100000002845605100,terminal,0.5,1,0.5910229786465623,"Вероятный конечный получатель: 1 плательщиков, получено 58 тыс., исходящих нет",1,False,1,0,57567.0,0.0,1,0,0.0,1,0.0,,"{""betweenness"": 0.074, ""degree"": 0.048, ""n_seed_upstream"": 0.262, ""role"": 0.199}"
100000000817146100,terminal,0.5,2,0.6639429371134485,"Вероятный конечный получатель: 1 плательщиков, получено 70 тыс., исходящих нет",1,False,1,0,70020.0,0.0,1,0,0.0,2,0.0,,"{""betweenness"": 0.074, ""degree"": 0.048, ""n_seed_upstream"": 0.334, ""role"": 0.199}"
100000002957306100,coordinator,0.5,10,0.8291047808225364,Кандидат в координирующий узел: 2 плательщиков → 0 получателей; сигналы S3,1,False,2,0,398490.0,0.0,2,0,0.0,4,0.0,terminal;S3,"{""betweenness"": 0.074, ""degree"": 0.105, ""n_seed_upstream"": 0.349, ""role"": 0.29}"
100000008188026100,peripheral,0.5,2,0.6309873143424677,"Периферийный узел: 2 входящих, 4 исходящих, оборот 424 тыс.; есть источники вне выборки",1,False,2,4,86468.0,337983.17,5,4,3.9087659018365173,1,8.203279647425419e-05,external_funding,"{""betweenness"": 0.186, ""degree"": 0.138, ""n_seed_upstream"": 0.262, ""role"": 0.036}"
100000004790991100,terminal,0.5,2,0.5910229786465623,"Вероятный конечный получатель: 1 плательщиков, получено 239 тыс., исходящих нет",1,False,1,0,239413.0,0.0,4,0,0.0,1,0.0,,"{""betweenness"": 0.074, ""degree"": 0.048, ""n_seed_upstream"": 0.262, ""role"": 0.199}"
100000002973903100,terminal,0.5,13,0.7391088438445216,"Вероятный конечный получатель: 3 плательщиков, получено 93 тыс., исходящих нет",1,False,3,0,92880.0,0.0,3,0,0.0,2,0.0,,"{""betweenness"": 0.074, ""degree"": 0.122, ""n_seed_upstream"": 0.334, ""role"": 0.199}"
100000004325327100,coordinator,0.5,1,0.862297413209336,Кандидат в координирующий узел: 2 плательщиков → 1 получателей; сигналы S3,1,False,2,1,70817.0,70000.0,3,1,0.988463222107686,1,3.844048916909496e-05,transit;S3,"{""betweenness"": 0.176, ""degree"": 0.122, ""n_seed_upstream"": 0.262, ""role"": 0.29}"
100000001477796100,terminal,0.5,5,0.5910229786465623,"Вероятный конечный получатель: 1 плательщиков, получено 182 тыс., исходящих нет",1,False,1,0,182000.0,0.0,1,0,0.0,1,0.0,,"{""betweenness"": 0.074, ""degree"": 0.048, ""n_seed_upstream"": 0.262, ""role"": 0.199}"
100000007536804100,peripheral,0.5,7,0.5793756489549006,"Периферийный узел: 1 входящих, 2 исходящих, оборот 155 тыс.",1,False,1,2,100000.0,55000.0,1,2,0.55,1,7.925874055483496e-07,,"{""betweenness"": 0.151, ""degree"": 0.122, ""n_seed_upstream"": 0.262, ""role"": 0.036}"
100000008665380100,coordinator,0.5,12,0.8483477043925783,Кандидат в координирующий узел: 2 плательщиков → 1 получателей; сигналы S3,1,False,2,1,69100.0,18200.0,2,1,0.2633863965267728,1,1.922024458454748e-05,peripheral;S3,"{""betweenness"": 0.163, ""degree"": 0.122, ""n_seed_upstream"": 0.262, ""role"": 0.29}"
100000001870116100,terminal,0.5,4,0.5910229786465623,"Вероятный конечный получатель: 1 плательщиков, получено 24 тыс., исходящих нет",1,False,1,0,24000.0,0.0,1,0,0.0,1,0.0,,"{""betweenness"": 0.074, ""degree"": 0.048, ""n_seed_upstream"": 0.262, ""role"": 0.199}"
100000001074553100,terminal,0.5,7,0.7219425759559388,"Вероятный конечный получатель: 2 плательщиков, получено 29 тыс., исходящих нет",1,False,2,0,28971.0,0.0,2,0,0.0,2,0.0,,"{""betweenness"": 0.074, ""degree"": 0.105, ""n_seed_upstream"": 0.334, ""role"": 0.199}"
100000000978041100,terminal,0.5,4,0.5910229786465623,"Вероятный конечный получатель: 1 плательщиков, получено 44 тыс., исходящих нет",1,False,1,0,44445.0,0.0,1,0,0.0,1,0.0,,"{""betweenness"": 0.074, ""degree"": 0.048, ""n_seed_upstream"": 0.262, ""role"": 0.199}"
100000002603769100,coordinator,0.5,3,0.8313394429145411,Кандидат в координирующий узел: 3 плательщиков → 0 получателей; сигналы S3,1,False,3,0,1185368.0,0.0,3,0,0.0,2,0.0,terminal;S3,"{""betweenness"": 0.074, ""degree"": 0.122, ""n_seed_upstream"": 0.334, ""role"": 0.29}"
100000005034574100,terminal,0.5,41,0.5910229786465623,"Вероятный конечный получатель: 1 плательщиков, получено 259 тыс., исходящих нет",1,False,1,0,258816.0,0.0,16,0,0.0,1,0.0,,"{""betweenness"": 0.074, ""degree"": 0.048, ""n_seed_upstream"": 0.262, ""role"": 0.199}"
100000002958286100,terminal,0.5,7,0.5910229786465623,"Вероятный конечный получатель: 1 плательщиков, получено 257 тыс., исходящих нет",1,False,1,0,257000.0,0.0,1,0,0.0,1,0.0,,"{""betweenness"": 0.074, ""degree"": 0.048, ""n_seed_upstream"": 0.262, ""role"": 0.199}"
100000005634552100,peripheral,0.5,3,0.6122409823484267,"Периферийный узел: 1 входящих, 3 исходящих, оборот 1.22 млн; есть источники вне выборки",1,False,1,3,25850.0,1196000.0,1,4,46.2669245647969,1,2.99201745594502e-05,external_funding,"{""betweenness"": 0.175, ""degree"": 0.13, ""n_seed_upstream"": 0.262, ""role"": 0.036}"
100000008736760100,terminal,0.5,4,0.5910229786465623,"Вероятный конечный получатель: 1 плательщиков, получено 55 тыс., исходящих нет",1,False,1,0,54757.0,0.0,1,0,0.0,1,0.0,,"{""betweenness"": 0.074, ""degree"": 0.048, ""n_seed_upstream"": 0.262, ""role"": 0.199}"
100000008701944100,terminal,0.5,10,0.6639429371134485,"Вероятный конечный получатель: 1 плательщиков, получено 52 тыс., исходящих нет",1,False,1,0,52124.0,0.0,1,0,0.0,2,0.0,,"{""betweenness"": 0.074, ""degree"": 0.048, ""n_seed_upstream"": 0.334, ""role"": 0.199}"
100000008748408100,distributor,0.5321957501609793,18,0.855841722721322,"Веерная рассылка: 21 получателей, отдано 1.50 млн",1,False,1,21,360000.0,1499960.0,2,22,4.166555555555555,1,7.331433501322234e-06,external_funding,"{""betweenness"": 0.158, ""degree"": 0.148, ""n_seed_upstream"": 0.262, ""role"": 0.275}"
100000008486520100,peripheral,0.5,2,0.5734504085594331,"Периферийный узел: 1 входящих, 1 исходящих, оборот 50 тыс.",1,False,1,1,35720.0,14000.0,2,1,0.3919372900335946,1,1.922024458454748e-05,,"{""betweenness"": 0.163, ""degree"": 0.105, ""n_seed_upstream"": 0.262, ""role"": 0.036}"
100000003163256100,transit,0.502298388069504,2,0.8120175161392263,"Признаки транзита: получено 13 тыс., отдано 111%, 1→1 контрагента",1,False,1,1,13485.0,15000.0,1,1,1.1123470522803114,1,1.922024458454748e-05,,"{""betweenness"": 0.163, ""degree"": 0.105, ""n_seed_upstream"": 0.262, ""role"": 0.271}"
100000003102157100,terminal,0.5,1,0.5910229786465623,"Вероятный конечный получатель: 1 плательщиков, получено 97 тыс., исходящих нет",1,False,1,0,96746.0,0.0,2,0,0.0,1,0.0,,"{""betweenness"": 0.074, ""degree"": 0.048, ""n_seed_upstream"": 0.262, ""role"": 0.199}"
100000004741837100,terminal,0.5,2,0.5910229786465623,"Вероятный конечный получатель: 1 плательщиков, получено 26 тыс., исходящих нет",1,False,1,0,25596.0,0.0,1,0,0.0,1,0.0,,"{""betweenness"": 0.074, ""degree"": 0.048, ""n_seed_upstream"": 0.262, ""role"": 0.199}"
100000008443341100,peripheral,0.5,10,0.6364272493341159,"Периферийный узел: 2 входящих, 3 исходящих, оборот 84 тыс.; есть источники вне выборки",1,False,2,3,34500.0,50000.0,2,4,1.4492753623188406,1,0.0003364533536552744,external_funding,"{""betweenness"": 0.194, ""degree"": 0.135, ""n_seed_upstream"": 0.262, ""role"": 0.036}"
100000004792397100,terminal,0.5,4,0.5910229786465623,"Вероятный конечный получатель: 1 плательщиков, получено 74 тыс., исходящих нет",1,False,1,0,73520.0,0.0,1,0,0.0,1,0.0,,"{""betweenness"": 0.074, ""degree"": 0.048, ""n_seed_upstream"": 0.262, ""role"": 0.199}"
100000003809101100,peripheral,0.5,10,0.6995169518306171,"Периферийный узел: 2 входящих, 2 исходящих, оборот 221 тыс.",1,False,2,2,166050.0,55200.0,3,4,0.3324299909665763,2,0.00013295653728073565,,"{""betweenness"": 0.189, ""degree"": 0.13, ""n_seed_upstream"": 0.334, ""role"": 0.036}"
100000002838861100,coordinator,0.75,7,0.9421809399124194,Кандидат в координирующий узел: 5 плательщиков → 1 получателей; сигналы S3,1,False,5,1,554523.95,10000.0,5,1,0.018033486200190272,2,1.9418391435934565e-05,consolidator;S3,"{""betweenness"": 0.167, ""degree"": 0.138, ""n_seed_upstream"": 0.334, ""role"": 0.29}"
100000008560717100,coordinator,1.0,8,0.8694415602004425,Кандидат в координирующий узел: 7 плательщиков → 1 получателей; сигналы S3,1,False,7,1,529000.0,25000.0,9,1,0.04725897920604915,1,1.922024458454748e-05,consolidator;S3,"{""betweenness"": 0.163, ""degree"": 0.142, ""n_seed_upstream"": 0.262, ""role"": 0.29}"
100000008693069100,terminal,0.5,4,0.5910229786465623,"Вероятный конечный получатель: 1 плательщиков, получено 20 тыс., исходящих нет",1,False,1,0,20000.0,0.0,1,0,0.0,1,0.0,,"{""betweenness"": 0.074, ""degree"": 0.048, ""n_seed_upstream"": 0.262, ""role"": 0.199}"
100000008672162100,terminal,0.5,4,0.5910229786465623,"Вероятный конечный получатель: 1 плательщиков, получено 16 тыс., исходящих нет",1,False,1,0,15550.0,0.0,1,0,0.0,1,0.0,,"{""betweenness"": 0.074, ""degree"": 0.048, ""n_seed_upstream"": 0.262, ""role"": 0.199}"
100000007311010100,coordinator,0.5,5,0.9326441244187622,Кандидат в координирующий узел: 2 плательщиков → 1 получателей; сигналы S3,1,False,2,1,64480.0,20000.0,2,1,0.31017369727047145,2,2.3975769017837576e-05,peripheral;S3,"{""betweenness"": 0.174, ""degree"": 0.122, ""n_seed_upstream"": 0.334, ""role"": 0.29}"
100000005505655100,peripheral,0.5,27,0.6213150647826283,"Периферийный узел: 2 входящих, 1 исходящих, оборот 53 тыс.",1,False,2,1,33070.0,20000.0,2,1,0.6047777441790142,1,0.0002690834241836647,,"{""betweenness"": 0.193, ""degree"": 0.122, ""n_seed_upstream"": 0.262, ""role"": 0.036}"
100000004707703100,peripheral,0.5,2,0.6366529727777528,"Периферийный узел: 2 входящих, 5 исходящих, оборот 471 тыс.",1,False,2,5,239300.0,231650.0,3,6,0.9680317592979524,1,0.00012661583803634885,,"{""betweenness"": 0.189, ""degree"": 0.141, ""n_seed_upstream"": 0.262, ""role"": 0.036}"
100000004005964100,peripheral,0.5,23,0.5175838562593111,"Периферийный узел: 3 входящих, 3 исходящих, оборот 170 тыс.",1,False,3,3,97900.0,72000.0,9,5,0.7354443309499489,1,0.0,,"{""betweenness"": 0.074, ""degree"": 0.138, ""n_seed_upstream"": 0.262, ""role"": 0.036}"
100000008244300100,consolidator,0.5,3,0.7598754006591126,"Признаки консолидации: 5 плательщиков, деньги от 1 seed за ≤2 колена, получено 65 тыс., дальше ушло 0%",1,False,5,0,65430.0,0.0,6,0,0.0,1,0.0,,"{""betweenness"": 0.074, ""degree"": 0.135, ""n_seed_upstream"": 0.262, ""role"": 0.278}"
100000002692044100,terminal,0.5,13,0.5910229786465623,"Вероятный конечный получатель: 1 плательщиков, получено 97 тыс., исходящих нет",1,False,1,0,97000.0,0.0,1,0,0.0,1,0.0,,"{""betweenness"": 0.074, ""degree"": 0.048, ""n_seed_upstream"": 0.262, ""role"": 0.199}"
100000001103905100,terminal,0.5,4,0.5910229786465623,"Вероятный конечный получатель: 1 плательщиков, получено 18 тыс., исходящих нет",1,False,1,0,18000.0,0.0,1,0,0.0,1,0.0,,"{""betweenness"": 0.074, ""degree"": 0.048, ""n_seed_upstream"": 0.262, ""role"": 0.199}"
100000008755361100,terminal,0.5,4,0.5910229786465623,"Вероятный конечный получатель: 1 плательщиков, получено 15 тыс., исходящих нет",1,False,1,0,14627.0,0.0,1,0,0.0,1,0.0,,"{""betweenness"": 0.074, ""degree"": 0.048, ""n_seed_upstream"": 0.262, ""role"": 0.199}"
100000002810870100,terminal,0.5,4,0.5910229786465623,"Вероятный конечный получатель: 1 плательщиков, получено 34 тыс., исходящих нет",1,False,1,0,33677.0,0.0,1,0,0.0,1,0.0,,"{""betweenness"": 0.074, ""degree"": 0.048, ""n_seed_upstream"": 0.262, ""role"": 0.199}"
100000005897462100,terminal,0.5,10,0.6639429371134485,"Вероятный конечный получатель: 1 плательщиков, получено 98 тыс., исходящих нет",1,False,1,0,98400.0,0.0,1,0,0.0,2,0.0,,"{""betweenness"": 0.074, ""degree"": 0.048, ""n_seed_upstream"": 0.334, ""role"": 0.199}"
100000000941942100,terminal,0.5,5,0.6639429371134485,"Вероятный конечный получатель: 1 плательщиков, получено 130 тыс., исходящих нет",1,False,1,0,130000.0,0.0,1,0,0.0,2,0.0,,"{""betweenness"": 0.074, ""degree"": 0.048, ""n_seed_upstream"": 0.334, ""role"": 0.199}"
100000008723830100,transit,0.5013951090576192,2,0.8343754232314569,"Признаки транзита: получено 460 тыс., отдано 99%, 2→1 контрагента",1,False,2,1,459785.0,455000.0,2,1,0.9895929619278576,1,1.9616538287321655e-05,,"{""betweenness"": 0.168, ""degree"": 0.122, ""n_seed_upstream"": 0.262, ""role"": 0.271}"
100000008776576100,terminal,0.5,4,0.5910229786465623,"Вероятный конечный получатель: 1 плательщиков, получено 15 тыс., исходящих нет",1,False,1,0,14765.0,0.0,1,0,0.0,1,0.0,,"{""betweenness"": 0.074, ""degree"": 0.048, ""n_seed_upstream"": 0.262, ""role"": 0.199}"
100000005432267100,terminal,0.5,5,0.7219425759559388,"Вероятный конечный получатель: 2 плательщиков, получено 350 тыс., исходящих нет",1,False,2,0,350001.0,0.0,2,0,0.0,2,0.0,,"{""betweenness"": 0.074, ""degree"": 0.105, ""n_seed_upstream"": 0.334, ""role"": 0.199}"
100000006745291100,terminal,0.5,10,0.6639429371134485,"Вероятный конечный получатель: 1 плательщиков, получено 83 тыс., исходящих нет",1,False,1,0,82534.0,0.0,1,0,0.0,2,0.0,,"{""betweenness"": 0.074, ""degree"": 0.048, ""n_seed_upstream"": 0.334, ""role"": 0.199}"
100000008670667100,terminal,0.5,4,0.5910229786465623,"Вероятный конечный получатель: 1 плательщиков, получено 16 тыс., исходящих нет",1,False,1,0,15534.0,0.0,1,0,0.0,1,0.0,,"{""betweenness"": 0.074, ""degree"": 0.048, ""n_seed_upstream"": 0.262, ""role"": 0.199}"
100000002480800100,terminal,0.5,1,0.7219425759559388,"Вероятный конечный получатель: 2 плательщиков, получено 569 тыс., исходящих нет",1,False,2,0,569251.0,0.0,2,0,0.0,2,0.0,,"{""betweenness"": 0.074, ""degree"": 0.105, ""n_seed_upstream"": 0.334, ""role"": 0.199}"
100000002182176100,terminal,0.5,1,0.5910229786465623,"Вероятный конечный получатель: 1 плательщиков, получено 42 тыс., исходящих нет",1,False,1,0,42465.0,0.0,1,0,0.0,1,0.0,,"{""betweenness"": 0.074, ""degree"": 0.048, ""n_seed_upstream"": 0.262, ""role"": 0.199}"
100000008219168100,terminal,0.5,7,0.5910229786465623,"Вероятный конечный получатель: 1 плательщиков, получено 53 тыс., исходящих нет",1,False,1,0,53200.0,0.0,2,0,0.0,1,0.0,,"{""betweenness"": 0.074, ""degree"": 0.048, ""n_seed_upstream"": 0.262, ""role"": 0.199}"
100000004226848100,terminal,0.5,5,0.6639429371134485,"Вероятный конечный получатель: 1 плательщиков, получено 302 тыс., исходящих нет",1,False,1,0,301866.0,0.0,1,0,0.0,2,0.0,,"{""betweenness"": 0.074, ""degree"": 0.048, ""n_seed_upstream"": 0.334, ""role"": 0.199}"
100000006326645100,terminal,0.5,4,0.5910229786465623,"Вероятный конечный получатель: 1 плательщиков, получено 25 тыс., исходящих нет",1,False,1,0,25264.0,0.0,1,0,0.0,1,0.0,,"{""betweenness"": 0.074, ""degree"": 0.048, ""n_seed_upstream"": 0.262, ""role"": 0.199}"
100000003589877100,peripheral,0.5,13,0.6364498216784796,"Периферийный узел: 2 входящих, 6 исходящих, оборот 592 тыс.; есть источники вне выборки",1,False,2,6,176000.0,416129.0,2,6,2.364369318181818,1,9.729010403105992e-05,external_funding,"{""betweenness"": 0.187, ""degree"": 0.142, ""n_seed_upstream"": 0.262, ""role"": 0.036}"
100000003942602100,transit,0.50147168865704,4,0.722089296194303,"Признаки транзита: получено 30 тыс., отдано 100%, 1→1 контрагента",1,False,1,1,30000.0,30000.0,1,1,1.0,1,0.0,,"{""betweenness"": 0.074, ""degree"": 0.105, ""n_seed_upstream"": 0.262, ""role"": 0.271}"
100000000922570100,transit,0.5019245904443437,13,0.7974809263690128,"Признаки транзита: получено 47 тыс., отдано 106%, 1→1 контрагента",1,False,1,1,47101.0,50000.0,1,1,1.0615485870788306,1,1.981468513870874e-07,,"{""betweenness"": 0.148, ""degree"": 0.105, ""n_seed_upstream"": 0.262, ""role"": 0.271}"
100000005079754100,peripheral,0.5,5,0.6877341880727733,"Периферийный узел: 1 входящих, 2 исходящих, оборот 192 тыс.; есть источники вне выборки",1,False,1,2,70000.0,122000.0,1,2,1.7428571428571429,2,9.511048866580196e-05,external_funding,"{""betweenness"": 0.186, ""degree"": 0.122, ""n_seed_upstream"": 0.334, ""role"": 0.036}"
100000003187359100,terminal,0.5,4,0.5910229786465623,"Вероятный конечный получатель: 1 плательщиков, получено 19 тыс., исходящих нет",1,False,1,0,19072.0,0.0,1,0,0.0,1,0.0,,"{""betweenness"": 0.074, ""degree"": 0.048, ""n_seed_upstream"": 0.262, ""role"": 0.199}"
100000000998559100,terminal,0.5,5,0.6639429371134485,"Вероятный конечный получатель: 1 плательщиков, получено 100 тыс., исходящих нет",1,False,1,0,100000.0,0.0,1,0,0.0,2,0.0,,"{""betweenness"": 0.074, ""degree"": 0.048, ""n_seed_upstream"": 0.334, ""role"": 0.199}"
100000008690932100,terminal,0.5,4,0.5910229786465623,"Вероятный конечный получатель: 1 плательщиков, получено 23 тыс., исходящих нет",1,False,1,0,23000.0,0.0,1,0,0.0,1,0.0,,"{""betweenness"": 0.074, ""degree"": 0.048, ""n_seed_upstream"": 0.262, ""role"": 0.199}"
100000008773876100,terminal,0.5,4,0.5910229786465623,"Вероятный конечный получатель: 1 плательщиков, получено 26 тыс., исходящих нет",1,False,1,0,26120.0,0.0,1,0,0.0,1,0.0,,"{""betweenness"": 0.074, ""degree"": 0.048, ""n_seed_upstream"": 0.262, ""role"": 0.199}"
100000006789108100,terminal,0.5,10,0.6639429371134485,"Вероятный конечный получатель: 1 плательщиков, получено 38 тыс., исходящих нет",1,False,1,0,37500.0,0.0,1,0,0.0,2,0.0,,"{""betweenness"": 0.074, ""degree"": 0.048, ""n_seed_upstream"": 0.334, ""role"": 0.199}"
100000004058740100,terminal,0.5,4,0.5910229786465623,"Вероятный конечный получатель: 1 плательщиков, получено 30 тыс., исходящих нет",1,False,1,0,30000.0,0.0,1,0,0.0,1,0.0,,"{""betweenness"": 0.074, ""degree"": 0.048, ""n_seed_upstream"": 0.262, ""role"": 0.199}"
100000007641801100,terminal,0.5,7,0.5910229786465623,"Вероятный конечный получатель: 1 плательщиков, получено 200 тыс., исходящих нет",1,False,1,0,200000.0,0.0,1,0,0.0,1,0.0,,"{""betweenness"": 0.074, ""degree"": 0.048, ""n_seed_upstream"": 0.262, ""role"": 0.199}"
100000000555721100,coordinator,0.5,1,0.741253216559072,Кандидат в координирующий узел: 2 плательщиков → 0 получателей; сигналы S3,1,False,2,0,113000.0,0.0,3,0,0.0,1,0.0,terminal;S3,"{""betweenness"": 0.074, ""degree"": 0.105, ""n_seed_upstream"": 0.262, ""role"": 0.29}"
100000008729801100,terminal,0.5,4,0.5910229786465623,"Вероятный конечный получатель: 1 плательщиков, получено 18 тыс., исходящих нет",1,False,1,0,17534.0,0.0,1,0,0.0,1,0.0,,"{""betweenness"": 0.074, ""degree"": 0.048, ""n_seed_upstream"": 0.262, ""role"": 0.199}"
100000004664905100,terminal,0.5,2,0.6490226174890525,"Вероятный конечный получатель: 2 плательщиков, получено 329 тыс., исходящих нет",1,False,2,0,329020.0,0.0,4,0,0.0,1,0.0,,"{""betweenness"": 0.074, ""degree"": 0.105, ""n_seed_upstream"": 0.262, ""role"": 0.199}"
100000003057225100,terminal,0.5,2,0.5910229786465623,"Вероятный конечный получатель: 1 плательщиков, получено 236 тыс., исходящих нет",1,False,1,0,236000.0,0.0,1,0,0.0,1,0.0,,"{""betweenness"": 0.074, ""degree"": 0.048, ""n_seed_upstream"": 0.262, ""role"": 0.199}"
100000000703902100,terminal,0.5,4,0.5910229786465623,"Вероятный конечный получатель: 1 плательщиков, получено 25 тыс., исходящих нет",1,False,1,0,25499.0,0.0,1,0,0.0,1,0.0,,"{""betweenness"": 0.074, ""degree"": 0.048, ""n_seed_upstream"": 0.262, ""role"": 0.199}"
100000008720798100,terminal,0.5,4,0.5910229786465623,"Вероятный конечный получатель: 1 плательщиков, получено 16 тыс., исходящих нет",1,False,1,0,15534.0,0.0,1,0,0.0,1,0.0,,"{""betweenness"": 0.074, ""degree"": 0.048, ""n_seed_upstream"": 0.262, ""role"": 0.199}"
100000001411870100,terminal,0.5,7,0.7219425759559388,"Вероятный конечный получатель: 2 плательщиков, получено 900 тыс., исходящих нет",1,False,2,0,900000.0,0.0,4,0,0.0,2,0.0,,"{""betweenness"": 0.074, ""degree"": 0.105, ""n_seed_upstream"": 0.334, ""role"": 0.199}"
100000008556318100,terminal,0.5,5,0.7219425759559388,"Вероятный конечный получатель: 2 плательщиков, получено 180 тыс., исходящих нет",1,False,2,0,180132.0,0.0,2,0,0.0,2,0.0,,"{""betweenness"": 0.074, ""degree"": 0.105, ""n_seed_upstream"": 0.334, ""role"": 0.199}"
100000002720627100,terminal,0.5,10,0.6639429371134485,"Вероятный конечный получатель: 1 плательщиков, получено 199 тыс., исходящих нет",1,False,1,0,199300.0,0.0,1,0,0.0,2,0.0,,"{""betweenness"": 0.074, ""degree"": 0.048, ""n_seed_upstream"": 0.334, ""role"": 0.199}"
100000003022835100,terminal,0.5,5,0.6639429371134485,"Вероятный конечный получатель: 1 плательщиков, получено 125 тыс., исходящих нет",1,False,1,0,125000.0,0.0,1,0,0.0,2,0.0,,"{""betweenness"": 0.074, ""degree"": 0.048, ""n_seed_upstream"": 0.334, ""role"": 0.199}"
100000008304115100,terminal,0.5,13,0.5910229786465623,"Вероятный конечный получатель: 1 плательщиков, получено 51 тыс., исходящих нет",1,False,1,0,51000.0,0.0,1,0,0.0,1,0.0,,"{""betweenness"": 0.074, ""degree"": 0.048, ""n_seed_upstream"": 0.262, ""role"": 0.199}"
100000003886323100,peripheral,0.5,2,0.590616676448016,"Периферийный узел: 2 входящих, 1 исходящих, оборот 86 тыс.",1,False,2,1,78168.0,7650.0,6,1,0.09786613447958244,1,1.922024458454748e-05,,"{""betweenness"": 0.163, ""degree"": 0.122, ""n_seed_upstream"": 0.262, ""role"": 0.036}"
100000000607731100,peripheral,0.5,24,0.5612161979143155,"Периферийный узел: 1 входящих, 1 исходящих, оборот 87 тыс.; есть источники вне выборки",1,False,1,1,20000.0,66666.0,1,1,3.3333,1,5.944405541612623e-07,external_funding,"{""betweenness"": 0.15, ""degree"": 0.105, ""n_seed_upstream"": 0.262, ""role"": 0.036}"
100000005961971100,terminal,0.5,4,0.5910229786465623,"Вероятный конечный получатель: 1 плательщиков, получено 47 тыс., исходящих нет",1,False,1,0,47353.0,0.0,1,0,0.0,1,0.0,,"{""betweenness"": 0.074, ""degree"": 0.048, ""n_seed_upstream"": 0.262, ""role"": 0.199}"
100000000440392100,terminal,0.5,2,0.5910229786465623,"Вероятный конечный получатель: 1 плательщиков, получено 106 тыс., исходящих нет",1,False,1,0,105705.0,0.0,4,0,0.0,1,0.0,,"{""betweenness"": 0.074, ""degree"": 0.048, ""n_seed_upstream"": 0.262, ""role"": 0.199}"
100000004105288100,terminal,0.5,10,0.7345040855943299,"Вероятный конечный получатель: 2 плательщиков, получено 215 тыс., исходящих нет",1,False,2,0,215000.0,0.0,2,0,0.0,3,0.0,,"{""betweenness"": 0.074, ""degree"": 0.105, ""n_seed_upstream"": 0.346, ""role"": 0.199}"
100000008169544100,peripheral,0.5,2,0.6004920771071285,"Периферийный узел: 1 входящих, 4 исходящих, оборот 180 тыс.",1,False,1,4,137104.0,42800.0,2,7,0.31217178200490137,1,1.9022097733160393e-05,,"{""betweenness"": 0.159, ""degree"": 0.135, ""n_seed_upstream"": 0.262, ""role"": 0.036}"
100000004186824100,peripheral,0.5,2,0.5828969346756355,"Периферийный узел: 2 входящих, 1 исходящих, оборот 459 тыс.",1,False,2,1,451700.0,7000.0,7,1,0.015497011290679655,1,1.7833216624837866e-06,,"{""betweenness"": 0.155, ""degree"": 0.122, ""n_seed_upstream"": 0.262, ""role"": 0.036}"
100000008672200100,terminal,0.5,4,0.5910229786465623,"Вероятный конечный получатель: 1 плательщиков, получено 9 тыс., исходящих нет",1,False,1,0,8511.0,0.0,1,0,0.0,1,0.0,,"{""betweenness"": 0.074, ""degree"": 0.048, ""n_seed_upstream"": 0.262, ""role"": 0.199}"
100000002188829100,terminal,0.5,5,0.6639429371134485,"Вероятный конечный получатель: 1 плательщиков, получено 400 тыс., исходящих нет",1,False,1,0,400000.0,0.0,1,0,0.0,2,0.0,,"{""betweenness"": 0.074, ""degree"": 0.048, ""n_seed_upstream"": 0.334, ""role"": 0.199}"
100000008717341100,terminal,0.5,4,0.5910229786465623,"Вероятный конечный получатель: 1 плательщиков, получено 15 тыс., исходящих нет",1,False,1,0,14627.0,0.0,1,0,0.0,1,0.0,,"{""betweenness"": 0.074, ""degree"": 0.048, ""n_seed_upstream"": 0.262, ""role"": 0.199}"
100000002214301100,peripheral,0.5,1,0.5979188298496683,"Периферийный узел: 1 входящих, 1 исходящих, оборот 29 тыс.",1,False,1,1,21438.0,8000.0,1,1,0.373169138912212,1,9.610122292273739e-05,,"{""betweenness"": 0.187, ""degree"": 0.105, ""n_seed_upstream"": 0.262, ""role"": 0.036}"
100000002565277100,terminal,0.5,5,0.6639429371134485,"Вероятный конечный получатель: 1 плательщиков, получено 483 тыс., исходящих нет",1,False,1,0,483319.0,0.0,1,0,0.0,2,0.0,,"{""betweenness"": 0.074, ""degree"": 0.048, ""n_seed_upstream"": 0.334, ""role"": 0.199}"
100000005546031100,peripheral,0.5,31,0.5873211141709178,"Периферийный узел: 3 входящих, 1 исходящих, оборот 75 тыс.",1,False,3,1,66800.0,8000.0,6,1,0.11976047904191617,1,5.944405541612623e-07,,"{""betweenness"": 0.15, ""degree"": 0.13, ""n_seed_upstream"": 0.262, ""role"": 0.036}"
100000003449074100,terminal,0.5,1,0.5910229786465623,"Вероятный конечный получатель: 1 плательщиков, получено 10 тыс., исходящих нет",1,False,1,0,10000.0,0.0,1,0,0.0,1,0.0,,"{""betweenness"": 0.074, ""degree"": 0.048, ""n_seed_upstream"": 0.262, ""role"": 0.199}"
100000008748914100,peripheral,0.5,5,0.6493499164823259,"Периферийный узел: 2 входящих, 13 исходящих, оборот 4.65 млн; есть источники вне выборки",1,False,2,13,180000.0,4471847.0,9,21,24.843594444444445,1,0.0006406087705344536,external_funding,"{""betweenness"": 0.195, ""degree"": 0.147, ""n_seed_upstream"": 0.262, ""role"": 0.036}"
100000004744306100,peripheral,0.5,11,0.6065527515687781,"Периферийный узел: 1 входящих, 2 исходящих, оборот 161 тыс.; есть источники вне выборки",1,False,1,2,69000.0,92000.0,1,3,1.3333333333333333,1,3.923307657464331e-05,external_funding,"{""betweenness"": 0.178, ""degree"": 0.122, ""n_seed_upstream"": 0.262, ""role"": 0.036}"
100000003158727100,coordinator,0.75,7,0.7584194844476548,Кандидат в координирующий узел: 3 плательщиков → 0 получателей; сигналы S3,1,False,3,0,367940.0,0.0,3,0,0.0,1,0.0,terminal;S3,"{""betweenness"": 0.074, ""degree"": 0.122, ""n_seed_upstream"": 0.262, ""role"": 0.29}"
100000001389255100,terminal,0.5,4,0.5910229786465623,"Вероятный конечный получатель: 1 плательщиков, получено 16 тыс., исходящих нет",1,False,1,0,16136.0,0.0,1,0,0.0,1,0.0,,"{""betweenness"": 0.074, ""degree"": 0.048, ""n_seed_upstream"": 0.262, ""role"": 0.199}"
100000008695495100,terminal,0.5,4,0.5910229786465623,"Вероятный конечный получатель: 1 плательщиков, получено 21 тыс., исходящих нет",1,False,1,0,21000.0,0.0,1,0,0.0,1,0.0,,"{""betweenness"": 0.074, ""degree"": 0.048, ""n_seed_upstream"": 0.262, ""role"": 0.199}"
100000004015047100,consolidator,1.0,7,0.957857433072999,"Признаки консолидации: 9 плательщиков, деньги от 4 seed за ≤2 колена, получено 919 тыс., дальше ушло 8%",1,False,9,1,919104.0,69195.0,18,7,0.07528527783580531,4,2.3381328463676314e-05,,"{""betweenness"": 0.173, ""degree"": 0.144, ""n_seed_upstream"": 0.349, ""role"": 0.278}"
100000005183943100,terminal,0.5,32,0.5910229786465623,"Вероятный конечный получатель: 1 плательщиков, получено 681 тыс., исходящих нет",1,False,1,0,680900.0,0.0,9,0,0.0,1,0.0,,"{""betweenness"": 0.074, ""degree"": 0.048, ""n_seed_upstream"": 0.262, ""role"": 0.199}"
100000003004487100,coordinator,0.75,1,0.8944065730666788,Кандидат в координирующий узел: 4 плательщиков → 2 получателей; сигналы S3,1,False,4,2,183702.8,265015.0,9,3,1.4426290726107605,1,0.00019279688639963605,external_funding;peripheral;S3,"{""betweenness"": 0.191, ""degree"": 0.138, ""n_seed_upstream"": 0.262, ""role"": 0.29}"
100000003042994100,terminal,0.5,2,0.5910229786465623,"Вероятный конечный получатель: 1 плательщиков, получено 286 тыс., исходящих нет",1,False,1,0,286086.0,0.0,3,0,0.0,1,0.0,,"{""betweenness"": 0.074, ""degree"": 0.048, ""n_seed_upstream"": 0.262, ""role"": 0.199}"
100000001899164100,peripheral,0.5,10,0.7095729312446392,"Периферийный узел: 4 входящих, 3 исходящих, оборот 368 тыс.",1,False,4,3,291675.0,76500.0,5,3,0.2622782206222679,2,0.00012661583803634885,,"{""betweenness"": 0.189, ""degree"": 0.141, ""n_seed_upstream"": 0.334, ""role"": 0.036}"
100000003946524100,transit,0.5020764522734055,5,0.9374068890794999,"Признаки транзита: получено 134 тыс., отдано 108%, 2→2 контрагента",1,False,2,2,133757.0,144750.0,2,2,1.0821863528637754,2,0.0001194825513864137,,"{""betweenness"": 0.189, ""degree"": 0.13, ""n_seed_upstream"": 0.334, ""role"": 0.271}"
100000008717340100,terminal,0.5,4,0.5910229786465623,"Вероятный конечный получатель: 1 плательщиков, получено 42 тыс., исходящих нет",1,False,1,0,41500.0,0.0,1,0,0.0,1,0.0,,"{""betweenness"": 0.074, ""degree"": 0.048, ""n_seed_upstream"": 0.262, ""role"": 0.199}"
100000003831324100,terminal,0.5,7,0.6490226174890525,"Вероятный конечный получатель: 2 плательщиков, получено 300 тыс., исходящих нет",1,False,2,0,300000.0,0.0,2,0,0.0,1,0.0,,"{""betweenness"": 0.074, ""degree"": 0.105, ""n_seed_upstream"": 0.262, ""role"": 0.199}"
100000008129393100,terminal,0.5,38,0.5910229786465623,"Вероятный конечный получатель: 1 плательщиков, получено 10 тыс., исходящих нет",1,False,1,0,10000.0,0.0,1,0,0.0,1,0.0,,"{""betweenness"": 0.074, ""degree"": 0.048, ""n_seed_upstream"": 0.262, ""role"": 0.199}"
100000004388209100,terminal,0.5,4,0.5910229786465623,"Вероятный конечный получатель: 1 плательщиков, получено 12 тыс., исходящих нет",1,False,1,0,11800.0,0.0,1,0,0.0,1,0.0,,"{""betweenness"": 0.074, ""degree"": 0.048, ""n_seed_upstream"": 0.262, ""role"": 0.199}"
100000000706545100,peripheral,0.5,2,0.6047469640196832,"Периферийный узел: 3 входящих, 1 исходящих, оборот 1.15 млн",1,False,3,1,1070300.0,75800.0,8,3,0.07082126506586939,1,1.9616538287321655e-05,,"{""betweenness"": 0.168, ""degree"": 0.13, ""n_seed_upstream"": 0.262, ""role"": 0.036}"
100000004497606100,terminal,0.5,4,0.5910229786465623,"Вероятный конечный получатель: 1 плательщиков, получено 16 тыс., исходящих нет",1,False,1,0,15534.0,0.0,1,0,0.0,1,0.0,,"{""betweenness"": 0.074, ""degree"": 0.048, ""n_seed_upstream"": 0.262, ""role"": 0.199}"
100000008470470100,terminal,0.5,4,0.5910229786465623,"Вероятный конечный получатель: 1 плательщиков, получено 34 тыс., исходящих нет",1,False,1,0,33547.0,0.0,1,0,0.0,1,0.0,,"{""betweenness"": 0.074, ""degree"": 0.048, ""n_seed_upstream"": 0.262, ""role"": 0.199}"
100000004318918100,terminal,0.5,10,0.6639429371134485,"Вероятный конечный получатель: 1 плательщиков, получено 76 тыс., исходящих нет",1,False,1,0,75600.0,0.0,1,0,0.0,2,0.0,,"{""betweenness"": 0.074, ""degree"": 0.048, ""n_seed_upstream"": 0.334, ""role"": 0.199}"
100000005228059100,terminal,0.5,4,0.5910229786465623,"Вероятный конечный получатель: 1 плательщиков, получено 26 тыс., исходящих нет",1,False,1,0,26000.0,0.0,1,0,0.0,1,0.0,,"{""betweenness"": 0.074, ""degree"": 0.048, ""n_seed_upstream"": 0.262, ""role"": 0.199}"
100000001609499100,coordinator,0.75,1,0.7719967495824118,Кандидат в координирующий узел: 3 плательщиков → 2 получателей; сигналы S3,1,False,3,2,263113.0,21000.0,3,2,0.07981361620292422,1,0.0,peripheral;S3,"{""betweenness"": 0.074, ""degree"": 0.135, ""n_seed_upstream"": 0.262, ""role"": 0.29}"
100000002824176100,terminal,0.5,7,0.6639429371134485,"Вероятный конечный получатель: 1 плательщиков, получено 144 тыс., исходящих нет",1,False,1,0,144000.0,0.0,1,0,0.0,2,0.0,,"{""betweenness"": 0.074, ""degree"": 0.048, ""n_seed_upstream"": 0.334, ""role"": 0.199}"
100000001363952100,peripheral,0.5,5,0.590616676448016,"Периферийный узел: 2 входящих, 1 исходящих, оборот 288 тыс.",1,False,2,1,196655.0,91000.0,2,2,0.4627393150441128,1,1.922024458454748e-05,,"{""betweenness"": 0.163, ""degree"": 0.122, ""n_seed_upstream"": 0.262, ""role"": 0.036}"
100000001049200100,peripheral,0.5,2,0.6428152227890389,"Периферийный узел: 2 входящих, 4 исходящих, оборот 113 тыс.",1,False,2,4,76624.0,36000.0,2,5,0.46982668615577367,1,0.0011625275770880419,,"{""betweenness"": 0.197, ""degree"": 0.138, ""n_seed_upstream"": 0.262, ""role"": 0.036}"
100000002662768100,terminal,0.5,5,0.5910229786465623,"Вероятный конечный получатель: 1 плательщиков, получено 84 тыс., исходящих нет",1,False,1,0,84300.0,0.0,1,0,0.0,1,0.0,,"{""betweenness"": 0.074, ""degree"": 0.048, ""n_seed_upstream"": 0.262, ""role"": 0.199}"
100000004737477100,coordinator,0.5,1,0.8483477043925783,Кандидат в координирующий узел: 2 плательщиков → 1 получателей; сигналы S3,1,False,2,1,49598.0,40500.0,3,3,0.8165651840800032,1,1.922024458454748e-05,transit;S3,"{""betweenness"": 0.163, ""degree"": 0.122, ""n_seed_upstream"": 0.262, ""role"": 0.29}"
100000008680451100,terminal,0.5,4,0.5910229786465623,"Вероятный конечный получатель: 1 плательщиков, получено 24 тыс., исходящих нет",1,False,1,0,23534.0,0.0,1,0,0.0,1,0.0,,"{""betweenness"": 0.074, ""degree"": 0.048, ""n_seed_upstream"": 0.262, ""role"": 0.199}"
100000001952325100,terminal,0.5,4,0.5910229786465623,"Вероятный конечный получатель: 1 плательщиков, получено 78 тыс., исходящих нет",1,False,1,0,77888.0,0.0,2,0,0.0,1,0.0,,"{""betweenness"": 0.074, ""degree"": 0.048, ""n_seed_upstream"": 0.262, ""role"": 0.199}"
100000008751429100,peripheral,0.5,36,0.509627104871112,"Периферийный узел: 3 входящих, 1 исходящих, оборот 459 тыс.",1,False,3,1,386200.0,72600.0,6,2,0.1879854997410668,1,0.0,,"{""betweenness"": 0.074, ""degree"": 0.13, ""n_seed_upstream"": 0.262, ""role"": 0.036}"
100000001960517100,terminal,0.5,7,0.6639429371134485,"Вероятный конечный получатель: 1 плательщиков, получено 200 тыс., исходящих нет",1,False,1,0,200000.0,0.0,1,0,0.0,2,0.0,,"{""betweenness"": 0.074, ""degree"": 0.048, ""n_seed_upstream"": 0.334, ""role"": 0.199}"
100000008686234100,terminal,0.5,1,0.5910229786465623,"Вероятный конечный получатель: 1 плательщиков, получено 40 тыс., исходящих нет",1,False,1,0,39778.0,0.0,1,0,0.0,1,0.0,,"{""betweenness"": 0.074, ""degree"": 0.048, ""n_seed_upstream"": 0.262, ""role"": 0.199}"
100000004213658100,terminal,0.5,4,0.5910229786465623,"Вероятный конечный получатель: 1 плательщиков, получено 25 тыс., исходящих нет",1,False,1,0,25347.0,0.0,1,0,0.0,1,0.0,,"{""betweenness"": 0.074, ""degree"": 0.048, ""n_seed_upstream"": 0.262, ""role"": 0.199}"
100000001194266100,terminal,0.5,5,0.6639429371134485,"Вероятный конечный получатель: 1 плательщиков, получено 50 тыс., исходящих нет",1,False,1,0,50000.0,0.0,1,0,0.0,2,0.0,,"{""betweenness"": 0.074, ""degree"": 0.048, ""n_seed_upstream"": 0.334, ""role"": 0.199}"
100000002243354100,terminal,0.5,4,0.5910229786465623,"Вероятный конечный получатель: 1 плательщиков, получено 21 тыс., исходящих нет",1,False,1,0,20879.0,0.0,1,0,0.0,1,0.0,,"{""betweenness"": 0.074, ""degree"": 0.048, ""n_seed_upstream"": 0.262, ""role"": 0.199}"
100000006069103100,transit,0.5027960399378443,2,0.8661234255789808,"Признаки транзита: получено 229 тыс., отдано 118%, 3→3 контрагента",1,False,3,3,228818.0,270000.0,3,4,1.1799770997036947,1,5.805702745641661e-05,,"{""betweenness"": 0.182, ""degree"": 0.138, ""n_seed_upstream"": 0.262, ""role"": 0.271}"
100000002760175100,terminal,0.5,10,0.6639429371134485,"Вероятный конечный получатель: 1 плательщиков, получено 187 тыс., исходящих нет",1,False,1,0,187410.0,0.0,1,0,0.0,2,0.0,,"{""betweenness"": 0.074, ""degree"": 0.048, ""n_seed_upstream"": 0.334, ""role"": 0.199}"
100000003567087100,terminal,0.5,4,0.5910229786465623,"Вероятный конечный получатель: 1 плательщиков, получено 62 тыс., исходящих нет",1,False,1,0,62115.0,0.0,1,0,0.0,1,0.0,,"{""betweenness"": 0.074, ""degree"": 0.048, ""n_seed_upstream"": 0.262, ""role"": 0.199}"
100000008229700100,peripheral,0.5,13,0.5589138187892195,"Периферийный узел: 1 входящих, 1 исходящих, оборот 31 тыс.",1,False,1,1,23500.0,7200.0,1,1,0.30638297872340425,1,1.981468513870874e-07,,"{""betweenness"": 0.148, ""degree"": 0.105, ""n_seed_upstream"": 0.262, ""role"": 0.036}"
100000004076740100,peripheral,0.5,22,0.6454900455961358,"Периферийный узел: 3 входящих, 6 исходящих, оборот 218 тыс.; есть источники вне выборки",1,False,3,6,93250.0,125000.0,5,10,1.3404825737265416,1,0.00042126020604894783,external_funding,"{""betweenness"": 0.195, ""degree"": 0.144, ""n_seed_upstream"": 0.262, ""role"": 0.036}"
100000003284932100,terminal,0.5,5,0.6639429371134485,"Вероятный конечный получатель: 1 плательщиков, получено 70 тыс., исходящих нет",1,False,1,0,69925.0,0.0,1,0,0.0,2,0.0,,"{""betweenness"": 0.074, ""degree"": 0.048, ""n_seed_upstream"": 0.334, ""role"": 0.199}"
100000008071620100,terminal,0.5,1,0.5910229786465623,"Вероятный конечный получатель: 1 плательщиков, получено 47 тыс., исходящих нет",1,False,1,0,46968.0,0.0,1,0,0.0,1,0.0,,"{""betweenness"": 0.074, ""degree"": 0.048, ""n_seed_upstream"": 0.262, ""role"": 0.199}"
100000003235780100,coordinator,0.5,12,0.741253216559072,Кандидат в координирующий узел: 2 плательщиков → 0 получателей; сигналы S3,1,False,2,0,65000.0,0.0,2,0,0.0,1,0.0,terminal;S3,"{""betweenness"": 0.074, ""degree"": 0.105, ""n_seed_upstream"": 0.262, ""role"": 0.29}"
100000005363908100,transit,0.50147168865704,31,0.722089296194303,"Признаки транзита: получено 20 тыс., отдано 100%, 1→1 контрагента",1,False,1,1,19500.0,19500.0,1,1,1.0,1,0.0,,"{""betweenness"": 0.074, ""degree"": 0.105, ""n_seed_upstream"": 0.262, ""role"": 0.271}"
100000001851289100,terminal,0.5,2,0.5910229786465623,"Вероятный конечный получатель: 1 плательщиков, получено 110 тыс., исходящих нет",1,False,1,0,109510.0,0.0,3,0,0.0,1,0.0,,"{""betweenness"": 0.074, ""degree"": 0.048, ""n_seed_upstream"": 0.262, ""role"": 0.199}"
100000002870937100,terminal,0.5,7,0.5910229786465623,"Вероятный конечный получатель: 1 плательщиков, получено 84 тыс., исходящих нет",1,False,1,0,83700.0,0.0,1,0,0.0,1,0.0,,"{""betweenness"": 0.074, ""degree"": 0.048, ""n_seed_upstream"": 0.262, ""role"": 0.199}"
100000002152857100,peripheral,0.5,7,0.6390230689359397,"Периферийный узел: 1 входящих, 5 исходящих, оборот 1.33 млн; есть источники вне выборки",1,False,1,5,105000.0,1230000.0,1,6,11.714285714285714,1,0.0003134683188943723,external_funding,"{""betweenness"": 0.194, ""degree"": 0.138, ""n_seed_upstream"": 0.262, ""role"": 0.036}"
100000002600345100,terminal,0.5,2,0.6490226174890525,"Вероятный конечный получатель: 2 плательщиков, получено 52 тыс., исходящих нет",1,False,2,0,52400.0,0.0,2,0,0.0,1,0.0,,"{""betweenness"": 0.074, ""degree"": 0.105, ""n_seed_upstream"": 0.262, ""role"": 0.199}"
100000002580377100,peripheral,0.5,2,0.5734504085594331,"Периферийный узел: 1 входящих, 1 исходящих, оборот 43 тыс.",1,False,1,1,37750.0,5000.0,2,1,0.13245033112582782,1,1.922024458454748e-05,,"{""betweenness"": 0.163, ""degree"": 0.105, ""n_seed_upstream"": 0.262, ""role"": 0.036}"
100000004094958100,transit,0.5016603666899938,31,0.7974809263690128,"Признаки транзита: получено 39 тыс., отдано 103%, 1→1 контрагента",1,False,1,1,39000.0,40000.0,1,1,1.0256410256410255,1,1.981468513870874e-07,,"{""betweenness"": 0.148, ""degree"": 0.105, ""n_seed_upstream"": 0.262, ""role"": 0.271}"
100000002609774100,peripheral,0.5,11,0.604329375648955,"Периферийный узел: 1 входящих, 1 исходящих, оборот 35 тыс.; есть источники вне выборки",1,False,1,1,7700.0,27500.0,1,1,3.5714285714285716,1,0.00028751108136266385,external_funding,"{""betweenness"": 0.193, ""degree"": 0.105, ""n_seed_upstream"": 0.262, ""role"": 0.036}"
100000002596035100,terminal,0.5,10,0.6639429371134485,"Вероятный конечный получатель: 1 плательщиков, получено 232 тыс., исходящих нет",1,False,1,0,231570.0,0.0,1,0,0.0,2,0.0,,"{""betweenness"": 0.074, ""degree"": 0.048, ""n_seed_upstream"": 0.334, ""role"": 0.199}"
100000004664515100,terminal,0.5,1,0.5910229786465623,"Вероятный конечный получатель: 1 плательщиков, получено 38 тыс., исходящих нет",1,False,1,0,37691.0,0.0,1,0,0.0,1,0.0,,"{""betweenness"": 0.074, ""degree"": 0.048, ""n_seed_upstream"": 0.262, ""role"": 0.199}"
100000000661912100,coordinator,1.0,1,0.9030969256466977,Кандидат в координирующий узел: 5 плательщиков → 2 получателей; сигналы S3,1,False,5,2,393036.0,430700.0,9,8,1.0958283719557496,1,0.0013515596733113232,peripheral;S3,"{""betweenness"": 0.198, ""degree"": 0.141, ""n_seed_upstream"": 0.262, ""role"": 0.29}"
100000004144536100,terminal,0.5,23,0.6751275337456549,"Вероятный конечный получатель: 4 плательщиков, получено 168 тыс., исходящих нет",1,False,4,0,168000.0,0.0,6,0,0.0,1,0.0,,"{""betweenness"": 0.074, ""degree"": 0.13, ""n_seed_upstream"": 0.262, ""role"": 0.199}"
100000006177176100,terminal,0.5,2,0.5910229786465623,"Вероятный конечный получатель: 1 плательщиков, получено 9 тыс., исходящих нет",1,False,1,0,8911.0,0.0,1,0,0.0,1,0.0,,"{""betweenness"": 0.074, ""degree"": 0.048, ""n_seed_upstream"": 0.262, ""role"": 0.199}"
100000002158488100,terminal,0.5,4,0.5910229786465623,"Вероятный конечный получатель: 1 плательщиков, получено 32 тыс., исходящих нет",1,False,1,0,31723.0,0.0,1,0,0.0,1,0.0,,"{""betweenness"": 0.074, ""degree"": 0.048, ""n_seed_upstream"": 0.262, ""role"": 0.199}"
100000000041368100,terminal,0.5,5,0.6639429371134485,"Вероятный конечный получатель: 1 плательщиков, получено 160 тыс., исходящих нет",1,False,1,0,160000.0,0.0,1,0,0.0,2,0.0,,"{""betweenness"": 0.074, ""degree"": 0.048, ""n_seed_upstream"": 0.334, ""role"": 0.199}"
100000008722328100,terminal,0.5,4,0.5910229786465623,"Вероятный конечный получатель: 1 плательщиков, получено 24 тыс., исходящих нет",1,False,1,0,23677.0,0.0,1,0,0.0,1,0.0,,"{""betweenness"": 0.074, ""degree"": 0.048, ""n_seed_upstream"": 0.262, ""role"": 0.199}"
100000008735384100,terminal,0.5,4,0.5910229786465623,"Вероятный конечный получатель: 1 плательщиков, получено 39 тыс., исходящих нет",1,False,1,0,39220.0,0.0,1,0,0.0,1,0.0,,"{""betweenness"": 0.074, ""degree"": 0.048, ""n_seed_upstream"": 0.262, ""role"": 0.199}"
100000004480280100,peripheral,0.5,20,0.6765383052683852,"Периферийный узел: 1 входящих, 2 исходящих, оборот 443 тыс.; есть источники вне выборки",1,False,1,2,146694.0,295850.0,1,7,2.0167832358515003,2,3.447755214135321e-05,external_funding,"{""betweenness"": 0.175, ""degree"": 0.122, ""n_seed_upstream"": 0.334, ""role"": 0.036}"
100000004286573100,terminal,0.5,13,0.5910229786465623,"Вероятный конечный получатель: 1 плательщиков, получено 17 тыс., исходящих нет",1,False,1,0,16590.0,0.0,1,0,0.0,1,0.0,,"{""betweenness"": 0.074, ""degree"": 0.048, ""n_seed_upstream"": 0.262, ""role"": 0.199}"
100000001746925100,peripheral,0.5,5,0.6725542864881947,"Периферийный узел: 1 входящих, 1 исходящих, оборот 70 тыс.",1,False,1,1,65250.0,5000.0,1,1,0.07662835249042145,2,0.00011888811083225245,,"{""betweenness"": 0.188, ""degree"": 0.105, ""n_seed_upstream"": 0.334, ""role"": 0.036}"
100000001660397100,coordinator,0.5,1,0.8919010428423096,Кандидат в координирующий узел: 2 плательщиков → 3 получателей; сигналы S3,1,False,2,3,48600.0,49000.0,2,4,1.008230452674897,1,0.00021796153652579614,transit;S3,"{""betweenness"": 0.192, ""degree"": 0.135, ""n_seed_upstream"": 0.262, ""role"": 0.29}"
100000002591469100,terminal,0.5,7,0.5910229786465623,"Вероятный конечный получатель: 1 плательщиков, получено 236 тыс., исходящих нет",1,False,1,0,235670.0,0.0,1,0,0.0,1,0.0,,"{""betweenness"": 0.074, ""degree"": 0.048, ""n_seed_upstream"": 0.262, ""role"": 0.199}"
100000002731501100,peripheral,0.5,23,0.6072412080718703,"Периферийный узел: 3 входящих, 7 исходящих, оборот 1.40 млн; есть источники вне выборки",1,False,3,7,570370.0,833960.0,7,20,1.4621386117783193,1,3.1703496221933985e-06,external_funding,"{""betweenness"": 0.156, ""degree"": 0.144, ""n_seed_upstream"": 0.262, ""role"": 0.036}"
100000000089154100,peripheral,0.5,3,0.6340232946593835,"Периферийный узел: 1 входящих, 15 исходящих, оборот 436 тыс.; есть источники вне выборки",1,False,1,15,10000.0,425500.0,1,21,42.55,1,4.260157304822379e-05,external_funding,"{""betweenness"": 0.18, ""degree"": 0.147, ""n_seed_upstream"": 0.262, ""role"": 0.036}"
100000008732098100,terminal,0.5,4,0.5910229786465623,"Вероятный конечный получатель: 1 плательщиков, получено 16 тыс., исходящих нет",1,False,1,0,15677.0,0.0,1,0,0.0,1,0.0,,"{""betweenness"": 0.074, ""degree"": 0.048, ""n_seed_upstream"": 0.262, ""role"": 0.199}"
100000005456919100,peripheral,0.5,36,0.5006884565030925,"Периферийный узел: 2 входящих, 1 исходящих, оборот 485 тыс.",1,False,2,1,479950.0,5000.0,10,1,0.010417751849150954,1,0.0,,"{""betweenness"": 0.074, ""degree"": 0.122, ""n_seed_upstream"": 0.262, ""role"": 0.036}"
100000000507799100,peripheral,0.5,34,0.5990474470678525,"Периферийный узел: 1 входящих, 1 исходящих, оборот 13 тыс.; есть источники вне выборки",1,False,1,1,5132.0,8000.0,1,1,1.558846453624318,1,0.00011532146750728487,external_funding,"{""betweenness"": 0.188, ""degree"": 0.105, ""n_seed_upstream"": 0.262, ""role"": 0.036}"
100000008716439100,terminal,0.5,4,0.5910229786465623,"Вероятный конечный получатель: 1 плательщиков, получено 12 тыс., исходящих нет",1,False,1,0,12267.0,0.0,1,0,0.0,1,0.0,,"{""betweenness"": 0.074, ""degree"": 0.048, ""n_seed_upstream"": 0.262, ""role"": 0.199}"
100000002981527100,terminal,0.5,7,0.5910229786465623,"Вероятный конечный получатель: 1 плательщиков, получено 168 тыс., исходящих нет",1,False,1,0,168000.0,0.0,1,0,0.0,1,0.0,,"{""betweenness"": 0.074, ""degree"": 0.048, ""n_seed_upstream"": 0.262, ""role"": 0.199}"
100000002844652100,terminal,0.5,7,0.5910229786465623,"Вероятный конечный получатель: 1 плательщиков, получено 61 тыс., исходящих нет",1,False,1,0,61360.0,0.0,1,0,0.0,1,0.0,,"{""betweenness"": 0.074, ""degree"": 0.048, ""n_seed_upstream"": 0.262, ""role"": 0.199}"
100000002605548100,terminal,0.5,10,0.7345040855943299,"Вероятный конечный получатель: 2 плательщиков, получено 117 тыс., исходящих нет",1,False,2,0,116695.0,0.0,2,0,0.0,3,0.0,,"{""betweenness"": 0.074, ""degree"": 0.105, ""n_seed_upstream"": 0.346, ""role"": 0.199}"
100000002750956100,terminal,0.5,1,0.5910229786465623,"Вероятный конечный получатель: 1 плательщиков, получено 47 тыс., исходящих нет",1,False,1,0,47416.0,0.0,1,0,0.0,1,0.0,,"{""betweenness"": 0.074, ""degree"": 0.048, ""n_seed_upstream"": 0.262, ""role"": 0.199}"
100000002982252100,terminal,0.5,4,0.5910229786465623,"Вероятный конечный получатель: 1 плательщиков, получено 20 тыс., исходящих нет",1,False,1,0,20320.0,0.0,1,0,0.0,1,0.0,,"{""betweenness"": 0.074, ""degree"": 0.048, ""n_seed_upstream"": 0.262, ""role"": 0.199}"
100000000961900100,coordinator,0.5,1,0.741253216559072,Кандидат в координирующий узел: 2 плательщиков → 0 получателей; сигналы S3,1,False,2,0,36000.0,0.0,3,0,0.0,1,0.0,terminal;S3,"{""betweenness"": 0.074, ""degree"": 0.105, ""n_seed_upstream"": 0.262, ""role"": 0.29}"
100000007175718100,terminal,0.5,33,0.5910229786465623,"Вероятный конечный получатель: 1 плательщиков, получено 20 тыс., исходящих нет",1,False,1,0,20000.0,0.0,1,0,0.0,1,0.0,,"{""betweenness"": 0.074, ""degree"": 0.048, ""n_seed_upstream"": 0.262, ""role"": 0.199}"
100000002306369100,peripheral,0.5,5,0.6317322017064694,"Периферийный узел: 1 входящих, 6 исходящих, оборот 334 тыс.; есть источники вне выборки",1,False,1,6,73166.0,260900.0,1,9,3.5658639258672062,1,6.915325113409351e-05,external_funding,"{""betweenness"": 0.184, ""degree"": 0.141, ""n_seed_upstream"": 0.262, ""role"": 0.036}"
100000000667713100,peripheral,0.5,2,0.6350954810166585,"Периферийный узел: 2 входящих, 6 исходящих, оборот 199 тыс.",1,False,2,6,119495.0,79236.0,10,7,0.663090505878907,1,7.965503425760914e-05,,"{""betweenness"": 0.186, ""degree"": 0.142, ""n_seed_upstream"": 0.262, ""role"": 0.036}"
100000001072022100,coordinator,0.5,5,0.8439009525529322,Кандидат в координирующий узел: 3 плательщиков → 0 получателей; сигналы S3,1,False,3,0,1684000.0,0.0,6,0,0.0,3,0.0,consolidator;S3,"{""betweenness"": 0.074, ""degree"": 0.122, ""n_seed_upstream"": 0.346, ""role"": 0.29}"
100000008116374100,terminal,0.5,2,0.5910229786465623,"Вероятный конечный получатель: 1 плательщиков, получено 31 тыс., исходящих нет",1,False,1,0,31284.0,0.0,1,0,0.0,1,0.0,,"{""betweenness"": 0.074, ""degree"": 0.048, ""n_seed_upstream"": 0.262, ""role"": 0.199}"
100000000703894100,peripheral,0.5,24,0.5612161979143155,"Периферийный узел: 1 входящих, 1 исходящих, оборот 155 тыс.",1,False,1,1,120000.0,35000.0,1,1,0.2916666666666667,1,5.944405541612623e-07,,"{""betweenness"": 0.15, ""degree"": 0.105, ""n_seed_upstream"": 0.262, ""role"": 0.036}"
100000008066326100,terminal,0.5,1,0.5910229786465623,"Вероятный конечный получатель: 1 плательщиков, получено 19 тыс., исходящих нет",1,False,1,0,19320.0,0.0,1,0,0.0,1,0.0,,"{""betweenness"": 0.074, ""degree"": 0.048, ""n_seed_upstream"": 0.262, ""role"": 0.199}"
100000004662806100,coordinator,0.5,13,0.872500112861722,Кандидат в координирующий узел: 2 плательщиков → 2 получателей; сигналы S3,1,False,2,2,106585.0,59900.0,2,3,0.5619927757189098,1,3.883678287186913e-05,peripheral;S3,"{""betweenness"": 0.178, ""degree"": 0.13, ""n_seed_upstream"": 0.262, ""role"": 0.29}"
100000005778283100,consolidator,0.5,3,0.831779603629633,"Признаки консолидации: 3 плательщиков, деньги от 3 seed за ≤2 колена, получено 616 тыс., дальше ушло 0%",1,False,3,0,615760.0,0.0,3,0,0.0,3,0.0,,"{""betweenness"": 0.074, ""degree"": 0.122, ""n_seed_upstream"": 0.346, ""role"": 0.278}"
100000004408683100,terminal,0.5,2,0.6490226174890525,"Вероятный конечный получатель: 2 плательщиков, получено 113 тыс., исходящих нет",1,False,2,0,112919.68,0.0,3,0,0.0,1,0.0,,"{""betweenness"": 0.074, ""degree"": 0.105, ""n_seed_upstream"": 0.262, ""role"": 0.199}"
100000002704875100,coordinator,0.75,1,0.7584194844476548,Кандидат в координирующий узел: 3 плательщиков → 0 получателей; сигналы S3,1,False,3,0,244891.0,0.0,4,0,0.0,1,0.0,terminal;S3,"{""betweenness"": 0.074, ""degree"": 0.122, ""n_seed_upstream"": 0.262, ""role"": 0.29}"
100000008349675100,peripheral,0.5,7,0.5589138187892195,"Периферийный узел: 1 входящих, 1 исходящих, оборот 83 тыс.",1,False,1,1,46520.0,36650.0,1,2,0.7878331900257953,1,1.981468513870874e-07,,"{""betweenness"": 0.148, ""degree"": 0.105, ""n_seed_upstream"": 0.262, ""role"": 0.036}"
100000006889963100,coordinator,1.0,10,0.9616495869260983,Кандидат в координирующий узел: 4 плательщиков → 1 получателей; сигналы S3,1,False,4,1,1431000.0,443475.8,6,3,0.30990621942697416,4,2.5164650126160102e-05,consolidator;S3,"{""betweenness"": 0.174, ""degree"": 0.135, ""n_seed_upstream"": 0.349, ""role"": 0.29}"
100000008771819100,terminal,0.5,4,0.5910229786465623,"Вероятный конечный получатель: 1 плательщиков, получено 39 тыс., исходящих нет",1,False,1,0,38900.0,0.0,1,0,0.0,1,0.0,,"{""betweenness"": 0.074, ""degree"": 0.048, ""n_seed_upstream"": 0.262, ""role"": 0.199}"
100000008586731100,terminal,0.5,13,0.5910229786465623,"Вероятный конечный получатель: 1 плательщиков, получено 12 тыс., исходящих нет",1,False,1,0,12000.0,0.0,1,0,0.0,1,0.0,,"{""betweenness"": 0.074, ""degree"": 0.048, ""n_seed_upstream"": 0.262, ""role"": 0.199}"
100000005844459100,coordinator,0.5,1,0.741253216559072,Кандидат в координирующий узел: 2 плательщиков → 0 получателей; сигналы S3,1,False,2,0,243400.0,0.0,2,0,0.0,1,0.0,terminal;S3,"{""betweenness"": 0.074, ""degree"": 0.105, ""n_seed_upstream"": 0.262, ""role"": 0.29}"
100000008172352100,peripheral,0.5,3,0.6424992099679473,"Периферийный узел: 3 входящих, 7 исходящих, оборот 380 тыс.; есть источники вне выборки",1,False,3,7,90265.0,289510.0,3,8,3.207333961114496,1,0.00018665433400663633,external_funding,"{""betweenness"": 0.191, ""degree"": 0.144, ""n_seed_upstream"": 0.262, ""role"": 0.036}"
100000001162560100,peripheral,0.5,6,0.608776127488601,"Периферийный узел: 1 входящих, 12 исходящих, оборот 3.24 млн; есть источники вне выборки",1,False,1,12,331300.0,2904398.0,2,14,8.76667069121642,1,2.972202770806311e-06,external_funding,"{""betweenness"": 0.156, ""degree"": 0.146, ""n_seed_upstream"": 0.262, ""role"": 0.036}"
100000008779584100,terminal,0.5,4,0.5910229786465623,"Вероятный конечный получатель: 1 плательщиков, получено 31 тыс., исходящих нет",1,False,1,0,31400.0,0.0,1,0,0.0,1,0.0,,"{""betweenness"": 0.074, ""degree"": 0.048, ""n_seed_upstream"": 0.262, ""role"": 0.199}"
100000007631637100,terminal,0.5,4,0.5910229786465623,"Вероятный конечный получатель: 1 плательщиков, получено 15 тыс., исходящих нет",1,False,1,0,15341.0,0.0,1,0,0.0,1,0.0,,"{""betweenness"": 0.074, ""degree"": 0.048, ""n_seed_upstream"": 0.262, ""role"": 0.199}"
100000007347733100,terminal,0.5,38,0.5910229786465623,"Вероятный конечный получатель: 1 плательщиков, получено 23 тыс., исходящих нет",1,False,1,0,23007.0,0.0,1,0,0.0,1,0.0,,"{""betweenness"": 0.074, ""degree"": 0.048, ""n_seed_upstream"": 0.262, ""role"": 0.199}"
100000001463701100,terminal,0.5,10,0.7219425759559388,"Вероятный конечный получатель: 2 плательщиков, получено 621 тыс., исходящих нет",1,False,2,0,621000.0,0.0,2,0,0.0,2,0.0,,"{""betweenness"": 0.074, ""degree"": 0.105, ""n_seed_upstream"": 0.334, ""role"": 0.199}"
100000008664469100,terminal,0.5,5,0.6639429371134485,"Вероятный конечный получатель: 1 плательщиков, получено 25 тыс., исходящих нет",1,False,1,0,25000.0,0.0,1,0,0.0,2,0.0,,"{""betweenness"": 0.074, ""degree"": 0.048, ""n_seed_upstream"": 0.334, ""role"": 0.199}"
100000003923946100,peripheral,0.5,7,0.669665026409643,"Периферийный узел: 1 входящих, 4 исходящих, оборот 957 тыс.; есть источники вне выборки",1,False,1,4,282000.0,675000.0,3,4,2.393617021276596,2,1.981468513870874e-06,external_funding,"{""betweenness"": 0.155, ""degree"": 0.135, ""n_seed_upstream"": 0.334, ""role"": 0.036}"
100000006562026100,terminal,0.5,38,0.7219425759559388,"Вероятный конечный получатель: 2 плательщиков, получено 75 тыс., исходящих нет",1,False,2,0,75000.0,0.0,6,0,0.0,2,0.0,,"{""betweenness"": 0.074, ""degree"": 0.105, ""n_seed_upstream"": 0.334, ""role"": 0.199}"
100000008776298100,terminal,0.5,4,0.5910229786465623,"Вероятный конечный получатель: 1 плательщиков, получено 43 тыс., исходящих нет",1,False,1,0,42800.0,0.0,1,0,0.0,1,0.0,,"{""betweenness"": 0.074, ""degree"": 0.048, ""n_seed_upstream"": 0.262, ""role"": 0.199}"
100000006446271100,coordinator,0.5,5,0.8141731750259582,Кандидат в координирующий узел: 2 плательщиков → 0 получателей; сигналы S3,1,False,2,0,80000.0,0.0,2,0,0.0,2,0.0,terminal;S3,"{""betweenness"": 0.074, ""degree"": 0.105, ""n_seed_upstream"": 0.334, ""role"": 0.29}"
100000004588479100,terminal,0.5,2,0.5910229786465623,"Вероятный конечный получатель: 1 плательщиков, получено 178 тыс., исходящих нет",1,False,1,0,177633.0,0.0,2,0,0.0,1,0.0,,"{""betweenness"": 0.074, ""degree"": 0.048, ""n_seed_upstream"": 0.262, ""role"": 0.199}"
100000002324543100,terminal,0.5,7,0.5910229786465623,"Вероятный конечный получатель: 1 плательщиков, получено 30 тыс., исходящих нет",1,False,1,0,30202.0,0.0,1,0,0.0,1,0.0,,"{""betweenness"": 0.074, ""degree"": 0.048, ""n_seed_upstream"": 0.262, ""role"": 0.199}"
100000007129492100,coordinator,0.5,10,0.9480723217913413,Кандидат в координирующий узел: 2 плательщиков → 1 получателей; сигналы S3,1,False,2,1,50990.0,37000.0,2,1,0.725632476956266,4,2.5164650126160102e-05,peripheral;S3,"{""betweenness"": 0.174, ""degree"": 0.122, ""n_seed_upstream"": 0.349, ""role"": 0.29}"
100000003877908100,terminal,0.5,5,0.6639429371134485,"Вероятный конечный получатель: 1 плательщиков, получено 40 тыс., исходящих нет",1,False,1,0,40000.0,0.0,1,0,0.0,2,0.0,,"{""betweenness"": 0.074, ""degree"": 0.048, ""n_seed_upstream"": 0.334, ""role"": 0.199}"
100000002748180100,peripheral,0.5,14,0.6082908220847818,"Периферийный узел: 1 входящих, 8 исходящих, оборот 690 тыс.; есть источники вне выборки",1,False,1,8,9900.0,679743.0,1,9,68.66090909090909,1,8.52031460964476e-06,external_funding,"{""betweenness"": 0.158, ""degree"": 0.144, ""n_seed_upstream"": 0.262, ""role"": 0.036}"
100000000945428100,terminal,0.5,1,0.5910229786465623,"Вероятный конечный получатель: 1 плательщиков, получено 90 тыс., исходящих нет",1,False,1,0,89629.0,0.0,1,0,0.0,1,0.0,,"{""betweenness"": 0.074, ""degree"": 0.048, ""n_seed_upstream"": 0.262, ""role"": 0.199}"
100000003115284100,coordinator,1.0,3,0.9860954358719698,Кандидат в координирующий узел: 8 плательщиков → 2 получателей; сигналы S3,1,False,8,2,2160500.0,517000.0,15,4,0.23929645915297384,4,0.00012780471914467138,consolidator;S3,"{""betweenness"": 0.189, ""degree"": 0.144, ""n_seed_upstream"": 0.349, ""role"": 0.29}"
100000005394708100,peripheral,0.5,11,0.5589138187892195,"Периферийный узел: 1 входящих, 1 исходящих, оборот 91 тыс.; есть источники вне выборки",1,False,1,1,26000.0,65000.0,1,1,2.5,1,1.981468513870874e-07,external_funding,"{""betweenness"": 0.148, ""degree"": 0.105, ""n_seed_upstream"": 0.262, ""role"": 0.036}"
100000008747113100,coordinator,0.5,5,0.8141731750259582,Кандидат в координирующий узел: 2 плательщиков → 0 получателей; сигналы S3,1,False,2,0,197801.0,0.0,2,0,0.0,2,0.0,terminal;S3,"{""betweenness"": 0.074, ""degree"": 0.105, ""n_seed_upstream"": 0.334, ""role"": 0.29}"
100000004491881100,terminal,0.5,4,0.5910229786465623,"Вероятный конечный получатель: 1 плательщиков, получено 17 тыс., исходящих нет",1,False,1,0,17144.0,0.0,1,0,0.0,1,0.0,,"{""betweenness"": 0.074, ""degree"": 0.048, ""n_seed_upstream"": 0.262, ""role"": 0.199}"
100000006008169100,terminal,0.5,13,0.5910229786465623,"Вероятный конечный получатель: 1 плательщиков, получено 70 тыс., исходящих нет",1,False,1,0,70000.0,0.0,1,0,0.0,1,0.0,,"{""betweenness"": 0.074, ""degree"": 0.048, ""n_seed_upstream"": 0.262, ""role"": 0.199}"
100000002681449100,coordinator,0.5,3,0.8532233307751343,Кандидат в координирующий узел: 2 плательщиков → 2 получателей; сигналы S3,1,False,2,2,94638.0,133000.0,2,2,1.4053551427544961,1,1.5653601259579906e-05,external_funding;peripheral;S3,"{""betweenness"": 0.159, ""degree"": 0.13, ""n_seed_upstream"": 0.262, ""role"": 0.29}"
100000002645609100,coordinator,1.0,12,0.7673581328156743,Кандидат в координирующий узел: 4 плательщиков → 0 получателей; сигналы S3,1,False,4,0,546820.6799999999,0.0,5,0,0.0,1,0.0,terminal;S3,"{""betweenness"": 0.074, ""degree"": 0.13, ""n_seed_upstream"": 0.262, ""role"": 0.29}"
100000006369769100,terminal,0.5,4,0.5910229786465623,"Вероятный конечный получатель: 1 плательщиков, получено 40 тыс., исходящих нет",1,False,1,0,40000.0,0.0,1,0,0.0,1,0.0,,"{""betweenness"": 0.074, ""degree"": 0.048, ""n_seed_upstream"": 0.262, ""role"": 0.199}"
100000002173161100,coordinator,0.5,2,0.7584194844476548,Кандидат в координирующий узел: 3 плательщиков → 0 получателей; сигналы S3,1,False,3,0,1427500.0,0.0,5,0,0.0,1,0.0,terminal;S3,"{""betweenness"": 0.074, ""degree"": 0.122, ""n_seed_upstream"": 0.262, ""role"": 0.29}"
100000008686313100,coordinator,1.0,1,0.9102072141212588,Кандидат в координирующий узел: 6 плательщиков → 7 получателей; сигналы S3,1,False,6,7,1912716.0,333800.0,16,13,0.17451623764322566,1,0.0033262911942350364,consolidator;S3,"{""betweenness"": 0.199, ""degree"": 0.146, ""n_seed_upstream"": 0.262, ""role"": 0.29}"
100000004692798100,peripheral,0.5,13,0.5760800866778023,"Периферийный узел: 2 входящих, 1 исходящих, оборот 255 тыс.",1,False,2,1,240305.0,15000.0,4,2,0.06242067372713843,1,1.981468513870874e-07,,"{""betweenness"": 0.148, ""degree"": 0.122, ""n_seed_upstream"": 0.262, ""role"": 0.036}"
100000002939838100,consolidator,1.0,16,0.83414969978782,"Признаки консолидации: 3 плательщиков, деньги от 4 seed за ≤2 колена, получено 571 тыс., дальше ушло 0%",1,False,3,0,571233.0,0.0,3,0,0.0,4,0.0,,"{""betweenness"": 0.074, ""degree"": 0.122, ""n_seed_upstream"": 0.349, ""role"": 0.278}"
100000003119550100,terminal,0.5,4,0.5910229786465623,"Вероятный конечный получатель: 1 плательщиков, получено 21 тыс., исходящих нет",1,False,1,0,21000.0,0.0,1,0,0.0,1,0.0,,"{""betweenness"": 0.074, ""degree"": 0.048, ""n_seed_upstream"": 0.262, ""role"": 0.199}"
100000004315838100,coordinator,0.5,8,0.9323281115976705,Кандидат в координирующий узел: 2 плательщиков → 1 получателей; сигналы S3,1,False,2,1,50000.0,18000.0,2,1,0.36,2,2.377762216645049e-05,peripheral;S3,"{""betweenness"": 0.173, ""degree"": 0.122, ""n_seed_upstream"": 0.334, ""role"": 0.29}"
100000002671806100,terminal,0.5,13,0.5910229786465623,"Вероятный конечный получатель: 1 плательщиков, получено 12 тыс., исходящих нет",1,False,1,0,12440.0,0.0,1,0,0.0,1,0.0,,"{""betweenness"": 0.074, ""degree"": 0.048, ""n_seed_upstream"": 0.262, ""role"": 0.199}"
100000008716222100,terminal,0.5,4,0.5910229786465623,"Вероятный конечный получатель: 1 плательщиков, получено 18 тыс., исходящих нет",1,False,1,0,18000.0,0.0,1,0,0.0,1,0.0,,"{""betweenness"": 0.074, ""degree"": 0.048, ""n_seed_upstream"": 0.262, ""role"": 0.199}"
100000005496254100,terminal,0.5,1,0.5910229786465623,"Вероятный конечный получатель: 1 плательщиков, получено 13 тыс., исходящих нет",1,False,1,0,12700.0,0.0,1,0,0.0,1,0.0,,"{""betweenness"": 0.074, ""degree"": 0.048, ""n_seed_upstream"": 0.262, ""role"": 0.199}"
100000004622227100,peripheral,0.5,3,0.509627104871112,"Периферийный узел: 1 входящих, 3 исходящих, оборот 44 тыс.",1,False,1,3,24931.0,19000.0,1,3,0.762103405398901,1,0.0,,"{""betweenness"": 0.074, ""degree"": 0.13, ""n_seed_upstream"": 0.262, ""role"": 0.036}"
100000000274067100,peripheral,0.5,7,0.5944878335063881,"Периферийный узел: 2 входящих, 3 исходящих, оборот 3.49 млн; есть источники вне выборки",1,False,2,3,517704.0,2969000.0,9,9,5.734937338710924,1,1.1888811083225246e-06,external_funding,"{""betweenness"": 0.153, ""degree"": 0.135, ""n_seed_upstream"": 0.262, ""role"": 0.036}"
100000008782056100,terminal,0.5,4,0.5910229786465623,"Вероятный конечный получатель: 1 плательщиков, получено 29 тыс., исходящих нет",1,False,1,0,29082.0,0.0,1,0,0.0,1,0.0,,"{""betweenness"": 0.074, ""degree"": 0.048, ""n_seed_upstream"": 0.262, ""role"": 0.199}"
100000006788200100,coordinator,0.5,7,0.8922622003521287,Кандидат в координирующий узел: 4 плательщиков → 3 получателей; сигналы S3,1,False,4,3,272155.8,64500.0,4,4,0.23699660268125833,1,9.669566347689866e-05,peripheral;S3,"{""betweenness"": 0.187, ""degree"": 0.141, ""n_seed_upstream"": 0.262, ""role"": 0.29}"
100000001164648100,coordinator,0.5,21,0.741253216559072,Кандидат в координирующий узел: 2 плательщиков → 0 получателей; сигналы S3,1,False,2,0,13660.0,0.0,2,0,0.0,1,0.0,terminal;S3,"{""betweenness"": 0.074, ""degree"": 0.105, ""n_seed_upstream"": 0.262, ""role"": 0.29}"
100000005133757100,terminal,0.5,15,0.7219425759559388,"Вероятный конечный получатель: 2 плательщиков, получено 65 тыс., исходящих нет",1,False,2,0,65000.0,0.0,2,0,0.0,2,0.0,,"{""betweenness"": 0.074, ""degree"": 0.105, ""n_seed_upstream"": 0.334, ""role"": 0.199}"
100000006445501100,terminal,0.5,10,0.6639429371134485,"Вероятный конечный получатель: 1 плательщиков, получено 91 тыс., исходящих нет",1,False,1,0,91000.0,0.0,1,0,0.0,2,0.0,,"{""betweenness"": 0.074, ""degree"": 0.048, ""n_seed_upstream"": 0.334, ""role"": 0.199}"
100000004390333100,coordinator,0.5,1,0.9005913954223286,Кандидат в координирующий узел: 2 плательщиков → 9 получателей; сигналы S3,1,False,2,9,64558.0,506500.0,2,14,7.845658167849066,1,0.00016644335516515342,external_funding;peripheral;S3,"{""betweenness"": 0.191, ""degree"": 0.145, ""n_seed_upstream"": 0.262, ""role"": 0.29}"
100000001641789100,terminal,0.5,7,0.5910229786465623,"Вероятный конечный получатель: 1 плательщиков, получено 18 тыс., исходящих нет",1,False,1,0,17826.0,0.0,1,0,0.0,1,0.0,,"{""betweenness"": 0.074, ""degree"": 0.048, ""n_seed_upstream"": 0.262, ""role"": 0.199}"
100000000968253100,terminal,0.5,4,0.5910229786465623,"Вероятный конечный получатель: 1 плательщиков, получено 15 тыс., исходящих нет",1,False,1,0,15000.0,0.0,1,0,0.0,1,0.0,,"{""betweenness"": 0.074, ""degree"": 0.048, ""n_seed_upstream"": 0.262, ""role"": 0.199}"
100000001527186100,terminal,0.5,5,0.6639429371134485,"Вероятный конечный получатель: 1 плательщиков, получено 678 тыс., исходящих нет",1,False,1,0,678000.0,0.0,2,0,0.0,2,0.0,,"{""betweenness"": 0.074, ""degree"": 0.048, ""n_seed_upstream"": 0.334, ""role"": 0.199}"
100000005852946100,terminal,0.5,5,0.6639429371134485,"Вероятный конечный получатель: 1 плательщиков, получено 24 тыс., исходящих нет",1,False,1,0,23746.0,0.0,1,0,0.0,2,0.0,,"{""betweenness"": 0.074, ""degree"": 0.048, ""n_seed_upstream"": 0.334, ""role"": 0.199}"
100000001530983100,coordinator,0.75,16,0.9786465622319533,Кандидат в координирующий узел: 4 плательщиков → 11 получателей; сигналы S3,1,False,4,11,564158.0,1829538.0,4,17,3.24295321523403,2,0.0003322922697761456,external_funding;peripheral;S3,"{""betweenness"": 0.194, ""degree"": 0.147, ""n_seed_upstream"": 0.334, ""role"": 0.29}"
100000008221543100,coordinator,0.5,17,0.741253216559072,Кандидат в координирующий узел: 2 плательщиков → 0 получателей; сигналы S3,1,False,2,0,542000.0,0.0,2,0,0.0,1,0.0,terminal;S3,"{""betweenness"": 0.074, ""degree"": 0.105, ""n_seed_upstream"": 0.262, ""role"": 0.29}"
100000001937767100,peripheral,0.5,11,0.6244187621326351,"Периферийный узел: 1 входящих, 4 исходящих, оборот 1.99 млн; есть источники вне выборки",1,False,1,4,53000.0,1933000.0,1,6,36.471698113207545,1,5.8255174307803695e-05,external_funding,"{""betweenness"": 0.182, ""degree"": 0.135, ""n_seed_upstream"": 0.262, ""role"": 0.036}"
100000002462183100,terminal,0.5,33,0.5910229786465623,"Вероятный конечный получатель: 1 плательщиков, получено 108 тыс., исходящих нет",1,False,1,0,107500.0,0.0,3,0,0.0,1,0.0,,"{""betweenness"": 0.074, ""degree"": 0.048, ""n_seed_upstream"": 0.262, ""role"": 0.199}"
100000001805543100,terminal,0.5,2,0.5910229786465623,"Вероятный конечный получатель: 1 плательщиков, получено 59 тыс., исходящих нет",1,False,1,0,59000.0,0.0,1,0,0.0,1,0.0,,"{""betweenness"": 0.074, ""degree"": 0.048, ""n_seed_upstream"": 0.262, ""role"": 0.199}"
100000002606567100,peripheral,0.5,1,0.5734504085594331,"Периферийный узел: 1 входящих, 1 исходящих, оборот 67 тыс.; есть источники вне выборки",1,False,1,1,14095.0,53000.0,1,1,3.7601986520042567,1,1.922024458454748e-05,external_funding,"{""betweenness"": 0.163, ""degree"": 0.105, ""n_seed_upstream"": 0.262, ""role"": 0.036}"
100000007281639100,coordinator,0.5,2,0.8141731750259582,Кандидат в координирующий узел: 2 плательщиков → 0 получателей; сигналы S3,1,False,2,0,216770.0,0.0,4,0,0.0,2,0.0,terminal;S3,"{""betweenness"": 0.074, ""degree"": 0.105, ""n_seed_upstream"": 0.334, ""role"": 0.29}"
100000002991079100,peripheral,0.5,2,0.5971175116247575,"Периферийный узел: 2 входящих, 1 исходящих, оборот 160 тыс.",1,False,2,1,148900.0,11000.0,3,1,0.07387508394895903,1,1.981468513870874e-05,,"{""betweenness"": 0.169, ""degree"": 0.122, ""n_seed_upstream"": 0.262, ""role"": 0.036}"
100000002847207100,terminal,0.5,5,0.6639429371134485,"Вероятный конечный получатель: 1 плательщиков, получено 46 тыс., исходящих нет",1,False,1,0,46243.0,0.0,1,0,0.0,2,0.0,,"{""betweenness"": 0.074, ""degree"": 0.048, ""n_seed_upstream"": 0.334, ""role"": 0.199}"
100000000011452100,coordinator,0.5,1,0.8511918197824027,Кандидат в координирующий узел: 3 плательщиков → 1 получателей; сигналы S3,1,False,3,1,110000.0,16685.0,7,2,0.1516818181818182,1,3.5666433249675733e-06,peripheral;S3,"{""betweenness"": 0.157, ""degree"": 0.13, ""n_seed_upstream"": 0.262, ""role"": 0.29}"
100000003148220100,peripheral,0.5,40,0.5771635592072594,"Периферийный узел: 1 входящих, 2 исходящих, оборот 49 тыс.; есть источники вне выборки",1,False,1,2,5650.0,43400.0,1,4,7.68141592920354,1,3.962937027741748e-07,external_funding,"{""betweenness"": 0.149, ""degree"": 0.122, ""n_seed_upstream"": 0.262, ""role"": 0.036}"
100000002479804100,peripheral,0.5,5,0.5828969346756355,"Периферийный узел: 1 входящих, 2 исходящих, оборот 81 тыс.",1,False,1,2,46000.0,35300.0,1,2,0.7673913043478261,1,1.7833216624837866e-06,,"{""betweenness"": 0.155, ""degree"": 0.122, ""n_seed_upstream"": 0.262, ""role"": 0.036}"
100000008745489100,terminal,0.5,4,0.5910229786465623,"Вероятный конечный получатель: 1 плательщиков, получено 56 тыс., исходящих нет",1,False,1,0,55539.0,0.0,1,0,0.0,1,0.0,,"{""betweenness"": 0.074, ""degree"": 0.048, ""n_seed_upstream"": 0.262, ""role"": 0.199}"
100000002289937100,terminal,0.5,4,0.5910229786465623,"Вероятный конечный получатель: 1 плательщиков, получено 20 тыс., исходящих нет",1,False,1,0,20000.0,0.0,1,0,0.0,1,0.0,,"{""betweenness"": 0.074, ""degree"": 0.048, ""n_seed_upstream"": 0.262, ""role"": 0.199}"
100000004679953100,coordinator,0.75,1,0.8975667012775949,Кандидат в координирующий узел: 3 плательщиков → 3 получателей; сигналы S3,1,False,3,3,343538.0,34100.0,3,3,0.09926121709970949,1,0.00036241059118698285,peripheral;S3,"{""betweenness"": 0.194, ""degree"": 0.138, ""n_seed_upstream"": 0.262, ""role"": 0.29}"
100000003066385100,coordinator,0.5,1,0.741253216559072,Кандидат в координирующий узел: 2 плательщиков → 0 получателей; сигналы S3,1,False,2,0,20000.0,0.0,2,0,0.0,1,0.0,terminal;S3,"{""betweenness"": 0.074, ""degree"": 0.105, ""n_seed_upstream"": 0.262, ""role"": 0.29}"
100000008744849100,terminal,0.5,4,0.5910229786465623,"Вероятный конечный получатель: 1 плательщиков, получено 44 тыс., исходящих нет",1,False,1,0,44445.0,0.0,1,0,0.0,1,0.0,,"{""betweenness"": 0.074, ""degree"": 0.048, ""n_seed_upstream"": 0.262, ""role"": 0.199}"
100000005093521100,terminal,0.5,5,0.6639429371134485,"Вероятный конечный получатель: 1 плательщиков, получено 15 тыс., исходящих нет",1,False,1,0,15200.0,0.0,1,0,0.0,2,0.0,,"{""betweenness"": 0.074, ""degree"": 0.048, ""n_seed_upstream"": 0.334, ""role"": 0.199}"
100000006518161100,coordinator,0.5,2,0.9547537357229923,Кандидат в координирующий узел: 3 плательщиков → 2 получателей; сигналы S3,1,False,3,2,594200.0,595899.0,13,13,1.002859306630764,2,5.785888060502952e-05,transit;S3,"{""betweenness"": 0.182, ""degree"": 0.135, ""n_seed_upstream"": 0.334, ""role"": 0.29}"
100000001126374100,coordinator,0.75,12,0.881179179269559,Кандидат в координирующий узел: 4 плательщиков → 2 получателей; сигналы S3,1,False,4,2,182500.0,29200.0,7,4,0.16,1,3.923307657464331e-05,peripheral;S3,"{""betweenness"": 0.178, ""degree"": 0.138, ""n_seed_upstream"": 0.262, ""role"": 0.29}"
100000004509286100,terminal,0.5,5,0.6639429371134485,"Вероятный конечный получатель: 1 плательщиков, получено 40 тыс., исходящих нет",1,False,1,0,40000.0,0.0,1,0,0.0,2,0.0,,"{""betweenness"": 0.074, ""degree"": 0.048, ""n_seed_upstream"": 0.334, ""role"": 0.199}"
100000005056870100,terminal,0.5,33,0.5910229786465623,"Вероятный конечный получатель: 1 плательщиков, получено 20 тыс., исходящих нет",1,False,1,0,20000.0,0.0,1,0,0.0,1,0.0,,"{""betweenness"": 0.074, ""degree"": 0.048, ""n_seed_upstream"": 0.262, ""role"": 0.199}"
100000008708368100,terminal,0.5,4,0.5910229786465623,"Вероятный конечный получатель: 1 плательщиков, получено 24 тыс., исходящих нет",1,False,1,0,23677.0,0.0,1,0,0.0,1,0.0,,"{""betweenness"": 0.074, ""degree"": 0.048, ""n_seed_upstream"": 0.262, ""role"": 0.199}"
100000005895525100,terminal,0.5,33,0.5910229786465623,"Вероятный конечный получатель: 1 плательщиков, получено 120 тыс., исходящих нет",1,False,1,0,120000.0,0.0,3,0,0.0,1,0.0,,"{""betweenness"": 0.074, ""degree"": 0.048, ""n_seed_upstream"": 0.262, ""role"": 0.199}"
100000008716773100,terminal,0.5,4,0.5910229786465623,"Вероятный конечный получатель: 1 плательщиков, получено 16 тыс., исходящих нет",1,False,1,0,15677.0,0.0,1,0,0.0,1,0.0,,"{""betweenness"": 0.074, ""degree"": 0.048, ""n_seed_upstream"": 0.262, ""role"": 0.199}"
100000002778085100,terminal,0.5,2,0.5910229786465623,"Вероятный конечный получатель: 1 плательщиков, получено 66 тыс., исходящих нет",1,False,1,0,66208.0,0.0,1,0,0.0,1,0.0,,"{""betweenness"": 0.074, ""degree"": 0.048, ""n_seed_upstream"": 0.262, ""role"": 0.199}"
100000007055802100,coordinator,1.0,1,0.8617895354611531,Кандидат в координирующий узел: 6 плательщиков → 1 получателей; сигналы S3,1,False,6,1,2024999.0,605000.0,34,7,0.29876557963732325,1,3.962937027741748e-06,consolidator;S3,"{""betweenness"": 0.157, ""degree"": 0.141, ""n_seed_upstream"": 0.262, ""role"": 0.29}"
100000003071930100,peripheral,0.5,7,0.6172971874858924,"Периферийный узел: 3 входящих, 1 исходящих, оборот 483 тыс.",1,False,3,1,477610.0,5000.0,4,1,0.010468792529469651,1,4.279971989961088e-05,,"{""betweenness"": 0.18, ""degree"": 0.13, ""n_seed_upstream"": 0.262, ""role"": 0.036}"
100000002941114100,peripheral,0.5,10,0.6715272448196471,"Периферийный узел: 2 входящих, 1 исходящих, оборот 144 тыс.",1,False,2,1,128510.0,15000.0,15,1,0.11672243405182477,2,2.0607272544257092e-05,,"{""betweenness"": 0.17, ""degree"": 0.122, ""n_seed_upstream"": 0.334, ""role"": 0.036}"
100000003888271100,peripheral,0.5,32,0.5771635592072594,"Периферийный узел: 1 входящих, 2 исходящих, оборот 38 тыс.; есть источники вне выборки",1,False,1,2,12177.0,25590.0,2,3,2.10150283321015,1,3.962937027741748e-07,external_funding,"{""betweenness"": 0.149, ""degree"": 0.122, ""n_seed_upstream"": 0.262, ""role"": 0.036}"
100000007507343100,terminal,0.5,37,0.5910229786465623,"Вероятный конечный получатель: 1 плательщиков, получено 370 тыс., исходящих нет",1,False,1,0,370000.0,0.0,1,0,0.0,1,0.0,,"{""betweenness"": 0.074, ""degree"": 0.048, ""n_seed_upstream"": 0.262, ""role"": 0.199}"
100000008002020100,peripheral,0.5,13,0.5652792198997788,"Периферийный узел: 1 входящих, 1 исходящих, оборот 91 тыс.",1,False,1,1,73860.0,17000.0,1,1,0.23016517736257786,1,1.5851748110966993e-06,,"{""betweenness"": 0.154, ""degree"": 0.105, ""n_seed_upstream"": 0.262, ""role"": 0.036}"
100000001872484100,peripheral,0.5,39,0.5873211141709178,"Периферийный узел: 1 входящих, 3 исходящих, оборот 1.39 млн",1,False,1,3,871400.0,514580.0,13,9,0.5905210006885472,1,5.944405541612623e-07,,"{""betweenness"": 0.15, ""degree"": 0.13, ""n_seed_upstream"": 0.262, ""role"": 0.036}"
100000008769636100,terminal,0.5,4,0.5910229786465623,"Вероятный конечный получатель: 1 плательщиков, получено 23 тыс., исходящих нет",1,False,1,0,23118.0,0.0,1,0,0.0,1,0.0,,"{""betweenness"": 0.074, ""degree"": 0.048, ""n_seed_upstream"": 0.262, ""role"": 0.199}"
100000004135268100,transit,0.5000534511618779,37,0.8330549410861814,"Признаки транзита: получено 1.24 млн, отдано 81%, 2→3 контрагента",1,False,2,3,1239000.0,1000200.0,3,4,0.8072639225181598,1,1.1888811083225246e-06,,"{""betweenness"": 0.153, ""degree"": 0.135, ""n_seed_upstream"": 0.262, ""role"": 0.271}"
100000005316708100,peripheral,0.5,7,0.5783824658028984,"Периферийный узел: 1 входящих, 2 исходящих, оборот 348 тыс.; есть источники вне выборки",1,False,1,2,90000.0,257500.0,1,4,2.861111111111111,1,5.944405541612623e-07,external_funding,"{""betweenness"": 0.15, ""degree"": 0.122, ""n_seed_upstream"": 0.262, ""role"": 0.036}"
100000008671929100,terminal,0.5,5,0.6639429371134485,"Вероятный конечный получатель: 1 плательщиков, получено 75 тыс., исходящих нет",1,False,1,0,75000.0,0.0,2,0,0.0,2,0.0,,"{""betweenness"": 0.074, ""degree"": 0.048, ""n_seed_upstream"": 0.334, ""role"": 0.199}"
100000005287097100,coordinator,0.5,2,0.9801024784434111,Кандидат в координирующий узел: 2 плательщиков → 9 получателей; сигналы S3,1,False,2,9,127173.0,697300.0,5,42,5.483082100760382,2,0.0010907984168859162,external_funding;peripheral;S3,"{""betweenness"": 0.197, ""degree"": 0.145, ""n_seed_upstream"": 0.334, ""role"": 0.29}"
100000007283257100,terminal,0.5,41,0.5910229786465623,"Вероятный конечный получатель: 1 плательщиков, получено 192 тыс., исходящих нет",1,False,1,0,192000.0,0.0,7,0,0.0,1,0.0,,"{""betweenness"": 0.074, ""degree"": 0.048, ""n_seed_upstream"": 0.262, ""role"": 0.199}"
100000004847758100,coordinator,0.75,3,0.9100830662272584,Кандидат в координирующий узел: 4 плательщиков → 15 получателей; сигналы S3,1,False,4,15,115171.0,488800.0,4,23,4.244123954815014,1,0.0011633201644935902,external_funding;peripheral;S3,"{""betweenness"": 0.197, ""degree"": 0.148, ""n_seed_upstream"": 0.262, ""role"": 0.29}"
100000008737422100,terminal,0.5,4,0.5910229786465623,"Вероятный конечный получатель: 1 плательщиков, получено 77 тыс., исходящих нет",1,False,1,0,76903.0,0.0,1,0,0.0,1,0.0,,"{""betweenness"": 0.074, ""degree"": 0.048, ""n_seed_upstream"": 0.262, ""role"": 0.199}"
100000008555918100,peripheral,0.5,5,0.682226536048034,"Периферийный узел: 1 входящих, 2 исходящих, оборот 183 тыс.",1,False,1,2,139211.0,43300.0,1,2,0.3110386391879952,2,4.755524433290098e-05,,"{""betweenness"": 0.181, ""degree"": 0.122, ""n_seed_upstream"": 0.334, ""role"": 0.036}"
100000008094734100,consolidator,0.5,1,0.8407182519976526,"Признаки консолидации: 4 плательщиков, деньги от 3 seed за ≤2 колена, получено 236 тыс., дальше ушло 0%",1,False,4,0,236249.0,0.0,4,0,0.0,3,0.0,,"{""betweenness"": 0.074, ""degree"": 0.13, ""n_seed_upstream"": 0.346, ""role"": 0.278}"
100000006952718100,terminal,0.5,2,0.5910229786465623,"Вероятный конечный получатель: 1 плательщиков, получено 71 тыс., исходящих нет",1,False,1,0,71489.0,0.0,1,0,0.0,1,0.0,,"{""betweenness"": 0.074, ""degree"": 0.048, ""n_seed_upstream"": 0.262, ""role"": 0.199}"
100000005339662100,coordinator,0.5,2,0.9661979143153807,Кандидат в координирующий узел: 4 плательщиков → 4 получателей; сигналы S3,1,False,4,4,202939.0,295160.0,9,15,1.4544271924075707,2,8.876978942141516e-05,external_funding;peripheral;S3,"{""betweenness"": 0.186, ""degree"": 0.142, ""n_seed_upstream"": 0.334, ""role"": 0.29}"
100000001716579100,terminal,0.5,4,0.5910229786465623,"Вероятный конечный получатель: 1 плательщиков, получено 14 тыс., исходящих нет",1,False,1,0,13916.0,0.0,1,0,0.0,1,0.0,,"{""betweenness"": 0.074, ""degree"": 0.048, ""n_seed_upstream"": 0.262, ""role"": 0.199}"
100000002774456100,terminal,0.5,10,0.6639429371134485,"Вероятный конечный получатель: 1 плательщиков, получено 50 тыс., исходящих нет",1,False,1,0,50363.0,0.0,1,0,0.0,2,0.0,,"{""betweenness"": 0.074, ""degree"": 0.048, ""n_seed_upstream"": 0.334, ""role"": 0.199}"
100000004394765100,coordinator,1.0,2,0.9560177870073585,"Кандидат в координирующий узел: 3 плательщиков → 2 получателей; сигналы S1, S3",1,False,3,2,603844.0,82500.0,10,2,0.13662469114539516,2,6.063293652444875e-05,peripheral;S1;S3,"{""betweenness"": 0.183, ""degree"": 0.135, ""n_seed_upstream"": 0.334, ""role"": 0.29}"
100000004004621100,coordinator,0.75,3,0.8313394429145411,Кандидат в координирующий узел: 3 плательщиков → 0 получателей; сигналы S3,1,False,3,0,75389.0,0.0,3,0,0.0,2,0.0,terminal;S3,"{""betweenness"": 0.074, ""degree"": 0.122, ""n_seed_upstream"": 0.334, ""role"": 0.29}"
100000000907277100,terminal,0.5,4,0.5910229786465623,"Вероятный конечный получатель: 1 плательщиков, получено 18 тыс., исходящих нет",1,False,1,0,17534.0,0.0,1,0,0.0,1,0.0,,"{""betweenness"": 0.074, ""degree"": 0.048, ""n_seed_upstream"": 0.262, ""role"": 0.199}"
100000003835149100,peripheral,0.5,13,0.5828969346756355,"Периферийный узел: 1 входящих, 2 исходящих, оборот 4.85 млн; есть источники вне выборки",1,False,1,2,248500.0,4600440.0,1,13,18.512837022132796,1,1.7833216624837866e-06,external_funding,"{""betweenness"": 0.155, ""degree"": 0.122, ""n_seed_upstream"": 0.262, ""role"": 0.036}"
100000004254434100,terminal,0.5,4,0.5910229786465623,"Вероятный конечный получатель: 1 плательщиков, получено 44 тыс., исходящих нет",1,False,1,0,44445.0,0.0,2,0,0.0,1,0.0,,"{""betweenness"": 0.074, ""degree"": 0.048, ""n_seed_upstream"": 0.262, ""role"": 0.199}"
100000003635170100,peripheral,0.5,10,0.7118753103697352,"Периферийный узел: 3 входящих, 4 исходящих, оборот 522 тыс.",1,False,3,4,268500.0,253500.0,13,10,0.9441340782122905,2,0.00018804136196634596,,"{""betweenness"": 0.191, ""degree"": 0.141, ""n_seed_upstream"": 0.334, ""role"": 0.036}"
100000006687202100,terminal,0.5,1,0.5910229786465623,"Вероятный конечный получатель: 1 плательщиков, получено 50 тыс., исходящих нет",1,False,1,0,50000.0,0.0,1,0,0.0,1,0.0,,"{""betweenness"": 0.074, ""degree"": 0.048, ""n_seed_upstream"": 0.262, ""role"": 0.199}"
100000006030946100,terminal,0.5,4,0.5910229786465623,"Вероятный конечный получатель: 1 плательщиков, получено 73 тыс., исходящих нет",1,False,1,0,73289.0,0.0,1,0,0.0,1,0.0,,"{""betweenness"": 0.074, ""degree"": 0.048, ""n_seed_upstream"": 0.262, ""role"": 0.199}"
100000002615479100,terminal,0.5,7,0.5910229786465623,"Вероятный конечный получатель: 1 плательщиков, получено 220 тыс., исходящих нет",1,False,1,0,220000.0,0.0,1,0,0.0,1,0.0,,"{""betweenness"": 0.074, ""degree"": 0.048, ""n_seed_upstream"": 0.262, ""role"": 0.199}"
100000002952631100,terminal,0.5,2,0.5910229786465623,"Вероятный конечный получатель: 1 плательщиков, получено 48 тыс., исходящих нет",1,False,1,0,48050.0,0.0,1,0,0.0,1,0.0,,"{""betweenness"": 0.074, ""degree"": 0.048, ""n_seed_upstream"": 0.262, ""role"": 0.199}"
100000002890167100,terminal,0.5,2,0.5910229786465623,"Вероятный конечный получатель: 1 плательщиков, получено 118 тыс., исходящих нет",1,False,1,0,118150.0,0.0,1,0,0.0,1,0.0,,"{""betweenness"": 0.074, ""degree"": 0.048, ""n_seed_upstream"": 0.262, ""role"": 0.199}"
100000008687671100,terminal,0.5,4,0.5910229786465623,"Вероятный конечный получатель: 1 плательщиков, получено 38 тыс., исходящих нет",1,False,1,0,37500.0,0.0,1,0,0.0,1,0.0,,"{""betweenness"": 0.074, ""degree"": 0.048, ""n_seed_upstream"": 0.262, ""role"": 0.199}"
100000000810551100,peripheral,0.5,5,0.668942711390005,"Периферийный узел: 1 входящих, 1 исходящих, оборот 107 тыс.",1,False,1,1,100000.0,7100.0,1,1,0.071,2,7.747541889235117e-05,,"{""betweenness"": 0.185, ""degree"": 0.105, ""n_seed_upstream"": 0.334, ""role"": 0.036}"
100000008724279100,terminal,0.5,2,0.5910229786465623,"Вероятный конечный получатель: 1 плательщиков, получено 12 тыс., исходящих нет",1,False,1,0,11750.0,0.0,1,0,0.0,1,0.0,,"{""betweenness"": 0.074, ""degree"": 0.048, ""n_seed_upstream"": 0.262, ""role"": 0.199}"
100000002592567100,peripheral,0.5,2,0.6242946142386349,"Периферийный узел: 1 входящих, 2 исходящих, оборот 54 тыс.; есть источники вне выборки",1,False,1,2,5297.0,48600.0,1,2,9.175004719652634,1,0.000707384259451902,external_funding,"{""betweenness"": 0.196, ""degree"": 0.122, ""n_seed_upstream"": 0.262, ""role"": 0.036}"
100000002670860100,coordinator,0.5,14,0.741253216559072,Кандидат в координирующий узел: 2 плательщиков → 0 получателей; сигналы S3,1,False,2,0,450000.0,0.0,2,0,0.0,1,0.0,terminal;S3,"{""betweenness"": 0.074, ""degree"": 0.105, ""n_seed_upstream"": 0.262, ""role"": 0.29}"
100000002844897100,terminal,0.5,7,0.5910229786465623,"Вероятный конечный получатель: 1 плательщиков, получено 11 тыс., исходящих нет",1,False,1,0,10800.0,0.0,1,0,0.0,1,0.0,,"{""betweenness"": 0.074, ""degree"": 0.048, ""n_seed_upstream"": 0.262, ""role"": 0.199}"
100000007938486100,terminal,0.5,4,0.5910229786465623,"Вероятный конечный получатель: 1 плательщиков, получено 40 тыс., исходящих нет",1,False,1,0,39500.0,0.0,1,0,0.0,1,0.0,,"{""betweenness"": 0.074, ""degree"": 0.048, ""n_seed_upstream"": 0.262, ""role"": 0.199}"
100000008438656100,coordinator,0.5,5,0.9323281115976705,Кандидат в координирующий узел: 2 плательщиков → 1 получателей; сигналы S3,1,False,2,1,80000.0,5000.0,2,1,0.0625,2,2.377762216645049e-05,peripheral;S3,"{""betweenness"": 0.173, ""degree"": 0.122, ""n_seed_upstream"": 0.334, ""role"": 0.29}"
100000008304139100,coordinator,1.0,3,0.9114486930612615,"Кандидат в координирующий узел: 4 плательщиков → 24 получателей; сигналы S1, S3",1,False,4,24,189329.75,1692997.0,4,43,8.942054801213228,1,0.0018168084803682045,external_funding;distributor;S1;S3,"{""betweenness"": 0.198, ""degree"": 0.149, ""n_seed_upstream"": 0.262, ""role"": 0.29}"
100000002597003100,peripheral,0.5,1,0.5734504085594331,"Периферийный узел: 1 входящих, 1 исходящих, оборот 29 тыс.",1,False,1,1,17700.0,11000.0,1,1,0.6214689265536724,1,1.922024458454748e-05,,"{""betweenness"": 0.163, ""degree"": 0.105, ""n_seed_upstream"": 0.262, ""role"": 0.036}"
100000002830055100,terminal,0.5,4,0.5910229786465623,"Вероятный конечный получатель: 1 плательщиков, получено 14 тыс., исходящих нет",1,False,1,0,14000.0,0.0,1,0,0.0,1,0.0,,"{""betweenness"": 0.074, ""degree"": 0.048, ""n_seed_upstream"": 0.262, ""role"": 0.199}"
100000004299488100,coordinator,1.0,1,0.8776578935488241,Кандидат в координирующий узел: 6 плательщиков → 2 получателей; сигналы S3,1,False,6,2,1749000.0,344999.0,22,14,0.19725500285877645,1,2.0805419395644178e-05,consolidator;S3,"{""betweenness"": 0.171, ""degree"": 0.142, ""n_seed_upstream"": 0.262, ""role"": 0.29}"
100000002809568100,terminal,0.5,1,0.5910229786465623,"Вероятный конечный получатель: 1 плательщиков, получено 10 тыс., исходящих нет",1,False,1,0,10000.0,0.0,1,0,0.0,1,0.0,,"{""betweenness"": 0.074, ""degree"": 0.048, ""n_seed_upstream"": 0.262, ""role"": 0.199}"
100000004784224100,peripheral,0.5,13,0.5589138187892195,"Периферийный узел: 1 входящих, 1 исходящих, оборот 124 тыс.; есть источники вне выборки",1,False,1,1,23500.0,100000.0,2,1,4.25531914893617,1,1.981468513870874e-07,external_funding,"{""betweenness"": 0.148, ""degree"": 0.105, ""n_seed_upstream"": 0.262, ""role"": 0.036}"
100000003123296100,terminal,0.5,13,0.5910229786465623,"Вероятный конечный получатель: 1 плательщиков, получено 86 тыс., исходящих нет",1,False,1,0,86200.0,0.0,2,0,0.0,1,0.0,,"{""betweenness"": 0.074, ""degree"": 0.048, ""n_seed_upstream"": 0.262, ""role"": 0.199}"
100000004130144100,terminal,0.5,7,0.5910229786465623,"Вероятный конечный получатель: 1 плательщиков, получено 200 тыс., исходящих нет",1,False,1,0,200000.0,0.0,1,0,0.0,1,0.0,,"{""betweenness"": 0.074, ""degree"": 0.048, ""n_seed_upstream"": 0.262, ""role"": 0.199}"
100000001253557100,coordinator,0.75,13,0.8449167080492981,Кандидат в координирующий узел: 5 плательщиков → 0 получателей; сигналы S3,1,False,5,0,210200.0,0.0,5,0,0.0,2,0.0,consolidator;S3,"{""betweenness"": 0.074, ""degree"": 0.135, ""n_seed_upstream"": 0.334, ""role"": 0.29}"
100000008767925100,terminal,0.5,4,0.5910229786465623,"Вероятный конечный получатель: 1 плательщиков, получено 17 тыс., исходящих нет",1,False,1,0,17144.0,0.0,1,0,0.0,1,0.0,,"{""betweenness"": 0.074, ""degree"": 0.048, ""n_seed_upstream"": 0.262, ""role"": 0.199}"
100000007181706100,coordinator,0.5,5,0.8141731750259582,Кандидат в координирующий узел: 2 плательщиков → 0 получателей; сигналы S3,1,False,2,0,176272.0,0.0,2,0,0.0,2,0.0,terminal;S3,"{""betweenness"": 0.074, ""degree"": 0.105, ""n_seed_upstream"": 0.334, ""role"": 0.29}"
100000003366154100,peripheral,0.5,10,0.6938738657396958,"Периферийный узел: 1 входящих, 3 исходящих, оборот 414 тыс.; есть источники вне выборки",1,False,1,3,125000.0,289170.0,1,3,2.31336,2,6.261440503831962e-05,external_funding,"{""betweenness"": 0.184, ""degree"": 0.13, ""n_seed_upstream"": 0.334, ""role"": 0.036}"
100000007641183100,terminal,0.5,2,0.5910229786465623,"Вероятный конечный получатель: 1 плательщиков, получено 28 тыс., исходящих нет",1,False,1,0,28000.0,0.0,1,0,0.0,1,0.0,,"{""betweenness"": 0.074, ""degree"": 0.048, ""n_seed_upstream"": 0.262, ""role"": 0.199}"
100000008663007100,terminal,0.5,4,0.5910229786465623,"Вероятный конечный получатель: 1 плательщиков, получено 14 тыс., исходящих нет",1,False,1,0,14000.0,0.0,1,0,0.0,1,0.0,,"{""betweenness"": 0.074, ""degree"": 0.048, ""n_seed_upstream"": 0.262, ""role"": 0.199}"
100000007334196100,terminal,0.5,10,0.6639429371134485,"Вероятный конечный получатель: 1 плательщиков, получено 150 тыс., исходящих нет",1,False,1,0,150002.0,0.0,1,0,0.0,2,0.0,,"{""betweenness"": 0.074, ""degree"": 0.048, ""n_seed_upstream"": 0.334, ""role"": 0.199}"
100000003873332100,peripheral,0.5,19,0.638865062525394,"Периферийный узел: 1 входящих, 4 исходящих, оборот 309 тыс.; есть источники вне выборки",1,False,1,4,23468.0,286000.0,1,8,12.186807567751833,1,0.0009806287675146956,external_funding,"{""betweenness"": 0.197, ""degree"": 0.135, ""n_seed_upstream"": 0.262, ""role"": 0.036}"
100000001550388100,terminal,0.5,1,0.5910229786465623,"Вероятный конечный получатель: 1 плательщиков, получено 50 тыс., исходящих нет",1,False,1,0,50000.0,0.0,1,0,0.0,1,0.0,,"{""betweenness"": 0.074, ""degree"": 0.048, ""n_seed_upstream"": 0.262, ""role"": 0.199}"
100000008718089100,terminal,0.5,4,0.5910229786465623,"Вероятный конечный получатель: 1 плательщиков, получено 16 тыс., исходящих нет",1,False,1,0,15534.0,0.0,1,0,0.0,1,0.0,,"{""betweenness"": 0.074, ""degree"": 0.048, ""n_seed_upstream"": 0.262, ""role"": 0.199}"
100000008728457100,terminal,0.5,10,0.6639429371134485,"Вероятный конечный получатель: 1 плательщиков, получено 45 тыс., исходящих нет",1,False,1,0,45000.0,0.0,1,0,0.0,2,0.0,,"{""betweenness"": 0.074, ""degree"": 0.048, ""n_seed_upstream"": 0.334, ""role"": 0.199}"
100000004206046100,terminal,0.5,2,0.5910229786465623,"Вероятный конечный получатель: 1 плательщиков, получено 11 тыс., исходящих нет",1,False,1,0,11075.0,0.0,1,0,0.0,1,0.0,,"{""betweenness"": 0.074, ""degree"": 0.048, ""n_seed_upstream"": 0.262, ""role"": 0.199}"
100000006579678100,peripheral,0.5,2,0.6449370231592254,"Периферийный узел: 2 входящих, 6 исходящих, оборот 1.86 млн; есть источники вне выборки",1,False,2,6,192930.0,1668800.0,2,15,8.649769346395066,1,0.0005680870229267796,external_funding,"{""betweenness"": 0.195, ""degree"": 0.142, ""n_seed_upstream"": 0.262, ""role"": 0.036}"
100000002988894100,peripheral,0.5,5,0.6944156020044243,"Периферийный узел: 1 входящих, 3 исходящих, оборот 384 тыс.",1,False,1,3,306121.0,77500.0,1,3,0.25316786499456095,2,7.133286649935147e-05,,"{""betweenness"": 0.184, ""degree"": 0.13, ""n_seed_upstream"": 0.334, ""role"": 0.036}"
100000008749406100,terminal,0.5,4,0.5910229786465623,"Вероятный конечный получатель: 1 плательщиков, получено 17 тыс., исходящих нет",1,False,1,0,17144.0,0.0,1,0,0.0,1,0.0,,"{""betweenness"": 0.074, ""degree"": 0.048, ""n_seed_upstream"": 0.262, ""role"": 0.199}"
100000005584222100,peripheral,0.5,1,0.6143627827186132,"Периферийный узел: 2 входящих, 2 исходящих, оборот 301 тыс.",1,False,2,2,192717.0,108587.0,6,3,0.5634531463233653,1,3.863863602048205e-05,,"{""betweenness"": 0.177, ""degree"": 0.13, ""n_seed_upstream"": 0.262, ""role"": 0.036}"
100000003239859100,terminal,0.5,13,0.5910229786465623,"Вероятный конечный получатель: 1 плательщиков, получено 19 тыс., исходящих нет",1,False,1,0,18600.0,0.0,1,0,0.0,1,0.0,,"{""betweenness"": 0.074, ""degree"": 0.048, ""n_seed_upstream"": 0.262, ""role"": 0.199}"
100000003980083100,terminal,0.5,44,0.5910229786465623,"Вероятный конечный получатель: 1 плательщиков, получено 30 тыс., исходящих нет",1,False,1,0,30000.0,0.0,1,0,0.0,1,0.0,,"{""betweenness"": 0.074, ""degree"": 0.048, ""n_seed_upstream"": 0.262, ""role"": 0.199}"
100000004351795100,coordinator,0.75,17,0.9108166674190782,Кандидат в координирующий узел: 3 плательщиков → 14 получателей; сигналы S3,1,False,3,14,118333.0,1715161.0,3,37,14.494359139039828,1,0.0019354984443490698,external_funding;peripheral;S3,"{""betweenness"": 0.198, ""degree"": 0.147, ""n_seed_upstream"": 0.262, ""role"": 0.29}"
100000002666248100,terminal,0.5,5,0.6639429371134485,"Вероятный конечный получатель: 1 плательщиков, получено 70 тыс., исходящих нет",1,False,1,0,70032.0,0.0,1,0,0.0,2,0.0,,"{""betweenness"": 0.074, ""degree"": 0.048, ""n_seed_upstream"": 0.334, ""role"": 0.199}"
100000005877725100,terminal,0.5,4,0.5910229786465623,"Вероятный конечный получатель: 1 плательщиков, получено 70 тыс., исходящих нет",1,False,1,0,70000.0,0.0,1,0,0.0,1,0.0,,"{""betweenness"": 0.074, ""degree"": 0.048, ""n_seed_upstream"": 0.262, ""role"": 0.199}"
100000001697501100,coordinator,0.5,4,0.9060313304139769,Кандидат в координирующий узел: 3 плательщиков → 38 получателей; сигналы S3,1,False,3,38,123700.0,1482606.0,3,55,11.98549717057397,1,0.00020547828488840964,external_funding;distributor;S3,"{""betweenness"": 0.192, ""degree"": 0.149, ""n_seed_upstream"": 0.262, ""role"": 0.29}"
100000006972210100,consolidator,1.0,7,0.83414969978782,"Признаки консолидации: 3 плательщиков, деньги от 4 seed за ≤2 колена, получено 489 тыс., дальше ушло 0%",1,False,3,0,488775.0,0.0,4,0,0.0,4,0.0,,"{""betweenness"": 0.074, ""degree"": 0.122, ""n_seed_upstream"": 0.349, ""role"": 0.278}"
100000008749618100,terminal,0.5,4,0.5910229786465623,"Вероятный конечный получатель: 1 плательщиков, получено 47 тыс., исходящих нет",1,False,1,0,47280.0,0.0,1,0,0.0,1,0.0,,"{""betweenness"": 0.074, ""degree"": 0.048, ""n_seed_upstream"": 0.262, ""role"": 0.199}"
100000008671026100,terminal,0.5,4,0.5910229786465623,"Вероятный конечный получатель: 1 плательщиков, получено 24 тыс., исходящих нет",1,False,1,0,23534.0,0.0,1,0,0.0,1,0.0,,"{""betweenness"": 0.074, ""degree"": 0.048, ""n_seed_upstream"": 0.262, ""role"": 0.199}"
100000001696818100,terminal,0.5,5,0.5910229786465623,"Вероятный конечный получатель: 1 плательщиков, получено 54 тыс., исходящих нет",1,False,1,0,53550.0,0.0,1,0,0.0,1,0.0,,"{""betweenness"": 0.074, ""degree"": 0.048, ""n_seed_upstream"": 0.262, ""role"": 0.199}"
100000008679986100,terminal,0.5,4,0.5910229786465623,"Вероятный конечный получатель: 1 плательщиков, получено 19 тыс., исходящих нет",1,False,1,0,19000.0,0.0,1,0,0.0,1,0.0,,"{""betweenness"": 0.074, ""degree"": 0.048, ""n_seed_upstream"": 0.262, ""role"": 0.199}"
100000003616818100,peripheral,0.5,23,0.6011466750936754,"Периферийный узел: 3 входящих, 3 исходящих, оборот 318 тыс.; есть источники вне выборки",1,False,3,3,78000.0,240100.0,4,8,3.0782051282051284,1,3.1703496221933985e-06,external_funding,"{""betweenness"": 0.156, ""degree"": 0.138, ""n_seed_upstream"": 0.262, ""role"": 0.036}"
100000004156082100,coordinator,0.6931745009658756,2,0.9971220260936301,Кандидат в координирующий узел: 5 плательщиков → 26 получателей; сигналы S2,1,False,5,26,377366.11,2319556.0,7,29,6.146699288921308,3,0.0018328583753305584,external_funding;distributor;S2,"{""betweenness"": 0.198, ""degree"": 0.149, ""n_seed_upstream"": 0.346, ""role"": 0.29}"
100000008667058100,terminal,0.5,4,0.5910229786465623,"Вероятный конечный получатель: 1 плательщиков, получено 18 тыс., исходящих нет",1,False,1,0,17534.0,0.0,1,0,0.0,1,0.0,,"{""betweenness"": 0.074, ""degree"": 0.048, ""n_seed_upstream"": 0.262, ""role"": 0.199}"
100000008628231100,peripheral,0.5,5,0.682226536048034,"Периферийный узел: 1 входящих, 2 исходящих, оборот 678 тыс.; есть источники вне выборки",1,False,1,2,50000.0,627870.0,1,19,12.5574,2,4.755524433290098e-05,external_funding,"{""betweenness"": 0.181, ""degree"": 0.122, ""n_seed_upstream"": 0.334, ""role"": 0.036}"
100000008749063100,terminal,0.5,4,0.5910229786465623,"Вероятный конечный получатель: 1 плательщиков, получено 19 тыс., исходящих нет",1,False,1,0,19000.0,0.0,1,0,0.0,1,0.0,,"{""betweenness"": 0.074, ""degree"": 0.048, ""n_seed_upstream"": 0.262, ""role"": 0.199}"
100000004494983100,terminal,0.5,4,0.5910229786465623,"Вероятный конечный получатель: 1 плательщиков, получено 35 тыс., исходящих нет",1,False,1,0,35000.0,0.0,1,0,0.0,1,0.0,,"{""betweenness"": 0.074, ""degree"": 0.048, ""n_seed_upstream"": 0.262, ""role"": 0.199}"
100000007648946100,peripheral,0.5,3,0.4835221886145096,"Периферийный узел: 1 входящих, 1 исходящих, оборот 45 тыс.; есть источники вне выборки",1,False,1,1,19550.0,25000.0,1,1,1.278772378516624,1,0.0,external_funding,"{""betweenness"": 0.074, ""degree"": 0.105, ""n_seed_upstream"": 0.262, ""role"": 0.036}"
100000003037660100,terminal,0.5,5,0.6639429371134485,"Вероятный конечный получатель: 1 плательщиков, получено 53 тыс., исходящих нет",1,False,1,0,53000.0,0.0,1,0,0.0,2,0.0,,"{""betweenness"": 0.074, ""degree"": 0.048, ""n_seed_upstream"": 0.334, ""role"": 0.199}"
100000002679516100,coordinator,0.5,10,0.8313394429145411,Кандидат в координирующий узел: 3 плательщиков → 0 получателей; сигналы S3,1,False,3,0,102335.0,0.0,3,0,0.0,2,0.0,terminal;S3,"{""betweenness"": 0.074, ""degree"": 0.122, ""n_seed_upstream"": 0.334, ""role"": 0.29}"
100000005588444100,terminal,0.5,7,0.5910229786465623,"Вероятный конечный получатель: 1 плательщиков, получено 12 тыс., исходящих нет",1,False,1,0,12300.0,0.0,1,0,0.0,1,0.0,,"{""betweenness"": 0.074, ""degree"": 0.048, ""n_seed_upstream"": 0.262, ""role"": 0.199}"
100000001307612100,terminal,0.5,4,0.5910229786465623,"Вероятный конечный получатель: 1 плательщиков, получено 38 тыс., исходящих нет",1,False,1,0,38483.0,0.0,1,0,0.0,1,0.0,,"{""betweenness"": 0.074, ""degree"": 0.048, ""n_seed_upstream"": 0.262, ""role"": 0.199}"
100000003001564100,peripheral,0.5,2,0.5734504085594331,"Периферийный узел: 1 входящих, 1 исходящих, оборот 204 тыс.; есть источники вне выборки",1,False,1,1,23520.0,180000.0,1,1,7.653061224489796,1,1.922024458454748e-05,external_funding,"{""betweenness"": 0.163, ""degree"": 0.105, ""n_seed_upstream"": 0.262, ""role"": 0.036}"
100000002762076100,coordinator,0.5,7,0.9078145456187079,Кандидат в координирующий узел: 2 плательщиков → 1 получателей; сигналы S3,1,False,2,1,140350.0,30000.0,2,1,0.21375133594584966,2,3.962937027741748e-07,peripheral;S3,"{""betweenness"": 0.149, ""degree"": 0.122, ""n_seed_upstream"": 0.334, ""role"": 0.29}"
100000005514161100,consolidator,1.0,7,0.9546295878289921,"Признаки консолидации: 4 плательщиков, деньги от 4 seed за ≤2 колена, получено 402 тыс., дальше ушло 12%",1,False,4,1,401500.0,50000.0,7,1,0.12453300124533001,4,4.042195768296583e-05,,"{""betweenness"": 0.179, ""degree"": 0.135, ""n_seed_upstream"": 0.349, ""role"": 0.278}"
100000008746673100,terminal,0.5,4,0.5910229786465623,"Вероятный конечный получатель: 1 плательщиков, получено 53 тыс., исходящих нет",1,False,1,0,53048.0,0.0,1,0,0.0,1,0.0,,"{""betweenness"": 0.074, ""degree"": 0.048, ""n_seed_upstream"": 0.262, ""role"": 0.199}"
100000003265158100,coordinator,0.5,13,0.9634666606473749,Кандидат в координирующий узел: 3 плательщиков → 2 получателей; сигналы S3,1,False,3,2,146100.4,154200.0,3,4,1.055438588806054,2,0.00017654884458589488,transit;S3,"{""betweenness"": 0.191, ""degree"": 0.135, ""n_seed_upstream"": 0.334, ""role"": 0.29}"
100000001567366100,terminal,0.5,2,0.5910229786465623,"Вероятный конечный получатель: 1 плательщиков, получено 824 тыс., исходящих нет",1,False,1,0,824070.0,0.0,4,0,0.0,1,0.0,,"{""betweenness"": 0.074, ""degree"": 0.048, ""n_seed_upstream"": 0.262, ""role"": 0.199}"
100000008777088100,terminal,0.5,4,0.5910229786465623,"Вероятный конечный получатель: 1 плательщиков, получено 18 тыс., исходящих нет",1,False,1,0,18000.0,0.0,1,0,0.0,1,0.0,,"{""betweenness"": 0.074, ""degree"": 0.048, ""n_seed_upstream"": 0.262, ""role"": 0.199}"
100000002589019100,terminal,0.5,13,0.5910229786465623,"Вероятный конечный получатель: 1 плательщиков, получено 35 тыс., исходящих нет",1,False,1,0,34710.0,0.0,1,0,0.0,1,0.0,,"{""betweenness"": 0.074, ""degree"": 0.048, ""n_seed_upstream"": 0.262, ""role"": 0.199}"
100000008666075100,terminal,0.5,4,0.5910229786465623,"Вероятный конечный получатель: 1 плательщиков, получено 26 тыс., исходящих нет",1,False,1,0,26217.0,0.0,1,0,0.0,1,0.0,,"{""betweenness"": 0.074, ""degree"": 0.048, ""n_seed_upstream"": 0.262, ""role"": 0.199}"
100000008137435100,coordinator,0.5,1,0.900501106044874,Кандидат в координирующий узел: 2 плательщиков → 6 получателей; сигналы S3,1,False,2,6,93906.0,1419700.0,2,7,15.118309799160864,1,0.00029840915818895366,external_funding;peripheral;S3,"{""betweenness"": 0.193, ""degree"": 0.142, ""n_seed_upstream"": 0.262, ""role"": 0.29}"
100000004403675100,coordinator,0.5,11,0.9803846327479572,Кандидат в координирующий узел: 4 плательщиков → 5 получателей; сигналы S3,1,False,4,5,182980.0,264699.0,8,6,1.4466007213903158,2,0.002877290428991896,external_funding;peripheral;S3,"{""betweenness"": 0.199, ""degree"": 0.144, ""n_seed_upstream"": 0.334, ""role"": 0.29}"
100000004677680100,peripheral,0.5,10,0.6807819060087582,"Периферийный узел: 2 входящих, 1 исходящих, оборот 231 тыс.; есть источники вне выборки",1,False,2,1,63000.0,168000.0,2,3,2.6666666666666665,2,4.1214545088514184e-05,external_funding,"{""betweenness"": 0.18, ""degree"": 0.122, ""n_seed_upstream"": 0.334, ""role"": 0.036}"
100000005958064100,peripheral,0.5,11,0.601677125186222,"Периферийный узел: 1 входящих, 2 исходящих, оборот 170 тыс.; есть источники вне выборки",1,False,1,2,5746.0,163986.84,1,3,28.539303863557258,1,2.377762216645049e-05,external_funding,"{""betweenness"": 0.173, ""degree"": 0.122, ""n_seed_upstream"": 0.262, ""role"": 0.036}"
100000002881669100,terminal,0.5,13,0.5910229786465623,"Вероятный конечный получатель: 1 плательщиков, получено 19 тыс., исходящих нет",1,False,1,0,18600.0,0.0,1,0,0.0,1,0.0,,"{""betweenness"": 0.074, ""degree"": 0.048, ""n_seed_upstream"": 0.262, ""role"": 0.199}"
100000002938501100,peripheral,0.5,2,0.4835221886145096,"Периферийный узел: 1 входящих, 1 исходящих, оборот 13 тыс.",1,False,1,1,8395.0,5000.0,1,1,0.5955926146515783,1,0.0,,"{""betweenness"": 0.074, ""degree"": 0.105, ""n_seed_upstream"": 0.262, ""role"": 0.036}"
100000006734554100,peripheral,0.5,24,0.5612161979143155,"Периферийный узел: 1 входящих, 1 исходящих, оборот 42 тыс.; есть источники вне выборки",1,False,1,1,16500.0,25000.0,1,1,1.5151515151515151,1,5.944405541612623e-07,external_funding,"{""betweenness"": 0.15, ""degree"": 0.105, ""n_seed_upstream"": 0.262, ""role"": 0.036}"
100000008003034100,peripheral,0.5,2,0.6385941943930297,"Периферийный узел: 1 входящих, 4 исходящих, оборот 147 тыс.; есть источники вне выборки",1,False,1,4,12201.0,135000.0,1,4,11.064666830587656,1,0.0009673529284717607,external_funding,"{""betweenness"": 0.196, ""degree"": 0.135, ""n_seed_upstream"": 0.262, ""role"": 0.036}"
100000003970394100,terminal,0.5,13,0.5910229786465623,"Вероятный конечный получатель: 1 плательщиков, получено 85 тыс., исходящих нет",1,False,1,0,85000.0,0.0,1,0,0.0,1,0.0,,"{""betweenness"": 0.074, ""degree"": 0.048, ""n_seed_upstream"": 0.262, ""role"": 0.199}"
100000003205210100,terminal,0.5,5,0.6639429371134485,"Вероятный конечный получатель: 1 плательщиков, получено 138 тыс., исходящих нет",1,False,1,0,137563.0,0.0,1,0,0.0,2,0.0,,"{""betweenness"": 0.074, ""degree"": 0.048, ""n_seed_upstream"": 0.334, ""role"": 0.199}"
100000004559194100,terminal,0.5,2,0.5910229786465623,"Вероятный конечный получатель: 1 плательщиков, получено 282 тыс., исходящих нет",1,False,1,0,282145.0,0.0,6,0,0.0,1,0.0,,"{""betweenness"": 0.074, ""degree"": 0.048, ""n_seed_upstream"": 0.262, ""role"": 0.199}"
100000008173359100,terminal,0.5,2,0.5910229786465623,"Вероятный конечный получатель: 1 плательщиков, получено 6 тыс., исходящих нет",1,False,1,0,6110.0,0.0,1,0,0.0,1,0.0,,"{""betweenness"": 0.074, ""degree"": 0.048, ""n_seed_upstream"": 0.262, ""role"": 0.199}"
100000007953156100,peripheral,0.5,11,0.5799512437361745,"Периферийный узел: 1 входящих, 1 исходящих, оборот 28 тыс.",2,False,1,1,18000.0,10000.0,1,1,0.5555555555555556,1,1.981468513870874e-05,,"{""betweenness"": 0.169, ""degree"": 0.105, ""n_seed_upstream"": 0.262, ""role"": 0.036}"
100000002224132100,peripheral,0.5,13,0.6080650986411449,"Периферийный узел: 5 входящих, 4 исходящих, оборот 16.07 млн; есть источники вне выборки",2,False,5,4,3951020.0,12115000.0,10,25,3.0662968043695047,1,6.340699244386797e-06,external_funding,"{""betweenness"": 0.158, ""degree"": 0.144, ""n_seed_upstream"": 0.262, ""role"": 0.036}"
100000008547844100,peripheral,0.5,6,0.6530517809579703,"Периферийный узел: 3 входящих, 19 исходящих, оборот 2.22 млн; есть источники вне выборки",2,False,3,19,177600.0,2042199.0,3,21,11.498868243243244,1,0.0017197165231885316,external_funding,"{""betweenness"": 0.198, ""degree"": 0.148, ""n_seed_upstream"": 0.262, ""role"": 0.036}"
100000002635780100,terminal,0.5,7,0.5910229786465623,"Вероятный конечный получатель: 1 плательщиков, получено 163 тыс., исходящих нет",2,False,1,0,163000.02,0.0,1,0,0.0,1,0.0,,"{""betweenness"": 0.074, ""degree"": 0.048, ""n_seed_upstream"": 0.262, ""role"": 0.199}"
100000001279875100,terminal,0.5,14,0.5910229786465623,"Вероятный конечный получатель: 1 плательщиков, получено 49 тыс., исходящих нет",2,False,1,0,49235.0,0.0,1,0,0.0,1,0.0,,"{""betweenness"": 0.074, ""degree"": 0.048, ""n_seed_upstream"": 0.262, ""role"": 0.199}"
100000001961048100,terminal,0.5,14,0.5910229786465623,"Вероятный конечный получатель: 1 плательщиков, получено 150 тыс., исходящих нет",2,False,1,0,150000.0,0.0,1,0,0.0,1,0.0,,"{""betweenness"": 0.074, ""degree"": 0.048, ""n_seed_upstream"": 0.262, ""role"": 0.199}"
100000000993112100,terminal,0.5,3,0.5910229786465623,"Вероятный конечный получатель: 1 плательщиков, получено 141 тыс., исходящих нет",2,False,1,0,141000.0,0.0,1,0,0.0,1,0.0,,"{""betweenness"": 0.074, ""degree"": 0.048, ""n_seed_upstream"": 0.262, ""role"": 0.199}"
100000005547096100,peripheral,0.5,31,0.5771635592072594,"Периферийный узел: 1 входящих, 2 исходящих, оборот 234 тыс.; есть источники вне выборки",2,False,1,2,8000.0,226300.0,1,3,28.2875,1,3.962937027741748e-07,external_funding,"{""betweenness"": 0.149, ""degree"": 0.122, ""n_seed_upstream"": 0.262, ""role"": 0.036}"
100000000331309100,coordinator,1.0,8,1.0,Кандидат в координирующий узел: 5 плательщиков → 99 получателей; сигналы S2,2,False,5,99,984635.0,23001375.0,8,126,23.360306103276848,3,0.005095346283418953,external_funding;distributor;S2,"{""betweenness"": 0.2, ""degree"": 0.15, ""n_seed_upstream"": 0.346, ""role"": 0.29}"
100000006684930100,terminal,0.5,20,0.5910229786465623,"Вероятный конечный получатель: 1 плательщиков, получено 10 тыс., исходящих нет",2,False,1,0,10000.0,0.0,1,0,0.0,1,0.0,,"{""betweenness"": 0.074, ""degree"": 0.048, ""n_seed_upstream"": 0.262, ""role"": 0.199}"
100000004479404100,peripheral,0.5,3,0.6150850977382512,"Периферийный узел: 2 входящих, 1 исходящих, оборот 1.79 млн",2,False,2,1,1492000.0,300000.0,8,2,0.20107238605898123,1,9.610122292273739e-05,,"{""betweenness"": 0.187, ""degree"": 0.122, ""n_seed_upstream"": 0.262, ""role"": 0.036}"
100000004134060100,terminal,0.5,6,0.5910229786465623,"Вероятный конечный получатель: 1 плательщиков, получено 88 тыс., исходящих нет",2,False,1,0,88179.0,0.0,1,0,0.0,1,0.0,,"{""betweenness"": 0.074, ""degree"": 0.048, ""n_seed_upstream"": 0.262, ""role"": 0.199}"
100000001083990100,terminal,0.5,13,0.5910229786465623,"Вероятный конечный получатель: 1 плательщиков, получено 50 тыс., исходящих нет",2,False,1,0,49900.0,0.0,2,0,0.0,1,0.0,,"{""betweenness"": 0.074, ""degree"": 0.048, ""n_seed_upstream"": 0.262, ""role"": 0.199}"
100000004573782100,terminal,0.5,25,0.5910229786465623,"Вероятный конечный получатель: 1 плательщиков, получено 15 тыс., исходящих нет",2,False,1,0,15000.0,0.0,1,0,0.0,1,0.0,,"{""betweenness"": 0.074, ""degree"": 0.048, ""n_seed_upstream"": 0.262, ""role"": 0.199}"
100000005660203100,peripheral,0.5,2,0.594634553744752,"Периферийный узел: 1 входящих, 2 исходящих, оборот 614 тыс.",2,False,1,2,572899.0,41000.0,12,5,0.07156584319400104,1,1.9418391435934565e-05,,"{""betweenness"": 0.167, ""degree"": 0.122, ""n_seed_upstream"": 0.262, ""role"": 0.036}"
100000008771627100,terminal,0.5,4,0.5910229786465623,"Вероятный конечный получатель: 1 плательщиков, получено 16 тыс., исходящих нет",2,False,1,0,16500.0,0.0,1,0,0.0,1,0.0,,"{""betweenness"": 0.074, ""degree"": 0.048, ""n_seed_upstream"": 0.262, ""role"": 0.199}"
100000000031787100,transit,0.50147168865704,25,0.8157306667870525,"Признаки транзита: получено 90 тыс., отдано 100%, 1→2 контрагента",2,False,1,2,90000.0,90000.0,2,4,1.0,1,3.962937027741748e-07,,"{""betweenness"": 0.149, ""degree"": 0.122, ""n_seed_upstream"": 0.262, ""role"": 0.271}"
100000001346560100,peripheral,0.5,15,0.6755451221163831,"Периферийный узел: 2 входящих, 1 исходящих, оборот 32 тыс.; есть источники вне выборки",2,False,2,1,10000.0,22200.0,2,1,2.22,2,2.5759090680321364e-05,external_funding,"{""betweenness"": 0.174, ""degree"": 0.122, ""n_seed_upstream"": 0.334, ""role"": 0.036}"
100000001703168100,peripheral,0.5,3,0.5734504085594331,"Периферийный узел: 1 входящих, 1 исходящих, оборот 135 тыс.; есть источники вне выборки",2,False,1,1,45000.0,90000.0,1,1,2.0,1,1.922024458454748e-05,external_funding,"{""betweenness"": 0.163, ""degree"": 0.105, ""n_seed_upstream"": 0.262, ""role"": 0.036}"
100000004904960100,terminal,0.5,1,0.6490226174890525,"Вероятный конечный получатель: 2 плательщиков, получено 32 тыс., исходящих нет",2,False,2,0,32000.0,0.0,2,0,0.0,1,0.0,,"{""betweenness"": 0.074, ""degree"": 0.105, ""n_seed_upstream"": 0.262, ""role"": 0.199}"
100000004467157100,peripheral,0.5,22,0.4835221886145096,"Периферийный узел: 1 входящих, 1 исходящих, оборот 27 тыс.",2,False,1,1,20000.0,7000.0,3,1,0.35,1,0.0,,"{""betweenness"": 0.074, ""degree"": 0.105, ""n_seed_upstream"": 0.262, ""role"": 0.036}"
100000008346837100,coordinator,1.0,3,0.9869418987856078,Кандидат в координирующий узел: 9 плательщиков → 25 получателей; сигналы S2,2,False,9,25,254359.0,1258643.0,12,26,4.948293553599441,2,0.008627313909393785,external_funding;distributor;S2,"{""betweenness"": 0.2, ""degree"": 0.149, ""n_seed_upstream"": 0.334, ""role"": 0.29}"
100000006385877100,peripheral,0.5,7,0.4835221886145096,"Периферийный узел: 1 входящих, 1 исходящих, оборот 90 тыс.",2,False,1,1,53706.62,36602.93,5,5,0.6815347903107661,1,0.0,,"{""betweenness"": 0.074, ""degree"": 0.105, ""n_seed_upstream"": 0.262, ""role"": 0.036}"
100000002459093100,peripheral,0.5,7,0.5637443004830482,"Периферийный узел: 1 входящих, 1 исходящих, оборот 555 тыс.",2,False,1,1,500000.0,55000.0,2,3,0.11,1,1.1888811083225246e-06,,"{""betweenness"": 0.153, ""degree"": 0.105, ""n_seed_upstream"": 0.262, ""role"": 0.036}"
100000005053653100,peripheral,0.5,3,0.590616676448016,"Периферийный узел: 2 входящих, 1 исходящих, оборот 88 тыс.",2,False,2,1,63073.0,25000.0,2,1,0.3963661154535221,1,1.922024458454748e-05,,"{""betweenness"": 0.163, ""degree"": 0.122, ""n_seed_upstream"": 0.262, ""role"": 0.036}"
100000001557930100,terminal,0.5,18,0.5910229786465623,"Вероятный конечный получатель: 1 плательщиков, получено 35 тыс., исходящих нет",2,False,1,0,34610.0,0.0,1,0,0.0,1,0.0,,"{""betweenness"": 0.074, ""degree"": 0.048, ""n_seed_upstream"": 0.262, ""role"": 0.199}"
100000002820010100,terminal,0.5,18,0.5910229786465623,"Вероятный конечный получатель: 1 плательщиков, получено 30 тыс., исходящих нет",2,False,1,0,30000.0,0.0,1,0,0.0,1,0.0,,"{""betweenness"": 0.074, ""degree"": 0.048, ""n_seed_upstream"": 0.262, ""role"": 0.199}"
100000000769919100,terminal,0.5,42,0.5910229786465623,"Вероятный конечный получатель: 1 плательщиков, получено 250 тыс., исходящих нет",2,False,1,0,250000.0,0.0,1,0,0.0,1,0.0,,"{""betweenness"": 0.074, ""degree"": 0.048, ""n_seed_upstream"": 0.262, ""role"": 0.199}"
100000003188607100,peripheral,0.5,25,0.5612161979143155,"Периферийный узел: 1 входящих, 1 исходящих, оборот 23 тыс.",2,False,1,1,18000.0,5000.0,1,1,0.2777777777777778,1,5.944405541612623e-07,,"{""betweenness"": 0.15, ""degree"": 0.105, ""n_seed_upstream"": 0.262, ""role"": 0.036}"
100000002836052100,terminal,0.5,15,0.6639429371134485,"Вероятный конечный получатель: 1 плательщиков, получено 15 тыс., исходящих нет",2,False,1,0,15000.0,0.0,1,0,0.0,2,0.0,,"{""betweenness"": 0.074, ""degree"": 0.048, ""n_seed_upstream"": 0.334, ""role"": 0.199}"
100000001102676100,transit,0.50147168865704,5,0.823393977698524,"Признаки транзита: получено 50 тыс., отдано 100%, 1→1 контрагента",2,False,1,1,50000.0,50000.0,1,1,1.0,1,2.3975769017837576e-05,,"{""betweenness"": 0.174, ""degree"": 0.105, ""n_seed_upstream"": 0.262, ""role"": 0.271}"
100000003390036100,peripheral,0.5,3,0.695589363911336,"Периферийный узел: 2 входящих, 2 исходящих, оборот 293 тыс.",2,False,2,2,231300.0,62000.0,4,2,0.2680501513186338,2,7.826800629789953e-05,,"{""betweenness"": 0.185, ""degree"": 0.13, ""n_seed_upstream"": 0.334, ""role"": 0.036}"
100000008335401100,terminal,0.5,7,0.5910229786465623,"Вероятный конечный получатель: 1 плательщиков, получено 150 тыс., исходящих нет",2,False,1,0,150000.0,0.0,3,0,0.0,1,0.0,,"{""betweenness"": 0.074, ""degree"": 0.048, ""n_seed_upstream"": 0.262, ""role"": 0.199}"
100000006994985100,peripheral,0.5,7,0.5786420477630808,"Периферийный узел: 1 входящих, 1 исходящих, оборот 59 тыс.",2,False,1,1,48500.0,10200.0,2,2,0.21030927835051547,1,1.9616538287321655e-05,,"{""betweenness"": 0.168, ""degree"": 0.105, ""n_seed_upstream"": 0.262, ""role"": 0.036}"
100000008356606100,terminal,0.5,2,0.6490226174890525,"Вероятный конечный получатель: 2 плательщиков, получено 168 тыс., исходящих нет",2,False,2,0,168500.0,0.0,2,0,0.0,1,0.0,,"{""betweenness"": 0.074, ""degree"": 0.105, ""n_seed_upstream"": 0.262, ""role"": 0.199}"
100000007930878100,terminal,0.5,32,0.5910229786465623,"Вероятный конечный получатель: 1 плательщиков, получено 5 тыс., исходящих нет",2,False,1,0,5000.0,0.0,1,0,0.0,1,0.0,,"{""betweenness"": 0.074, ""degree"": 0.048, ""n_seed_upstream"": 0.262, ""role"": 0.199}"
100000008389800100,peripheral,0.5,2,0.641370592749763,"Периферийный узел: 3 входящих, 7 исходящих, оборот 591 тыс.; есть источники вне выборки",2,False,3,7,189000.0,401620.0,3,8,2.124973544973545,1,0.00015514898463608943,external_funding,"{""betweenness"": 0.19, ""degree"": 0.144, ""n_seed_upstream"": 0.262, ""role"": 0.036}"
100000005474472100,terminal,0.5,13,0.5910229786465623,"Вероятный конечный получатель: 1 плательщиков, получено 100 тыс., исходящих нет",2,False,1,0,100000.0,0.0,1,0,0.0,1,0.0,,"{""betweenness"": 0.074, ""degree"": 0.048, ""n_seed_upstream"": 0.262, ""role"": 0.199}"
100000004486525100,peripheral,0.5,3,0.6084601146675095,"Периферийный узел: 8 входящих, 2 исходящих, оборот 632 тыс.",2,False,8,2,360924.0,271045.0,21,3,0.7509752745730403,1,4.755524433290098e-06,,"{""betweenness"": 0.157, ""degree"": 0.144, ""n_seed_upstream"": 0.262, ""role"": 0.036}"
100000003031890100,terminal,0.5,23,0.5910229786465623,"Вероятный конечный получатель: 1 плательщиков, получено 215 тыс., исходящих нет",2,False,1,0,215000.0,0.0,10,0,0.0,1,0.0,,"{""betweenness"": 0.074, ""degree"": 0.048, ""n_seed_upstream"": 0.262, ""role"": 0.199}"
100000008624978100,terminal,0.5,6,0.5910229786465623,"Вероятный конечный получатель: 1 плательщиков, получено 109 тыс., исходящих нет",2,False,1,0,109000.0,0.0,1,0,0.0,1,0.0,,"{""betweenness"": 0.074, ""degree"": 0.048, ""n_seed_upstream"": 0.262, ""role"": 0.199}"
100000000790311100,terminal,0.5,2,0.5910229786465623,"Вероятный конечный получатель: 1 плательщиков, получено 46 тыс., исходящих нет",2,False,1,0,46300.0,0.0,1,0,0.0,1,0.0,,"{""betweenness"": 0.074, ""degree"": 0.048, ""n_seed_upstream"": 0.262, ""role"": 0.199}"
100000008546855100,consolidator,0.6328021248340019,19,0.8778610446480972,"Признаки консолидации: 6 плательщиков, деньги от 1 seed за ≤2 колена, получено 72 тыс., дальше ушло 14%",2,False,6,2,71790.0,10000.0,8,2,0.1392951664577239,1,5.8849614861964964e-05,,"{""betweenness"": 0.183, ""degree"": 0.142, ""n_seed_upstream"": 0.262, ""role"": 0.278}"
100000002863356100,peripheral,0.5,4,0.564692338946323,"Периферийный узел: 1 входящих, 1 исходящих, оборот 65 тыс.",2,False,1,1,45000.0,20000.0,1,1,0.4444444444444444,1,1.387027959709612e-06,,"{""betweenness"": 0.154, ""degree"": 0.105, ""n_seed_upstream"": 0.262, ""role"": 0.036}"
100000000332284100,peripheral,0.5,3,0.6405579883526704,"Периферийный узел: 10 входящих, 3 исходящих, оборот 397 тыс.; есть источники вне выборки",2,False,10,3,107426.0,289500.0,12,3,2.69487833485376,1,0.00010303636272128546,external_funding,"{""betweenness"": 0.187, ""degree"": 0.146, ""n_seed_upstream"": 0.262, ""role"": 0.036}"
100000002605308100,terminal,0.5,11,0.7391088438445216,"Вероятный конечный получатель: 3 плательщиков, получено 2.57 млн, исходящих нет",2,False,3,0,2569521.84,0.0,7,0,0.0,2,0.0,,"{""betweenness"": 0.074, ""degree"": 0.122, ""n_seed_upstream"": 0.334, ""role"": 0.199}"
100000005931985100,terminal,0.5,14,0.5910229786465623,"Вероятный конечный получатель: 1 плательщиков, получено 76 тыс., исходящих нет",2,False,1,0,76000.0,0.0,1,0,0.0,1,0.0,,"{""betweenness"": 0.074, ""degree"": 0.048, ""n_seed_upstream"": 0.262, ""role"": 0.199}"
100000001166289100,peripheral,0.5,4,0.5006884565030925,"Периферийный узел: 2 входящих, 1 исходящих, оборот 746 тыс.",2,False,2,1,721039.0,25000.0,10,1,0.0346721883282319,1,0.0,,"{""betweenness"": 0.074, ""degree"": 0.122, ""n_seed_upstream"": 0.262, ""role"": 0.036}"
100000008477350100,coordinator,1.0,1,0.9864227348652431,"Кандидат в координирующий узел: 11 плательщиков → 39 получателей; сигналы S2, S3",2,False,11,39,610100.0,3374866.0,14,44,5.531660383543682,2,0.0032440602509093953,external_funding;distributor;S2;S3,"{""betweenness"": 0.199, ""degree"": 0.149, ""n_seed_upstream"": 0.334, ""role"": 0.29}"
100000003824464100,terminal,0.5,1,0.5910229786465623,"Вероятный конечный получатель: 1 плательщиков, получено 200 тыс., исходящих нет",2,False,1,0,200000.0,0.0,1,0,0.0,1,0.0,,"{""betweenness"": 0.074, ""degree"": 0.048, ""n_seed_upstream"": 0.262, ""role"": 0.199}"
100000002738256100,transit,0.5026866646455417,37,0.722089296194303,"Признаки транзита: получено 150 тыс., отдано 117%, 1→1 контрагента",2,False,1,1,150200.0,175000.0,1,1,1.1651131824234353,1,0.0,,"{""betweenness"": 0.074, ""degree"": 0.105, ""n_seed_upstream"": 0.262, ""role"": 0.271}"
100000001857829100,coordinator,0.5,15,0.9115954132996253,Кандидат в координирующий узел: 6 плательщиков → 16 получателей; сигналы S3,2,False,6,16,888535.0,2390993.0,9,16,2.690938454872346,1,0.0023268384758385672,external_funding;peripheral;S3,"{""betweenness"": 0.199, ""degree"": 0.148, ""n_seed_upstream"": 0.262, ""role"": 0.29}"
100000008672762100,terminal,0.5,4,0.5910229786465623,"Вероятный конечный получатель: 1 плательщиков, получено 13 тыс., исходящих нет",2,False,1,0,13000.0,0.0,1,0,0.0,1,0.0,,"{""betweenness"": 0.074, ""degree"": 0.048, ""n_seed_upstream"": 0.262, ""role"": 0.199}"
100000001737722100,terminal,0.5,5,0.5910229786465623,"Вероятный конечный получатель: 1 плательщиков, получено 60 тыс., исходящих нет",2,False,1,0,60460.0,0.0,1,0,0.0,1,0.0,,"{""betweenness"": 0.074, ""degree"": 0.048, ""n_seed_upstream"": 0.262, ""role"": 0.199}"
100000005572303100,peripheral,0.5,2,0.5874001173761907,"Периферийный узел: 1 входящих, 1 исходящих, оборот 95 тыс.",2,False,1,1,75000.0,20000.0,1,1,0.26666666666666666,1,3.844048916909496e-05,,"{""betweenness"": 0.176, ""degree"": 0.105, ""n_seed_upstream"": 0.262, ""role"": 0.036}"
100000008733049100,terminal,0.5,2,0.5910229786465623,"Вероятный конечный получатель: 1 плательщиков, получено 10 тыс., исходящих нет",2,False,1,0,10000.0,0.0,1,0,0.0,1,0.0,,"{""betweenness"": 0.074, ""degree"": 0.048, ""n_seed_upstream"": 0.262, ""role"": 0.199}"
100000000850297100,transit,0.50147168865704,7,0.722089296194303,"Признаки транзита: получено 18 тыс., отдано 100%, 1→1 контрагента",2,False,1,1,17520.0,17520.0,1,1,1.0,1,0.0,,"{""betweenness"": 0.074, ""degree"": 0.105, ""n_seed_upstream"": 0.262, ""role"": 0.271}"
100000005140601100,peripheral,0.5,1,0.6093855807864206,"Периферийный узел: 3 входящих, 2 исходящих, оборот 248 тыс.; есть источники вне выборки",2,False,3,2,52685.0,195300.0,4,5,3.706937458479643,1,1.9616538287321655e-05,external_funding,"{""betweenness"": 0.168, ""degree"": 0.135, ""n_seed_upstream"": 0.262, ""role"": 0.036}"
100000004410489100,terminal,0.5,3,0.5910229786465623,"Вероятный конечный получатель: 1 плательщиков, получено 54 тыс., исходящих нет",2,False,1,0,54000.0,0.0,1,0,0.0,1,0.0,,"{""betweenness"": 0.074, ""degree"": 0.048, ""n_seed_upstream"": 0.262, ""role"": 0.199}"
100000006852430100,terminal,0.5,10,0.6639429371134485,"Вероятный конечный получатель: 1 плательщиков, получено 37 тыс., исходящих нет",2,False,1,0,37000.0,0.0,1,0,0.0,2,0.0,,"{""betweenness"": 0.074, ""degree"": 0.048, ""n_seed_upstream"": 0.334, ""role"": 0.199}"
100000003166755100,terminal,0.5,3,0.5910229786465623,"Вероятный конечный получатель: 1 плательщиков, получено 24 тыс., исходящих нет",2,False,1,0,24010.0,0.0,1,0,0.0,1,0.0,,"{""betweenness"": 0.074, ""degree"": 0.048, ""n_seed_upstream"": 0.262, ""role"": 0.199}"
100000008258083100,peripheral,0.5,14,0.6223082479346305,"Периферийный узел: 2 входящих, 2 исходящих, оборот 5.20 млн",2,False,2,2,3149500.0,2045650.0,13,6,0.6495157961581204,1,7.767356574373826e-05,,"{""betweenness"": 0.185, ""degree"": 0.13, ""n_seed_upstream"": 0.262, ""role"": 0.036}"
100000003054328100,peripheral,0.5,14,0.5793756489549006,"Периферийный узел: 1 входящих, 2 исходящих, оборот 334 тыс.; есть источники вне выборки",2,False,1,2,140000.0,193720.0,1,2,1.3837142857142857,1,7.925874055483496e-07,external_funding,"{""betweenness"": 0.151, ""degree"": 0.122, ""n_seed_upstream"": 0.262, ""role"": 0.036}"
100000008473207100,terminal,0.5,15,0.6639429371134485,"Вероятный конечный получатель: 1 плательщиков, получено 202 тыс., исходящих нет",2,False,1,0,202000.0,0.0,4,0,0.0,2,0.0,,"{""betweenness"": 0.074, ""degree"": 0.048, ""n_seed_upstream"": 0.334, ""role"": 0.199}"
100000008104567100,coordinator,0.5,11,0.901358855130694,Кандидат в координирующий узел: 3 плательщиков → 3 получателей; сигналы S3,2,False,3,3,53550.0,40000.0,3,4,0.7469654528478058,1,0.0018816025007717821,peripheral;S3,"{""betweenness"": 0.198, ""degree"": 0.138, ""n_seed_upstream"": 0.262, ""role"": 0.29}"
100000002721825100,terminal,0.5,1,0.5910229786465623,"Вероятный конечный получатель: 1 плательщиков, получено 11 тыс., исходящих нет",2,False,1,0,11000.0,0.0,1,0,0.0,1,0.0,,"{""betweenness"": 0.074, ""degree"": 0.048, ""n_seed_upstream"": 0.262, ""role"": 0.199}"
100000003509750100,transit,0.5011238414778028,18,0.8386303101440117,"Признаки транзита: получено 82 тыс., отдано 95%, 3→3 контрагента",2,False,3,3,82290.0,78400.0,4,5,0.9527281565196257,1,1.981468513870874e-06,,"{""betweenness"": 0.155, ""degree"": 0.138, ""n_seed_upstream"": 0.262, ""role"": 0.271}"
100000007322059100,peripheral,0.5,3,0.6074556453433254,"Периферийный узел: 2 входящих, 1 исходящих, оборот 52 тыс.",2,False,2,1,29000.0,22500.0,2,2,0.7758620689655172,1,4.0025663980191654e-05,,"{""betweenness"": 0.179, ""degree"": 0.122, ""n_seed_upstream"": 0.262, ""role"": 0.036}"
100000004441291100,terminal,0.5,5,0.5910229786465623,"Вероятный конечный получатель: 1 плательщиков, получено 20 тыс., исходящих нет",2,False,1,0,20000.0,0.0,1,0,0.0,1,0.0,,"{""betweenness"": 0.074, ""degree"": 0.048, ""n_seed_upstream"": 0.262, ""role"": 0.199}"
100000006122699100,terminal,0.5,2,0.6490226174890525,"Вероятный конечный получатель: 2 плательщиков, получено 46 тыс., исходящих нет",2,False,2,0,45865.0,0.0,2,0,0.0,1,0.0,,"{""betweenness"": 0.074, ""degree"": 0.105, ""n_seed_upstream"": 0.262, ""role"": 0.199}"
100000008254069100,peripheral,0.5,11,0.6316193399846508,"Периферийный узел: 1 входящих, 5 исходящих, оборот 118 тыс.; есть источники вне выборки",2,False,1,5,10200.0,107500.0,2,6,10.53921568627451,1,9.312902015193108e-05,external_funding,"{""betweenness"": 0.186, ""degree"": 0.138, ""n_seed_upstream"": 0.262, ""role"": 0.036}"
100000003336565100,terminal,0.5,4,0.5910229786465623,"Вероятный конечный получатель: 1 плательщиков, получено 17 тыс., исходящих нет",2,False,1,0,16550.0,0.0,1,0,0.0,1,0.0,,"{""betweenness"": 0.074, ""degree"": 0.048, ""n_seed_upstream"": 0.262, ""role"": 0.199}"
100000002492277100,terminal,0.5,3,0.5910229786465623,"Вероятный конечный получатель: 1 плательщиков, получено 138 тыс., исходящих нет",2,False,1,0,138500.0,0.0,1,0,0.0,1,0.0,,"{""betweenness"": 0.074, ""degree"": 0.048, ""n_seed_upstream"": 0.262, ""role"": 0.199}"
100000001339466100,terminal,0.5,5,0.5910229786465623,"Вероятный конечный получатель: 1 плательщиков, получено 30 тыс., исходящих нет",2,False,1,0,30000.0,0.0,1,0,0.0,1,0.0,,"{""betweenness"": 0.074, ""degree"": 0.048, ""n_seed_upstream"": 0.262, ""role"": 0.199}"
100000005022964100,terminal,0.5,5,0.5910229786465623,"Вероятный конечный получатель: 1 плательщиков, получено 20 тыс., исходящих нет",2,False,1,0,20000.0,0.0,1,0,0.0,1,0.0,,"{""betweenness"": 0.074, ""degree"": 0.048, ""n_seed_upstream"": 0.262, ""role"": 0.199}"
100000003112436100,terminal,0.5,16,0.6639429371134485,"Вероятный конечный получатель: 1 плательщиков, получено 100 тыс., исходящих нет",2,False,1,0,100000.0,0.0,1,0,0.0,2,0.0,,"{""betweenness"": 0.074, ""degree"": 0.048, ""n_seed_upstream"": 0.334, ""role"": 0.199}"
100000000489417100,transit,0.5021219994915613,3,0.8339691210329105,"Признаки транзита: получено 74 тыс., отдано 109%, 3→1 контрагента",2,False,3,1,73504.0,80000.0,3,1,1.0883761427949499,1,1.3672132745709031e-05,,"{""betweenness"": 0.158, ""degree"": 0.13, ""n_seed_upstream"": 0.262, ""role"": 0.271}"
100000002217161100,peripheral,0.5,17,0.6406595639023069,"Периферийный узел: 2 входящих, 7 исходящих, оборот 1.40 млн; есть источники вне выборки",2,False,2,7,404750.0,995132.0,15,19,2.4586337245213095,1,0.00015514898463608943,external_funding,"{""betweenness"": 0.19, ""degree"": 0.144, ""n_seed_upstream"": 0.262, ""role"": 0.036}"
100000002469065100,terminal,0.5,16,0.6639429371134485,"Вероятный конечный получатель: 1 плательщиков, получено 200 тыс., исходящих нет",2,False,1,0,200000.0,0.0,1,0,0.0,2,0.0,,"{""betweenness"": 0.074, ""degree"": 0.048, ""n_seed_upstream"": 0.334, ""role"": 0.199}"
100000007337374100,terminal,0.5,4,0.5910229786465623,"Вероятный конечный получатель: 1 плательщиков, получено 20 тыс., исходящих нет",2,False,1,0,20000.0,0.0,2,0,0.0,1,0.0,,"{""betweenness"": 0.074, ""degree"": 0.048, ""n_seed_upstream"": 0.262, ""role"": 0.199}"
100000003249054100,consolidator,0.7656042496680037,3,0.8738431673513612,"Признаки консолидации: 7 плательщиков, деньги от 1 seed за ≤2 колена, получено 100 тыс., дальше ушло 15%",2,False,7,1,99700.0,15000.0,11,1,0.15045135406218657,1,3.962937027741748e-05,,"{""betweenness"": 0.179, ""degree"": 0.142, ""n_seed_upstream"": 0.262, ""role"": 0.278}"
100000003024542100,terminal,0.5,5,0.5910229786465623,"Вероятный конечный получатель: 1 плательщиков, получено 8 тыс., исходящих нет",2,False,1,0,8500.0,0.0,1,0,0.0,1,0.0,,"{""betweenness"": 0.074, ""degree"": 0.048, ""n_seed_upstream"": 0.262, ""role"": 0.199}"
100000002718366100,coordinator,0.5,6,0.7753148842038736,Кандидат в координирующий узел: 6 плательщиков → 0 получателей; сигналы S3,2,False,6,0,2525000.0,0.0,10,0,0.0,1,0.0,consolidator;S3,"{""betweenness"": 0.074, ""degree"": 0.138, ""n_seed_upstream"": 0.262, ""role"": 0.29}"
100000005059998100,terminal,0.5,3,0.5910229786465623,"Вероятный конечный получатель: 1 плательщиков, получено 18 тыс., исходящих нет",2,False,1,0,18000.0,0.0,1,0,0.0,1,0.0,,"{""betweenness"": 0.074, ""degree"": 0.048, ""n_seed_upstream"": 0.262, ""role"": 0.199}"
100000004071070100,coordinator,0.5,1,0.7584194844476548,Кандидат в координирующий узел: 2 плательщиков → 1 получателей; сигналы S3,2,False,2,1,41000.0,6000.0,5,1,0.14634146341463414,1,0.0,peripheral;S3,"{""betweenness"": 0.074, ""degree"": 0.122, ""n_seed_upstream"": 0.262, ""role"": 0.29}"
100000001584286100,terminal,0.5,14,0.6490226174890525,"Вероятный конечный получатель: 2 плательщиков, получено 739 тыс., исходящих нет",2,False,2,0,738699.0,0.0,3,0,0.0,1,0.0,,"{""betweenness"": 0.074, ""degree"": 0.105, ""n_seed_upstream"": 0.262, ""role"": 0.199}"
100000008701256100,terminal,0.5,3,0.5910229786465623,"Вероятный конечный получатель: 1 плательщиков, получено 58 тыс., исходящих нет",2,False,1,0,58250.0,0.0,1,0,0.0,1,0.0,,"{""betweenness"": 0.074, ""degree"": 0.048, ""n_seed_upstream"": 0.262, ""role"": 0.199}"
100000001490461100,peripheral,0.5,7,0.5834725294569094,"Периферийный узел: 1 входящих, 1 исходящих, оборот 25 тыс.",2,False,1,1,20000.0,5000.0,1,1,0.25,1,2.19943005039667e-05,,"{""betweenness"": 0.172, ""degree"": 0.105, ""n_seed_upstream"": 0.262, ""role"": 0.036}"
100000008531186100,terminal,0.5,5,0.5910229786465623,"Вероятный конечный получатель: 1 плательщиков, получено 125 тыс., исходящих нет",2,False,1,0,125000.0,0.0,1,0,0.0,1,0.0,,"{""betweenness"": 0.074, ""degree"": 0.048, ""n_seed_upstream"": 0.262, ""role"": 0.199}"
100000004765639100,peripheral,0.5,16,0.5006884565030925,"Периферийный узел: 1 входящих, 2 исходящих, оборот 16 тыс.; есть источники вне выборки",2,False,1,2,5000.0,11000.0,1,2,2.2,1,0.0,external_funding,"{""betweenness"": 0.074, ""degree"": 0.122, ""n_seed_upstream"": 0.262, ""role"": 0.036}"
100000002983879100,coordinator,0.5,5,0.741253216559072,Кандидат в координирующий узел: 2 плательщиков → 0 получателей; сигналы S3,2,False,2,0,200050.0,0.0,2,0,0.0,1,0.0,terminal;S3,"{""betweenness"": 0.074, ""degree"": 0.105, ""n_seed_upstream"": 0.262, ""role"": 0.29}"
100000008734364100,terminal,0.5,4,0.5910229786465623,"Вероятный конечный получатель: 1 плательщиков, получено 26 тыс., исходящих нет",2,False,1,0,26200.0,0.0,1,0,0.0,1,0.0,,"{""betweenness"": 0.074, ""degree"": 0.048, ""n_seed_upstream"": 0.262, ""role"": 0.199}"
100000003192220100,terminal,0.5,2,0.5910229786465623,"Вероятный конечный получатель: 1 плательщиков, получено 60 тыс., исходящих нет",2,False,1,0,60000.0,0.0,2,0,0.0,1,0.0,,"{""betweenness"": 0.074, ""degree"": 0.048, ""n_seed_upstream"": 0.262, ""role"": 0.199}"
100000008060273100,terminal,0.5,15,0.6639429371134485,"Вероятный конечный получатель: 1 плательщиков, получено 10 тыс., исходящих нет",2,False,1,0,10000.0,0.0,2,0,0.0,2,0.0,,"{""betweenness"": 0.074, ""degree"": 0.048, ""n_seed_upstream"": 0.334, ""role"": 0.199}"
100000008205937100,terminal,0.5,20,0.5910229786465623,"Вероятный конечный получатель: 1 плательщиков, получено 35 тыс., исходящих нет",2,False,1,0,35000.0,0.0,3,0,0.0,1,0.0,,"{""betweenness"": 0.074, ""degree"": 0.048, ""n_seed_upstream"": 0.262, ""role"": 0.199}"
100000005507142100,peripheral,0.5,35,0.6021850029344048,"Периферийный узел: 3 входящих, 3 исходящих, оборот 151 тыс.; есть источники вне выборки",2,False,3,3,51000.0,100000.0,3,4,1.9607843137254901,1,4.5573775819030105e-06,external_funding,"{""betweenness"": 0.157, ""degree"": 0.138, ""n_seed_upstream"": 0.262, ""role"": 0.036}"
100000005539910100,peripheral,0.5,5,0.6094871563360572,"Периферийный узел: 1 входящих, 2 исходящих, оборот 124 тыс.",2,False,1,2,102000.0,22000.0,1,2,0.21568627450980393,1,4.795153803567515e-05,,"{""betweenness"": 0.181, ""degree"": 0.122, ""n_seed_upstream"": 0.262, ""role"": 0.036}"
100000002459163100,terminal,0.5,39,0.5910229786465623,"Вероятный конечный получатель: 1 плательщиков, получено 20 тыс., исходящих нет",2,False,1,0,20180.0,0.0,1,0,0.0,1,0.0,,"{""betweenness"": 0.074, ""degree"": 0.048, ""n_seed_upstream"": 0.262, ""role"": 0.199}"
100000004666651100,terminal,0.5,5,0.5910229786465623,"Вероятный конечный получатель: 1 плательщиков, получено 429 тыс., исходящих нет",2,False,1,0,429250.0,0.0,1,0,0.0,1,0.0,,"{""betweenness"": 0.074, ""degree"": 0.048, ""n_seed_upstream"": 0.262, ""role"": 0.199}"
100000003927792100,terminal,0.5,2,0.5910229786465623,"Вероятный конечный получатель: 1 плательщиков, получено 13 тыс., исходящих нет",2,False,1,0,13067.0,0.0,1,0,0.0,1,0.0,,"{""betweenness"": 0.074, ""degree"": 0.048, ""n_seed_upstream"": 0.262, ""role"": 0.199}"
100000000607941100,peripheral,0.5,2,0.6101643266669676,"Периферийный узел: 2 входящих, 1 исходящих, оборот 120 тыс.; есть источники вне выборки",2,False,2,1,50000.0,70000.0,3,4,1.4,1,5.7660733753642434e-05,external_funding,"{""betweenness"": 0.182, ""degree"": 0.122, ""n_seed_upstream"": 0.262, ""role"": 0.036}"
100000004158362100,terminal,0.5,3,0.5910229786465623,"Вероятный конечный получатель: 1 плательщиков, получено 12 тыс., исходящих нет",2,False,1,0,12000.0,0.0,1,0,0.0,1,0.0,,"{""betweenness"": 0.074, ""degree"": 0.048, ""n_seed_upstream"": 0.262, ""role"": 0.199}"
100000005664922100,peripheral,0.5,13,0.598370276736942,"Периферийный узел: 2 входящих, 3 исходящих, оборот 559 тыс.; есть источники вне выборки",2,False,2,3,22000.0,537000.0,2,4,24.40909090909091,1,3.962937027741748e-06,external_funding,"{""betweenness"": 0.157, ""degree"": 0.135, ""n_seed_upstream"": 0.262, ""role"": 0.036}"
100000007594394100,coordinator,0.75,19,0.8835492754277461,Кандидат в координирующий узел: 6 плательщиков → 1 получателей; сигналы S3,2,False,6,1,395385.0,3376312.0,6,40,8.539302199122375,1,3.923307657464331e-05,external_funding;peripheral;S3,"{""betweenness"": 0.178, ""degree"": 0.141, ""n_seed_upstream"": 0.262, ""role"": 0.29}"
100000000979567100,terminal,0.5,4,0.5910229786465623,"Вероятный конечный получатель: 1 плательщиков, получено 10 тыс., исходящих нет",2,False,1,0,10000.0,0.0,1,0,0.0,1,0.0,,"{""betweenness"": 0.074, ""degree"": 0.048, ""n_seed_upstream"": 0.262, ""role"": 0.199}"
100000002831727100,peripheral,0.5,19,0.5734504085594331,"Периферийный узел: 1 входящих, 1 исходящих, оборот 83 тыс.; есть источники вне выборки",2,False,1,1,6000.0,77000.0,1,3,12.833333333333334,1,1.922024458454748e-05,external_funding,"{""betweenness"": 0.163, ""degree"": 0.105, ""n_seed_upstream"": 0.262, ""role"": 0.036}"
100000003062895100,terminal,0.5,13,0.6490226174890525,"Вероятный конечный получатель: 2 плательщиков, получено 328 тыс., исходящих нет",2,False,2,0,328444.0,0.0,2,0,0.0,1,0.0,,"{""betweenness"": 0.074, ""degree"": 0.105, ""n_seed_upstream"": 0.262, ""role"": 0.199}"
100000008376089100,terminal,0.5,14,0.5910229786465623,"Вероятный конечный получатель: 1 плательщиков, получено 135 тыс., исходящих нет",2,False,1,0,135000.0,0.0,1,0,0.0,1,0.0,,"{""betweenness"": 0.074, ""degree"": 0.048, ""n_seed_upstream"": 0.262, ""role"": 0.199}"
100000003219438100,terminal,0.5,22,0.5910229786465623,"Вероятный конечный получатель: 1 плательщиков, получено 32 тыс., исходящих нет",2,False,1,0,32000.0,0.0,1,0,0.0,1,0.0,,"{""betweenness"": 0.074, ""degree"": 0.048, ""n_seed_upstream"": 0.262, ""role"": 0.199}"
100000000967918100,terminal,0.5,12,0.5910229786465623,"Вероятный конечный получатель: 1 плательщиков, получено 21 тыс., исходящих нет",2,False,1,0,21200.0,0.0,3,0,0.0,1,0.0,,"{""betweenness"": 0.074, ""degree"": 0.048, ""n_seed_upstream"": 0.262, ""role"": 0.199}"
100000003254723100,terminal,0.5,20,0.5910229786465623,"Вероятный конечный получатель: 1 плательщиков, получено 270 тыс., исходящих нет",2,False,1,0,269850.0,0.0,6,0,0.0,1,0.0,,"{""betweenness"": 0.074, ""degree"": 0.048, ""n_seed_upstream"": 0.262, ""role"": 0.199}"
100000003823811100,peripheral,0.5,11,0.6991106496320709,"Периферийный узел: 1 входящих, 3 исходящих, оборот 96 тыс.; есть источники вне выборки",2,False,1,3,30000.0,66130.0,1,3,2.2043333333333335,2,0.00012364363526554253,external_funding,"{""betweenness"": 0.189, ""degree"": 0.13, ""n_seed_upstream"": 0.334, ""role"": 0.036}"
100000008587459100,coordinator,0.5,3,0.847580244684213,Кандидат в координирующий узел: 2 плательщиков → 2 получателей; сигналы S3,2,False,2,2,181507.0,686500.0,2,4,3.782223275135394,1,1.1888811083225246e-06,external_funding;peripheral;S3,"{""betweenness"": 0.153, ""degree"": 0.13, ""n_seed_upstream"": 0.262, ""role"": 0.29}"
100000008603331100,peripheral,0.5,29,0.6411448693061262,"Периферийный узел: 2 входящих, 6 исходящих, оборот 781 тыс.; есть источники вне выборки",2,False,2,6,39500.0,741774.0,3,6,18.779088607594936,1,0.00019814685138708741,external_funding,"{""betweenness"": 0.192, ""degree"": 0.142, ""n_seed_upstream"": 0.262, ""role"": 0.036}"
100000008758168100,peripheral,0.5,6,0.6309195973093766,"Периферийный узел: 2 входящих, 5 исходящих, оборот 1.61 млн; есть источники вне выборки",2,False,2,5,75410.0,1533600.0,2,5,20.33682535472749,1,6.003849597028749e-05,external_funding,"{""betweenness"": 0.183, ""degree"": 0.141, ""n_seed_upstream"": 0.262, ""role"": 0.036}"
100000003724440100,terminal,0.5,3,0.6490226174890525,"Вероятный конечный получатель: 2 плательщиков, получено 50 тыс., исходящих нет",2,False,2,0,50000.0,0.0,2,0,0.0,1,0.0,,"{""betweenness"": 0.074, ""degree"": 0.105, ""n_seed_upstream"": 0.262, ""role"": 0.199}"
100000000291906100,transit,0.5027585438391893,1,0.8611462236467881,"Признаки транзита: получено 388 тыс., отдано 117%, 2→2 контрагента",2,False,2,2,388000.0,455854.0,3,6,1.1748814432989692,1,7.806985944651244e-05,,"{""betweenness"": 0.185, ""degree"": 0.13, ""n_seed_upstream"": 0.262, ""role"": 0.271}"
100000005077484100,peripheral,0.5,24,0.5771635592072594,"Периферийный узел: 1 входящих, 2 исходящих, оборот 164 тыс.",2,False,1,2,150000.0,13550.0,1,2,0.09033333333333333,1,3.962937027741748e-07,,"{""betweenness"": 0.149, ""degree"": 0.122, ""n_seed_upstream"": 0.262, ""role"": 0.036}"
100000004192107100,terminal,0.5,5,0.5910229786465623,"Вероятный конечный получатель: 1 плательщиков, получено 25 тыс., исходящих нет",2,False,1,0,25000.0,0.0,1,0,0.0,1,0.0,,"{""betweenness"": 0.074, ""degree"": 0.048, ""n_seed_upstream"": 0.262, ""role"": 0.199}"
100000002193259100,peripheral,0.5,10,0.6257731027944563,"Периферийный узел: 2 входящих, 3 исходящих, оборот 106 тыс.; есть источники вне выборки",2,False,2,3,48000.0,58000.0,2,3,1.2083333333333333,1,6.43977267008034e-05,external_funding,"{""betweenness"": 0.184, ""degree"": 0.135, ""n_seed_upstream"": 0.262, ""role"": 0.036}"
100000005481280100,peripheral,0.5,2,0.6176583449957114,"Периферийный узел: 1 входящих, 3 исходящих, оборот 83 тыс.; есть источники вне выборки",2,False,1,3,32700.0,50000.0,1,3,1.529051987767584,1,4.4583041562094664e-05,external_funding,"{""betweenness"": 0.18, ""degree"": 0.13, ""n_seed_upstream"": 0.262, ""role"": 0.036}"
100000004527381100,peripheral,0.5,2,0.6052322694235024,"Периферийный узел: 1 входящих, 1 исходящих, оборот 393 тыс.; есть источники вне выборки",2,False,1,1,119333.17,273866.11,1,1,2.2949705433954364,1,0.00032139419294985577,external_funding,"{""betweenness"": 0.194, ""degree"": 0.105, ""n_seed_upstream"": 0.262, ""role"": 0.036}"
100000001578517100,terminal,0.5,16,0.6639429371134485,"Вероятный конечный получатель: 1 плательщиков, получено 30 тыс., исходящих нет",2,False,1,0,30000.0,0.0,1,0,0.0,2,0.0,,"{""betweenness"": 0.074, ""degree"": 0.048, ""n_seed_upstream"": 0.334, ""role"": 0.199}"
100000003741418100,consolidator,1.0,3,0.8728838427159045,"Признаки консолидации: 9 плательщиков, деньги от 1 seed за ≤2 колена, получено 152 тыс., дальше ушло 26%",2,False,9,3,151900.0,39920.0,13,3,0.2628044766293614,1,2.7938706045579324e-05,,"{""betweenness"": 0.175, ""degree"": 0.146, ""n_seed_upstream"": 0.262, ""role"": 0.278}"
100000008737514100,terminal,0.5,2,0.5910229786465623,"Вероятный конечный получатель: 1 плательщиков, получено 85 тыс., исходящих нет",2,False,1,0,85000.0,0.0,1,0,0.0,1,0.0,,"{""betweenness"": 0.074, ""degree"": 0.048, ""n_seed_upstream"": 0.262, ""role"": 0.199}"
100000002870463100,coordinator,0.5,18,0.8613042300573338,Кандидат в координирующий узел: 3 плательщиков → 1 получателей; сигналы S3,2,False,3,1,207000.0,10000.0,4,1,0.04830917874396135,1,1.9418391435934565e-05,peripheral;S3,"{""betweenness"": 0.167, ""degree"": 0.13, ""n_seed_upstream"": 0.262, ""role"": 0.29}"
100000008545727100,peripheral,0.5,7,0.6372398537312086,"Периферийный узел: 1 входящих, 6 исходящих, оборот 1.90 млн; есть источники вне выборки",2,False,1,6,30000.0,1866500.0,1,7,62.21666666666667,1,0.00013493800579460652,external_funding,"{""betweenness"": 0.19, ""degree"": 0.141, ""n_seed_upstream"": 0.262, ""role"": 0.036}"
100000000425407100,terminal,0.5,5,0.5910229786465623,"Вероятный конечный получатель: 1 плательщиков, получено 20 тыс., исходящих нет",2,False,1,0,20000.0,0.0,1,0,0.0,1,0.0,,"{""betweenness"": 0.074, ""degree"": 0.048, ""n_seed_upstream"": 0.262, ""role"": 0.199}"
100000001418900100,terminal,0.5,4,0.5910229786465623,"Вероятный конечный получатель: 1 плательщиков, получено 40 тыс., исходящих нет",2,False,1,0,40140.0,0.0,2,0,0.0,1,0.0,,"{""betweenness"": 0.074, ""degree"": 0.048, ""n_seed_upstream"": 0.262, ""role"": 0.199}"
100000001677929100,peripheral,0.5,7,0.5944878335063881,"Периферийный узел: 3 входящих, 2 исходящих, оборот 413 тыс.; есть источники вне выборки",2,False,3,2,126777.0,286098.0,3,4,2.2567027142147236,1,1.1888811083225246e-06,external_funding,"{""betweenness"": 0.153, ""degree"": 0.135, ""n_seed_upstream"": 0.262, ""role"": 0.036}"
100000002539625100,terminal,0.5,13,0.5910229786465623,"Вероятный конечный получатель: 1 плательщиков, получено 95 тыс., исходящих нет",2,False,1,0,94700.0,0.0,1,0,0.0,1,0.0,,"{""betweenness"": 0.074, ""degree"": 0.048, ""n_seed_upstream"": 0.262, ""role"": 0.199}"
100000001965374100,peripheral,0.5,13,0.5960227529231187,"Периферийный узел: 2 входящих, 3 исходящих, оборот 4.84 млн; есть источники вне выборки",2,False,2,3,1759720.0,3082100.0,8,5,1.7514718250630783,1,1.5851748110966993e-06,external_funding,"{""betweenness"": 0.154, ""degree"": 0.135, ""n_seed_upstream"": 0.262, ""role"": 0.036}"
100000001287955100,peripheral,0.5,14,0.6377815899959371,"Периферийный узел: 1 входящих, 4 исходящих, оборот 328 тыс.; есть источники вне выборки",2,False,1,4,17520.0,310000.0,1,5,17.69406392694064,1,0.0006802381408118711,external_funding,"{""betweenness"": 0.196, ""degree"": 0.135, ""n_seed_upstream"": 0.262, ""role"": 0.036}"
100000005402643100,peripheral,0.5,6,0.5599972913186764,"Периферийный узел: 1 входящих, 1 исходящих, оборот 218 тыс.",2,False,1,1,127800.0,90000.0,1,1,0.704225352112676,1,3.962937027741748e-07,,"{""betweenness"": 0.149, ""degree"": 0.105, ""n_seed_upstream"": 0.262, ""role"": 0.036}"
100000008752616100,peripheral,0.5,6,0.6382668953997563,"Периферийный узел: 2 входящих, 7 исходящих, оборот 1.33 млн; есть источники вне выборки",2,False,2,7,64510.0,1265000.0,2,7,19.6093628894745,1,0.00011353814584480109,external_funding,"{""betweenness"": 0.188, ""degree"": 0.144, ""n_seed_upstream"": 0.262, ""role"": 0.036}"
100000000733373100,terminal,0.5,2,0.5910229786465623,"Вероятный конечный получатель: 1 плательщиков, получено 11 тыс., исходящих нет",2,False,1,0,10710.0,0.0,1,0,0.0,1,0.0,,"{""betweenness"": 0.074, ""degree"": 0.048, ""n_seed_upstream"": 0.262, ""role"": 0.199}"
100000008531133100,peripheral,0.5,2,0.6106157735542415,"Периферийный узел: 1 входящих, 3 исходящих, оборот 183 тыс.; есть источники вне выборки",2,False,1,3,25000.0,158271.68,1,3,6.3308672,1,2.377762216645049e-05,external_funding,"{""betweenness"": 0.173, ""degree"": 0.13, ""n_seed_upstream"": 0.262, ""role"": 0.036}"
100000005933757100,distributor,0.9507405022537099,11,0.8991580515552346,"Веерная рассылка: 34 получателей, отдано 3.00 млн",2,False,4,34,1246000.0,3002628.0,6,46,2.409813804173355,1,0.0038646561894537528,external_funding,"{""betweenness"": 0.199, ""degree"": 0.149, ""n_seed_upstream"": 0.262, ""role"": 0.275}"
100000006490557100,terminal,0.5,7,0.5910229786465623,"Вероятный конечный получатель: 1 плательщиков, получено 5 тыс., исходящих нет",2,False,1,0,5000.0,0.0,1,0,0.0,1,0.0,,"{""betweenness"": 0.074, ""degree"": 0.048, ""n_seed_upstream"": 0.262, ""role"": 0.199}"
100000008497298100,terminal,0.5,6,0.5910229786465623,"Вероятный конечный получатель: 1 плательщиков, получено 600 тыс., исходящих нет",2,False,1,0,600000.0,0.0,1,0,0.0,1,0.0,,"{""betweenness"": 0.074, ""degree"": 0.048, ""n_seed_upstream"": 0.262, ""role"": 0.199}"
100000005168487100,peripheral,0.5,10,0.4835221886145096,"Периферийный узел: 1 входящих, 1 исходящих, оборот 119 тыс.; есть источники вне выборки",2,False,1,1,15000.0,103510.0,1,14,6.900666666666667,1,0.0,external_funding,"{""betweenness"": 0.074, ""degree"": 0.105, ""n_seed_upstream"": 0.262, ""role"": 0.036}"
100000005799271100,terminal,0.5,10,0.5910229786465623,"Вероятный конечный получатель: 1 плательщиков, получено 45 тыс., исходящих нет",2,False,1,0,45000.0,0.0,2,0,0.0,1,0.0,,"{""betweenness"": 0.074, ""degree"": 0.048, ""n_seed_upstream"": 0.262, ""role"": 0.199}"
100000000912487100,terminal,0.5,5,0.5910229786465623,"Вероятный конечный получатель: 1 плательщиков, получено 10 тыс., исходящих нет",2,False,1,0,10000.0,0.0,1,0,0.0,1,0.0,,"{""betweenness"": 0.074, ""degree"": 0.048, ""n_seed_upstream"": 0.262, ""role"": 0.199}"
100000007982908100,terminal,0.5,4,0.5910229786465623,"Вероятный конечный получатель: 1 плательщиков, получено 31 тыс., исходящих нет",2,False,1,0,31080.0,0.0,1,0,0.0,1,0.0,,"{""betweenness"": 0.074, ""degree"": 0.048, ""n_seed_upstream"": 0.262, ""role"": 0.199}"
100000005413948100,peripheral,0.5,13,0.6003679292131281,"Периферийный узел: 2 входящих, 1 исходящих, оборот 33 тыс.",2,False,2,1,28215.0,5000.0,2,1,0.177210703526493,1,2.1796153652579615e-05,,"{""betweenness"": 0.172, ""degree"": 0.122, ""n_seed_upstream"": 0.262, ""role"": 0.036}"
100000000724540100,peripheral,0.5,6,0.5799512437361745,"Периферийный узел: 1 входящих, 1 исходящих, оборот 150 тыс.; есть источники вне выборки",2,False,1,1,50000.0,100000.0,1,1,2.0,1,1.981468513870874e-05,external_funding,"{""betweenness"": 0.169, ""degree"": 0.105, ""n_seed_upstream"": 0.262, ""role"": 0.036}"
100000005730108100,terminal,0.5,12,0.5910229786465623,"Вероятный конечный получатель: 1 плательщиков, получено 8 тыс., исходящих нет",2,False,1,0,8000.0,0.0,1,0,0.0,1,0.0,,"{""betweenness"": 0.074, ""degree"": 0.048, ""n_seed_upstream"": 0.262, ""role"": 0.199}"
100000002566204100,terminal,0.5,7,0.5910229786465623,"Вероятный конечный получатель: 1 плательщиков, получено 81 тыс., исходящих нет",2,False,1,0,80805.0,0.0,1,0,0.0,1,0.0,,"{""betweenness"": 0.074, ""degree"": 0.048, ""n_seed_upstream"": 0.262, ""role"": 0.199}"
100000000625169100,terminal,0.5,4,0.5910229786465623,"Вероятный конечный получатель: 1 плательщиков, получено 10 тыс., исходящих нет",2,False,1,0,10000.0,0.0,1,0,0.0,1,0.0,,"{""betweenness"": 0.074, ""degree"": 0.048, ""n_seed_upstream"": 0.262, ""role"": 0.199}"
100000001114385100,terminal,0.5,3,0.5910229786465623,"Вероятный конечный получатель: 1 плательщиков, получено 30 тыс., исходящих нет",2,False,1,0,29500.0,0.0,1,0,0.0,1,0.0,,"{""betweenness"": 0.074, ""degree"": 0.048, ""n_seed_upstream"": 0.262, ""role"": 0.199}"
100000002964966100,terminal,0.5,5,0.5910229786465623,"Вероятный конечный получатель: 1 плательщиков, получено 200 тыс., исходящих нет",2,False,1,0,200000.0,0.0,1,0,0.0,1,0.0,,"{""betweenness"": 0.074, ""degree"": 0.048, ""n_seed_upstream"": 0.262, ""role"": 0.199}"
100000008771814100,terminal,0.5,4,0.5910229786465623,"Вероятный конечный получатель: 1 плательщиков, получено 24 тыс., исходящих нет",2,False,1,0,23700.0,0.0,1,0,0.0,1,0.0,,"{""betweenness"": 0.074, ""degree"": 0.048, ""n_seed_upstream"": 0.262, ""role"": 0.199}"
100000001241318100,terminal,0.5,1,0.5910229786465623,"Вероятный конечный получатель: 1 плательщиков, получено 53 тыс., исходящих нет",2,False,1,0,53000.0,0.0,1,0,0.0,1,0.0,,"{""betweenness"": 0.074, ""degree"": 0.048, ""n_seed_upstream"": 0.262, ""role"": 0.199}"
100000001250022100,terminal,0.5,18,0.5910229786465623,"Вероятный конечный получатель: 1 плательщиков, получено 50 тыс., исходящих нет",2,False,1,0,50000.0,0.0,1,0,0.0,1,0.0,,"{""betweenness"": 0.074, ""degree"": 0.048, ""n_seed_upstream"": 0.262, ""role"": 0.199}"
100000006534886100,peripheral,0.5,2,0.4835221886145096,"Периферийный узел: 1 входящих, 1 исходящих, оборот 239 тыс.; есть источники вне выборки",2,False,1,1,71700.0,167500.0,5,8,2.336122733612273,1,0.0,external_funding,"{""betweenness"": 0.074, ""degree"": 0.105, ""n_seed_upstream"": 0.262, ""role"": 0.036}"
100000008655035100,terminal,0.5,7,0.6639429371134485,"Вероятный конечный получатель: 1 плательщиков, получено 30 тыс., исходящих нет",2,False,1,0,30000.0,0.0,1,0,0.0,2,0.0,,"{""betweenness"": 0.074, ""degree"": 0.048, ""n_seed_upstream"": 0.334, ""role"": 0.199}"
100000005932987100,terminal,0.5,22,0.5910229786465623,"Вероятный конечный получатель: 1 плательщиков, получено 25 тыс., исходящих нет",2,False,1,0,25000.0,0.0,3,0,0.0,1,0.0,,"{""betweenness"": 0.074, ""degree"": 0.048, ""n_seed_upstream"": 0.262, ""role"": 0.199}"
100000008636603100,peripheral,0.5,2,0.6489097557672341,"Периферийный узел: 2 входящих, 6 исходящих, оборот 195 тыс.; есть источники вне выборки",2,False,2,6,35460.0,159375.0,2,7,4.494500846023689,1,0.003377611228744292,external_funding,"{""betweenness"": 0.199, ""degree"": 0.142, ""n_seed_upstream"": 0.262, ""role"": 0.036}"
100000008710843100,peripheral,0.5,6,0.6498916527470544,"Периферийный узел: 2 входящих, 13 исходящих, оборот 2.02 млн; есть источники вне выборки",2,False,2,13,33944.0,1985500.0,3,14,58.49340089559274,1,0.0007876337342636725,external_funding,"{""betweenness"": 0.196, ""degree"": 0.147, ""n_seed_upstream"": 0.262, ""role"": 0.036}"
100000000917179100,terminal,0.5,11,0.5910229786465623,"Вероятный конечный получатель: 1 плательщиков, получено 94 тыс., исходящих нет",2,False,1,0,94465.0,0.0,2,0,0.0,1,0.0,,"{""betweenness"": 0.074, ""degree"": 0.048, ""n_seed_upstream"": 0.262, ""role"": 0.199}"
100000004209339100,peripheral,0.5,10,0.5991038779287619,"Периферийный узел: 1 входящих, 2 исходящих, оборот 377 тыс.; есть источники вне выборки",2,False,1,2,138500.0,238500.0,6,11,1.7220216606498195,1,2.1003566247031264e-05,external_funding,"{""betweenness"": 0.171, ""degree"": 0.122, ""n_seed_upstream"": 0.262, ""role"": 0.036}"
100000008765627100,terminal,0.5,18,0.5910229786465623,"Вероятный конечный получатель: 1 плательщиков, получено 60 тыс., исходящих нет",2,False,1,0,60000.0,0.0,1,0,0.0,1,0.0,,"{""betweenness"": 0.074, ""degree"": 0.048, ""n_seed_upstream"": 0.262, ""role"": 0.199}"
100000002443664100,terminal,0.5,6,0.6661888853776353,"Вероятный конечный получатель: 3 плательщиков, получено 557 тыс., исходящих нет",2,False,3,0,556880.0,0.0,3,0,0.0,1,0.0,,"{""betweenness"": 0.074, ""degree"": 0.122, ""n_seed_upstream"": 0.262, ""role"": 0.199}"
100000008144528100,consolidator,0.5,2,0.7598754006591126,"Признаки консолидации: 5 плательщиков, деньги от 1 seed за ≤2 колена, получено 1.07 млн, дальше ушло 0%",2,False,5,0,1068202.6,0.0,13,0,0.0,1,0.0,,"{""betweenness"": 0.074, ""degree"": 0.135, ""n_seed_upstream"": 0.262, ""role"": 0.278}"
100000003988112100,peripheral,0.5,11,0.5564421470813959,"Периферийный узел: 1 входящих, 1 исходящих, оборот 156 тыс.",2,False,1,1,92000.0,64000.0,2,5,0.6956521739130435,2,0.0,,"{""betweenness"": 0.074, ""degree"": 0.105, ""n_seed_upstream"": 0.334, ""role"": 0.036}"
100000008008463100,terminal,0.5,18,0.5910229786465623,"Вероятный конечный получатель: 1 плательщиков, получено 54 тыс., исходящих нет",2,False,1,0,54180.0,0.0,1,0,0.0,1,0.0,,"{""betweenness"": 0.074, ""degree"": 0.048, ""n_seed_upstream"": 0.262, ""role"": 0.199}"
100000006679055100,terminal,0.5,5,0.5910229786465623,"Вероятный конечный получатель: 1 плательщиков, получено 25 тыс., исходящих нет",2,False,1,0,25000.0,0.0,1,0,0.0,1,0.0,,"{""betweenness"": 0.074, ""degree"": 0.048, ""n_seed_upstream"": 0.262, ""role"": 0.199}"
100000007382543100,peripheral,0.5,22,0.6417768949483095,"Периферийный узел: 3 входящих, 5 исходящих, оборот 645 тыс.; есть источники вне выборки",2,False,3,5,218000.0,427000.0,3,8,1.9587155963302751,1,0.00023064293501456974,external_funding,"{""betweenness"": 0.192, ""degree"": 0.142, ""n_seed_upstream"": 0.262, ""role"": 0.036}"
100000007749092100,peripheral,0.5,2,0.4835221886145096,"Периферийный узел: 1 входящих, 1 исходящих, оборот 78 тыс.; есть источники вне выборки",2,False,1,1,7650.0,70375.0,1,5,9.199346405228757,1,0.0,external_funding,"{""betweenness"": 0.074, ""degree"": 0.105, ""n_seed_upstream"": 0.262, ""role"": 0.036}"
100000004221668100,peripheral,0.5,18,0.6045550990925919,"Периферийный узел: 4 входящих, 3 исходящих, оборот 1.86 млн",2,False,4,3,1128300.0,731440.0,8,10,0.6482673047948241,1,4.5573775819030105e-06,,"{""betweenness"": 0.157, ""degree"": 0.141, ""n_seed_upstream"": 0.262, ""role"": 0.036}"
100000008174521100,terminal,0.5,2,0.5910229786465623,"Вероятный конечный получатель: 1 плательщиков, получено 82 тыс., исходящих нет",2,False,1,0,82110.0,0.0,1,0,0.0,1,0.0,,"{""betweenness"": 0.074, ""degree"": 0.048, ""n_seed_upstream"": 0.262, ""role"": 0.199}"
100000002692750100,peripheral,0.5,18,0.6060561599927768,"Периферийный узел: 3 входящих, 1 исходящих, оборот 190 тыс.",2,False,3,1,112830.0,77000.0,3,8,0.682442612780289,1,1.981468513870874e-05,,"{""betweenness"": 0.169, ""degree"": 0.13, ""n_seed_upstream"": 0.262, ""role"": 0.036}"
100000002173070100,terminal,0.5,16,0.6639429371134485,"Вероятный конечный получатель: 1 плательщиков, получено 30 тыс., исходящих нет",2,False,1,0,30000.0,0.0,1,0,0.0,2,0.0,,"{""betweenness"": 0.074, ""degree"": 0.048, ""n_seed_upstream"": 0.334, ""role"": 0.199}"
100000005911352100,peripheral,0.5,34,0.629023520382827,"Периферийный узел: 2 входящих, 3 исходящих, оборот 39 тыс.; есть источники вне выборки",2,False,2,3,15000.0,24000.0,2,3,1.6,1,9.7488250882447e-05,external_funding,"{""betweenness"": 0.187, ""degree"": 0.135, ""n_seed_upstream"": 0.262, ""role"": 0.036}"
100000003068941100,coordinator,0.5,12,0.8637871879373392,Кандидат в координирующий узел: 3 плательщиков → 1 получателей; сигналы S3,2,False,3,1,94000.0,25000.0,3,2,0.26595744680851063,1,1.981468513870874e-05,peripheral;S3,"{""betweenness"": 0.169, ""degree"": 0.13, ""n_seed_upstream"": 0.262, ""role"": 0.29}"
100000001420847100,terminal,0.5,19,0.5910229786465623,"Вероятный конечный получатель: 1 плательщиков, получено 20 тыс., исходящих нет",2,False,1,0,20000.0,0.0,2,0,0.0,1,0.0,,"{""betweenness"": 0.074, ""degree"": 0.048, ""n_seed_upstream"": 0.262, ""role"": 0.199}"
100000005602999100,peripheral,0.5,10,0.6079522369193266,"Периферийный узел: 1 входящих, 2 исходящих, оборот 21 тыс.; есть источники вне выборки",2,False,1,2,5000.0,16000.0,1,3,3.2,1,4.200713249406253e-05,external_funding,"{""betweenness"": 0.18, ""degree"": 0.122, ""n_seed_upstream"": 0.262, ""role"": 0.036}"
100000000723383100,peripheral,0.5,16,0.6207733285178999,"Периферийный узел: 1 входящих, 2 исходящих, оборот 82 тыс.; есть источники вне выборки",2,False,1,2,6800.0,75000.0,1,2,11.029411764705882,1,0.0002389651027728274,external_funding,"{""betweenness"": 0.192, ""degree"": 0.122, ""n_seed_upstream"": 0.262, ""role"": 0.036}"
100000006977207100,peripheral,0.5,15,0.6354679246986593,"Периферийный узел: 1 входящих, 15 исходящих, оборот 4.57 млн; есть источники вне выборки",2,False,1,15,414000.0,4157018.0,1,15,10.041106280193237,1,5.290520932035234e-05,external_funding,"{""betweenness"": 0.181, ""degree"": 0.147, ""n_seed_upstream"": 0.262, ""role"": 0.036}"
100000001273783100,terminal,0.5,7,0.5910229786465623,"Вероятный конечный получатель: 1 плательщиков, получено 23 тыс., исходящих нет",2,False,1,0,23200.0,0.0,1,0,0.0,1,0.0,,"{""betweenness"": 0.074, ""degree"": 0.048, ""n_seed_upstream"": 0.262, ""role"": 0.199}"
100000000201868100,transit,0.50147168865704,2,0.722089296194303,"Признаки транзита: получено 190 тыс., отдано 100%, 1→1 контрагента",2,False,1,1,190000.0,190000.0,1,1,1.0,1,0.0,,"{""betweenness"": 0.074, ""degree"": 0.105, ""n_seed_upstream"": 0.262, ""role"": 0.271}"
100000007777377100,peripheral,0.5,16,0.690984605661144,"Периферийный узел: 1 входящих, 2 исходящих, оборот 466 тыс.",2,False,1,2,456290.0,10000.0,7,2,0.021915886826360427,2,0.00013592874005154197,,"{""betweenness"": 0.19, ""degree"": 0.122, ""n_seed_upstream"": 0.334, ""role"": 0.036}"
100000004192865100,terminal,0.5,24,0.5910229786465623,"Вероятный конечный получатель: 1 плательщиков, получено 67 тыс., исходящих нет",2,False,1,0,66666.0,0.0,1,0,0.0,1,0.0,,"{""betweenness"": 0.074, ""degree"": 0.048, ""n_seed_upstream"": 0.262, ""role"": 0.199}"
100000006901046100,peripheral,0.5,2,0.4835221886145096,"Периферийный узел: 1 входящих, 1 исходящих, оборот 81 тыс.",2,False,1,1,75800.0,5500.0,3,1,0.07255936675461741,1,0.0,,"{""betweenness"": 0.074, ""degree"": 0.105, ""n_seed_upstream"": 0.262, ""role"": 0.036}"
100000000437046100,coordinator,1.0,1,0.9132996252990837,"Кандидат в координирующий узел: 9 плательщиков → 42 получателей; сигналы S2, S3",2,False,9,42,1107200.0,7606224.0,20,73,6.86978323699422,1,0.0026672547665215836,external_funding;distributor;S2;S3,"{""betweenness"": 0.199, ""degree"": 0.149, ""n_seed_upstream"": 0.262, ""role"": 0.29}"
100000008765494100,terminal,0.5,4,0.5910229786465623,"Вероятный конечный получатель: 1 плательщиков, получено 24 тыс., исходящих нет",2,False,1,0,24000.0,0.0,1,0,0.0,1,0.0,,"{""betweenness"": 0.074, ""degree"": 0.048, ""n_seed_upstream"": 0.262, ""role"": 0.199}"
100000008713270100,peripheral,0.5,18,0.5898492167396506,"Периферийный узел: 1 входящих, 3 исходящих, оборот 220 тыс.; есть источники вне выборки",2,False,1,3,30000.0,190000.0,1,3,6.333333333333333,1,1.1888811083225246e-06,external_funding,"{""betweenness"": 0.153, ""degree"": 0.13, ""n_seed_upstream"": 0.262, ""role"": 0.036}"
100000003603979100,terminal,0.5,23,0.5910229786465623,"Вероятный конечный получатель: 1 плательщиков, получено 165 тыс., исходящих нет",2,False,1,0,165000.0,0.0,3,0,0.0,1,0.0,,"{""betweenness"": 0.074, ""degree"": 0.048, ""n_seed_upstream"": 0.262, ""role"": 0.199}"
100000000943371100,terminal,0.5,20,0.5910229786465623,"Вероятный конечный получатель: 1 плательщиков, получено 16 тыс., исходящих нет",2,False,1,0,15500.0,0.0,1,0,0.0,1,0.0,,"{""betweenness"": 0.074, ""degree"": 0.048, ""n_seed_upstream"": 0.262, ""role"": 0.199}"
100000008672480100,terminal,0.5,4,0.5910229786465623,"Вероятный конечный получатель: 1 плательщиков, получено 13 тыс., исходящих нет",2,False,1,0,13000.0,0.0,1,0,0.0,1,0.0,,"{""betweenness"": 0.074, ""degree"": 0.048, ""n_seed_upstream"": 0.262, ""role"": 0.199}"
100000008691168100,terminal,0.5,4,0.5910229786465623,"Вероятный конечный получатель: 1 плательщиков, получено 24 тыс., исходящих нет",2,False,1,0,24000.0,0.0,1,0,0.0,1,0.0,,"{""betweenness"": 0.074, ""degree"": 0.048, ""n_seed_upstream"": 0.262, ""role"": 0.199}"
100000003237045100,peripheral,0.5,2,0.4835221886145096,"Периферийный узел: 1 входящих, 1 исходящих, оборот 490 тыс.",2,False,1,1,340200.0,150000.0,2,1,0.4409171075837742,1,0.0,,"{""betweenness"": 0.074, ""degree"": 0.105, ""n_seed_upstream"": 0.262, ""role"": 0.036}"
100000008736394100,terminal,0.5,4,0.5910229786465623,"Вероятный конечный получатель: 1 плательщиков, получено 16 тыс., исходящих нет",2,False,1,0,16000.0,0.0,1,0,0.0,1,0.0,,"{""betweenness"": 0.074, ""degree"": 0.048, ""n_seed_upstream"": 0.262, ""role"": 0.199}"
100000004160650100,peripheral,0.5,23,0.6100288926007856,"Периферийный узел: 2 входящих, 10 исходящих, оборот 1.56 млн; есть источники вне выборки",2,False,2,10,75100.0,1489827.0,4,40,19.83790945406125,1,5.746258690225535e-06,external_funding,"{""betweenness"": 0.158, ""degree"": 0.146, ""n_seed_upstream"": 0.262, ""role"": 0.036}"
100000000629812100,terminal,0.5,16,0.7219425759559388,"Вероятный конечный получатель: 2 плательщиков, получено 22 тыс., исходящих нет",2,False,2,0,22000.0,0.0,2,0,0.0,2,0.0,,"{""betweenness"": 0.074, ""degree"": 0.105, ""n_seed_upstream"": 0.334, ""role"": 0.199}"
100000000955444100,terminal,0.5,32,0.5910229786465623,"Вероятный конечный получатель: 1 плательщиков, получено 7 тыс., исходящих нет",2,False,1,0,6910.0,0.0,1,0,0.0,1,0.0,,"{""betweenness"": 0.074, ""degree"": 0.048, ""n_seed_upstream"": 0.262, ""role"": 0.199}"
100000008731444100,peripheral,0.5,5,0.6415398853324907,"Периферийный узел: 3 входящих, 9 исходящих, оборот 1.32 млн; есть источники вне выборки",2,False,3,9,439000.0,879767.8,5,9,2.0040268792710707,1,0.00012166216675167166,external_funding,"{""betweenness"": 0.189, ""degree"": 0.146, ""n_seed_upstream"": 0.262, ""role"": 0.036}"
100000008413748100,peripheral,0.5,8,0.6502302379125097,"Периферийный узел: 2 входящих, 18 исходящих, оборот 1.40 млн; есть источники вне выборки",2,False,2,18,26480.0,1377320.22,2,21,52.01360347432024,1,0.0005437149602061679,external_funding,"{""betweenness"": 0.195, ""degree"": 0.148, ""n_seed_upstream"": 0.262, ""role"": 0.036}"
100000006787636100,terminal,0.5,2,0.5910229786465623,"Вероятный конечный получатель: 1 плательщиков, получено 20 тыс., исходящих нет",2,False,1,0,20000.0,0.0,1,0,0.0,1,0.0,,"{""betweenness"": 0.074, ""degree"": 0.048, ""n_seed_upstream"": 0.262, ""role"": 0.199}"
100000005942793100,terminal,0.5,3,0.6751275337456549,"Вероятный конечный получатель: 4 плательщиков, получено 55 тыс., исходящих нет",2,False,4,0,55000.0,0.0,4,0,0.0,1,0.0,,"{""betweenness"": 0.074, ""degree"": 0.13, ""n_seed_upstream"": 0.262, ""role"": 0.199}"
100000008730846100,peripheral,0.5,3,0.6407837117963072,"Периферийный узел: 7 входящих, 3 исходящих, оборот 518 тыс.; есть источники вне выборки",2,False,7,3,155042.0,363370.0,11,4,2.343687516930896,1,0.00013315468413212274,external_funding,"{""betweenness"": 0.189, ""degree"": 0.144, ""n_seed_upstream"": 0.262, ""role"": 0.036}"
100000002570206100,terminal,0.5,8,0.6490226174890525,"Вероятный конечный получатель: 2 плательщиков, получено 167 тыс., исходящих нет",2,False,2,0,166959.6,0.0,2,0,0.0,1,0.0,,"{""betweenness"": 0.074, ""degree"": 0.105, ""n_seed_upstream"": 0.262, ""role"": 0.199}"
100000000785800100,transit,0.50147168865704,39,0.722089296194303,"Признаки транзита: получено 19 тыс., отдано 100%, 1→1 контрагента",2,False,1,1,19000.0,19000.0,1,1,1.0,1,0.0,,"{""betweenness"": 0.074, ""degree"": 0.105, ""n_seed_upstream"": 0.262, ""role"": 0.271}"
100000007382152100,terminal,0.5,17,0.5910229786465623,"Вероятный конечный получатель: 1 плательщиков, получено 6 тыс., исходящих нет",2,False,1,0,5860.0,0.0,1,0,0.0,1,0.0,,"{""betweenness"": 0.074, ""degree"": 0.048, ""n_seed_upstream"": 0.262, ""role"": 0.199}"
100000000910216100,peripheral,0.5,3,0.6061351631980498,"Периферийный узел: 1 входящих, 1 исходящих, оборот 123 тыс.",2,False,1,1,71000.0,52010.0,3,1,0.7325352112676057,1,0.00046465436650272,,"{""betweenness"": 0.195, ""degree"": 0.105, ""n_seed_upstream"": 0.262, ""role"": 0.036}"
100000003131016100,peripheral,0.5,1,0.4835221886145096,"Периферийный узел: 1 входящих, 1 исходящих, оборот 532 тыс.",2,False,1,1,405700.0,126000.0,7,4,0.31057431599704216,1,0.0,,"{""betweenness"": 0.074, ""degree"": 0.105, ""n_seed_upstream"": 0.262, ""role"": 0.036}"
100000003221384100,terminal,0.5,2,0.5910229786465623,"Вероятный конечный получатель: 1 плательщиков, получено 511 тыс., исходящих нет",2,False,1,0,511200.0,0.0,1,0,0.0,1,0.0,,"{""betweenness"": 0.074, ""degree"": 0.048, ""n_seed_upstream"": 0.262, ""role"": 0.199}"
100000002156381100,peripheral,0.5,10,0.6080876709855086,"Периферийный узел: 2 входящих, 1 исходящих, оборот 83 тыс.",2,False,2,1,61000.0,21800.0,7,3,0.35737704918032787,1,4.240342619683671e-05,,"{""betweenness"": 0.18, ""degree"": 0.122, ""n_seed_upstream"": 0.262, ""role"": 0.036}"
100000002779485100,terminal,0.5,5,0.5910229786465623,"Вероятный конечный получатель: 1 плательщиков, получено 91 тыс., исходящих нет",2,False,1,0,91000.0,0.0,2,0,0.0,1,0.0,,"{""betweenness"": 0.074, ""degree"": 0.048, ""n_seed_upstream"": 0.262, ""role"": 0.199}"
100000008774237100,peripheral,0.5,23,0.4835221886145096,"Периферийный узел: 1 входящих, 1 исходящих, оборот 60 тыс.",2,False,1,1,50000.0,10000.0,1,1,0.2,1,0.0,,"{""betweenness"": 0.074, ""degree"": 0.105, ""n_seed_upstream"": 0.262, ""role"": 0.036}"
100000002628146100,terminal,0.5,3,0.5910229786465623,"Вероятный конечный получатель: 1 плательщиков, получено 30 тыс., исходящих нет",2,False,1,0,30500.0,0.0,2,0,0.0,1,0.0,,"{""betweenness"": 0.074, ""degree"": 0.048, ""n_seed_upstream"": 0.262, ""role"": 0.199}"
100000002852402100,terminal,0.5,2,0.5910229786465623,"Вероятный конечный получатель: 1 плательщиков, получено 55 тыс., исходящих нет",2,False,1,0,55000.0,0.0,1,0,0.0,1,0.0,,"{""betweenness"": 0.074, ""degree"": 0.048, ""n_seed_upstream"": 0.262, ""role"": 0.199}"
100000006989106100,terminal,0.5,7,0.5910229786465623,"Вероятный конечный получатель: 1 плательщиков, получено 64 тыс., исходящих нет",2,False,1,0,64000.0,0.0,2,0,0.0,1,0.0,,"{""betweenness"": 0.074, ""degree"": 0.048, ""n_seed_upstream"": 0.262, ""role"": 0.199}"
100000002958343100,peripheral,0.5,7,0.5771635592072594,"Периферийный узел: 1 входящих, 2 исходящих, оборот 4.29 млн",2,False,1,2,2900000.0,1390000.0,4,17,0.4793103448275862,1,3.962937027741748e-07,,"{""betweenness"": 0.149, ""degree"": 0.122, ""n_seed_upstream"": 0.262, ""role"": 0.036}"
100000008461532100,peripheral,0.5,26,0.6443952868944969,"Периферийный узел: 2 входящих, 8 исходящих, оборот 3.10 млн; есть источники вне выборки",2,False,2,8,565300.0,2530090.0,2,9,4.475658942154608,1,0.00027126303954892267,external_funding,"{""betweenness"": 0.193, ""degree"": 0.144, ""n_seed_upstream"": 0.262, ""role"": 0.036}"
100000004400305100,coordinator,1.0,12,0.9861970114216062,Кандидат в координирующий узел: 7 плательщиков → 82 получателей; сигналы S2,2,False,7,82,222800.0,5830181.0,9,101,26.167778276481148,2,0.0020276367302440655,external_funding;distributor;S2,"{""betweenness"": 0.198, ""degree"": 0.15, ""n_seed_upstream"": 0.334, ""role"": 0.29}"
100000000297649100,peripheral,0.5,10,0.4835221886145096,"Периферийный узел: 1 входящих, 1 исходящих, оборот 111 тыс.; есть источники вне выборки",2,False,1,1,40000.0,70600.0,1,2,1.765,1,0.0,external_funding,"{""betweenness"": 0.074, ""degree"": 0.105, ""n_seed_upstream"": 0.262, ""role"": 0.036}"
100000003191430100,terminal,0.5,2,0.5910229786465623,"Вероятный конечный получатель: 1 плательщиков, получено 180 тыс., исходящих нет",2,False,1,0,180000.0,0.0,1,0,0.0,1,0.0,,"{""betweenness"": 0.074, ""degree"": 0.048, ""n_seed_upstream"": 0.262, ""role"": 0.199}"
100000003275398100,peripheral,0.5,23,0.4835221886145096,"Периферийный узел: 1 входящих, 1 исходящих, оборот 320 тыс.",2,False,1,1,300000.0,20000.0,1,1,0.06666666666666667,1,0.0,,"{""betweenness"": 0.074, ""degree"": 0.105, ""n_seed_upstream"": 0.262, ""role"": 0.036}"
100000005203590100,terminal,0.5,18,0.5910229786465623,"Вероятный конечный получатель: 1 плательщиков, получено 90 тыс., исходящих нет",2,False,1,0,90000.0,0.0,1,0,0.0,1,0.0,,"{""betweenness"": 0.074, ""degree"": 0.048, ""n_seed_upstream"": 0.262, ""role"": 0.199}"
100000008672603100,terminal,0.5,5,0.5910229786465623,"Вероятный конечный получатель: 1 плательщиков, получено 21 тыс., исходящих нет",2,False,1,0,21200.0,0.0,1,0,0.0,1,0.0,,"{""betweenness"": 0.074, ""degree"": 0.048, ""n_seed_upstream"": 0.262, ""role"": 0.199}"
100000000718427100,terminal,0.5,4,0.5910229786465623,"Вероятный конечный получатель: 1 плательщиков, получено 6 тыс., исходящих нет",2,False,1,0,6000.0,0.0,1,0,0.0,1,0.0,,"{""betweenness"": 0.074, ""degree"": 0.048, ""n_seed_upstream"": 0.262, ""role"": 0.199}"
100000003104347100,peripheral,0.5,1,0.5734504085594331,"Периферийный узел: 1 входящих, 1 исходящих, оборот 450 тыс.",2,False,1,1,418000.0,32000.0,1,1,0.07655502392344497,1,1.922024458454748e-05,,"{""betweenness"": 0.163, ""degree"": 0.105, ""n_seed_upstream"": 0.262, ""role"": 0.036}"
100000002974256100,terminal,0.5,13,0.5910229786465623,"Вероятный конечный получатель: 1 плательщиков, получено 7 тыс., исходящих нет",2,False,1,0,7200.0,0.0,1,0,0.0,1,0.0,,"{""betweenness"": 0.074, ""degree"": 0.048, ""n_seed_upstream"": 0.262, ""role"": 0.199}"
100000007173936100,terminal,0.5,14,0.5910229786465623,"Вероятный конечный получатель: 1 плательщиков, получено 10 тыс., исходящих нет",2,False,1,0,10000.0,0.0,1,0,0.0,1,0.0,,"{""betweenness"": 0.074, ""degree"": 0.048, ""n_seed_upstream"": 0.262, ""role"": 0.199}"
100000002744581100,terminal,0.5,7,0.5910229786465623,"Вероятный конечный получатель: 1 плательщиков, получено 12 тыс., исходящих нет",2,False,1,0,12000.0,0.0,1,0,0.0,1,0.0,,"{""betweenness"": 0.074, ""degree"": 0.048, ""n_seed_upstream"": 0.262, ""role"": 0.199}"
100000000596954100,peripheral,0.5,5,0.6095774457135118,"Периферийный узел: 1 входящих, 2 исходящих, оборот 168 тыс.",2,False,1,2,120000.0,48100.0,1,2,0.4008333333333333,1,4.834783173844933e-05,,"{""betweenness"": 0.181, ""degree"": 0.122, ""n_seed_upstream"": 0.262, ""role"": 0.036}"
100000004950490100,terminal,0.5,7,0.5910229786465623,"Вероятный конечный получатель: 1 плательщиков, получено 10 тыс., исходящих нет",2,False,1,0,10000.0,0.0,1,0,0.0,1,0.0,,"{""betweenness"": 0.074, ""degree"": 0.048, ""n_seed_upstream"": 0.262, ""role"": 0.199}"
100000008772058100,terminal,0.5,4,0.5910229786465623,"Вероятный конечный получатель: 1 плательщиков, получено 50 тыс., исходящих нет",2,False,1,0,50000.0,0.0,1,0,0.0,1,0.0,,"{""betweenness"": 0.074, ""degree"": 0.048, ""n_seed_upstream"": 0.262, ""role"": 0.199}"
100000000971908100,terminal,0.5,18,0.5910229786465623,"Вероятный конечный получатель: 1 плательщиков, получено 89 тыс., исходящих нет",2,False,1,0,89000.0,0.0,1,0,0.0,1,0.0,,"{""betweenness"": 0.074, ""degree"": 0.048, ""n_seed_upstream"": 0.262, ""role"": 0.199}"
100000008687492100,terminal,0.5,4,0.5910229786465623,"Вероятный конечный получатель: 1 плательщиков, получено 15 тыс., исходящих нет",2,False,1,0,15000.0,0.0,1,0,0.0,1,0.0,,"{""betweenness"": 0.074, ""degree"": 0.048, ""n_seed_upstream"": 0.262, ""role"": 0.199}"
100000003159641100,coordinator,0.75,2,0.8824658028982891,Кандидат в координирующий узел: 4 плательщиков → 1 получателей; сигналы S3,2,False,4,1,64000.0,197800.0,7,1,3.090625,1,5.8849614861964964e-05,external_funding;peripheral;S3,"{""betweenness"": 0.183, ""degree"": 0.135, ""n_seed_upstream"": 0.262, ""role"": 0.29}"
100000005326681100,terminal,0.5,2,0.5910229786465623,"Вероятный конечный получатель: 1 плательщиков, получено 31 тыс., исходящих нет",2,False,1,0,31228.0,0.0,1,0,0.0,1,0.0,,"{""betweenness"": 0.074, ""degree"": 0.048, ""n_seed_upstream"": 0.262, ""role"": 0.199}"
100000006888238100,peripheral,0.5,40,0.5599972913186764,"Периферийный узел: 1 входящих, 1 исходящих, оборот 48 тыс.; есть источники вне выборки",2,False,1,1,18000.0,30000.0,1,1,1.6666666666666667,1,3.962937027741748e-07,external_funding,"{""betweenness"": 0.149, ""degree"": 0.105, ""n_seed_upstream"": 0.262, ""role"": 0.036}"
100000001290243100,terminal,0.5,2,0.5910229786465623,"Вероятный конечный получатель: 1 плательщиков, получено 10 тыс., исходящих нет",2,False,1,0,10000.0,0.0,1,0,0.0,1,0.0,,"{""betweenness"": 0.074, ""degree"": 0.048, ""n_seed_upstream"": 0.262, ""role"": 0.199}"
100000008289539100,terminal,0.5,2,0.5910229786465623,"Вероятный конечный получатель: 1 плательщиков, получено 15 тыс., исходящих нет",2,False,1,0,14912.0,0.0,1,0,0.0,1,0.0,,"{""betweenness"": 0.074, ""degree"": 0.048, ""n_seed_upstream"": 0.262, ""role"": 0.199}"
100000000821507100,terminal,0.5,14,0.5910229786465623,"Вероятный конечный получатель: 1 плательщиков, получено 400 тыс., исходящих нет",2,False,1,0,400000.0,0.0,1,0,0.0,1,0.0,,"{""betweenness"": 0.074, ""degree"": 0.048, ""n_seed_upstream"": 0.262, ""role"": 0.199}"
100000003086040100,terminal,0.5,1,0.5910229786465623,"Вероятный конечный получатель: 1 плательщиков, получено 10 тыс., исходящих нет",2,False,1,0,10500.0,0.0,1,0,0.0,1,0.0,,"{""betweenness"": 0.074, ""degree"": 0.048, ""n_seed_upstream"": 0.262, ""role"": 0.199}"
100000002969048100,terminal,0.5,18,0.5910229786465623,"Вероятный конечный получатель: 1 плательщиков, получено 108 тыс., исходящих нет",2,False,1,0,108470.0,0.0,1,0,0.0,1,0.0,,"{""betweenness"": 0.074, ""degree"": 0.048, ""n_seed_upstream"": 0.262, ""role"": 0.199}"
100000002826669100,terminal,0.5,1,0.5910229786465623,"Вероятный конечный получатель: 1 плательщиков, получено 160 тыс., исходящих нет",2,False,1,0,159900.0,0.0,4,0,0.0,1,0.0,,"{""betweenness"": 0.074, ""degree"": 0.048, ""n_seed_upstream"": 0.262, ""role"": 0.199}"
100000002293421100,transit,0.5025485340158496,16,0.8433140715994765,"Признаки транзита: получено 41 тыс., отдано 115%, 2→2 контрагента",2,False,2,2,41000.0,47000.0,6,5,1.146341463414634,1,1.9616538287321655e-05,,"{""betweenness"": 0.168, ""degree"": 0.13, ""n_seed_upstream"": 0.262, ""role"": 0.271}"
100000004732589100,terminal,0.5,7,0.5910229786465623,"Вероятный конечный получатель: 1 плательщиков, получено 228 тыс., исходящих нет",2,False,1,0,227520.0,0.0,1,0,0.0,1,0.0,,"{""betweenness"": 0.074, ""degree"": 0.048, ""n_seed_upstream"": 0.262, ""role"": 0.199}"
100000003003821100,terminal,0.5,5,0.5910229786465623,"Вероятный конечный получатель: 1 плательщиков, получено 40 тыс., исходящих нет",2,False,1,0,40000.0,0.0,1,0,0.0,1,0.0,,"{""betweenness"": 0.074, ""degree"": 0.048, ""n_seed_upstream"": 0.262, ""role"": 0.199}"
100000005237935150,terminal,0.5,14,0.5910229786465623,"Вероятный конечный получатель: 1 плательщиков, получено 35 тыс., исходящих нет",2,False,1,0,34508.0,0.0,1,0,0.0,1,0.0,,"{""betweenness"": 0.074, ""degree"": 0.048, ""n_seed_upstream"": 0.262, ""role"": 0.199}"
100000004463277100,terminal,0.5,24,0.5910229786465623,"Вероятный конечный получатель: 1 плательщиков, получено 35 тыс., исходящих нет",2,False,1,0,35000.0,0.0,1,0,0.0,1,0.0,,"{""betweenness"": 0.074, ""degree"": 0.048, ""n_seed_upstream"": 0.262, ""role"": 0.199}"
100000006523053100,terminal,0.5,5,0.5910229786465623,"Вероятный конечный получатель: 1 плательщиков, получено 5 тыс., исходящих нет",2,False,1,0,5000.0,0.0,1,0,0.0,1,0.0,,"{""betweenness"": 0.074, ""degree"": 0.048, ""n_seed_upstream"": 0.262, ""role"": 0.199}"
100000001954903100,terminal,0.5,7,0.5910229786465623,"Вероятный конечный получатель: 1 плательщиков, получено 27 тыс., исходящих нет",2,False,1,0,27118.0,0.0,1,0,0.0,1,0.0,,"{""betweenness"": 0.074, ""degree"": 0.048, ""n_seed_upstream"": 0.262, ""role"": 0.199}"
100000005328215100,terminal,0.5,7,0.5910229786465623,"Вероятный конечный получатель: 1 плательщиков, получено 27 тыс., исходящих нет",2,False,1,0,27000.0,0.0,1,0,0.0,1,0.0,,"{""betweenness"": 0.074, ""degree"": 0.048, ""n_seed_upstream"": 0.262, ""role"": 0.199}"
100000004424023100,peripheral,0.5,7,0.5812604397092683,"Периферийный узел: 1 входящих, 1 исходящих, оборот 150 тыс.; есть источники вне выборки",2,False,1,1,50000.0,100000.0,1,1,2.0,1,2.0409125692870002e-05,external_funding,"{""betweenness"": 0.17, ""degree"": 0.105, ""n_seed_upstream"": 0.262, ""role"": 0.036}"
100000002299948100,terminal,0.5,3,0.5910229786465623,"Вероятный конечный получатель: 1 плательщиков, получено 7 тыс., исходящих нет",2,False,1,0,6750.0,0.0,1,0,0.0,1,0.0,,"{""betweenness"": 0.074, ""degree"": 0.048, ""n_seed_upstream"": 0.262, ""role"": 0.199}"
100000005105153100,terminal,0.5,1,0.5910229786465623,"Вероятный конечный получатель: 1 плательщиков, получено 30 тыс., исходящих нет",2,False,1,0,30000.0,0.0,1,0,0.0,1,0.0,,"{""betweenness"": 0.074, ""degree"": 0.048, ""n_seed_upstream"": 0.262, ""role"": 0.199}"
100000001985793100,terminal,0.5,7,0.5910229786465623,"Вероятный конечный получатель: 1 плательщиков, получено 420 тыс., исходящих нет",2,False,1,0,420000.0,0.0,1,0,0.0,1,0.0,,"{""betweenness"": 0.074, ""degree"": 0.048, ""n_seed_upstream"": 0.262, ""role"": 0.199}"
100000003134934100,coordinator,0.5,5,0.7673581328156743,Кандидат в координирующий узел: 4 плательщиков → 0 получателей; сигналы S3,2,False,4,0,379354.0,0.0,4,0,0.0,1,0.0,terminal;S3,"{""betweenness"": 0.074, ""degree"": 0.13, ""n_seed_upstream"": 0.262, ""role"": 0.29}"
100000006240939100,peripheral,0.5,6,0.6018238454245859,"Периферийный узел: 1 входящих, 5 исходящих, оборот 938 тыс.; есть источники вне выборки",2,False,1,5,160000.0,778015.0,1,5,4.86259375,1,4.161083879128836e-06,external_funding,"{""betweenness"": 0.157, ""degree"": 0.138, ""n_seed_upstream"": 0.262, ""role"": 0.036}"
100000008656043100,terminal,0.5,4,0.5910229786465623,"Вероятный конечный получатель: 1 плательщиков, получено 26 тыс., исходящих нет",2,False,1,0,26200.0,0.0,1,0,0.0,1,0.0,,"{""betweenness"": 0.074, ""degree"": 0.048, ""n_seed_upstream"": 0.262, ""role"": 0.199}"
100000002605184100,terminal,0.5,2,0.5910229786465623,"Вероятный конечный получатель: 1 плательщиков, получено 140 тыс., исходящих нет",2,False,1,0,140000.0,0.0,1,0,0.0,1,0.0,,"{""betweenness"": 0.074, ""degree"": 0.048, ""n_seed_upstream"": 0.262, ""role"": 0.199}"
100000003157333100,terminal,0.5,18,0.5910229786465623,"Вероятный конечный получатель: 1 плательщиков, получено 30 тыс., исходящих нет",2,False,1,0,30000.0,0.0,1,0,0.0,1,0.0,,"{""betweenness"": 0.074, ""degree"": 0.048, ""n_seed_upstream"": 0.262, ""role"": 0.199}"
100000007898453100,peripheral,0.5,5,0.6019931380073135,"Периферийный узел: 1 входящих, 2 исходящих, оборот 345 тыс.; есть источники вне выборки",2,False,1,2,24750.0,320000.0,1,2,12.929292929292929,1,2.3975769017837576e-05,external_funding,"{""betweenness"": 0.174, ""degree"": 0.122, ""n_seed_upstream"": 0.262, ""role"": 0.036}"
100000002710570100,terminal,0.5,1,0.5910229786465623,"Вероятный конечный получатель: 1 плательщиков, получено 225 тыс., исходящих нет",2,False,1,0,225015.0,0.0,1,0,0.0,1,0.0,,"{""betweenness"": 0.074, ""degree"": 0.048, ""n_seed_upstream"": 0.262, ""role"": 0.199}"
100000004979498100,peripheral,0.5,37,0.4835221886145096,"Периферийный узел: 1 входящих, 1 исходящих, оборот 900 тыс.",2,False,1,1,700000.0,200000.0,2,1,0.2857142857142857,1,0.0,,"{""betweenness"": 0.074, ""degree"": 0.105, ""n_seed_upstream"": 0.262, ""role"": 0.036}"
100000001541418100,terminal,0.5,6,0.6490226174890525,"Вероятный конечный получатель: 2 плательщиков, получено 97 тыс., исходящих нет",2,False,2,0,96900.0,0.0,2,0,0.0,1,0.0,,"{""betweenness"": 0.074, ""degree"": 0.105, ""n_seed_upstream"": 0.262, ""role"": 0.199}"
100000007797290100,peripheral,0.5,17,0.5734504085594331,"Периферийный узел: 1 входящих, 1 исходящих, оборот 120 тыс.",2,False,1,1,100000.0,20000.0,1,1,0.2,1,1.922024458454748e-05,,"{""betweenness"": 0.163, ""degree"": 0.105, ""n_seed_upstream"": 0.262, ""role"": 0.036}"
100000008683818100,terminal,0.5,4,0.5910229786465623,"Вероятный конечный получатель: 1 плательщиков, получено 17 тыс., исходящих нет",2,False,1,0,17400.0,0.0,1,0,0.0,1,0.0,,"{""betweenness"": 0.074, ""degree"": 0.048, ""n_seed_upstream"": 0.262, ""role"": 0.199}"
100000006567935100,terminal,0.5,14,0.5910229786465623,"Вероятный конечный получатель: 1 плательщиков, получено 200 тыс., исходящих нет",2,False,1,0,200000.0,0.0,1,0,0.0,1,0.0,,"{""betweenness"": 0.074, ""degree"": 0.048, ""n_seed_upstream"": 0.262, ""role"": 0.199}"
100000002132479100,peripheral,0.5,11,0.4835221886145096,"Периферийный узел: 1 входящих, 1 исходящих, оборот 50 тыс.",2,False,1,1,30000.0,20000.0,2,1,0.6666666666666666,1,0.0,,"{""betweenness"": 0.074, ""degree"": 0.105, ""n_seed_upstream"": 0.262, ""role"": 0.036}"
100000002170580100,terminal,0.5,7,0.5910229786465623,"Вероятный конечный получатель: 1 плательщиков, получено 150 тыс., исходящих нет",2,False,1,0,150000.0,0.0,1,0,0.0,1,0.0,,"{""betweenness"": 0.074, ""degree"": 0.048, ""n_seed_upstream"": 0.262, ""role"": 0.199}"
100000001232297100,peripheral,0.5,20,0.5006884565030925,"Периферийный узел: 1 входящих, 2 исходящих, оборот 50 тыс.; есть источники вне выборки",2,False,1,2,5000.0,45000.0,1,2,9.0,1,0.0,external_funding,"{""betweenness"": 0.074, ""degree"": 0.122, ""n_seed_upstream"": 0.262, ""role"": 0.036}"
100000002028158100,terminal,0.5,2,0.5910229786465623,"Вероятный конечный получатель: 1 плательщиков, получено 35 тыс., исходящих нет",2,False,1,0,34800.0,0.0,1,0,0.0,1,0.0,,"{""betweenness"": 0.074, ""degree"": 0.048, ""n_seed_upstream"": 0.262, ""role"": 0.199}"
100000005519998100,transit,0.5017142746994092,22,0.8700058688095347,"Признаки транзита: получено 182 тыс., отдано 103%, 3→3 контрагента",2,False,3,3,182000.0,188000.0,5,8,1.032967032967033,1,8.916608312418933e-05,,"{""betweenness"": 0.186, ""degree"": 0.138, ""n_seed_upstream"": 0.262, ""role"": 0.271}"
100000002335358100,terminal,0.5,2,0.5910229786465623,"Вероятный конечный получатель: 1 плательщиков, получено 140 тыс., исходящих нет",2,False,1,0,140000.0,0.0,2,0,0.0,1,0.0,,"{""betweenness"": 0.074, ""degree"": 0.048, ""n_seed_upstream"": 0.262, ""role"": 0.199}"
100000007289427100,terminal,0.5,5,0.5910229786465623,"Вероятный конечный получатель: 1 плательщиков, получено 12 тыс., исходящих нет",2,False,1,0,12300.0,0.0,1,0,0.0,1,0.0,,"{""betweenness"": 0.074, ""degree"": 0.048, ""n_seed_upstream"": 0.262, ""role"": 0.199}"
100000004592467100,terminal,0.5,5,0.5910229786465623,"Вероятный конечный получатель: 1 плательщиков, получено 7 тыс., исходящих нет",2,False,1,0,7000.0,0.0,1,0,0.0,1,0.0,,"{""betweenness"": 0.074, ""degree"": 0.048, ""n_seed_upstream"": 0.262, ""role"": 0.199}"
100000004993576100,terminal,0.5,2,0.5910229786465623,"Вероятный конечный получатель: 1 плательщиков, получено 167 тыс., исходящих нет",2,False,1,0,167000.0,0.0,1,0,0.0,1,0.0,,"{""betweenness"": 0.074, ""degree"": 0.048, ""n_seed_upstream"": 0.262, ""role"": 0.199}"
100000001648936100,terminal,0.5,18,0.5910229786465623,"Вероятный конечный получатель: 1 плательщиков, получено 93 тыс., исходящих нет",2,False,1,0,92740.0,0.0,1,0,0.0,1,0.0,,"{""betweenness"": 0.074, ""degree"": 0.048, ""n_seed_upstream"": 0.262, ""role"": 0.199}"
100000008512552100,peripheral,0.5,17,0.6463816531985012,"Периферийный узел: 4 входящих, 6 исходящих, оборот 1.70 млн; есть источники вне выборки",2,False,4,6,394360.0,1302275.0,9,11,3.3022492139162187,1,0.00048367646423588036,external_funding,"{""betweenness"": 0.195, ""degree"": 0.144, ""n_seed_upstream"": 0.262, ""role"": 0.036}"
100000007629096100,peripheral,0.5,3,0.6002212089747642,"Периферийный узел: 4 входящих, 1 исходящих, оборот 1.84 млн",2,False,4,1,1075170.0,765205.0,5,5,0.7117060557865268,1,1.6644335516515343e-05,,"{""betweenness"": 0.159, ""degree"": 0.135, ""n_seed_upstream"": 0.262, ""role"": 0.036}"
100000001601320100,transit,0.5019284196195696,25,0.8186199268656045,"Признаки транзита: получено 44 тыс., отдано 106%, 2→1 контрагента",2,False,2,1,43500.0,46200.0,2,1,1.0620689655172413,1,9.90734256935437e-07,,"{""betweenness"": 0.152, ""degree"": 0.122, ""n_seed_upstream"": 0.262, ""role"": 0.271}"
100000005782781100,peripheral,0.5,3,0.6493724888266896,"Периферийный узел: 6 входящих, 10 исходящих, оборот 1.44 млн; есть источники вне выборки",2,False,6,10,171888.0,1263597.0,10,10,7.351281066741134,1,0.0005104262891731372,external_funding,"{""betweenness"": 0.195, ""degree"": 0.147, ""n_seed_upstream"": 0.262, ""role"": 0.036}"
100000002723538100,coordinator,0.5,5,0.9049139993679746,Кандидат в координирующий узел: 3 плательщиков → 12 получателей; сигналы S3,2,False,3,12,105647.0,560499.0,3,14,5.305394379395534,1,0.000303759123176405,external_funding;peripheral;S3,"{""betweenness"": 0.193, ""degree"": 0.147, ""n_seed_upstream"": 0.262, ""role"": 0.29}"
100000002340562100,terminal,0.5,7,0.5910229786465623,"Вероятный конечный получатель: 1 плательщиков, получено 37 тыс., исходящих нет",2,False,1,0,36650.0,0.0,2,0,0.0,1,0.0,,"{""betweenness"": 0.074, ""degree"": 0.048, ""n_seed_upstream"": 0.262, ""role"": 0.199}"
100000005939154100,terminal,0.5,2,0.5910229786465623,"Вероятный конечный получатель: 1 плательщиков, получено 22 тыс., исходящих нет",2,False,1,0,22000.0,0.0,2,0,0.0,1,0.0,,"{""betweenness"": 0.074, ""degree"": 0.048, ""n_seed_upstream"": 0.262, ""role"": 0.199}"
100000004386258100,peripheral,0.5,13,0.7068868222653605,"Периферийный узел: 3 входящих, 3 исходящих, оборот 102 тыс.",2,False,3,3,61700.0,40000.0,3,3,0.6482982171799028,2,0.00012047328564334914,,"{""betweenness"": 0.189, ""degree"": 0.138, ""n_seed_upstream"": 0.334, ""role"": 0.036}"
100000008406609100,terminal,0.5,11,0.5910229786465623,"Вероятный конечный получатель: 1 плательщиков, получено 34 тыс., исходящих нет",2,False,1,0,34000.0,0.0,1,0,0.0,1,0.0,,"{""betweenness"": 0.074, ""degree"": 0.048, ""n_seed_upstream"": 0.262, ""role"": 0.199}"
100000007242833100,peripheral,0.5,13,0.6528712022030608,"Периферийный узел: 1 входящих, 1 исходящих, оборот 152 тыс.",2,False,1,1,107500.0,45000.0,3,2,0.4186046511627907,2,1.981468513870874e-05,,"{""betweenness"": 0.169, ""degree"": 0.105, ""n_seed_upstream"": 0.334, ""role"": 0.036}"
100000004698193100,peripheral,0.5,18,0.5960227529231187,"Периферийный узел: 2 входящих, 3 исходящих, оборот 261 тыс.",2,False,2,3,222700.0,38000.0,15,5,0.17063313875168387,1,1.5851748110966993e-06,,"{""betweenness"": 0.154, ""degree"": 0.135, ""n_seed_upstream"": 0.262, ""role"": 0.036}"
100000002733905100,peripheral,0.5,4,0.5964741998103924,"Периферийный узел: 3 входящих, 2 исходящих, оборот 818 тыс.; есть источники вне выборки",2,False,3,2,100000.0,717839.0,5,3,7.17839,1,1.7833216624837866e-06,external_funding,"{""betweenness"": 0.155, ""degree"": 0.135, ""n_seed_upstream"": 0.262, ""role"": 0.036}"
100000006912294100,peripheral,0.5,7,0.5783824658028984,"Периферийный узел: 1 входящих, 2 исходящих, оборот 36 тыс.; есть источники вне выборки",2,False,1,2,6335.09,30000.0,1,2,4.7355286191672095,1,5.944405541612623e-07,external_funding,"{""betweenness"": 0.15, ""degree"": 0.122, ""n_seed_upstream"": 0.262, ""role"": 0.036}"
100000003036198100,terminal,0.5,3,0.5910229786465623,"Вероятный конечный получатель: 1 плательщиков, получено 15 тыс., исходящих нет",2,False,1,0,15000.0,0.0,1,0,0.0,1,0.0,,"{""betweenness"": 0.074, ""degree"": 0.048, ""n_seed_upstream"": 0.262, ""role"": 0.199}"
100000004687099100,terminal,0.5,25,0.5910229786465623,"Вероятный конечный получатель: 1 плательщиков, получено 30 тыс., исходящих нет",2,False,1,0,30000.0,0.0,1,0,0.0,1,0.0,,"{""betweenness"": 0.074, ""degree"": 0.048, ""n_seed_upstream"": 0.262, ""role"": 0.199}"
100000005242320100,distributor,0.5321957501609793,14,0.8733240034309965,"Веерная рассылка: 21 получателей, отдано 8.94 млн",2,False,2,21,365700.0,8936295.0,2,29,24.43613617719442,1,2.9722027708063113e-05,external_funding,"{""betweenness"": 0.175, ""degree"": 0.148, ""n_seed_upstream"": 0.262, ""role"": 0.275}"
100000008762832100,peripheral,0.5,5,0.4835221886145096,"Периферийный узел: 1 входящих, 1 исходящих, оборот 235 тыс.",2,False,1,1,150000.0,85000.0,1,4,0.5666666666666667,1,0.0,,"{""betweenness"": 0.074, ""degree"": 0.105, ""n_seed_upstream"": 0.262, ""role"": 0.036}"
100000002489253100,terminal,0.5,2,0.5910229786465623,"Вероятный конечный получатель: 1 плательщиков, получено 51 тыс., исходящих нет",2,False,1,0,51000.0,0.0,1,0,0.0,1,0.0,,"{""betweenness"": 0.074, ""degree"": 0.048, ""n_seed_upstream"": 0.262, ""role"": 0.199}"
100000004756901100,terminal,0.5,16,0.6639429371134485,"Вероятный конечный получатель: 1 плательщиков, получено 153 тыс., исходящих нет",2,False,1,0,153248.0,0.0,1,0,0.0,2,0.0,,"{""betweenness"": 0.074, ""degree"": 0.048, ""n_seed_upstream"": 0.334, ""role"": 0.199}"
100000008749989100,terminal,0.5,4,0.5910229786465623,"Вероятный конечный получатель: 1 плательщиков, получено 16 тыс., исходящих нет",2,False,1,0,16000.0,0.0,1,0,0.0,1,0.0,,"{""betweenness"": 0.074, ""degree"": 0.048, ""n_seed_upstream"": 0.262, ""role"": 0.199}"
100000001380986100,terminal,0.5,6,0.5910229786465623,"Вероятный конечный получатель: 1 плательщиков, получено 70 тыс., исходящих нет",2,False,1,0,70170.0,0.0,1,0,0.0,1,0.0,,"{""betweenness"": 0.074, ""degree"": 0.048, ""n_seed_upstream"": 0.262, ""role"": 0.199}"
100000003089018100,terminal,0.5,6,0.5910229786465623,"Вероятный конечный получатель: 1 плательщиков, получено 230 тыс., исходящих нет",2,False,1,0,230000.0,0.0,1,0,0.0,1,0.0,,"{""betweenness"": 0.074, ""degree"": 0.048, ""n_seed_upstream"": 0.262, ""role"": 0.199}"
100000008742266100,terminal,0.5,4,0.5910229786465623,"Вероятный конечный получатель: 1 плательщиков, получено 21 тыс., исходящих нет",2,False,1,0,21000.0,0.0,1,0,0.0,1,0.0,,"{""betweenness"": 0.074, ""degree"": 0.048, ""n_seed_upstream"": 0.262, ""role"": 0.199}"
100000003044431100,terminal,0.5,3,0.6490226174890525,"Вероятный конечный получатель: 2 плательщиков, получено 60 тыс., исходящих нет",2,False,2,0,60000.0,0.0,2,0,0.0,1,0.0,,"{""betweenness"": 0.074, ""degree"": 0.105, ""n_seed_upstream"": 0.262, ""role"": 0.199}"
100000003321423100,terminal,0.5,10,0.5910229786465623,"Вероятный конечный получатель: 1 плательщиков, получено 100 тыс., исходящих нет",2,False,1,0,100000.0,0.0,2,0,0.0,1,0.0,,"{""betweenness"": 0.074, ""degree"": 0.048, ""n_seed_upstream"": 0.262, ""role"": 0.199}"
100000002540623100,terminal,0.5,7,0.5910229786465623,"Вероятный конечный получатель: 1 плательщиков, получено 100 тыс., исходящих нет",2,False,1,0,100000.0,0.0,1,0,0.0,1,0.0,,"{""betweenness"": 0.074, ""degree"": 0.048, ""n_seed_upstream"": 0.262, ""role"": 0.199}"
100000004225615100,terminal,0.5,6,0.5910229786465623,"Вероятный конечный получатель: 1 плательщиков, получено 90 тыс., исходящих нет",2,False,1,0,90000.0,0.0,2,0,0.0,1,0.0,,"{""betweenness"": 0.074, ""degree"": 0.048, ""n_seed_upstream"": 0.262, ""role"": 0.199}"
100000004820260100,transit,0.5008794313729835,2,0.8433140715994765,"Признаки транзита: получено 234 тыс., отдано 92%, 1→3 контрагента",2,False,1,3,234200.0,215350.0,12,10,0.9195132365499573,1,1.9616538287321655e-05,,"{""betweenness"": 0.168, ""degree"": 0.13, ""n_seed_upstream"": 0.262, ""role"": 0.271}"
100000000795129100,terminal,0.5,2,0.5910229786465623,"Вероятный конечный получатель: 1 плательщиков, получено 332 тыс., исходящих нет",2,False,1,0,332000.0,0.0,1,0,0.0,1,0.0,,"{""betweenness"": 0.074, ""degree"": 0.048, ""n_seed_upstream"": 0.262, ""role"": 0.199}"
100000008213966100,peripheral,0.5,2,0.6174326215520745,"Периферийный узел: 3 входящих, 1 исходящих, оборот 624 тыс.; есть источники вне выборки",2,False,3,1,187004.0,436900.0,7,8,2.336313661739856,1,4.319601360238506e-05,external_funding,"{""betweenness"": 0.18, ""degree"": 0.13, ""n_seed_upstream"": 0.262, ""role"": 0.036}"
100000008478414100,terminal,0.5,4,0.5910229786465623,"Вероятный конечный получатель: 1 плательщиков, получено 10 тыс., исходящих нет",2,False,1,0,10000.0,0.0,1,0,0.0,1,0.0,,"{""betweenness"": 0.074, ""degree"": 0.048, ""n_seed_upstream"": 0.262, ""role"": 0.199}"
100000001330595100,peripheral,0.5,23,0.5898492167396506,"Периферийный узел: 3 входящих, 1 исходящих, оборот 241 тыс.; есть источники вне выборки",2,False,3,1,87000.0,154000.0,6,1,1.7701149425287357,1,1.1888811083225246e-06,external_funding,"{""betweenness"": 0.153, ""degree"": 0.13, ""n_seed_upstream"": 0.262, ""role"": 0.036}"
100000000076451100,peripheral,0.5,2,0.6348020405399306,"Периферийный узел: 3 входящих, 4 исходящих, оборот 146 тыс.",2,False,3,4,87707.0,58000.0,4,4,0.661292713238396,1,9.76863977338341e-05,,"{""betweenness"": 0.187, ""degree"": 0.141, ""n_seed_upstream"": 0.262, ""role"": 0.036}"
100000005664632100,terminal,0.5,5,0.5910229786465623,"Вероятный конечный получатель: 1 плательщиков, получено 199 тыс., исходящих нет",2,False,1,0,198620.0,0.0,18,0,0.0,1,0.0,,"{""betweenness"": 0.074, ""degree"": 0.048, ""n_seed_upstream"": 0.262, ""role"": 0.199}"
100000002457464100,terminal,0.5,5,0.5910229786465623,"Вероятный конечный получатель: 1 плательщиков, получено 67 тыс., исходящих нет",2,False,1,0,66647.0,0.0,1,0,0.0,1,0.0,,"{""betweenness"": 0.074, ""degree"": 0.048, ""n_seed_upstream"": 0.262, ""role"": 0.199}"
100000002757240100,terminal,0.5,5,0.5910229786465623,"Вероятный конечный получатель: 1 плательщиков, получено 51 тыс., исходящих нет",2,False,1,0,51183.0,0.0,1,0,0.0,1,0.0,,"{""betweenness"": 0.074, ""degree"": 0.048, ""n_seed_upstream"": 0.262, ""role"": 0.199}"
100000003718221100,peripheral,0.5,28,0.6234481513249966,"Периферийный узел: 2 входящих, 4 исходящих, оборот 774 тыс.; есть источники вне выборки",2,False,2,4,350000.0,423500.0,6,8,1.21,1,3.923307657464331e-05,external_funding,"{""betweenness"": 0.178, ""degree"": 0.138, ""n_seed_upstream"": 0.262, ""role"": 0.036}"
100000008629581100,terminal,0.5,5,0.5910229786465623,"Вероятный конечный получатель: 1 плательщиков, получено 54 тыс., исходящих нет",2,False,1,0,54184.0,0.0,1,0,0.0,1,0.0,,"{""betweenness"": 0.074, ""degree"": 0.048, ""n_seed_upstream"": 0.262, ""role"": 0.199}"
100000004806903100,terminal,0.5,8,0.5910229786465623,"Вероятный конечный получатель: 1 плательщиков, получено 18 тыс., исходящих нет",2,False,1,0,18000.0,0.0,1,0,0.0,1,0.0,,"{""betweenness"": 0.074, ""degree"": 0.048, ""n_seed_upstream"": 0.262, ""role"": 0.199}"
100000000913911100,peripheral,0.5,5,0.594634553744752,"Периферийный узел: 2 входящих, 1 исходящих, оборот 1.07 млн; есть источники вне выборки",2,False,2,1,467000.0,600000.0,2,1,1.284796573875803,1,1.9418391435934565e-05,external_funding,"{""betweenness"": 0.167, ""degree"": 0.122, ""n_seed_upstream"": 0.262, ""role"": 0.036}"
100000004905207100,terminal,0.5,11,0.5910229786465623,"Вероятный конечный получатель: 1 плательщиков, получено 380 тыс., исходящих нет",2,False,1,0,380000.0,0.0,1,0,0.0,1,0.0,,"{""betweenness"": 0.074, ""degree"": 0.048, ""n_seed_upstream"": 0.262, ""role"": 0.199}"
100000003831201100,terminal,0.5,1,0.5910229786465623,"Вероятный конечный получатель: 1 плательщиков, получено 40 тыс., исходящих нет",2,False,1,0,40500.0,0.0,3,0,0.0,1,0.0,,"{""betweenness"": 0.074, ""degree"": 0.048, ""n_seed_upstream"": 0.262, ""role"": 0.199}"
100000003073398100,terminal,0.5,18,0.5910229786465623,"Вероятный конечный получатель: 1 плательщиков, получено 93 тыс., исходящих нет",2,False,1,0,92960.0,0.0,1,0,0.0,1,0.0,,"{""betweenness"": 0.074, ""degree"": 0.048, ""n_seed_upstream"": 0.262, ""role"": 0.199}"
100000008418934100,terminal,0.5,6,0.5910229786465623,"Вероятный конечный получатель: 1 плательщиков, получено 360 тыс., исходящих нет",2,False,1,0,360000.0,0.0,1,0,0.0,1,0.0,,"{""betweenness"": 0.074, ""degree"": 0.048, ""n_seed_upstream"": 0.262, ""role"": 0.199}"
100000002741024100,peripheral,0.5,3,0.6405128436639429,"Периферийный узел: 5 входящих, 6 исходящих, оборот 1.25 млн",2,False,5,6,817980.85,434989.0,9,7,0.5317838431058625,1,0.00011868996398086536,,"{""betweenness"": 0.188, ""degree"": 0.145, ""n_seed_upstream"": 0.262, ""role"": 0.036}"
100000008106997100,peripheral,0.5,3,0.590616676448016,"Периферийный узел: 2 входящих, 1 исходящих, оборот 56 тыс.",2,False,2,1,35600.0,20600.0,2,1,0.5786516853932584,1,1.922024458454748e-05,,"{""betweenness"": 0.163, ""degree"": 0.122, ""n_seed_upstream"": 0.262, ""role"": 0.036}"
100000007998965100,coordinator,0.75,7,0.8717439393255384,Кандидат в координирующий узел: 5 плательщиков → 1 получателей; сигналы S3,2,False,5,1,278000.0,26000.0,7,3,0.09352517985611511,1,1.981468513870874e-05,consolidator;S3,"{""betweenness"": 0.169, ""degree"": 0.138, ""n_seed_upstream"": 0.262, ""role"": 0.29}"
100000001822623100,terminal,0.5,1,0.5910229786465623,"Вероятный конечный получатель: 1 плательщиков, получено 201 тыс., исходящих нет",2,False,1,0,201300.0,0.0,1,0,0.0,1,0.0,,"{""betweenness"": 0.074, ""degree"": 0.048, ""n_seed_upstream"": 0.262, ""role"": 0.199}"
100000006424479100,peripheral,0.5,20,0.6126472845469733,"Периферийный узел: 1 входящих, 2 исходящих, оборот 720 тыс.",2,False,1,2,500000.0,220000.0,2,3,0.44,1,7.311618816183526e-05,,"{""betweenness"": 0.184, ""degree"": 0.122, ""n_seed_upstream"": 0.262, ""role"": 0.036}"
100000008696692100,terminal,0.5,4,0.5910229786465623,"Вероятный конечный получатель: 1 плательщиков, получено 19 тыс., исходящих нет",2,False,1,0,19000.0,0.0,1,0,0.0,1,0.0,,"{""betweenness"": 0.074, ""degree"": 0.048, ""n_seed_upstream"": 0.262, ""role"": 0.199}"
100000002748532100,peripheral,0.5,6,0.6166538756715273,"Периферийный узел: 3 входящих, 2 исходящих, оборот 1.00 млн; есть источники вне выборки",2,False,3,2,355575.0,646685.0,3,7,1.8187021022287844,1,2.9127587153901848e-05,external_funding,"{""betweenness"": 0.175, ""degree"": 0.135, ""n_seed_upstream"": 0.262, ""role"": 0.036}"
100000004456564100,terminal,0.5,11,0.5910229786465623,"Вероятный конечный получатель: 1 плательщиков, получено 10 тыс., исходящих нет",2,False,1,0,10000.0,0.0,2,0,0.0,1,0.0,,"{""betweenness"": 0.074, ""degree"": 0.048, ""n_seed_upstream"": 0.262, ""role"": 0.199}"
100000001530740100,terminal,0.5,2,0.5910229786465623,"Вероятный конечный получатель: 1 плательщиков, получено 15 тыс., исходящих нет",2,False,1,0,15000.0,0.0,1,0,0.0,1,0.0,,"{""betweenness"": 0.074, ""degree"": 0.048, ""n_seed_upstream"": 0.262, ""role"": 0.199}"
100000001386612100,terminal,0.5,11,0.6639429371134485,"Вероятный конечный получатель: 1 плательщиков, получено 62 тыс., исходящих нет",2,False,1,0,62264.0,0.0,1,0,0.0,2,0.0,,"{""betweenness"": 0.074, ""degree"": 0.048, ""n_seed_upstream"": 0.334, ""role"": 0.199}"
100000003360542100,peripheral,0.5,3,0.661911426120717,"Периферийный узел: 2 входящих, 2 исходящих, оборот 369 тыс.",2,False,2,2,317000.0,51800.0,3,5,0.16340694006309148,2,9.90734256935437e-07,,"{""betweenness"": 0.152, ""degree"": 0.13, ""n_seed_upstream"": 0.334, ""role"": 0.036}"
100000008352542100,terminal,0.5,10,0.5910229786465623,"Вероятный конечный получатель: 1 плательщиков, получено 50 тыс., исходящих нет",2,False,1,0,50220.0,0.0,1,0,0.0,1,0.0,,"{""betweenness"": 0.074, ""degree"": 0.048, ""n_seed_upstream"": 0.262, ""role"": 0.199}"
100000001138376100,terminal,0.5,2,0.5910229786465623,"Вероятный конечный получатель: 1 плательщиков, получено 15 тыс., исходящих нет",2,False,1,0,15300.0,0.0,1,0,0.0,1,0.0,,"{""betweenness"": 0.074, ""degree"": 0.048, ""n_seed_upstream"": 0.262, ""role"": 0.199}"
100000003246024100,peripheral,0.5,1,0.6091147126540563,"Периферийный узел: 1 входящих, 1 исходящих, оборот 30 тыс.",2,False,1,1,25000.0,5000.0,1,1,0.2,1,0.001629559705807407,,"{""betweenness"": 0.198, ""degree"": 0.105, ""n_seed_upstream"": 0.262, ""role"": 0.036}"
100000002680477100,terminal,0.5,14,0.5910229786465623,"Вероятный конечный получатель: 1 плательщиков, получено 25 тыс., исходящих нет",2,False,1,0,25000.0,0.0,1,0,0.0,1,0.0,,"{""betweenness"": 0.074, ""degree"": 0.048, ""n_seed_upstream"": 0.262, ""role"": 0.199}"
100000005882013100,peripheral,0.5,20,0.5006884565030925,"Периферийный узел: 2 входящих, 1 исходящих, оборот 145 тыс.",2,False,2,1,135000.0,10000.0,3,1,0.07407407407407407,1,0.0,,"{""betweenness"": 0.074, ""degree"": 0.122, ""n_seed_upstream"": 0.262, ""role"": 0.036}"
100000005665181100,peripheral,0.5,3,0.6449257369870436,"Периферийный узел: 4 входящих, 11 исходящих, оборот 227 тыс.; есть источники вне выборки",2,False,4,11,45498.0,181915.0,5,11,3.998307617917271,1,0.0001872487745607976,external_funding,"{""betweenness"": 0.191, ""degree"": 0.147, ""n_seed_upstream"": 0.262, ""role"": 0.036}"
100000008141170100,terminal,0.5,2,0.5910229786465623,"Вероятный конечный получатель: 1 плательщиков, получено 11 тыс., исходящих нет",2,False,1,0,11000.0,0.0,1,0,0.0,1,0.0,,"{""betweenness"": 0.074, ""degree"": 0.048, ""n_seed_upstream"": 0.262, ""role"": 0.199}"
100000001382002100,transit,0.501672373473909,1,0.722089296194303,"Признаки транзита: получено 55 тыс., отдано 103%, 1→1 контрагента",2,False,1,1,55000.0,56500.0,2,3,1.0272727272727273,1,0.0,,"{""betweenness"": 0.074, ""degree"": 0.105, ""n_seed_upstream"": 0.262, ""role"": 0.271}"
100000002481735100,terminal,0.5,2,0.5910229786465623,"Вероятный конечный получатель: 1 плательщиков, получено 22 тыс., исходящих нет",2,False,1,0,22436.0,0.0,2,0,0.0,1,0.0,,"{""betweenness"": 0.074, ""degree"": 0.048, ""n_seed_upstream"": 0.262, ""role"": 0.199}"
100000000806727100,peripheral,0.5,15,0.5564421470813959,"Периферийный узел: 1 входящих, 1 исходящих, оборот 50 тыс.",2,False,1,1,45000.0,5000.0,1,1,0.1111111111111111,2,0.0,,"{""betweenness"": 0.074, ""degree"": 0.105, ""n_seed_upstream"": 0.334, ""role"": 0.036}"
100000003039473100,terminal,0.5,2,0.5910229786465623,"Вероятный конечный получатель: 1 плательщиков, получено 23 тыс., исходящих нет",2,False,1,0,23000.0,0.0,1,0,0.0,1,0.0,,"{""betweenness"": 0.074, ""degree"": 0.048, ""n_seed_upstream"": 0.262, ""role"": 0.199}"
100000005205745100,terminal,0.5,7,0.5910229786465623,"Вероятный конечный получатель: 1 плательщиков, получено 6 тыс., исходящих нет",2,False,1,0,6000.0,0.0,1,0,0.0,1,0.0,,"{""betweenness"": 0.074, ""degree"": 0.048, ""n_seed_upstream"": 0.262, ""role"": 0.199}"
100000004356593100,peripheral,0.5,3,0.5734504085594331,"Периферийный узел: 1 входящих, 1 исходящих, оборот 60 тыс.",2,False,1,1,50000.0,10000.0,1,1,0.2,1,1.922024458454748e-05,,"{""betweenness"": 0.163, ""degree"": 0.105, ""n_seed_upstream"": 0.262, ""role"": 0.036}"
100000008688881100,terminal,0.5,4,0.5910229786465623,"Вероятный конечный получатель: 1 плательщиков, получено 44 тыс., исходящих нет",2,False,1,0,44211.0,0.0,1,0,0.0,1,0.0,,"{""betweenness"": 0.074, ""degree"": 0.048, ""n_seed_upstream"": 0.262, ""role"": 0.199}"
100000008111003100,consolidator,0.6328021248340019,5,0.8889892104193944,"Признаки консолидации: 6 плательщиков, деньги от 1 seed за ≤2 колена, получено 223 тыс., дальше ушло 16%",2,False,6,1,222716.0,35000.0,9,1,0.15715081089818422,1,0.0006713215324994521,,"{""betweenness"": 0.196, ""degree"": 0.141, ""n_seed_upstream"": 0.262, ""role"": 0.278}"
100000003016773100,terminal,0.5,13,0.5910229786465623,"Вероятный конечный получатель: 1 плательщиков, получено 47 тыс., исходящих нет",2,False,1,0,46555.0,0.0,1,0,0.0,1,0.0,,"{""betweenness"": 0.074, ""degree"": 0.048, ""n_seed_upstream"": 0.262, ""role"": 0.199}"
100000004674799100,terminal,0.5,1,0.5910229786465623,"Вероятный конечный получатель: 1 плательщиков, получено 140 тыс., исходящих нет",2,False,1,0,140000.0,0.0,5,0,0.0,1,0.0,,"{""betweenness"": 0.074, ""degree"": 0.048, ""n_seed_upstream"": 0.262, ""role"": 0.199}"
100000005834479100,peripheral,0.5,3,0.5006884565030925,"Периферийный узел: 1 входящих, 2 исходящих, оборот 22 тыс.; есть источники вне выборки",2,False,1,2,7500.0,14470.0,1,2,1.9293333333333333,1,0.0,external_funding,"{""betweenness"": 0.074, ""degree"": 0.122, ""n_seed_upstream"": 0.262, ""role"": 0.036}"
100000003278020100,terminal,0.5,3,0.5910229786465623,"Вероятный конечный получатель: 1 плательщиков, получено 190 тыс., исходящих нет",2,False,1,0,190000.0,0.0,1,0,0.0,1,0.0,,"{""betweenness"": 0.074, ""degree"": 0.048, ""n_seed_upstream"": 0.262, ""role"": 0.199}"
100000000831684100,peripheral,0.5,13,0.4835221886145096,"Периферийный узел: 1 входящих, 1 исходящих, оборот 65 тыс.; есть источники вне выборки",2,False,1,1,15000.0,50000.0,2,3,3.3333333333333335,1,0.0,external_funding,"{""betweenness"": 0.074, ""degree"": 0.105, ""n_seed_upstream"": 0.262, ""role"": 0.036}"
100000000307908100,terminal,0.5,36,0.5910229786465623,"Вероятный конечный получатель: 1 плательщиков, получено 5 тыс., исходящих нет",2,False,1,0,5000.0,0.0,1,0,0.0,1,0.0,,"{""betweenness"": 0.074, ""degree"": 0.048, ""n_seed_upstream"": 0.262, ""role"": 0.199}"
100000001782980100,peripheral,0.5,24,0.5612161979143155,"Периферийный узел: 1 входящих, 1 исходящих, оборот 646 тыс.; есть источники вне выборки",2,False,1,1,50000.0,596200.0,1,3,11.924,1,5.944405541612623e-07,external_funding,"{""betweenness"": 0.15, ""degree"": 0.105, ""n_seed_upstream"": 0.262, ""role"": 0.036}"
100000002454724100,terminal,0.5,14,0.5910229786465623,"Вероятный конечный получатель: 1 плательщиков, получено 125 тыс., исходящих нет",2,False,1,0,125000.0,0.0,3,0,0.0,1,0.0,,"{""betweenness"": 0.074, ""degree"": 0.048, ""n_seed_upstream"": 0.262, ""role"": 0.199}"
100000005904580100,terminal,0.5,10,0.6490226174890525,"Вероятный конечный получатель: 2 плательщиков, получено 72 тыс., исходящих нет",2,False,2,0,72000.0,0.0,2,0,0.0,1,0.0,,"{""betweenness"": 0.074, ""degree"": 0.105, ""n_seed_upstream"": 0.262, ""role"": 0.199}"
100000008474308100,peripheral,0.5,10,0.4835221886145096,"Периферийный узел: 1 входящих, 1 исходящих, оборот 24 тыс.",2,False,1,1,14000.0,10000.0,2,1,0.7142857142857143,1,0.0,,"{""betweenness"": 0.074, ""degree"": 0.105, ""n_seed_upstream"": 0.262, ""role"": 0.036}"
100000000795033100,terminal,0.5,12,0.5910229786465623,"Вероятный конечный получатель: 1 плательщиков, получено 18 тыс., исходящих нет",2,False,1,0,18200.0,0.0,1,0,0.0,1,0.0,,"{""betweenness"": 0.074, ""degree"": 0.048, ""n_seed_upstream"": 0.262, ""role"": 0.199}"
100000000861294100,terminal,0.5,18,0.5910229786465623,"Вероятный конечный получатель: 1 плательщиков, получено 150 тыс., исходящих нет",2,False,1,0,150000.0,0.0,1,0,0.0,1,0.0,,"{""betweenness"": 0.074, ""degree"": 0.048, ""n_seed_upstream"": 0.262, ""role"": 0.199}"
100000006557763100,terminal,0.5,5,0.5910229786465623,"Вероятный конечный получатель: 1 плательщиков, получено 10 тыс., исходящих нет",2,False,1,0,10000.0,0.0,1,0,0.0,1,0.0,,"{""betweenness"": 0.074, ""degree"": 0.048, ""n_seed_upstream"": 0.262, ""role"": 0.199}"
100000005608515100,terminal,0.5,7,0.5910229786465623,"Вероятный конечный получатель: 1 плательщиков, получено 64 тыс., исходящих нет",2,False,1,0,64000.0,0.0,4,0,0.0,1,0.0,,"{""betweenness"": 0.074, ""degree"": 0.048, ""n_seed_upstream"": 0.262, ""role"": 0.199}"
100000003922499100,terminal,0.5,13,0.5910229786465623,"Вероятный конечный получатель: 1 плательщиков, получено 50 тыс., исходящих нет",2,False,1,0,50000.0,0.0,1,0,0.0,1,0.0,,"{""betweenness"": 0.074, ""degree"": 0.048, ""n_seed_upstream"": 0.262, ""role"": 0.199}"
100000008603629100,coordinator,1.0,1,0.9143040946232677,"Кандидат в координирующий узел: 19 плательщиков → 61 получателей; сигналы S2, S3",2,False,19,61,1817300.0,4986156.0,45,74,2.7437165025037142,1,0.005654318551181927,external_funding;distributor;S2;S3,"{""betweenness"": 0.2, ""degree"": 0.15, ""n_seed_upstream"": 0.262, ""role"": 0.29}"
100000004825069100,terminal,0.5,4,0.5910229786465623,"Вероятный конечный получатель: 1 плательщиков, получено 30 тыс., исходящих нет",2,False,1,0,30000.0,0.0,4,0,0.0,1,0.0,,"{""betweenness"": 0.074, ""degree"": 0.048, ""n_seed_upstream"": 0.262, ""role"": 0.199}"
100000004331458100,terminal,0.5,31,0.6490226174890525,"Вероятный конечный получатель: 2 плательщиков, получено 250 тыс., исходящих нет",2,False,2,0,250000.0,0.0,2,0,0.0,1,0.0,,"{""betweenness"": 0.074, ""degree"": 0.105, ""n_seed_upstream"": 0.262, ""role"": 0.199}"
100000002911170100,terminal,0.5,14,0.5910229786465623,"Вероятный конечный получатель: 1 плательщиков, получено 300 тыс., исходящих нет",2,False,1,0,300000.0,0.0,2,0,0.0,1,0.0,,"{""betweenness"": 0.074, ""degree"": 0.048, ""n_seed_upstream"": 0.262, ""role"": 0.199}"
100000008011159100,peripheral,0.5,8,0.6379847410952102,"Периферийный узел: 3 входящих, 5 исходящих, оборот 516 тыс.",2,False,3,5,363000.0,153037.0,6,5,0.4215895316804408,1,0.00011928440453502662,,"{""betweenness"": 0.188, ""degree"": 0.142, ""n_seed_upstream"": 0.262, ""role"": 0.036}"
100000003854444100,peripheral,0.5,19,0.6511557040314208,"Периферийный узел: 1 входящих, 14 исходящих, оборот 2.53 млн; есть источники вне выборки",2,False,1,14,210000.0,2322909.0,4,14,11.061471428571428,1,0.0011623294302366548,external_funding,"{""betweenness"": 0.197, ""degree"": 0.147, ""n_seed_upstream"": 0.262, ""role"": 0.036}"
100000008547948100,coordinator,0.6931745009658756,6,0.9114486930612615,Кандидат в координирующий узел: 6 плательщиков → 26 получателей; сигналы S2,2,False,6,26,212665.0,5185600.0,7,31,24.383890155878966,1,0.001457370091952028,external_funding;distributor;S2,"{""betweenness"": 0.198, ""degree"": 0.149, ""n_seed_upstream"": 0.262, ""role"": 0.29}"
100000005175148100,peripheral,0.5,2,0.5006884565030925,"Периферийный узел: 2 входящих, 1 исходящих, оборот 94 тыс.",2,False,2,1,79000.0,15000.0,4,1,0.189873417721519,1,0.0,,"{""betweenness"": 0.074, ""degree"": 0.122, ""n_seed_upstream"": 0.262, ""role"": 0.036}"
100000002087788100,terminal,0.5,8,0.5910229786465623,"Вероятный конечный получатель: 1 плательщиков, получено 100 тыс., исходящих нет",2,False,1,0,100500.0,0.0,1,0,0.0,1,0.0,,"{""betweenness"": 0.074, ""degree"": 0.048, ""n_seed_upstream"": 0.262, ""role"": 0.199}"
100000004150593100,peripheral,0.5,2,0.6447000135434066,"Периферийный узел: 1 входящих, 11 исходящих, оборот 928 тыс.; есть источники вне выборки",2,False,1,11,57000.0,871165.0,2,16,15.28359649122807,1,0.00020904492821337723,external_funding,"{""betweenness"": 0.192, ""degree"": 0.146, ""n_seed_upstream"": 0.262, ""role"": 0.036}"
100000001597505100,peripheral,0.5,3,0.568935939686696,"Периферийный узел: 1 входящих, 1 исходящих, оборот 39 тыс.",2,False,1,1,26460.0,12920.0,1,1,0.48828420256991684,1,9.709195717967283e-06,,"{""betweenness"": 0.158, ""degree"": 0.105, ""n_seed_upstream"": 0.262, ""role"": 0.036}"
100000007629121100,terminal,0.5,5,0.5910229786465623,"Вероятный конечный получатель: 1 плательщиков, получено 29 тыс., исходящих нет",2,False,1,0,29000.0,0.0,1,0,0.0,1,0.0,,"{""betweenness"": 0.074, ""degree"": 0.048, ""n_seed_upstream"": 0.262, ""role"": 0.199}"
100000005614315100,terminal,0.5,2,0.5910229786465623,"Вероятный конечный получатель: 1 плательщиков, получено 455 тыс., исходящих нет",2,False,1,0,455000.0,0.0,1,0,0.0,1,0.0,,"{""betweenness"": 0.074, ""degree"": 0.048, ""n_seed_upstream"": 0.262, ""role"": 0.199}"
100000008324800100,coordinator,0.5,3,0.8572863527605978,Кандидат в координирующий узел: 3 плательщиков → 1 получателей; сигналы S3,2,False,3,1,526500.0,511000.0,17,13,0.9705603038936372,1,1.922024458454748e-05,transit;S3,"{""betweenness"": 0.163, ""degree"": 0.13, ""n_seed_upstream"": 0.262, ""role"": 0.29}"
100000005030592100,terminal,0.5,2,0.5910229786465623,"Вероятный конечный получатель: 1 плательщиков, получено 10 тыс., исходящих нет",2,False,1,0,10000.0,0.0,1,0,0.0,1,0.0,,"{""betweenness"": 0.074, ""degree"": 0.048, ""n_seed_upstream"": 0.262, ""role"": 0.199}"
100000001633685100,terminal,0.5,17,0.6661888853776353,"Вероятный конечный получатель: 3 плательщиков, получено 45 тыс., исходящих нет",2,False,3,0,45000.0,0.0,3,0,0.0,1,0.0,,"{""betweenness"": 0.074, ""degree"": 0.122, ""n_seed_upstream"": 0.262, ""role"": 0.199}"
100000001848426100,terminal,0.5,18,0.5910229786465623,"Вероятный конечный получатель: 1 плательщиков, получено 96 тыс., исходящих нет",2,False,1,0,95530.0,0.0,1,0,0.0,1,0.0,,"{""betweenness"": 0.074, ""degree"": 0.048, ""n_seed_upstream"": 0.262, ""role"": 0.199}"
100000004580202100,peripheral,0.5,28,0.620412171008081,"Периферийный узел: 1 входящих, 3 исходящих, оборот 54 тыс.; есть источники вне выборки",2,False,1,3,9000.0,45000.0,1,4,5.0,1,5.9444055416126226e-05,external_funding,"{""betweenness"": 0.183, ""degree"": 0.13, ""n_seed_upstream"": 0.262, ""role"": 0.036}"
100000008717375100,terminal,0.5,5,0.5910229786465623,"Вероятный конечный получатель: 1 плательщиков, получено 30 тыс., исходящих нет",2,False,1,0,29506.0,0.0,1,0,0.0,1,0.0,,"{""betweenness"": 0.074, ""degree"": 0.048, ""n_seed_upstream"": 0.262, ""role"": 0.199}"
100000007861311100,terminal,0.5,25,0.5910229786465623,"Вероятный конечный получатель: 1 плательщиков, получено 45 тыс., исходящих нет",2,False,1,0,45000.0,0.0,1,0,0.0,1,0.0,,"{""betweenness"": 0.074, ""degree"": 0.048, ""n_seed_upstream"": 0.262, ""role"": 0.199}"
100000005578559100,distributor,0.5321957501609793,7,0.8955351902848632,"Веерная рассылка: 21 получателей, отдано 893 тыс.",2,False,2,21,131000.0,893163.6699999999,2,23,6.818043282442748,1,0.000981421354920244,external_funding,"{""betweenness"": 0.197, ""degree"": 0.148, ""n_seed_upstream"": 0.262, ""role"": 0.275}"
100000008764436100,terminal,0.5,4,0.5910229786465623,"Вероятный конечный получатель: 1 плательщиков, получено 13 тыс., исходящих нет",2,False,1,0,13100.0,0.0,1,0,0.0,1,0.0,,"{""betweenness"": 0.074, ""degree"": 0.048, ""n_seed_upstream"": 0.262, ""role"": 0.199}"
100000000190228100,peripheral,0.5,7,0.5828856485034536,"Периферийный узел: 1 входящих, 1 исходящих, оборот 34 тыс.; есть источники вне выборки",2,False,1,1,5000.0,28560.0,1,1,5.712,1,2.159800680119253e-05,external_funding,"{""betweenness"": 0.172, ""degree"": 0.105, ""n_seed_upstream"": 0.262, ""role"": 0.036}"
100000003971049100,terminal,0.5,17,0.5910229786465623,"Вероятный конечный получатель: 1 плательщиков, получено 56 тыс., исходящих нет",2,False,1,0,55900.0,0.0,7,0,0.0,1,0.0,,"{""betweenness"": 0.074, ""degree"": 0.048, ""n_seed_upstream"": 0.262, ""role"": 0.199}"
100000008743913100,peripheral,0.5,6,0.6478375694099591,"Периферийный узел: 3 входящих, 13 исходящих, оборот 2.00 млн; есть источники вне выборки",2,False,3,13,149300.0,1850600.0,3,13,12.395177494976558,1,0.0003112887035291143,external_funding,"{""betweenness"": 0.194, ""degree"": 0.147, ""n_seed_upstream"": 0.262, ""role"": 0.036}"
100000004400361100,terminal,0.5,16,0.6639429371134485,"Вероятный конечный получатель: 1 плательщиков, получено 10 тыс., исходящих нет",2,False,1,0,10000.0,0.0,1,0,0.0,2,0.0,,"{""betweenness"": 0.074, ""degree"": 0.048, ""n_seed_upstream"": 0.334, ""role"": 0.199}"
100000002175422100,peripheral,0.5,30,0.6409755767233986,"Периферийный узел: 3 входящих, 6 исходящих, оборот 1.69 млн; есть источники вне выборки",2,False,3,6,68500.0,1621188.0,5,14,23.66697810218978,1,0.00015871562796105702,external_funding,"{""betweenness"": 0.19, ""degree"": 0.144, ""n_seed_upstream"": 0.262, ""role"": 0.036}"
100000004544958100,peripheral,0.5,10,0.5988330097963975,"Периферийный узел: 1 входящих, 2 исходящих, оборот 191 тыс.",2,False,1,2,168000.0,23200.0,3,2,0.1380952380952381,1,2.0805419395644178e-05,,"{""betweenness"": 0.171, ""degree"": 0.122, ""n_seed_upstream"": 0.262, ""role"": 0.036}"
100000008466579100,peripheral,0.5,6,0.6500045144688728,"Периферийный узел: 2 входящих, 17 исходящих, оборот 1.97 млн; есть источники вне выборки",2,False,2,17,36952.0,1933000.0,2,20,52.31110630006495,1,0.0005161725478633627,external_funding,"{""betweenness"": 0.195, ""degree"": 0.148, ""n_seed_upstream"": 0.262, ""role"": 0.036}"
100000001184915100,terminal,0.5,2,0.5910229786465623,"Вероятный конечный получатель: 1 плательщиков, получено 201 тыс., исходящих нет",2,False,1,0,201000.0,0.0,2,0,0.0,1,0.0,,"{""betweenness"": 0.074, ""degree"": 0.048, ""n_seed_upstream"": 0.262, ""role"": 0.199}"
100000004435304100,terminal,0.5,4,0.5910229786465623,"Вероятный конечный получатель: 1 плательщиков, получено 26 тыс., исходящих нет",2,False,1,0,26200.0,0.0,1,0,0.0,1,0.0,,"{""betweenness"": 0.074, ""degree"": 0.048, ""n_seed_upstream"": 0.262, ""role"": 0.199}"
100000008762728100,terminal,0.5,2,0.5910229786465623,"Вероятный конечный получатель: 1 плательщиков, получено 17 тыс., исходящих нет",2,False,1,0,17026.0,0.0,1,0,0.0,1,0.0,,"{""betweenness"": 0.074, ""degree"": 0.048, ""n_seed_upstream"": 0.262, ""role"": 0.199}"
100000004285800100,peripheral,0.5,1,0.4835221886145096,"Периферийный узел: 1 входящих, 1 исходящих, оборот 20 тыс.; есть источники вне выборки",2,False,1,1,5000.0,15000.0,1,1,3.0,1,0.0,external_funding,"{""betweenness"": 0.074, ""degree"": 0.105, ""n_seed_upstream"": 0.262, ""role"": 0.036}"
100000008557672100,terminal,0.5,4,0.5910229786465623,"Вероятный конечный получатель: 1 плательщиков, получено 49 тыс., исходящих нет",2,False,1,0,49125.0,0.0,1,0,0.0,1,0.0,,"{""betweenness"": 0.074, ""degree"": 0.048, ""n_seed_upstream"": 0.262, ""role"": 0.199}"
100000005142589100,terminal,0.5,1,0.5910229786465623,"Вероятный конечный получатель: 1 плательщиков, получено 50 тыс., исходящих нет",2,False,1,0,50000.0,0.0,2,0,0.0,1,0.0,,"{""betweenness"": 0.074, ""degree"": 0.048, ""n_seed_upstream"": 0.262, ""role"": 0.199}"
100000003747133100,peripheral,0.5,3,0.6343505936526569,"Периферийный узел: 5 входящих, 2 исходящих, оборот 487 тыс.",2,False,5,2,237068.0,250000.0,8,2,1.0545497494389795,1,9.610122292273739e-05,,"{""betweenness"": 0.187, ""degree"": 0.141, ""n_seed_upstream"": 0.262, ""role"": 0.036}"
100000003289405100,terminal,0.5,5,0.5910229786465623,"Вероятный конечный получатель: 1 плательщиков, получено 355 тыс., исходящих нет",2,False,1,0,355000.0,0.0,1,0,0.0,1,0.0,,"{""betweenness"": 0.074, ""degree"": 0.048, ""n_seed_upstream"": 0.262, ""role"": 0.199}"
100000002691858100,terminal,0.5,3,0.5910229786465623,"Вероятный конечный получатель: 1 плательщиков, получено 52 тыс., исходящих нет",2,False,1,0,51500.0,0.0,1,0,0.0,1,0.0,,"{""betweenness"": 0.074, ""degree"": 0.048, ""n_seed_upstream"": 0.262, ""role"": 0.199}"
100000007534354100,peripheral,0.5,14,0.5922870299309286,"Периферийный узел: 1 входящих, 3 исходящих, оборот 198 тыс.; есть источники вне выборки",2,False,1,3,50000.0,147810.0,1,3,2.9562,1,2.377762216645049e-06,external_funding,"{""betweenness"": 0.155, ""degree"": 0.13, ""n_seed_upstream"": 0.262, ""role"": 0.036}"
100000000765628100,terminal,0.5,2,0.5910229786465623,"Вероятный конечный получатель: 1 плательщиков, получено 5 тыс., исходящих нет",2,False,1,0,5000.0,0.0,1,0,0.0,1,0.0,,"{""betweenness"": 0.074, ""degree"": 0.048, ""n_seed_upstream"": 0.262, ""role"": 0.199}"
100000004962193100,consolidator,0.8984063745020054,3,0.7673919913322199,"Признаки консолидации: 8 плательщиков, деньги от 1 seed за ≤2 колена, получено 900 тыс., дальше ушло 0%",2,False,8,0,900468.0,0.0,11,0,0.0,1,0.0,,"{""betweenness"": 0.074, ""degree"": 0.142, ""n_seed_upstream"": 0.262, ""role"": 0.278}"
100000005032294100,terminal,0.5,11,0.5910229786465623,"Вероятный конечный получатель: 1 плательщиков, получено 10 тыс., исходящих нет",2,False,1,0,10000.0,0.0,1,0,0.0,1,0.0,,"{""betweenness"": 0.074, ""degree"": 0.048, ""n_seed_upstream"": 0.262, ""role"": 0.199}"
100000001251686100,terminal,0.5,5,0.5910229786465623,"Вероятный конечный получатель: 1 плательщиков, получено 18 тыс., исходящих нет",2,False,1,0,18000.0,0.0,1,0,0.0,1,0.0,,"{""betweenness"": 0.074, ""degree"": 0.048, ""n_seed_upstream"": 0.262, ""role"": 0.199}"
100000002398779100,consolidator,1.0,3,0.9299241569229381,"Признаки консолидации: 13 плательщиков, деньги от 2 seed за ≤2 колена, получено 1.10 млн, дальше ушло 6%",2,False,13,1,1095690.0,66000.0,28,3,0.06023601566136407,2,1.2681398488773594e-05,,"{""betweenness"": 0.158, ""degree"": 0.146, ""n_seed_upstream"": 0.334, ""role"": 0.278}"
100000008512827100,peripheral,0.5,6,0.6429055121664937,"Периферийный узел: 3 входящих, 10 исходящих, оборот 2.05 млн; есть источники вне выборки",2,False,3,10,107949.0,1944500.0,3,10,18.01313583266172,1,0.00013810835541679993,external_funding,"{""betweenness"": 0.19, ""degree"": 0.146, ""n_seed_upstream"": 0.262, ""role"": 0.036}"
100000003943483100,terminal,0.5,13,0.5910229786465623,"Вероятный конечный получатель: 1 плательщиков, получено 10 тыс., исходящих нет",2,False,1,0,10000.0,0.0,1,0,0.0,1,0.0,,"{""betweenness"": 0.074, ""degree"": 0.048, ""n_seed_upstream"": 0.262, ""role"": 0.199}"
100000005031696100,peripheral,0.5,5,0.6149045189833416,"Периферийный узел: 1 входящих, 2 исходящих, оборот 120 тыс.; есть источники вне выборки",2,False,1,2,5000.0,115000.0,1,3,23.0,1,9.59030760713503e-05,external_funding,"{""betweenness"": 0.186, ""degree"": 0.122, ""n_seed_upstream"": 0.262, ""role"": 0.036}"
100000002703376100,terminal,0.5,17,0.5910229786465623,"Вероятный конечный получатель: 1 плательщиков, получено 47 тыс., исходящих нет",2,False,1,0,46501.0,0.0,1,0,0.0,1,0.0,,"{""betweenness"": 0.074, ""degree"": 0.048, ""n_seed_upstream"": 0.262, ""role"": 0.199}"
100000003617552100,terminal,0.5,24,0.5910229786465623,"Вероятный конечный получатель: 1 плательщиков, получено 25 тыс., исходящих нет",2,False,1,0,25000.0,0.0,1,0,0.0,1,0.0,,"{""betweenness"": 0.074, ""degree"": 0.048, ""n_seed_upstream"": 0.262, ""role"": 0.199}"
100000007617808100,terminal,0.5,16,0.6639429371134485,"Вероятный конечный получатель: 1 плательщиков, получено 450 тыс., исходящих нет",2,False,1,0,450000.0,0.0,1,0,0.0,2,0.0,,"{""betweenness"": 0.074, ""degree"": 0.048, ""n_seed_upstream"": 0.334, ""role"": 0.199}"
100000002613776100,terminal,0.5,3,0.5910229786465623,"Вероятный конечный получатель: 1 плательщиков, получено 30 тыс., исходящих нет",2,False,1,0,30000.0,0.0,2,0,0.0,1,0.0,,"{""betweenness"": 0.074, ""degree"": 0.048, ""n_seed_upstream"": 0.262, ""role"": 0.199}"
100000002578405100,distributor,1.0,9,0.8911335831339444,"Веерная рассылка: 116 получателей, отдано 3.11 млн",2,False,2,116,1200351.0,3108352.0,7,120,2.589535894084314,1,0.00017100073274705643,external_funding,"{""betweenness"": 0.191, ""degree"": 0.15, ""n_seed_upstream"": 0.262, ""role"": 0.275}"
100000006161893100,terminal,0.5,2,0.5910229786465623,"Вероятный конечный получатель: 1 плательщиков, получено 14 тыс., исходящих нет",2,False,1,0,14000.0,0.0,1,0,0.0,1,0.0,,"{""betweenness"": 0.074, ""degree"": 0.048, ""n_seed_upstream"": 0.262, ""role"": 0.199}"
100000002633701100,terminal,0.5,6,0.5910229786465623,"Вероятный конечный получатель: 1 плательщиков, получено 267 тыс., исходящих нет",2,False,1,0,266850.0,0.0,1,0,0.0,1,0.0,,"{""betweenness"": 0.074, ""degree"": 0.048, ""n_seed_upstream"": 0.262, ""role"": 0.199}"
100000002432143100,terminal,0.5,5,0.5910229786465623,"Вероятный конечный получатель: 1 плательщиков, получено 81 тыс., исходящих нет",2,False,1,0,81310.0,0.0,1,0,0.0,1,0.0,,"{""betweenness"": 0.074, ""degree"": 0.048, ""n_seed_upstream"": 0.262, ""role"": 0.199}"
100000000490383100,peripheral,0.5,2,0.6323867996930161,"Периферийный узел: 3 входящих, 8 исходящих, оборот 524 тыс.; есть источники вне выборки",2,False,3,8,62600.0,461375.0,3,9,7.37020766773163,1,4.339416045377214e-05,external_funding,"{""betweenness"": 0.18, ""degree"": 0.145, ""n_seed_upstream"": 0.262, ""role"": 0.036}"
100000005809252100,terminal,0.5,8,0.5910229786465623,"Вероятный конечный получатель: 1 плательщиков, получено 25 тыс., исходящих нет",2,False,1,0,25000.0,0.0,1,0,0.0,1,0.0,,"{""betweenness"": 0.074, ""degree"": 0.048, ""n_seed_upstream"": 0.262, ""role"": 0.199}"
100000006612238100,peripheral,0.5,4,0.4835221886145096,"Периферийный узел: 1 входящих, 1 исходящих, оборот 185 тыс.",2,False,1,1,160000.0,25000.0,1,1,0.15625,1,0.0,,"{""betweenness"": 0.074, ""degree"": 0.105, ""n_seed_upstream"": 0.262, ""role"": 0.036}"
100000002593038100,terminal,0.5,10,0.5910229786465623,"Вероятный конечный получатель: 1 плательщиков, получено 28 тыс., исходящих нет",2,False,1,0,28500.0,0.0,1,0,0.0,1,0.0,,"{""betweenness"": 0.074, ""degree"": 0.048, ""n_seed_upstream"": 0.262, ""role"": 0.199}"
100000002947299100,terminal,0.5,5,0.5910229786465623,"Вероятный конечный получатель: 1 плательщиков, получено 85 тыс., исходящих нет",2,False,1,0,85000.0,0.0,1,0,0.0,1,0.0,,"{""betweenness"": 0.074, ""degree"": 0.048, ""n_seed_upstream"": 0.262, ""role"": 0.199}"
100000004336312100,transit,0.5000258804951025,22,0.8372082524490996,"Признаки транзита: получено 90 тыс., отдано 80%, 3→2 контрагента",2,False,3,2,90415.0,72650.0,7,3,0.8035171155228668,1,4.359230730515923e-06,,"{""betweenness"": 0.157, ""degree"": 0.135, ""n_seed_upstream"": 0.262, ""role"": 0.271}"
100000001308856100,terminal,0.5,4,0.5910229786465623,"Вероятный конечный получатель: 1 плательщиков, получено 27 тыс., исходящих нет",2,False,1,0,27000.0,0.0,1,0,0.0,1,0.0,,"{""betweenness"": 0.074, ""degree"": 0.048, ""n_seed_upstream"": 0.262, ""role"": 0.199}"
100000008238989100,terminal,0.5,1,0.5910229786465623,"Вероятный конечный получатель: 1 плательщиков, получено 200 тыс., исходящих нет",2,False,1,0,200000.0,0.0,2,0,0.0,1,0.0,,"{""betweenness"": 0.074, ""degree"": 0.048, ""n_seed_upstream"": 0.262, ""role"": 0.199}"
100000005561741100,terminal,0.5,7,0.5910229786465623,"Вероятный конечный получатель: 1 плательщиков, получено 25 тыс., исходящих нет",2,False,1,0,25000.0,0.0,1,0,0.0,1,0.0,,"{""betweenness"": 0.074, ""degree"": 0.048, ""n_seed_upstream"": 0.262, ""role"": 0.199}"
100000006248077100,terminal,0.5,16,0.6639429371134485,"Вероятный конечный получатель: 1 плательщиков, получено 50 тыс., исходящих нет",2,False,1,0,50000.0,0.0,1,0,0.0,2,0.0,,"{""betweenness"": 0.074, ""degree"": 0.048, ""n_seed_upstream"": 0.334, ""role"": 0.199}"
100000000646541100,terminal,0.5,3,0.6661888853776353,"Вероятный конечный получатель: 3 плательщиков, получено 25 тыс., исходящих нет",2,False,3,0,25300.0,0.0,4,0,0.0,1,0.0,,"{""betweenness"": 0.074, ""degree"": 0.122, ""n_seed_upstream"": 0.262, ""role"": 0.199}"
100000006595426100,terminal,0.5,3,0.5910229786465623,"Вероятный конечный получатель: 1 плательщиков, получено 85 тыс., исходящих нет",2,False,1,0,84800.0,0.0,3,0,0.0,1,0.0,,"{""betweenness"": 0.074, ""degree"": 0.048, ""n_seed_upstream"": 0.262, ""role"": 0.199}"
100000002956898100,terminal,0.5,2,0.6490226174890525,"Вероятный конечный получатель: 2 плательщиков, получено 290 тыс., исходящих нет",2,False,2,0,290240.0,0.0,2,0,0.0,1,0.0,,"{""betweenness"": 0.074, ""degree"": 0.105, ""n_seed_upstream"": 0.262, ""role"": 0.199}"
100000001262647100,terminal,0.5,2,0.5910229786465623,"Вероятный конечный получатель: 1 плательщиков, получено 24 тыс., исходящих нет",2,False,1,0,23650.0,0.0,1,0,0.0,1,0.0,,"{""betweenness"": 0.074, ""degree"": 0.048, ""n_seed_upstream"": 0.262, ""role"": 0.199}"
100000005849100100,terminal,0.5,5,0.5910229786465623,"Вероятный конечный получатель: 1 плательщиков, получено 33 тыс., исходящих нет",2,False,1,0,33300.0,0.0,1,0,0.0,1,0.0,,"{""betweenness"": 0.074, ""degree"": 0.048, ""n_seed_upstream"": 0.262, ""role"": 0.199}"
100000000533217100,terminal,0.5,1,0.5910229786465623,"Вероятный конечный получатель: 1 плательщиков, получено 54 тыс., исходящих нет",2,False,1,0,53587.0,0.0,1,0,0.0,1,0.0,,"{""betweenness"": 0.074, ""degree"": 0.048, ""n_seed_upstream"": 0.262, ""role"": 0.199}"
100000002812641100,peripheral,0.5,7,0.5564421470813959,"Периферийный узел: 1 входящих, 1 исходящих, оборот 17 тыс.",2,False,1,1,10000.0,7023.95,1,1,0.702395,2,0.0,,"{""betweenness"": 0.074, ""degree"": 0.105, ""n_seed_upstream"": 0.334, ""role"": 0.036}"
100000008647905100,peripheral,0.5,19,0.6045663852647737,"Периферийный узел: 1 входящих, 2 исходящих, оборот 394 тыс.; есть источники вне выборки",2,False,1,2,50000.0,344222.0,1,2,6.88444,1,3.844048916909496e-05,external_funding,"{""betweenness"": 0.176, ""degree"": 0.122, ""n_seed_upstream"": 0.262, ""role"": 0.036}"
100000002842337100,terminal,0.5,25,0.5910229786465623,"Вероятный конечный получатель: 1 плательщиков, получено 50 тыс., исходящих нет",2,False,1,0,50000.0,0.0,1,0,0.0,1,0.0,,"{""betweenness"": 0.074, ""degree"": 0.048, ""n_seed_upstream"": 0.262, ""role"": 0.199}"
100000002445750100,peripheral,0.5,1,0.5774682858561692,"Периферийный узел: 1 входящих, 1 исходящих, оборот 80 тыс.",2,False,1,1,70000.0,10000.0,1,1,0.14285714285714285,1,1.9418391435934565e-05,,"{""betweenness"": 0.167, ""degree"": 0.105, ""n_seed_upstream"": 0.262, ""role"": 0.036}"
100000005619339100,transit,0.5021230580566458,2,0.722089296194303,"Признаки транзита: получено 5 тыс., отдано 109%, 1→1 контрагента",2,False,1,1,5000.0,5442.6,1,1,1.0885200000000002,1,0.0,,"{""betweenness"": 0.074, ""degree"": 0.105, ""n_seed_upstream"": 0.262, ""role"": 0.271}"
100000006844768100,peripheral,0.5,1,0.60583043654914,"Периферийный узел: 1 входящих, 2 исходящих, оборот 470 тыс.",2,False,1,2,282000.0,188000.0,5,5,0.6666666666666666,1,3.883678287186913e-05,,"{""betweenness"": 0.178, ""degree"": 0.122, ""n_seed_upstream"": 0.262, ""role"": 0.036}"
100000002488629100,terminal,0.5,18,0.5910229786465623,"Вероятный конечный получатель: 1 плательщиков, получено 73 тыс., исходящих нет",2,False,1,0,73050.0,0.0,1,0,0.0,1,0.0,,"{""betweenness"": 0.074, ""degree"": 0.048, ""n_seed_upstream"": 0.262, ""role"": 0.199}"
100000002796853100,peripheral,0.5,6,0.4835221886145096,"Периферийный узел: 1 входящих, 1 исходящих, оборот 245 тыс.",2,False,1,1,199000.0,46167.62,8,5,0.23199809045226133,1,0.0,,"{""betweenness"": 0.074, ""degree"": 0.105, ""n_seed_upstream"": 0.262, ""role"": 0.036}"
100000006755850100,terminal,0.5,10,0.6639429371134485,"Вероятный конечный получатель: 1 плательщиков, получено 443 тыс., исходящих нет",2,False,1,0,443475.8,0.0,3,0,0.0,2,0.0,,"{""betweenness"": 0.074, ""degree"": 0.048, ""n_seed_upstream"": 0.334, ""role"": 0.199}"
100000008733194100,coordinator,1.0,20,0.9022504627330595,"Кандидат в координирующий узел: 4 плательщиков → 8 получателей; сигналы S1, S3",2,False,4,8,251424.0,159695.0,4,8,0.6351621165839378,1,0.00020171349471205497,peripheral;S1;S3,"{""betweenness"": 0.192, ""degree"": 0.146, ""n_seed_upstream"": 0.262, ""role"": 0.29}"
100000001904863100,terminal,0.5,11,0.5910229786465623,"Вероятный конечный получатель: 1 плательщиков, получено 500 тыс., исходящих нет",2,False,1,0,500000.0,0.0,1,0,0.0,1,0.0,,"{""betweenness"": 0.074, ""degree"": 0.048, ""n_seed_upstream"": 0.262, ""role"": 0.199}"
100000001641951100,terminal,0.5,15,0.6639429371134485,"Вероятный конечный получатель: 1 плательщиков, получено 25 тыс., исходящих нет",2,False,1,0,25000.0,0.0,4,0,0.0,2,0.0,,"{""betweenness"": 0.074, ""degree"": 0.048, ""n_seed_upstream"": 0.334, ""role"": 0.199}"
100000004816564100,peripheral,0.5,2,0.5734504085594331,"Периферийный узел: 1 входящих, 1 исходящих, оборот 290 тыс.",2,False,1,1,285480.0,5000.0,1,1,0.01751436177665686,1,1.922024458454748e-05,,"{""betweenness"": 0.163, ""degree"": 0.105, ""n_seed_upstream"": 0.262, ""role"": 0.036}"
100000002205022100,peripheral,0.5,16,0.6186966728364408,"Периферийный узел: 1 входящих, 3 исходящих, оборот 525 тыс.; есть источники вне выборки",2,False,1,3,7100.0,518000.0,1,3,72.95774647887323,1,5.4292237280061953e-05,external_funding,"{""betweenness"": 0.181, ""degree"": 0.13, ""n_seed_upstream"": 0.262, ""role"": 0.036}"
100000002267998100,peripheral,0.5,28,0.6247347749537268,"Периферийный узел: 2 входящих, 3 исходящих, оборот 1.53 млн; есть источники вне выборки",2,False,2,3,420000.0,1115000.0,4,12,2.6547619047619047,1,5.8849614861964964e-05,external_funding,"{""betweenness"": 0.183, ""degree"": 0.135, ""n_seed_upstream"": 0.262, ""role"": 0.036}"
100000002199091100,terminal,0.5,4,0.5910229786465623,"Вероятный конечный получатель: 1 плательщиков, получено 65 тыс., исходящих нет",2,False,1,0,65000.0,0.0,1,0,0.0,1,0.0,,"{""betweenness"": 0.074, ""degree"": 0.048, ""n_seed_upstream"": 0.262, ""role"": 0.199}"
100000008571443100,terminal,0.5,3,0.6490226174890525,"Вероятный конечный получатель: 2 плательщиков, получено 65 тыс., исходящих нет",2,False,2,0,65000.0,0.0,2,0,0.0,1,0.0,,"{""betweenness"": 0.074, ""degree"": 0.105, ""n_seed_upstream"": 0.262, ""role"": 0.199}"
100000002742067100,terminal,0.5,2,0.5910229786465623,"Вероятный конечный получатель: 1 плательщиков, получено 13 тыс., исходящих нет",2,False,1,0,12730.0,0.0,1,0,0.0,1,0.0,,"{""betweenness"": 0.074, ""degree"": 0.048, ""n_seed_upstream"": 0.262, ""role"": 0.199}"
100000003292979100,terminal,0.5,10,0.5910229786465623,"Вероятный конечный получатель: 1 плательщиков, получено 49 тыс., исходящих нет",2,False,1,0,48950.0,0.0,1,0,0.0,1,0.0,,"{""betweenness"": 0.074, ""degree"": 0.048, ""n_seed_upstream"": 0.262, ""role"": 0.199}"
100000002558173100,terminal,0.5,3,0.5910229786465623,"Вероятный конечный получатель: 1 плательщиков, получено 9 тыс., исходящих нет",2,False,1,0,9300.0,0.0,1,0,0.0,1,0.0,,"{""betweenness"": 0.074, ""degree"": 0.048, ""n_seed_upstream"": 0.262, ""role"": 0.199}"
100000004687282100,terminal,0.5,2,0.5910229786465623,"Вероятный конечный получатель: 1 плательщиков, получено 20 тыс., исходящих нет",2,False,1,0,20000.0,0.0,1,0,0.0,1,0.0,,"{""betweenness"": 0.074, ""degree"": 0.048, ""n_seed_upstream"": 0.262, ""role"": 0.199}"
100000003034546100,terminal,0.5,6,0.5910229786465623,"Вероятный конечный получатель: 1 плательщиков, получено 487 тыс., исходящих нет",2,False,1,0,486715.0,0.0,2,0,0.0,1,0.0,,"{""betweenness"": 0.074, ""degree"": 0.048, ""n_seed_upstream"": 0.262, ""role"": 0.199}"
100000003798151100,terminal,0.5,2,0.5910229786465623,"Вероятный конечный получатель: 1 плательщиков, получено 350 тыс., исходящих нет",2,False,1,0,350000.0,0.0,3,0,0.0,1,0.0,,"{""betweenness"": 0.074, ""degree"": 0.048, ""n_seed_upstream"": 0.262, ""role"": 0.199}"
100000008710791100,distributor,0.5965872504829378,6,0.8922734865243106,"Веерная рассылка: 23 получателей, отдано 5.52 млн",2,False,3,23,181510.0,5521511.0,3,25,30.41987218335078,1,0.00030772206020414675,external_funding,"{""betweenness"": 0.193, ""degree"": 0.148, ""n_seed_upstream"": 0.262, ""role"": 0.275}"
100000008688476100,terminal,0.5,4,0.5910229786465623,"Вероятный конечный получатель: 1 плательщиков, получено 24 тыс., исходящих нет",2,False,1,0,24000.0,0.0,1,0,0.0,1,0.0,,"{""betweenness"": 0.074, ""degree"": 0.048, ""n_seed_upstream"": 0.262, ""role"": 0.199}"
100000003242289100,distributor,0.5965872504829378,17,0.895253035980317,"Веерная рассылка: 23 получателей, отдано 2.38 млн",2,False,3,23,550791.0,2377741.0,8,26,4.316956885642648,1,0.0009528882083205034,external_funding,"{""betweenness"": 0.196, ""degree"": 0.148, ""n_seed_upstream"": 0.262, ""role"": 0.275}"
100000006564102100,terminal,0.5,5,0.5910229786465623,"Вероятный конечный получатель: 1 плательщиков, получено 233 тыс., исходящих нет",2,False,1,0,233235.0,0.0,1,0,0.0,1,0.0,,"{""betweenness"": 0.074, ""degree"": 0.048, ""n_seed_upstream"": 0.262, ""role"": 0.199}"
100000001526235100,peripheral,0.5,27,0.6450273125366801,"Периферийный узел: 3 входящих, 8 исходящих, оборот 515 тыс.; есть источники вне выборки",2,False,3,8,82000.0,432750.0,4,9,5.277439024390244,1,0.0002566001725462782,external_funding,"{""betweenness"": 0.193, ""degree"": 0.145, ""n_seed_upstream"": 0.262, ""role"": 0.036}"
100000004398811100,peripheral,0.5,16,0.5898492167396506,"Периферийный узел: 1 входящих, 3 исходящих, оборот 1.47 млн; есть источники вне выборки",2,False,1,3,426000.0,1040672.0,1,4,2.4428920187793426,1,1.1888811083225246e-06,external_funding,"{""betweenness"": 0.153, ""degree"": 0.13, ""n_seed_upstream"": 0.262, ""role"": 0.036}"
100000002957787100,distributor,0.9507405022537099,1,0.8990677621777798,"Веерная рассылка: 34 получателей, отдано 1.28 млн",2,False,4,34,84956.0,1276153.96,7,41,15.02135175855737,1,0.0038569284622496564,external_funding,"{""betweenness"": 0.199, ""degree"": 0.149, ""n_seed_upstream"": 0.262, ""role"": 0.275}"
100000002621915100,terminal,0.5,2,0.5910229786465623,"Вероятный конечный получатель: 1 плательщиков, получено 5 тыс., исходящих нет",2,False,1,0,5000.0,0.0,1,0,0.0,1,0.0,,"{""betweenness"": 0.074, ""degree"": 0.048, ""n_seed_upstream"": 0.262, ""role"": 0.199}"
100000008283183100,terminal,0.5,4,0.5910229786465623,"Вероятный конечный получатель: 1 плательщиков, получено 29 тыс., исходящих нет",2,False,1,0,29000.0,0.0,1,0,0.0,1,0.0,,"{""betweenness"": 0.074, ""degree"": 0.048, ""n_seed_upstream"": 0.262, ""role"": 0.199}"
100000003843844100,peripheral,0.5,3,0.40959776082343924,"Периферийный узел: 1 входящих, 1 исходящих, оборот 255 тыс.; есть источники вне выборки",3,False,1,1,16680.0,238000.0,1,1,14.268585131894485,0,1.922024458454748e-05,external_funding,"{""betweenness"": 0.163, ""degree"": 0.105, ""n_seed_upstream"": 0.101, ""role"": 0.036}"
100000000954884100,terminal,0.5,17,0.42717033091056844,"Вероятный конечный получатель: 1 плательщиков, получено 34 тыс., исходящих нет",3,False,1,0,34000.0,0.0,1,0,0.0,0,0.0,,"{""betweenness"": 0.074, ""degree"": 0.048, ""n_seed_upstream"": 0.101, ""role"": 0.199}"
100000005893892100,terminal,0.5,8,0.42717033091056844,"Вероятный конечный получатель: 1 плательщиков, получено 103 тыс., исходящих нет",3,False,1,0,102780.0,0.0,1,0,0.0,0,0.0,,"{""betweenness"": 0.074, ""degree"": 0.048, ""n_seed_upstream"": 0.101, ""role"": 0.199}"
100000001819396100,terminal,0.5,26,0.42717033091056844,"Вероятный конечный получатель: 1 плательщиков, получено 166 тыс., исходящих нет",3,False,1,0,166080.0,0.0,1,0,0.0,0,0.0,,"{""betweenness"": 0.074, ""degree"": 0.048, ""n_seed_upstream"": 0.101, ""role"": 0.199}"
100000008472324100,terminal,0.5,8,0.42717033091056844,"Вероятный конечный получатель: 1 плательщиков, получено 205 тыс., исходящих нет",3,False,1,0,205200.0,0.0,1,0,0.0,0,0.0,,"{""betweenness"": 0.074, ""degree"": 0.048, ""n_seed_upstream"": 0.101, ""role"": 0.199}"
100000002646745100,terminal,0.5,9,0.42717033091056844,"Вероятный конечный получатель: 1 плательщиков, получено 12 тыс., исходящих нет",3,False,1,0,12300.0,0.0,1,0,0.0,0,0.0,,"{""betweenness"": 0.074, ""degree"": 0.048, ""n_seed_upstream"": 0.101, ""role"": 0.199}"
100000008405209100,terminal,0.5,17,0.42717033091056844,"Вероятный конечный получатель: 1 плательщиков, получено 54 тыс., исходящих нет",3,False,1,0,54400.0,0.0,1,0,0.0,0,0.0,,"{""betweenness"": 0.074, ""degree"": 0.048, ""n_seed_upstream"": 0.101, ""role"": 0.199}"
100000004417753100,terminal,0.5,5,0.4851699697530586,"Вероятный конечный получатель: 2 плательщиков, получено 192 тыс., исходящих нет",3,False,2,0,192099.0,0.0,2,0,0.0,0,0.0,,"{""betweenness"": 0.074, ""degree"": 0.105, ""n_seed_upstream"": 0.101, ""role"": 0.199}"
100000003457710100,peripheral,0.5,8,0.40959776082343924,"Периферийный узел: 1 входящих, 1 исходящих, оборот 1.63 млн; есть источники вне выборки",3,False,1,1,326555.0,1306000.0,1,2,3.999326300316945,0,1.922024458454748e-05,external_funding,"{""betweenness"": 0.163, ""degree"": 0.105, ""n_seed_upstream"": 0.101, ""role"": 0.036}"
100000007333038100,peripheral,0.5,14,0.41859284005236785,"Периферийный узел: 1 входящих, 2 исходящих, оборот 52 тыс.; есть источники вне выборки",3,False,1,2,17500.0,34994.0,1,2,1.9996571428571428,0,1.5851748110966993e-06,external_funding,"{""betweenness"": 0.154, ""degree"": 0.122, ""n_seed_upstream"": 0.101, ""role"": 0.036}"
100000006444163100,terminal,0.5,3,0.42717033091056844,"Вероятный конечный получатель: 1 плательщиков, получено 6 тыс., исходящих нет",3,False,1,0,6026.0,0.0,1,0,0.0,0,0.0,,"{""betweenness"": 0.074, ""degree"": 0.048, ""n_seed_upstream"": 0.101, ""role"": 0.199}"
100000008706947100,terminal,0.5,9,0.42717033091056844,"Вероятный конечный получатель: 1 плательщиков, получено 17 тыс., исходящих нет",3,False,1,0,17200.0,0.0,1,0,0.0,0,0.0,,"{""betweenness"": 0.074, ""degree"": 0.048, ""n_seed_upstream"": 0.101, ""role"": 0.199}"
100000008761219100,peripheral,0.5,6,0.45394113132589947,"Периферийный узел: 2 входящих, 2 исходящих, оборот 425 тыс.; есть источники вне выборки",3,False,2,2,50000.0,375000.0,2,2,7.5,0,4.517748211625593e-05,external_funding,"{""betweenness"": 0.181, ""degree"": 0.13, ""n_seed_upstream"": 0.101, ""role"": 0.036}"
100000005022552100,peripheral,0.5,2,0.3196695408785156,"Периферийный узел: 1 входящих, 1 исходящих, оборот 246 тыс.",3,False,1,1,241000.0,5000.0,3,1,0.02074688796680498,0,0.0,,"{""betweenness"": 0.074, ""degree"": 0.105, ""n_seed_upstream"": 0.101, ""role"": 0.036}"
100000008735832100,terminal,0.5,9,0.42717033091056844,"Вероятный конечный получатель: 1 плательщиков, получено 18 тыс., исходящих нет",3,False,1,0,17600.0,0.0,1,0,0.0,0,0.0,,"{""betweenness"": 0.074, ""degree"": 0.048, ""n_seed_upstream"": 0.101, ""role"": 0.199}"
100000005661528100,terminal,0.5,15,0.42717033091056844,"Вероятный конечный получатель: 1 плательщиков, получено 25 тыс., исходящих нет",3,False,1,0,25000.0,0.0,1,0,0.0,0,0.0,,"{""betweenness"": 0.074, ""degree"": 0.048, ""n_seed_upstream"": 0.101, ""role"": 0.199}"
100000002529880100,terminal,0.5,6,0.4851699697530586,"Вероятный конечный получатель: 2 плательщиков, получено 147 тыс., исходящих нет",3,False,2,0,147000.0,0.0,2,0,0.0,0,0.0,,"{""betweenness"": 0.074, ""degree"": 0.105, ""n_seed_upstream"": 0.101, ""role"": 0.199}"
100000001969496100,terminal,0.5,11,0.42717033091056844,"Вероятный конечный получатель: 1 плательщиков, получено 23 тыс., исходящих нет",3,False,1,0,22740.0,0.0,1,0,0.0,0,0.0,,"{""betweenness"": 0.074, ""degree"": 0.048, ""n_seed_upstream"": 0.101, ""role"": 0.199}"
100000003215448100,peripheral,0.5,1,0.4407137375287798,"Периферийный узел: 1 входящих, 2 исходящих, оборот 215 тыс.; есть источники вне выборки",3,False,1,2,91309.0,124000.0,1,4,1.3580260434349298,0,3.844048916909496e-05,external_funding,"{""betweenness"": 0.176, ""degree"": 0.122, ""n_seed_upstream"": 0.101, ""role"": 0.036}"
100000006894637100,terminal,0.5,1,0.42717033091056844,"Вероятный конечный получатель: 1 плательщиков, получено 53 тыс., исходящих нет",3,False,1,0,52831.0,0.0,1,0,0.0,0,0.0,,"{""betweenness"": 0.074, ""degree"": 0.048, ""n_seed_upstream"": 0.101, ""role"": 0.199}"
100000002936322100,terminal,0.5,15,0.4851699697530586,"Вероятный конечный получатель: 2 плательщиков, получено 787 тыс., исходящих нет",3,False,2,0,787133.0,0.0,2,0,0.0,0,0.0,,"{""betweenness"": 0.074, ""degree"": 0.105, ""n_seed_upstream"": 0.101, ""role"": 0.199}"
100000005061890100,terminal,0.5,3,0.42717033091056844,"Вероятный конечный получатель: 1 плательщиков, получено 90 тыс., исходящих нет",3,False,1,0,90000.0,0.0,1,0,0.0,0,0.0,,"{""betweenness"": 0.074, ""degree"": 0.048, ""n_seed_upstream"": 0.101, ""role"": 0.199}"
100000004017410100,peripheral,0.5,22,0.46309421696537406,"Периферийный узел: 2 входящих, 5 исходящих, оборот 1.52 млн; есть источники вне выборки",3,False,2,5,193650.0,1330915.0,6,11,6.872785954040795,0,4.0818251385740005e-05,external_funding,"{""betweenness"": 0.179, ""degree"": 0.141, ""n_seed_upstream"": 0.101, ""role"": 0.036}"
100000002983426100,terminal,0.5,7,0.42717033091056844,"Вероятный конечный получатель: 1 плательщиков, получено 89 тыс., исходящих нет",3,False,1,0,88945.0,0.0,1,0,0.0,0,0.0,,"{""betweenness"": 0.074, ""degree"": 0.048, ""n_seed_upstream"": 0.101, ""role"": 0.199}"
100000005530114100,peripheral,0.5,17,0.4201729041578259,"Периферийный узел: 2 входящих, 1 исходящих, оборот 162 тыс.",3,False,2,1,136970.0,25000.0,2,1,0.1825217200846901,0,2.972202770806311e-06,,"{""betweenness"": 0.156, ""degree"": 0.122, ""n_seed_upstream"": 0.101, ""role"": 0.036}"
100000001169666100,peripheral,0.5,7,0.4196198817209156,"Периферийный узел: 1 входящих, 1 исходящих, оборот 244 тыс.",3,False,1,1,220000.0,24000.0,2,1,0.10909090909090909,0,2.19943005039667e-05,,"{""betweenness"": 0.172, ""degree"": 0.105, ""n_seed_upstream"": 0.101, ""role"": 0.036}"
100000001784279100,terminal,0.5,1,0.42717033091056844,"Вероятный конечный получатель: 1 плательщиков, получено 36 тыс., исходящих нет",3,False,1,0,35674.0,0.0,1,0,0.0,0,0.0,,"{""betweenness"": 0.074, ""degree"": 0.048, ""n_seed_upstream"": 0.101, ""role"": 0.199}"
100000008744364100,terminal,0.5,9,0.42717033091056844,"Вероятный конечный получатель: 1 плательщиков, получено 24 тыс., исходящих нет",3,False,1,0,23700.0,0.0,1,0,0.0,0,0.0,,"{""betweenness"": 0.074, ""degree"": 0.048, ""n_seed_upstream"": 0.101, ""role"": 0.199}"
100000008714412100,terminal,0.5,7,0.42717033091056844,"Вероятный конечный получатель: 1 плательщиков, получено 169 тыс., исходящих нет",3,False,1,0,169000.0,0.0,1,0,0.0,0,0.0,,"{""betweenness"": 0.074, ""degree"": 0.048, ""n_seed_upstream"": 0.101, ""role"": 0.199}"
100000007754369100,terminal,0.5,1,0.42717033091056844,"Вероятный конечный получатель: 1 плательщиков, получено 82 тыс., исходящих нет",3,False,1,0,82424.0,0.0,1,0,0.0,0,0.0,,"{""betweenness"": 0.074, ""degree"": 0.048, ""n_seed_upstream"": 0.101, ""role"": 0.199}"
100000003122817100,terminal,0.5,26,0.42717033091056844,"Вероятный конечный получатель: 1 плательщиков, получено 445 тыс., исходящих нет",3,False,1,0,444680.0,0.0,1,0,0.0,0,0.0,,"{""betweenness"": 0.074, ""degree"": 0.048, ""n_seed_upstream"": 0.101, ""role"": 0.199}"
100000003711830100,terminal,0.5,1,0.42717033091056844,"Вероятный конечный получатель: 1 плательщиков, получено 50 тыс., исходящих нет",3,False,1,0,50000.0,0.0,1,0,0.0,0,0.0,,"{""betweenness"": 0.074, ""degree"": 0.048, ""n_seed_upstream"": 0.101, ""role"": 0.199}"
100000001110358100,coordinator,0.5,1,0.577400568823078,Кандидат в координирующий узел: 2 плательщиков → 0 получателей; сигналы S3,3,False,2,0,32000.0,0.0,2,0,0.0,0,0.0,terminal;S3,"{""betweenness"": 0.074, ""degree"": 0.105, ""n_seed_upstream"": 0.101, ""role"": 0.29}"
100000006530134100,coordinator,0.5,8,0.577400568823078,Кандидат в координирующий узел: 2 плательщиков → 0 получателей; сигналы S3,3,False,2,0,144663.0,0.0,2,0,0.0,0,0.0,terminal;S3,"{""betweenness"": 0.074, ""degree"": 0.105, ""n_seed_upstream"": 0.101, ""role"": 0.29}"
100000001639766100,terminal,0.5,18,0.42717033091056844,"Вероятный конечный получатель: 1 плательщиков, получено 20 тыс., исходящих нет",3,False,1,0,20000.0,0.0,1,0,0.0,0,0.0,,"{""betweenness"": 0.074, ""degree"": 0.048, ""n_seed_upstream"": 0.101, ""role"": 0.199}"
100000003242795100,terminal,0.5,8,0.42717033091056844,"Вероятный конечный получатель: 1 плательщиков, получено 111 тыс., исходящих нет",3,False,1,0,111000.0,0.0,1,0,0.0,0,0.0,,"{""betweenness"": 0.074, ""degree"": 0.048, ""n_seed_upstream"": 0.101, ""role"": 0.199}"
100000004970752100,terminal,0.5,1,0.42717033091056844,"Вероятный конечный получатель: 1 плательщиков, получено 10 тыс., исходящих нет",3,False,1,0,10000.0,0.0,1,0,0.0,0,0.0,,"{""betweenness"": 0.074, ""degree"": 0.048, ""n_seed_upstream"": 0.101, ""role"": 0.199}"
100000004564736100,terminal,0.5,28,0.42717033091056844,"Вероятный конечный получатель: 1 плательщиков, получено 15 тыс., исходящих нет",3,False,1,0,15000.0,0.0,2,0,0.0,0,0.0,,"{""betweenness"": 0.074, ""degree"": 0.048, ""n_seed_upstream"": 0.101, ""role"": 0.199}"
100000005873152100,transit,0.50147168865704,3,0.6347117511624758,"Признаки транзита: получено 10 тыс., отдано 100%, 1→1 контрагента",3,False,1,1,10000.0,10000.0,1,1,1.0,0,3.962937027741748e-07,,"{""betweenness"": 0.149, ""degree"": 0.105, ""n_seed_upstream"": 0.101, ""role"": 0.271}"
100000001637376100,peripheral,0.5,8,0.40959776082343924,"Периферийный узел: 1 входящих, 1 исходящих, оборот 351 тыс.; есть источники вне выборки",3,False,1,1,116700.0,234250.0,1,2,2.0072836332476434,0,1.922024458454748e-05,external_funding,"{""betweenness"": 0.163, ""degree"": 0.105, ""n_seed_upstream"": 0.101, ""role"": 0.036}"
100000006710485100,terminal,0.5,9,0.42717033091056844,"Вероятный конечный получатель: 1 плательщиков, получено 20 тыс., исходящих нет",3,False,1,0,20000.0,0.0,1,0,0.0,0,0.0,,"{""betweenness"": 0.074, ""degree"": 0.048, ""n_seed_upstream"": 0.101, ""role"": 0.199}"
100000003582677100,coordinator,0.5,5,0.7273035077423142,Кандидат в координирующий узел: 2 плательщиков → 4 получателей; сигналы S3,3,False,2,4,29756.989999999998,56000.0,2,5,1.881910771217116,0,0.00011571776121005905,external_funding;peripheral;S3,"{""betweenness"": 0.188, ""degree"": 0.138, ""n_seed_upstream"": 0.101, ""role"": 0.29}"
100000008713685100,terminal,0.5,9,0.42717033091056844,"Вероятный конечный получатель: 1 плательщиков, получено 50 тыс., исходящих нет",3,False,1,0,49700.0,0.0,1,0,0.0,0,0.0,,"{""betweenness"": 0.074, ""degree"": 0.048, ""n_seed_upstream"": 0.101, ""role"": 0.199}"
100000008070101100,terminal,0.5,6,0.42717033091056844,"Вероятный конечный получатель: 1 плательщиков, получено 100 тыс., исходящих нет",3,False,1,0,100000.0,0.0,1,0,0.0,0,0.0,,"{""betweenness"": 0.074, ""degree"": 0.048, ""n_seed_upstream"": 0.101, ""role"": 0.199}"
100000004475818100,peripheral,0.5,3,0.4318202338494876,"Периферийный узел: 1 входящих, 3 исходящих, оборот 67 тыс.; есть источники вне выборки",3,False,1,3,13000.0,53989.0,1,3,4.153,0,1.763506977345078e-05,external_funding,"{""betweenness"": 0.159, ""degree"": 0.13, ""n_seed_upstream"": 0.101, ""role"": 0.036}"
100000007197866100,peripheral,0.5,1,0.40959776082343924,"Периферийный узел: 1 входящих, 1 исходящих, оборот 35 тыс.",3,False,1,1,20000.0,15000.0,1,1,0.75,0,1.922024458454748e-05,,"{""betweenness"": 0.163, ""degree"": 0.105, ""n_seed_upstream"": 0.101, ""role"": 0.036}"
100000006965162100,terminal,0.5,22,0.42717033091056844,"Вероятный конечный получатель: 1 плательщиков, получено 10 тыс., исходящих нет",3,False,1,0,10000.0,0.0,1,0,0.0,0,0.0,,"{""betweenness"": 0.074, ""degree"": 0.048, ""n_seed_upstream"": 0.101, ""role"": 0.199}"
100000005995391100,terminal,0.5,9,0.42717033091056844,"Вероятный конечный получатель: 1 плательщиков, получено 17 тыс., исходящих нет",3,False,1,0,17200.0,0.0,1,0,0.0,0,0.0,,"{""betweenness"": 0.074, ""degree"": 0.048, ""n_seed_upstream"": 0.101, ""role"": 0.199}"
100000003834495100,coordinator,0.5,1,0.6864814229605888,Кандидат в координирующий узел: 3 плательщиков → 1 получателей; сигналы S3,3,False,3,1,602441.0,20000.0,5,1,0.0331982716979754,0,2.774055919419224e-06,peripheral;S3,"{""betweenness"": 0.156, ""degree"": 0.13, ""n_seed_upstream"": 0.101, ""role"": 0.29}"
100000001223977100,peripheral,0.5,5,0.42119994582637355,"Периферийный узел: 1 входящих, 1 исходящих, оборот 23 тыс.; есть источники вне выборки",3,False,1,1,5000.0,18000.0,1,1,3.6,0,2.4173915869224665e-05,external_funding,"{""betweenness"": 0.174, ""degree"": 0.105, ""n_seed_upstream"": 0.101, ""role"": 0.036}"
100000001046057100,terminal,0.5,29,0.42717033091056844,"Вероятный конечный получатель: 1 плательщиков, получено 83 тыс., исходящих нет",3,False,1,0,83420.0,0.0,1,0,0.0,0,0.0,,"{""betweenness"": 0.074, ""degree"": 0.048, ""n_seed_upstream"": 0.101, ""role"": 0.199}"
100000002989353100,peripheral,0.5,14,0.41981174664800697,"Периферийный узел: 1 входящих, 2 исходящих, оборот 821 тыс.",3,False,1,2,500000.0,321160.0,2,2,0.64232,0,2.774055919419224e-06,,"{""betweenness"": 0.156, ""degree"": 0.122, ""n_seed_upstream"": 0.101, ""role"": 0.036}"
100000006714366100,peripheral,0.5,3,0.40959776082343924,"Периферийный узел: 1 входящих, 1 исходящих, оборот 16 тыс.",3,False,1,1,10500.0,5000.0,1,1,0.47619047619047616,0,1.922024458454748e-05,,"{""betweenness"": 0.163, ""degree"": 0.105, ""n_seed_upstream"": 0.101, ""role"": 0.036}"
100000001063678100,peripheral,0.5,28,0.44328698478623996,"Периферийный узел: 1 входящих, 2 исходящих, оборот 125 тыс.; есть источники вне выборки",3,False,1,2,35000.0,90000.0,1,2,2.5714285714285716,0,3.962937027741748e-05,external_funding,"{""betweenness"": 0.179, ""degree"": 0.122, ""n_seed_upstream"": 0.101, ""role"": 0.036}"
100000004889043100,coordinator,0.5,12,0.577400568823078,Кандидат в координирующий узел: 2 плательщиков → 0 получателей; сигналы S3,3,False,2,0,272000.0,0.0,4,0,0.0,0,0.0,terminal;S3,"{""betweenness"": 0.074, ""degree"": 0.105, ""n_seed_upstream"": 0.101, ""role"": 0.29}"
100000002984403100,peripheral,0.5,27,0.4168660557085459,"Периферийный узел: 1 входящих, 1 исходящих, оборот 45 тыс.; есть источники вне выборки",3,False,1,1,20000.0,25000.0,1,1,1.25,0,2.0012831990095827e-05,external_funding,"{""betweenness"": 0.17, ""degree"": 0.105, ""n_seed_upstream"": 0.101, ""role"": 0.036}"
100000003951827100,peripheral,0.5,3,0.3368358087670986,"Периферийный узел: 1 входящих, 2 исходящих, оборот 26 тыс.; есть источники вне выборки",3,False,1,2,9000.0,17000.0,1,2,1.8888888888888888,0,0.0,external_funding,"{""betweenness"": 0.074, ""degree"": 0.122, ""n_seed_upstream"": 0.101, ""role"": 0.036}"
100000000933075100,peripheral,0.5,10,0.435747821768769,"Периферийный узел: 1 входящих, 2 исходящих, оборот 95 тыс.; есть источники вне выборки",3,False,1,2,40000.0,55000.0,1,2,1.375,0,2.139985994980544e-05,external_funding,"{""betweenness"": 0.171, ""degree"": 0.122, ""n_seed_upstream"": 0.101, ""role"": 0.036}"
100000008502995100,terminal,0.5,16,0.42717033091056844,"Вероятный конечный получатель: 1 плательщиков, получено 25 тыс., исходящих нет",3,False,1,0,25000.0,0.0,2,0,0.0,0,0.0,,"{""betweenness"": 0.074, ""degree"": 0.048, ""n_seed_upstream"": 0.101, ""role"": 0.199}"
100000008086440100,peripheral,0.5,1,0.4720102929890299,"Периферийный узел: 1 входящих, 5 исходящих, оборот 361 тыс.",3,False,1,5,199733.0,161300.0,1,6,0.8075781167859092,0,0.00016584891461099215,,"{""betweenness"": 0.19, ""degree"": 0.138, ""n_seed_upstream"": 0.101, ""role"": 0.036}"
100000008465789100,peripheral,0.5,6,0.4870660466796082,"Периферийный узел: 1 входящих, 16 исходящих, оборот 1.89 млн; есть источники вне выборки",3,False,1,16,30099.0,1858100.0,1,17,61.732947938469714,0,0.0008363778597048959,external_funding,"{""betweenness"": 0.196, ""degree"": 0.147, ""n_seed_upstream"": 0.101, ""role"": 0.036}"
100000002550141100,terminal,0.5,15,0.42717033091056844,"Вероятный конечный получатель: 1 плательщиков, получено 101 тыс., исходящих нет",3,False,1,0,100586.0,0.0,1,0,0.0,0,0.0,,"{""betweenness"": 0.074, ""degree"": 0.048, ""n_seed_upstream"": 0.101, ""role"": 0.199}"
100000008739887100,coordinator,0.5,1,0.7073834138413616,Кандидат в координирующий узел: 2 плательщиков → 2 получателей; сигналы S3,3,False,2,2,214000.0,307000.0,3,2,1.4345794392523366,0,3.844048916909496e-05,external_funding;peripheral;S3,"{""betweenness"": 0.176, ""degree"": 0.13, ""n_seed_upstream"": 0.101, ""role"": 0.29}"
100000008532050100,terminal,0.5,8,0.42717033091056844,"Вероятный конечный получатель: 1 плательщиков, получено 455 тыс., исходящих нет",3,False,1,0,455156.0,0.0,1,0,0.0,0,0.0,,"{""betweenness"": 0.074, ""degree"": 0.048, ""n_seed_upstream"": 0.101, ""role"": 0.199}"
100000008422226100,terminal,0.5,12,0.42717033091056844,"Вероятный конечный получатель: 1 плательщиков, получено 87 тыс., исходящих нет",3,False,1,0,87450.0,0.0,1,0,0.0,0,0.0,,"{""betweenness"": 0.074, ""degree"": 0.048, ""n_seed_upstream"": 0.101, ""role"": 0.199}"
100000002369874100,coordinator,0.5,6,0.6035054850796804,Кандидат в координирующий узел: 4 плательщиков → 0 получателей; сигналы S3,3,False,4,0,600000.0,0.0,4,0,0.0,0,0.0,terminal;S3,"{""betweenness"": 0.074, ""degree"": 0.13, ""n_seed_upstream"": 0.101, ""role"": 0.29}"
100000003321895100,peripheral,0.5,2,0.44328698478623996,"Периферийный узел: 1 входящих, 2 исходящих, оборот 578 тыс.; есть источники вне выборки",3,False,1,2,24000.0,553830.0,1,3,23.07625,0,3.962937027741748e-05,external_funding,"{""betweenness"": 0.179, ""degree"": 0.122, ""n_seed_upstream"": 0.101, ""role"": 0.036}"
100000001875239100,coordinator,0.5,6,0.594566836711661,Кандидат в координирующий узел: 3 плательщиков → 0 получателей; сигналы S3,3,False,3,0,712000.0,0.0,3,0,0.0,0,0.0,terminal;S3,"{""betweenness"": 0.074, ""degree"": 0.122, ""n_seed_upstream"": 0.101, ""role"": 0.29}"
100000002216999100,terminal,0.5,9,0.42717033091056844,"Вероятный конечный получатель: 1 плательщиков, получено 24 тыс., исходящих нет",3,False,1,0,23677.0,0.0,1,0,0.0,0,0.0,,"{""betweenness"": 0.074, ""degree"": 0.048, ""n_seed_upstream"": 0.101, ""role"": 0.199}"
100000002653948100,terminal,0.5,8,0.42717033091056844,"Вероятный конечный получатель: 1 плательщиков, получено 85 тыс., исходящих нет",3,False,1,0,85200.0,0.0,1,0,0.0,0,0.0,,"{""betweenness"": 0.074, ""degree"": 0.048, ""n_seed_upstream"": 0.101, ""role"": 0.199}"
100000008632060100,peripheral,0.5,3,0.48261929483996213,"Периферийный узел: 1 входящих, 9 исходящих, оборот 345 тыс.; есть источники вне выборки",3,False,1,9,6000.0,339200.0,1,12,56.53333333333333,0,0.0005036892962259762,external_funding,"{""betweenness"": 0.195, ""degree"": 0.144, ""n_seed_upstream"": 0.101, ""role"": 0.036}"
100000008746449100,peripheral,0.5,6,0.4785562728544987,"Периферийный узел: 1 входящих, 10 исходящих, оборот 1.02 млн; есть источники вне выборки",3,False,1,10,10000.0,1009000.0,1,10,100.9,0,0.00015851748110966993,external_funding,"{""betweenness"": 0.19, ""degree"": 0.145, ""n_seed_upstream"": 0.101, ""role"": 0.036}"
100000003031761100,terminal,0.5,15,0.42717033091056844,"Вероятный конечный получатель: 1 плательщиков, получено 460 тыс., исходящих нет",3,False,1,0,460408.0,0.0,1,0,0.0,0,0.0,,"{""betweenness"": 0.074, ""degree"": 0.048, ""n_seed_upstream"": 0.101, ""role"": 0.199}"
100000008388049100,terminal,0.5,14,0.42717033091056844,"Вероятный конечный получатель: 1 плательщиков, получено 496 тыс., исходящих нет",3,False,1,0,496400.0,0.0,1,0,0.0,0,0.0,,"{""betweenness"": 0.074, ""degree"": 0.048, ""n_seed_upstream"": 0.101, ""role"": 0.199}"
100000002677201100,peripheral,0.5,6,0.4185815538801861,"Периферийный узел: 1 входящих, 1 исходящих, оборот 238 тыс.",3,False,1,1,150000.0,87750.0,1,1,0.585,0,2.139985994980544e-05,,"{""betweenness"": 0.171, ""degree"": 0.105, ""n_seed_upstream"": 0.101, ""role"": 0.036}"
100000002901457100,peripheral,0.5,1,0.4579138639339082,"Периферийный узел: 1 входящих, 3 исходящих, оборот 459 тыс.",3,False,1,3,340000.0,119000.0,1,3,0.35,0,7.569209722986739e-05,,"{""betweenness"": 0.184, ""degree"": 0.13, ""n_seed_upstream"": 0.101, ""role"": 0.036}"
100000001160401100,terminal,0.5,1,0.42717033091056844,"Вероятный конечный получатель: 1 плательщиков, получено 47 тыс., исходящих нет",3,False,1,0,47190.0,0.0,2,0,0.0,0,0.0,,"{""betweenness"": 0.074, ""degree"": 0.048, ""n_seed_upstream"": 0.101, ""role"": 0.199}"
100000002842321100,terminal,0.5,8,0.42717033091056844,"Вероятный конечный получатель: 1 плательщиков, получено 160 тыс., исходящих нет",3,False,1,0,160000.0,0.0,1,0,0.0,0,0.0,,"{""betweenness"": 0.074, ""degree"": 0.048, ""n_seed_upstream"": 0.101, ""role"": 0.199}"
100000002547110100,coordinator,0.5,6,0.6114622364678796,Кандидат в координирующий узел: 6 плательщиков → 0 получателей; сигналы S3,3,False,6,0,1500000.0,0.0,10,0,0.0,0,0.0,consolidator;S3,"{""betweenness"": 0.074, ""degree"": 0.138, ""n_seed_upstream"": 0.101, ""role"": 0.29}"
100000001600934100,peripheral,0.5,1,0.3196695408785156,"Периферийный узел: 1 входящих, 1 исходящих, оборот 191 тыс.",3,False,1,1,180300.0,11000.0,2,1,0.06100942872989462,0,0.0,,"{""betweenness"": 0.074, ""degree"": 0.105, ""n_seed_upstream"": 0.101, ""role"": 0.036}"
100000002818726100,terminal,0.5,3,0.42717033091056844,"Вероятный конечный получатель: 1 плательщиков, получено 11 тыс., исходящих нет",3,False,1,0,10879.0,0.0,1,0,0.0,0,0.0,,"{""betweenness"": 0.074, ""degree"": 0.048, ""n_seed_upstream"": 0.101, ""role"": 0.199}"
100000008712827100,terminal,0.5,9,0.42717033091056844,"Вероятный конечный получатель: 1 плательщиков, получено 76 тыс., исходящих нет",3,False,1,0,76000.0,0.0,1,0,0.0,0,0.0,,"{""betweenness"": 0.074, ""degree"": 0.048, ""n_seed_upstream"": 0.101, ""role"": 0.199}"
100000008259451100,terminal,0.5,11,0.42717033091056844,"Вероятный конечный получатель: 1 плательщиков, получено 55 тыс., исходящих нет",3,False,1,0,55000.0,0.0,1,0,0.0,0,0.0,,"{""betweenness"": 0.074, ""degree"": 0.048, ""n_seed_upstream"": 0.101, ""role"": 0.199}"
100000003060517100,terminal,0.5,8,0.42717033091056844,"Вероятный конечный получатель: 1 плательщиков, получено 316 тыс., исходящих нет",3,False,1,0,315955.0,0.0,1,0,0.0,0,0.0,,"{""betweenness"": 0.074, ""degree"": 0.048, ""n_seed_upstream"": 0.101, ""role"": 0.199}"
100000002621434100,terminal,0.5,6,0.42717033091056844,"Вероятный конечный получатель: 1 плательщиков, получено 81 тыс., исходящих нет",3,False,1,0,81000.0,0.0,1,0,0.0,0,0.0,,"{""betweenness"": 0.074, ""degree"": 0.048, ""n_seed_upstream"": 0.101, ""role"": 0.199}"
100000001860090100,terminal,0.5,18,0.42717033091056844,"Вероятный конечный получатель: 1 плательщиков, получено 5 тыс., исходящих нет",3,False,1,0,5000.0,0.0,1,0,0.0,0,0.0,,"{""betweenness"": 0.074, ""degree"": 0.048, ""n_seed_upstream"": 0.101, ""role"": 0.199}"
100000004689658100,peripheral,0.5,15,0.40959776082343924,"Периферийный узел: 1 входящих, 1 исходящих, оборот 463 тыс.",3,False,1,1,456100.0,7092.0,1,1,0.015549221661916246,0,1.922024458454748e-05,,"{""betweenness"": 0.163, ""degree"": 0.105, ""n_seed_upstream"": 0.101, ""role"": 0.036}"
100000003486970100,terminal,0.5,8,0.42717033091056844,"Вероятный конечный получатель: 1 плательщиков, получено 150 тыс., исходящих нет",3,False,1,0,150000.0,0.0,1,0,0.0,0,0.0,,"{""betweenness"": 0.074, ""degree"": 0.048, ""n_seed_upstream"": 0.101, ""role"": 0.199}"
100000004659919100,peripheral,0.5,5,0.42119994582637355,"Периферийный узел: 1 входящих, 1 исходящих, оборот 149 тыс.",3,False,1,1,110000.0,39000.0,2,1,0.35454545454545455,0,2.4173915869224665e-05,,"{""betweenness"": 0.174, ""degree"": 0.105, ""n_seed_upstream"": 0.101, ""role"": 0.036}"
100000006111439100,coordinator,0.75,3,0.6989300708771614,Кандидат в координирующий узел: 3 плательщиков → 4 получателей; сигналы S3,3,False,3,4,20570.0,24000.0,3,4,1.166747690811862,0,6.340699244386797e-06,peripheral;S3,"{""betweenness"": 0.158, ""degree"": 0.141, ""n_seed_upstream"": 0.101, ""role"": 0.29}"
100000002521039100,terminal,0.5,12,0.42717033091056844,"Вероятный конечный получатель: 1 плательщиков, получено 349 тыс., исходящих нет",3,False,1,0,349370.0,0.0,1,0,0.0,0,0.0,,"{""betweenness"": 0.074, ""degree"": 0.048, ""n_seed_upstream"": 0.101, ""role"": 0.199}"
100000008493007100,transit,0.50147168865704,9,0.6394067987901224,"Признаки транзита: получено 26 тыс., отдано 100%, 1→1 контрагента",3,False,1,1,26150.0,26150.0,1,1,1.0,0,1.387027959709612e-06,,"{""betweenness"": 0.154, ""degree"": 0.105, ""n_seed_upstream"": 0.101, ""role"": 0.271}"
100000007793871100,terminal,0.5,7,0.42717033091056844,"Вероятный конечный получатель: 1 плательщиков, получено 26 тыс., исходящих нет",3,False,1,0,26000.0,0.0,3,0,0.0,0,0.0,,"{""betweenness"": 0.074, ""degree"": 0.048, ""n_seed_upstream"": 0.101, ""role"": 0.199}"
100000001650895100,peripheral,0.5,7,0.4196198817209156,"Периферийный узел: 1 входящих, 1 исходящих, оборот 164 тыс.",3,False,1,1,153500.0,10000.0,1,1,0.06514657980456026,0,2.19943005039667e-05,,"{""betweenness"": 0.172, ""degree"": 0.105, ""n_seed_upstream"": 0.101, ""role"": 0.036}"
100000002567887100,terminal,0.5,8,0.42717033091056844,"Вероятный конечный получатель: 1 плательщиков, получено 51 тыс., исходящих нет",3,False,1,0,50915.0,0.0,1,0,0.0,0,0.0,,"{""betweenness"": 0.074, ""degree"": 0.048, ""n_seed_upstream"": 0.101, ""role"": 0.199}"
100000008055972100,terminal,0.5,9,0.42717033091056844,"Вероятный конечный получатель: 1 плательщиков, получено 28 тыс., исходящих нет",3,False,1,0,28300.0,0.0,1,0,0.0,0,0.0,,"{""betweenness"": 0.074, ""degree"": 0.048, ""n_seed_upstream"": 0.101, ""role"": 0.199}"
100000008684452100,terminal,0.5,9,0.42717033091056844,"Вероятный конечный получатель: 1 плательщиков, получено 52 тыс., исходящих нет",3,False,1,0,51800.0,0.0,1,0,0.0,0,0.0,,"{""betweenness"": 0.074, ""degree"": 0.048, ""n_seed_upstream"": 0.101, ""role"": 0.199}"
100000000764836100,peripheral,0.5,1,0.4407137375287798,"Периферийный узел: 1 входящих, 2 исходящих, оборот 302 тыс.",3,False,1,2,251716.0,50000.0,1,2,0.1986365586613485,0,3.844048916909496e-05,,"{""betweenness"": 0.176, ""degree"": 0.122, ""n_seed_upstream"": 0.101, ""role"": 0.036}"
100000003072676100,terminal,0.5,8,0.42717033091056844,"Вероятный конечный получатель: 1 плательщиков, получено 32 тыс., исходящих нет",3,False,1,0,31545.0,0.0,1,0,0.0,0,0.0,,"{""betweenness"": 0.074, ""degree"": 0.048, ""n_seed_upstream"": 0.101, ""role"": 0.199}"
100000008757369100,peripheral,0.5,1,0.40959776082343924,"Периферийный узел: 1 входящих, 1 исходящих, оборот 84 тыс.; есть источники вне выборки",3,False,1,1,25961.0,58398.0,1,3,2.249451099726513,0,1.922024458454748e-05,external_funding,"{""betweenness"": 0.163, ""degree"": 0.105, ""n_seed_upstream"": 0.101, ""role"": 0.036}"
100000007618425100,terminal,0.5,8,0.42717033091056844,"Вероятный конечный получатель: 1 плательщиков, получено 39 тыс., исходящих нет",3,False,1,0,39348.0,0.0,1,0,0.0,0,0.0,,"{""betweenness"": 0.074, ""degree"": 0.048, ""n_seed_upstream"": 0.101, ""role"": 0.199}"
100000004671609100,terminal,0.5,6,0.42717033091056844,"Вероятный конечный получатель: 1 плательщиков, получено 100 тыс., исходящих нет",3,False,1,0,100000.0,0.0,1,0,0.0,0,0.0,,"{""betweenness"": 0.074, ""degree"": 0.048, ""n_seed_upstream"": 0.101, ""role"": 0.199}"
100000004676985100,transit,0.5002951588844095,12,0.6481648684032324,"Признаки транзита: получено 32 тыс., отдано 84%, 1→1 контрагента",3,False,1,1,32260.0,27102.0,1,1,0.8401115933044018,0,1.922024458454748e-05,,"{""betweenness"": 0.163, ""degree"": 0.105, ""n_seed_upstream"": 0.101, ""role"": 0.271}"
100000002531406100,transit,0.5011886716076092,15,0.636923840910117,"Признаки транзита: получено 520 тыс., отдано 96%, 1→1 контрагента",3,False,1,1,520000.0,500000.0,1,1,0.9615384615384616,0,7.925874055483496e-07,,"{""betweenness"": 0.151, ""degree"": 0.105, ""n_seed_upstream"": 0.101, ""role"": 0.271}"
100000002877262100,terminal,0.5,6,0.42717033091056844,"Вероятный конечный получатель: 1 плательщиков, получено 100 тыс., исходящих нет",3,False,1,0,100000.0,0.0,1,0,0.0,0,0.0,,"{""betweenness"": 0.074, ""degree"": 0.048, ""n_seed_upstream"": 0.101, ""role"": 0.199}"
100000007591246100,peripheral,0.5,2,0.39835673333032373,"Периферийный узел: 1 входящих, 1 исходящих, оборот 132 тыс.; есть источники вне выборки",3,False,1,1,12190.0,120000.0,1,1,9.844134536505333,0,7.925874055483496e-07,external_funding,"{""betweenness"": 0.151, ""degree"": 0.105, ""n_seed_upstream"": 0.101, ""role"": 0.036}"
100000008712184100,terminal,0.5,9,0.42717033091056844,"Вероятный конечный получатель: 1 плательщиков, получено 18 тыс., исходящих нет",3,False,1,0,18000.0,0.0,1,0,0.0,0,0.0,,"{""betweenness"": 0.074, ""degree"": 0.048, ""n_seed_upstream"": 0.101, ""role"": 0.199}"
100000002975437100,peripheral,0.5,30,0.3196695408785156,"Периферийный узел: 1 входящих, 1 исходящих, оборот 538 тыс.",3,False,1,1,530000.0,8500.0,2,1,0.016037735849056604,0,0.0,,"{""betweenness"": 0.074, ""degree"": 0.105, ""n_seed_upstream"": 0.101, ""role"": 0.036}"
100000005008589100,terminal,0.5,1,0.42717033091056844,"Вероятный конечный получатель: 1 плательщиков, получено 43 тыс., исходящих нет",3,False,1,0,42806.68,0.0,1,0,0.0,0,0.0,,"{""betweenness"": 0.074, ""degree"": 0.048, ""n_seed_upstream"": 0.101, ""role"": 0.199}"
100000000782285100,terminal,0.5,3,0.42717033091056844,"Вероятный конечный получатель: 1 плательщиков, получено 6 тыс., исходящих нет",3,False,1,0,6151.0,0.0,1,0,0.0,0,0.0,,"{""betweenness"": 0.074, ""degree"": 0.048, ""n_seed_upstream"": 0.101, ""role"": 0.199}"
100000005198498100,terminal,0.5,9,0.42717033091056844,"Вероятный конечный получатель: 1 плательщиков, получено 29 тыс., исходящих нет",3,False,1,0,28800.0,0.0,1,0,0.0,0,0.0,,"{""betweenness"": 0.074, ""degree"": 0.048, ""n_seed_upstream"": 0.101, ""role"": 0.199}"
100000008517538100,peripheral,0.5,6,0.4825854363234166,"Периферийный узел: 3 входящих, 17 исходящих, оборот 1.59 млн; есть источники вне выборки",3,False,3,17,155500.0,1439000.0,6,18,9.254019292604502,0,0.00019695797027876488,external_funding,"{""betweenness"": 0.191, ""degree"": 0.148, ""n_seed_upstream"": 0.101, ""role"": 0.036}"
100000005756535100,terminal,0.5,4,0.42717033091056844,"Вероятный конечный получатель: 1 плательщиков, получено 20 тыс., исходящих нет",3,False,1,0,20000.0,0.0,1,0,0.0,0,0.0,,"{""betweenness"": 0.074, ""degree"": 0.048, ""n_seed_upstream"": 0.101, ""role"": 0.199}"
100000004917367100,coordinator,0.5,8,0.577400568823078,Кандидат в координирующий узел: 2 плательщиков → 0 получателей; сигналы S3,3,False,2,0,120000.0,0.0,2,0,0.0,0,0.0,terminal;S3,"{""betweenness"": 0.074, ""degree"": 0.105, ""n_seed_upstream"": 0.101, ""role"": 0.29}"
100000001222263100,peripheral,0.5,8,0.40959776082343924,"Периферийный узел: 1 входящих, 1 исходящих, оборот 1.17 млн",3,False,1,1,745570.0,420000.0,1,5,0.5633273870998028,0,1.922024458454748e-05,,"{""betweenness"": 0.163, ""degree"": 0.105, ""n_seed_upstream"": 0.101, ""role"": 0.036}"
100000001149815100,terminal,0.5,9,0.42717033091056844,"Вероятный конечный получатель: 1 плательщиков, получено 12 тыс., исходящих нет",3,False,1,0,12000.0,0.0,1,0,0.0,0,0.0,,"{""betweenness"": 0.074, ""degree"": 0.048, ""n_seed_upstream"": 0.101, ""role"": 0.199}"
100000006020215100,transit,0.502403758139832,3,0.6852399440205861,"Признаки транзита: получено 30 тыс., отдано 113%, 1→2 контрагента",3,False,1,2,30000.0,33800.0,1,2,1.1266666666666667,0,5.785888060502952e-05,,"{""betweenness"": 0.182, ""degree"": 0.122, ""n_seed_upstream"": 0.101, ""role"": 0.271}"
100000000673868100,peripheral,0.5,14,0.4608144101846418,"Периферийный узел: 1 входящих, 5 исходящих, оборот 2.41 млн",3,False,1,5,2030650.0,383000.0,5,19,0.18860955851574618,0,4.1016398237127094e-05,,"{""betweenness"": 0.179, ""degree"": 0.138, ""n_seed_upstream"": 0.101, ""role"": 0.036}"
100000008749900100,terminal,0.5,9,0.42717033091056844,"Вероятный конечный получатель: 1 плательщиков, получено 17 тыс., исходящих нет",3,False,1,0,17150.0,0.0,1,0,0.0,0,0.0,,"{""betweenness"": 0.074, ""degree"": 0.048, ""n_seed_upstream"": 0.101, ""role"": 0.199}"
100000002862113100,terminal,0.5,11,0.42717033091056844,"Вероятный конечный получатель: 1 плательщиков, получено 47 тыс., исходящих нет",3,False,1,0,47405.0,0.0,2,0,0.0,0,0.0,,"{""betweenness"": 0.074, ""degree"": 0.048, ""n_seed_upstream"": 0.101, ""role"": 0.199}"
100000001066017100,coordinator,0.5,12,0.7237370773328519,Кандидат в координирующий узел: 2 плательщиков → 4 получателей; сигналы S3,3,False,2,4,136123.0,82500.0,3,4,0.6060695106631503,0,7.688097833818992e-05,peripheral;S3,"{""betweenness"": 0.185, ""degree"": 0.138, ""n_seed_upstream"": 0.101, ""role"": 0.29}"
100000008436257100,terminal,0.5,17,0.4851699697530586,"Вероятный конечный получатель: 2 плательщиков, получено 35 тыс., исходящих нет",3,False,2,0,35000.0,0.0,2,0,0.0,0,0.0,,"{""betweenness"": 0.074, ""degree"": 0.105, ""n_seed_upstream"": 0.101, ""role"": 0.199}"
100000003016438100,peripheral,0.5,6,0.4185815538801861,"Периферийный узел: 1 входящих, 1 исходящих, оборот 500 тыс.; есть источники вне выборки",3,False,1,1,200000.0,300000.0,1,3,1.5,0,2.139985994980544e-05,external_funding,"{""betweenness"": 0.171, ""degree"": 0.105, ""n_seed_upstream"": 0.101, ""role"": 0.036}"
100000002534091100,terminal,0.5,5,0.42717033091056844,"Вероятный конечный получатель: 1 плательщиков, получено 22 тыс., исходящих нет",3,False,1,0,22200.0,0.0,1,0,0.0,0,0.0,,"{""betweenness"": 0.074, ""degree"": 0.048, ""n_seed_upstream"": 0.101, ""role"": 0.199}"
100000006882208100,terminal,0.5,2,0.42717033091056844,"Вероятный конечный получатель: 1 плательщиков, получено 18 тыс., исходящих нет",3,False,1,0,18000.0,0.0,1,0,0.0,0,0.0,,"{""betweenness"": 0.074, ""degree"": 0.048, ""n_seed_upstream"": 0.101, ""role"": 0.199}"
100000005362848100,terminal,0.5,7,0.42717033091056844,"Вероятный конечный получатель: 1 плательщиков, получено 29 тыс., исходящих нет",3,False,1,0,29000.0,0.0,1,0,0.0,0,0.0,,"{""betweenness"": 0.074, ""degree"": 0.048, ""n_seed_upstream"": 0.101, ""role"": 0.199}"
100000001073568100,peripheral,0.5,11,0.4267640287120221,"Периферийный узел: 1 входящих, 2 исходящих, оборот 927 тыс.",3,False,1,2,707465.0,219503.0,4,3,0.31026693900051594,0,1.922024458454748e-05,,"{""betweenness"": 0.163, ""degree"": 0.122, ""n_seed_upstream"": 0.101, ""role"": 0.036}"
100000008687733100,terminal,0.5,9,0.42717033091056844,"Вероятный конечный получатель: 1 плательщиков, получено 15 тыс., исходящих нет",3,False,1,0,14650.0,0.0,1,0,0.0,0,0.0,,"{""betweenness"": 0.074, ""degree"": 0.048, ""n_seed_upstream"": 0.101, ""role"": 0.199}"
100000007229557100,terminal,0.5,6,0.5023362376416415,"Вероятный конечный получатель: 3 плательщиков, получено 878 тыс., исходящих нет",3,False,3,0,878000.0,0.0,3,0,0.0,0,0.0,,"{""betweenness"": 0.074, ""degree"": 0.122, ""n_seed_upstream"": 0.101, ""role"": 0.199}"
100000001052789100,terminal,0.5,19,0.42717033091056844,"Вероятный конечный получатель: 1 плательщиков, получено 71 тыс., исходящих нет",3,False,1,0,70975.0,0.0,1,0,0.0,0,0.0,,"{""betweenness"": 0.074, ""degree"": 0.048, ""n_seed_upstream"": 0.101, ""role"": 0.199}"
100000006967370100,peripheral,0.5,8,0.40959776082343924,"Периферийный узел: 1 входящих, 1 исходящих, оборот 47 тыс.",3,False,1,1,33225.0,13526.27,1,1,0.40711121143717083,0,1.922024458454748e-05,,"{""betweenness"": 0.163, ""degree"": 0.105, ""n_seed_upstream"": 0.101, ""role"": 0.036}"
100000001837130100,terminal,0.5,1,0.42717033091056844,"Вероятный конечный получатель: 1 плательщиков, получено 173 тыс., исходящих нет",3,False,1,0,172900.0,0.0,1,0,0.0,0,0.0,,"{""betweenness"": 0.074, ""degree"": 0.048, ""n_seed_upstream"": 0.101, ""role"": 0.199}"
100000005820746100,peripheral,0.5,13,0.3196695408785156,"Периферийный узел: 1 входящих, 1 исходящих, оборот 2.05 млн",3,False,1,1,1989000.0,60000.0,2,1,0.030165912518853696,0,0.0,,"{""betweenness"": 0.074, ""degree"": 0.105, ""n_seed_upstream"": 0.101, ""role"": 0.036}"
100000002883402100,coordinator,0.5,6,0.594566836711661,Кандидат в координирующий узел: 3 плательщиков → 0 получателей; сигналы S3,3,False,3,0,300000.0,0.0,3,0,0.0,0,0.0,terminal;S3,"{""betweenness"": 0.074, ""degree"": 0.122, ""n_seed_upstream"": 0.101, ""role"": 0.29}"
100000008582730100,transit,0.50147168865704,19,0.5582366484583089,"Признаки транзита: получено 5 тыс., отдано 100%, 1→1 контрагента",3,False,1,1,5000.0,5000.0,1,1,1.0,0,0.0,,"{""betweenness"": 0.074, ""degree"": 0.105, ""n_seed_upstream"": 0.101, ""role"": 0.271}"
100000003116106100,terminal,0.5,8,0.42717033091056844,"Вероятный конечный получатель: 1 плательщиков, получено 494 тыс., исходящих нет",3,False,1,0,494050.0,0.0,2,0,0.0,0,0.0,,"{""betweenness"": 0.074, ""degree"": 0.048, ""n_seed_upstream"": 0.101, ""role"": 0.199}"
100000001818442100,terminal,0.5,7,0.42717033091056844,"Вероятный конечный получатель: 1 плательщиков, получено 42 тыс., исходящих нет",3,False,1,0,42215.0,0.0,1,0,0.0,0,0.0,,"{""betweenness"": 0.074, ""degree"": 0.048, ""n_seed_upstream"": 0.101, ""role"": 0.199}"
100000008690762100,terminal,0.5,9,0.42717033091056844,"Вероятный конечный получатель: 1 плательщиков, получено 27 тыс., исходящих нет",3,False,1,0,26750.0,0.0,1,0,0.0,0,0.0,,"{""betweenness"": 0.074, ""degree"": 0.048, ""n_seed_upstream"": 0.101, ""role"": 0.199}"
100000008712991100,terminal,0.5,9,0.42717033091056844,"Вероятный конечный получатель: 1 плательщиков, получено 66 тыс., исходящих нет",3,False,1,0,66100.0,0.0,1,0,0.0,0,0.0,,"{""betweenness"": 0.074, ""degree"": 0.048, ""n_seed_upstream"": 0.101, ""role"": 0.199}"
100000003292191100,terminal,0.5,6,0.42717033091056844,"Вероятный конечный получатель: 1 плательщиков, получено 112 тыс., исходящих нет",3,False,1,0,112000.0,0.0,1,0,0.0,0,0.0,,"{""betweenness"": 0.074, ""degree"": 0.048, ""n_seed_upstream"": 0.101, ""role"": 0.199}"
100000005367284100,peripheral,0.5,1,0.4407137375287798,"Периферийный узел: 1 входящих, 2 исходящих, оборот 62 тыс.; есть источники вне выборки",3,False,1,2,13700.0,48300.0,1,5,3.5255474452554743,0,3.844048916909496e-05,external_funding,"{""betweenness"": 0.176, ""degree"": 0.122, ""n_seed_upstream"": 0.101, ""role"": 0.036}"
100000003216073100,peripheral,0.5,15,0.39835673333032373,"Периферийный узел: 1 входящих, 1 исходящих, оборот 107 тыс.; есть источники вне выборки",3,False,1,1,37001.0,70000.0,1,1,1.891840761060512,0,7.925874055483496e-07,external_funding,"{""betweenness"": 0.151, ""degree"": 0.105, ""n_seed_upstream"": 0.101, ""role"": 0.036}"
100000006169033100,peripheral,0.5,8,0.45163875220080363,"Периферийный узел: 1 входящих, 3 исходящих, оборот 1.19 млн; есть источники вне выборки",3,False,1,3,49000.0,1140271.0,1,10,23.270836734693876,0,3.923307657464331e-05,external_funding,"{""betweenness"": 0.178, ""degree"": 0.13, ""n_seed_upstream"": 0.101, ""role"": 0.036}"
100000004407753100,peripheral,0.5,22,0.3196695408785156,"Периферийный узел: 1 входящих, 1 исходящих, оборот 350 тыс.",3,False,1,1,250000.0,100000.0,4,1,0.4,0,0.0,,"{""betweenness"": 0.074, ""degree"": 0.105, ""n_seed_upstream"": 0.101, ""role"": 0.036}"
100000004420041100,peripheral,0.5,10,0.4761184596632207,"Периферийный узел: 1 входящих, 7 исходящих, оборот 721 тыс.; есть источники вне выборки",3,False,1,7,69638.0,651830.0,1,11,9.360263074758034,0,0.00016426373979989547,external_funding,"{""betweenness"": 0.19, ""degree"": 0.142, ""n_seed_upstream"": 0.101, ""role"": 0.036}"
100000004715209100,peripheral,0.5,29,0.46641235158683586,"Периферийный узел: 1 входящих, 5 исходящих, оборот 355 тыс.; есть источники вне выборки",3,False,1,5,5000.0,350450.0,1,17,70.09,0,7.767356574373826e-05,external_funding,"{""betweenness"": 0.185, ""degree"": 0.138, ""n_seed_upstream"": 0.101, ""role"": 0.036}"
100000004580254100,terminal,0.5,17,0.4851699697530586,"Вероятный конечный получатель: 2 плательщиков, получено 28 тыс., исходящих нет",3,False,2,0,27940.0,0.0,2,0,0.0,0,0.0,,"{""betweenness"": 0.074, ""degree"": 0.105, ""n_seed_upstream"": 0.101, ""role"": 0.199}"
100000001056414100,terminal,0.5,14,0.42717033091056844,"Вероятный конечный получатель: 1 плательщиков, получено 250 тыс., исходящих нет",3,False,1,0,250000.0,0.0,1,0,0.0,0,0.0,,"{""betweenness"": 0.074, ""degree"": 0.048, ""n_seed_upstream"": 0.101, ""role"": 0.199}"
100000008686494100,terminal,0.5,9,0.42717033091056844,"Вероятный конечный получатель: 1 плательщиков, получено 16 тыс., исходящих нет",3,False,1,0,15700.0,0.0,1,0,0.0,0,0.0,,"{""betweenness"": 0.074, ""degree"": 0.048, ""n_seed_upstream"": 0.101, ""role"": 0.199}"
100000002822472100,coordinator,0.5,14,0.577400568823078,Кандидат в координирующий узел: 2 плательщиков → 0 получателей; сигналы S3,3,False,2,0,266722.0,0.0,2,0,0.0,0,0.0,terminal;S3,"{""betweenness"": 0.074, ""degree"": 0.105, ""n_seed_upstream"": 0.101, ""role"": 0.29}"
100000001831496100,peripheral,0.5,10,0.403006636269243,"Периферийный узел: 1 входящих, 1 исходящих, оборот 398 тыс.; есть источники вне выборки",3,False,1,1,25000.0,373000.0,1,1,14.92,0,2.972202770806311e-06,external_funding,"{""betweenness"": 0.156, ""degree"": 0.105, ""n_seed_upstream"": 0.101, ""role"": 0.036}"
100000008732488100,peripheral,0.5,1,0.40959776082343924,"Периферийный узел: 1 входящих, 1 исходящих, оборот 147 тыс.",3,False,1,1,137000.0,10000.0,1,1,0.072992700729927,0,1.922024458454748e-05,,"{""betweenness"": 0.163, ""degree"": 0.105, ""n_seed_upstream"": 0.101, ""role"": 0.036}"
100000004007197100,terminal,0.5,23,0.42717033091056844,"Вероятный конечный получатель: 1 плательщиков, получено 10 тыс., исходящих нет",3,False,1,0,10048.0,0.0,1,0,0.0,0,0.0,,"{""betweenness"": 0.074, ""degree"": 0.048, ""n_seed_upstream"": 0.101, ""role"": 0.199}"
100000002815005100,terminal,0.5,6,0.42717033091056844,"Вероятный конечный получатель: 1 плательщиков, получено 476 тыс., исходящих нет",3,False,1,0,476500.0,0.0,1,0,0.0,0,0.0,,"{""betweenness"": 0.074, ""degree"": 0.048, ""n_seed_upstream"": 0.101, ""role"": 0.199}"
100000005756189100,peripheral,0.5,8,0.40959776082343924,"Периферийный узел: 1 входящих, 1 исходящих, оборот 114 тыс.",3,False,1,1,65000.0,49050.0,1,1,0.7546153846153846,0,1.922024458454748e-05,,"{""betweenness"": 0.163, ""degree"": 0.105, ""n_seed_upstream"": 0.101, ""role"": 0.036}"
100000004877085100,peripheral,0.5,3,0.4552503272989933,"Периферийный узел: 1 входящих, 3 исходящих, оборот 121 тыс.; есть источники вне выборки",3,False,1,3,25000.0,95600.0,1,9,3.824,0,5.7660733753642434e-05,external_funding,"{""betweenness"": 0.182, ""degree"": 0.13, ""n_seed_upstream"": 0.101, ""role"": 0.036}"
100000002713074100,peripheral,0.5,8,0.4267640287120221,"Периферийный узел: 2 входящих, 1 исходящих, оборот 1.13 млн",3,False,2,1,700000.0,430000.0,2,2,0.6142857142857143,0,1.922024458454748e-05,,"{""betweenness"": 0.163, ""degree"": 0.122, ""n_seed_upstream"": 0.101, ""role"": 0.036}"
100000002356167100,peripheral,0.5,8,0.4407137375287798,"Периферийный узел: 1 входящих, 2 исходящих, оборот 330 тыс.",3,False,1,2,300000.0,29500.0,1,3,0.09833333333333333,0,3.844048916909496e-05,,"{""betweenness"": 0.176, ""degree"": 0.122, ""n_seed_upstream"": 0.101, ""role"": 0.036}"
100000004140487100,peripheral,0.5,3,0.4763893277955849,"Периферийный узел: 1 входящих, 10 исходящих, оборот 287 тыс.; есть источники вне выборки",3,False,1,10,24510.0,262600.0,1,19,10.713994288045695,0,0.00011551961435867196,external_funding,"{""betweenness"": 0.188, ""degree"": 0.145, ""n_seed_upstream"": 0.101, ""role"": 0.036}"
100000003147719100,terminal,0.5,6,0.42717033091056844,"Вероятный конечный получатель: 1 плательщиков, получено 100 тыс., исходящих нет",3,False,1,0,100000.0,0.0,1,0,0.0,0,0.0,,"{""betweenness"": 0.074, ""degree"": 0.048, ""n_seed_upstream"": 0.101, ""role"": 0.199}"
100000008745884100,terminal,0.5,9,0.42717033091056844,"Вероятный конечный получатель: 1 плательщиков, получено 20 тыс., исходящих нет",3,False,1,0,20000.0,0.0,1,0,0.0,0,0.0,,"{""betweenness"": 0.074, ""degree"": 0.048, ""n_seed_upstream"": 0.101, ""role"": 0.199}"
100000002559089100,terminal,0.5,6,0.4851699697530586,"Вероятный конечный получатель: 2 плательщиков, получено 715 тыс., исходящих нет",3,False,2,0,715000.0,0.0,2,0,0.0,0,0.0,,"{""betweenness"": 0.074, ""degree"": 0.105, ""n_seed_upstream"": 0.101, ""role"": 0.199}"
100000004984689100,terminal,0.5,1,0.42717033091056844,"Вероятный конечный получатель: 1 плательщиков, получено 53 тыс., исходящих нет",3,False,1,0,53030.0,0.0,1,0,0.0,0,0.0,,"{""betweenness"": 0.074, ""degree"": 0.048, ""n_seed_upstream"": 0.101, ""role"": 0.199}"
100000004340038100,peripheral,0.5,3,0.40959776082343924,"Периферийный узел: 1 входящих, 1 исходящих, оборот 59 тыс.; есть источники вне выборки",3,False,1,1,9978.0,49000.0,1,1,4.910803768290238,0,1.922024458454748e-05,external_funding,"{""betweenness"": 0.163, ""degree"": 0.105, ""n_seed_upstream"": 0.101, ""role"": 0.036}"
100000005052998100,peripheral,0.5,1,0.3196695408785156,"Периферийный узел: 1 входящих, 1 исходящих, оборот 38 тыс.; есть источники вне выборки",3,False,1,1,9500.0,28400.0,1,1,2.9894736842105263,0,0.0,external_funding,"{""betweenness"": 0.074, ""degree"": 0.105, ""n_seed_upstream"": 0.101, ""role"": 0.036}"
100000007597382100,terminal,0.5,8,0.42717033091056844,"Вероятный конечный получатель: 1 плательщиков, получено 16 тыс., исходящих нет",3,False,1,0,15700.0,0.0,1,0,0.0,0,0.0,,"{""betweenness"": 0.074, ""degree"": 0.048, ""n_seed_upstream"": 0.101, ""role"": 0.199}"
100000008697670100,terminal,0.5,9,0.42717033091056844,"Вероятный конечный получатель: 1 плательщиков, получено 25 тыс., исходящих нет",3,False,1,0,25350.0,0.0,1,0,0.0,0,0.0,,"{""betweenness"": 0.074, ""degree"": 0.048, ""n_seed_upstream"": 0.101, ""role"": 0.199}"
100000008460102100,distributor,0.8541532517707721,21,0.7321114170917793,"Веерная рассылка: 31 получателей, отдано 477 тыс.",3,False,1,31,17500.0,476570.0,1,34,27.23257142857143,0,0.0009776565647438894,external_funding,"{""betweenness"": 0.197, ""degree"": 0.149, ""n_seed_upstream"": 0.101, ""role"": 0.275}"
100000004399686100,terminal,0.5,13,0.42717033091056844,"Вероятный конечный получатель: 1 плательщиков, получено 806 тыс., исходящих нет",3,False,1,0,806000.0,0.0,2,0,0.0,0,0.0,,"{""betweenness"": 0.074, ""degree"": 0.048, ""n_seed_upstream"": 0.101, ""role"": 0.199}"
100000008688155100,terminal,0.5,9,0.42717033091056844,"Вероятный конечный получатель: 1 плательщиков, получено 24 тыс., исходящих нет",3,False,1,0,23600.0,0.0,1,0,0.0,0,0.0,,"{""betweenness"": 0.074, ""degree"": 0.048, ""n_seed_upstream"": 0.101, ""role"": 0.199}"
100000004386331100,transit,0.50055188324639,13,0.6729154439980137,"Признаки транзита: получено 20 тыс., отдано 88%, 1→2 контрагента",3,False,1,2,20000.0,17500.0,1,2,0.875,0,2.0210978841482916e-05,,"{""betweenness"": 0.17, ""degree"": 0.122, ""n_seed_upstream"": 0.101, ""role"": 0.271}"
100000007999728100,terminal,0.5,11,0.42717033091056844,"Вероятный конечный получатель: 1 плательщиков, получено 23 тыс., исходящих нет",3,False,1,0,23250.0,0.0,1,0,0.0,0,0.0,,"{""betweenness"": 0.074, ""degree"": 0.048, ""n_seed_upstream"": 0.101, ""role"": 0.199}"
100000001597424100,terminal,0.5,11,0.42717033091056844,"Вероятный конечный получатель: 1 плательщиков, получено 48 тыс., исходящих нет",3,False,1,0,48100.0,0.0,1,0,0.0,0,0.0,,"{""betweenness"": 0.074, ""degree"": 0.048, ""n_seed_upstream"": 0.101, ""role"": 0.199}"
100000003677936100,peripheral,0.5,3,0.40959776082343924,"Периферийный узел: 1 входящих, 1 исходящих, оборот 84 тыс.",3,False,1,1,71000.0,13000.0,1,2,0.18309859154929578,0,1.922024458454748e-05,,"{""betweenness"": 0.163, ""degree"": 0.105, ""n_seed_upstream"": 0.101, ""role"": 0.036}"
100000002943472100,terminal,0.5,6,0.42717033091056844,"Вероятный конечный получатель: 1 плательщиков, получено 170 тыс., исходящих нет",3,False,1,0,170000.0,0.0,1,0,0.0,0,0.0,,"{""betweenness"": 0.074, ""degree"": 0.048, ""n_seed_upstream"": 0.101, ""role"": 0.199}"
100000004892144100,peripheral,0.5,13,0.3368358087670986,"Периферийный узел: 2 входящих, 1 исходящих, оборот 4.68 млн",3,False,2,1,4500000.0,180300.0,7,1,0.04006666666666667,0,0.0,,"{""betweenness"": 0.074, ""degree"": 0.122, ""n_seed_upstream"": 0.101, ""role"": 0.036}"
100000008077552100,terminal,0.5,1,0.42717033091056844,"Вероятный конечный получатель: 1 плательщиков, получено 214 тыс., исходящих нет",3,False,1,0,214000.0,0.0,1,0,0.0,0,0.0,,"{""betweenness"": 0.074, ""degree"": 0.048, ""n_seed_upstream"": 0.101, ""role"": 0.199}"
100000002914245100,terminal,0.5,15,0.42717033091056844,"Вероятный конечный получатель: 1 плательщиков, получено 141 тыс., исходящих нет",3,False,1,0,140611.0,0.0,1,0,0.0,0,0.0,,"{""betweenness"": 0.074, ""degree"": 0.048, ""n_seed_upstream"": 0.101, ""role"": 0.199}"
100000004906181100,peripheral,0.5,8,0.4751252765112185,"Периферийный узел: 1 входящих, 7 исходящих, оборот 2.57 млн; есть источники вне выборки",3,False,1,7,100000.0,2473417.91,1,33,24.734179100000002,0,0.00013454171209183234,external_funding,"{""betweenness"": 0.189, ""degree"": 0.142, ""n_seed_upstream"": 0.101, ""role"": 0.036}"
100000008514970100,peripheral,0.5,15,0.39835673333032373,"Периферийный узел: 1 входящих, 1 исходящих, оборот 411 тыс.",3,False,1,1,379966.0,31000.0,1,1,0.0815862471905381,0,7.925874055483496e-07,,"{""betweenness"": 0.151, ""degree"": 0.105, ""n_seed_upstream"": 0.101, ""role"": 0.036}"
100000008258458100,peripheral,0.5,2,0.4407137375287798,"Периферийный узел: 1 входящих, 2 исходящих, оборот 1.58 млн; есть источники вне выборки",3,False,1,2,19000.0,1557988.0,1,4,81.99936842105264,0,3.844048916909496e-05,external_funding,"{""betweenness"": 0.176, ""degree"": 0.122, ""n_seed_upstream"": 0.101, ""role"": 0.036}"
100000003484058100,peripheral,0.5,11,0.40959776082343924,"Периферийный узел: 1 входящих, 1 исходящих, оборот 116 тыс.",3,False,1,1,110000.0,6000.0,1,1,0.05454545454545454,0,1.922024458454748e-05,,"{""betweenness"": 0.163, ""degree"": 0.105, ""n_seed_upstream"": 0.101, ""role"": 0.036}"
100000003574895100,peripheral,0.5,12,0.40959776082343924,"Периферийный узел: 1 входящих, 1 исходящих, оборот 48 тыс.",3,False,1,1,27968.0,20000.0,1,1,0.7151029748283753,0,1.922024458454748e-05,,"{""betweenness"": 0.163, ""degree"": 0.105, ""n_seed_upstream"": 0.101, ""role"": 0.036}"
100000000896111100,terminal,0.5,13,0.42717033091056844,"Вероятный конечный получатель: 1 плательщиков, получено 287 тыс., исходящих нет",3,False,1,0,287100.0,0.0,1,0,0.0,0,0.0,,"{""betweenness"": 0.074, ""degree"": 0.048, ""n_seed_upstream"": 0.101, ""role"": 0.199}"
100000008715887100,terminal,0.5,9,0.42717033091056844,"Вероятный конечный получатель: 1 плательщиков, получено 18 тыс., исходящих нет",3,False,1,0,18000.0,0.0,1,0,0.0,0,0.0,,"{""betweenness"": 0.074, ""degree"": 0.048, ""n_seed_upstream"": 0.101, ""role"": 0.199}"
100000000560751100,terminal,0.5,3,0.42717033091056844,"Вероятный конечный получатель: 1 плательщиков, получено 25 тыс., исходящих нет",3,False,1,0,25000.0,0.0,1,0,0.0,0,0.0,,"{""betweenness"": 0.074, ""degree"": 0.048, ""n_seed_upstream"": 0.101, ""role"": 0.199}"
100000008708207100,terminal,0.5,6,0.4851699697530586,"Вероятный конечный получатель: 2 плательщиков, получено 465 тыс., исходящих нет",3,False,2,0,465000.0,0.0,2,0,0.0,0,0.0,,"{""betweenness"": 0.074, ""degree"": 0.105, ""n_seed_upstream"": 0.101, ""role"": 0.199}"
100000003152964100,peripheral,0.5,1,0.40959776082343924,"Периферийный узел: 1 входящих, 1 исходящих, оборот 147 тыс.",3,False,1,1,141847.0,5500.0,1,1,0.03877417217142414,0,1.922024458454748e-05,,"{""betweenness"": 0.163, ""degree"": 0.105, ""n_seed_upstream"": 0.101, ""role"": 0.036}"
100000004991812100,terminal,0.5,28,0.42717033091056844,"Вероятный конечный получатель: 1 плательщиков, получено 10 тыс., исходящих нет",3,False,1,0,10000.0,0.0,1,0,0.0,0,0.0,,"{""betweenness"": 0.074, ""degree"": 0.048, ""n_seed_upstream"": 0.101, ""role"": 0.199}"
100000000291908100,peripheral,0.5,1,0.4160985960001806,"Периферийный узел: 1 входящих, 1 исходящих, оборот 309 тыс.",3,False,1,1,295500.0,13300.0,5,1,0.045008460236886635,0,1.981468513870874e-05,,"{""betweenness"": 0.169, ""degree"": 0.105, ""n_seed_upstream"": 0.101, ""role"": 0.036}"
100000003132484100,terminal,0.5,6,0.42717033091056844,"Вероятный конечный получатель: 1 плательщиков, получено 90 тыс., исходящих нет",3,False,1,0,90000.0,0.0,1,0,0.0,0,0.0,,"{""betweenness"": 0.074, ""degree"": 0.048, ""n_seed_upstream"": 0.101, ""role"": 0.199}"
100000004077081100,peripheral,0.5,5,0.47058823529411775,"Периферийный узел: 1 входящих, 4 исходящих, оборот 755 тыс.; есть источники вне выборки",3,False,1,4,140000.0,615000.0,1,6,4.392857142857143,0,0.00024055027758392413,external_funding,"{""betweenness"": 0.192, ""degree"": 0.135, ""n_seed_upstream"": 0.101, ""role"": 0.036}"
100000004770073100,transit,0.5014778449410567,1,0.6481648684032324,"Признаки транзита: получено 5 тыс., отдано 100%, 1→1 контрагента",3,False,1,1,5462.4,5466.97,1,1,1.0008366285881665,0,1.922024458454748e-05,,"{""betweenness"": 0.163, ""degree"": 0.105, ""n_seed_upstream"": 0.101, ""role"": 0.271}"
100000003163886100,terminal,0.5,16,0.42717033091056844,"Вероятный конечный получатель: 1 плательщиков, получено 500 тыс., исходящих нет",3,False,1,0,500000.0,0.0,1,0,0.0,0,0.0,,"{""betweenness"": 0.074, ""degree"": 0.048, ""n_seed_upstream"": 0.101, ""role"": 0.199}"
100000000795374100,terminal,0.5,1,0.42717033091056844,"Вероятный конечный получатель: 1 плательщиков, получено 50 тыс., исходящих нет",3,False,1,0,50000.0,0.0,1,0,0.0,0,0.0,,"{""betweenness"": 0.074, ""degree"": 0.048, ""n_seed_upstream"": 0.101, ""role"": 0.199}"
100000002391278100,peripheral,0.5,18,0.3196695408785156,"Периферийный узел: 1 входящих, 1 исходящих, оборот 83 тыс.; есть источники вне выборки",3,False,1,1,30000.0,52700.0,5,2,1.7566666666666666,0,0.0,external_funding,"{""betweenness"": 0.074, ""degree"": 0.105, ""n_seed_upstream"": 0.101, ""role"": 0.036}"
100000004635886100,terminal,0.5,2,0.42717033091056844,"Вероятный конечный получатель: 1 плательщиков, получено 23 тыс., исходящих нет",3,False,1,0,23000.0,0.0,1,0,0.0,0,0.0,,"{""betweenness"": 0.074, ""degree"": 0.048, ""n_seed_upstream"": 0.101, ""role"": 0.199}"
100000000413678100,peripheral,0.5,8,0.4598889440657307,"Периферийный узел: 2 входящих, 3 исходящих, оборот 835 тыс.; есть источники вне выборки",3,False,2,3,306500.0,528198.0,2,18,1.723321370309951,0,5.7660733753642434e-05,external_funding,"{""betweenness"": 0.182, ""degree"": 0.135, ""n_seed_upstream"": 0.101, ""role"": 0.036}"
100000008659950100,terminal,0.5,6,0.42717033091056844,"Вероятный конечный получатель: 1 плательщиков, получено 246 тыс., исходящих нет",3,False,1,0,246000.0,0.0,1,0,0.0,0,0.0,,"{""betweenness"": 0.074, ""degree"": 0.048, ""n_seed_upstream"": 0.101, ""role"": 0.199}"
100000003964910100,terminal,0.5,17,0.4851699697530586,"Вероятный конечный получатель: 2 плательщиков, получено 1.00 млн, исходящих нет",3,False,2,0,1000000.0,0.0,2,0,0.0,0,0.0,,"{""betweenness"": 0.074, ""degree"": 0.105, ""n_seed_upstream"": 0.101, ""role"": 0.199}"
100000008764654100,terminal,0.5,9,0.42717033091056844,"Вероятный конечный получатель: 1 плательщиков, получено 26 тыс., исходящих нет",3,False,1,0,26150.0,0.0,1,0,0.0,0,0.0,,"{""betweenness"": 0.074, ""degree"": 0.048, ""n_seed_upstream"": 0.101, ""role"": 0.199}"
100000005830339100,coordinator,1.0,1,0.6954313575007901,Кандидат в координирующий узел: 5 плательщиков → 1 получателей; сигналы S3,3,False,5,1,476341.0,339251.0,12,1,0.7122019729563485,0,3.7647901763546606e-06,peripheral;S3,"{""betweenness"": 0.157, ""degree"": 0.138, ""n_seed_upstream"": 0.101, ""role"": 0.29}"
100000002032323100,peripheral,0.5,29,0.41478940002708686,"Периферийный узел: 1 входящих, 1 исходящих, оборот 1.35 млн; есть источники вне выборки",3,False,1,1,300000.0,1050000.0,1,2,3.5,0,1.9616538287321655e-05,external_funding,"{""betweenness"": 0.168, ""degree"": 0.105, ""n_seed_upstream"": 0.101, ""role"": 0.036}"
100000008668099100,terminal,0.5,9,0.42717033091056844,"Вероятный конечный получатель: 1 плательщиков, получено 16 тыс., исходящих нет",3,False,1,0,15700.0,0.0,1,0,0.0,0,0.0,,"{""betweenness"": 0.074, ""degree"": 0.048, ""n_seed_upstream"": 0.101, ""role"": 0.199}"
100000008634520100,terminal,0.5,6,0.42717033091056844,"Вероятный конечный получатель: 1 плательщиков, получено 90 тыс., исходящих нет",3,False,1,0,90000.0,0.0,1,0,0.0,0,0.0,,"{""betweenness"": 0.074, ""degree"": 0.048, ""n_seed_upstream"": 0.101, ""role"": 0.199}"
100000002103448100,terminal,0.5,9,0.42717033091056844,"Вероятный конечный получатель: 1 плательщиков, получено 27 тыс., исходящих нет",3,False,1,0,27000.0,0.0,1,0,0.0,0,0.0,,"{""betweenness"": 0.074, ""degree"": 0.048, ""n_seed_upstream"": 0.101, ""role"": 0.199}"
100000005996909100,terminal,0.5,2,0.42717033091056844,"Вероятный конечный получатель: 1 плательщиков, получено 6 тыс., исходящих нет",3,False,1,0,5500.0,0.0,1,0,0.0,0,0.0,,"{""betweenness"": 0.074, ""degree"": 0.048, ""n_seed_upstream"": 0.101, ""role"": 0.199}"
100000007392365100,peripheral,0.5,12,0.47162656313484724,"Периферийный узел: 1 входящих, 6 исходящих, оборот 1.78 млн; есть источники вне выборки",3,False,1,6,9613.0,1765600.0,1,9,183.66794965151357,0,0.00011532146750728487,external_funding,"{""betweenness"": 0.188, ""degree"": 0.141, ""n_seed_upstream"": 0.101, ""role"": 0.036}"
100000008279405100,terminal,0.5,1,0.42717033091056844,"Вероятный конечный получатель: 1 плательщиков, получено 235 тыс., исходящих нет",3,False,1,0,234738.0,0.0,2,0,0.0,0,0.0,,"{""betweenness"": 0.074, ""degree"": 0.048, ""n_seed_upstream"": 0.101, ""role"": 0.199}"
100000008343874100,peripheral,0.5,15,0.45091643718116564,"Периферийный узел: 2 входящих, 2 исходящих, оборот 460 тыс.",3,False,2,2,283535.0,176400.0,2,5,0.6221454141464017,0,3.883678287186913e-05,,"{""betweenness"": 0.178, ""degree"": 0.13, ""n_seed_upstream"": 0.101, ""role"": 0.036}"
100000002548759100,coordinator,0.5,6,0.577400568823078,Кандидат в координирующий узел: 2 плательщиков → 0 получателей; сигналы S3,3,False,2,0,375000.0,0.0,2,0,0.0,0,0.0,terminal;S3,"{""betweenness"": 0.074, ""degree"": 0.105, ""n_seed_upstream"": 0.101, ""role"": 0.29}"
100000003069463100,peripheral,0.5,26,0.41478940002708686,"Периферийный узел: 1 входящих, 1 исходящих, оборот 29 тыс.; есть источники вне выборки",3,False,1,1,11500.0,17920.0,1,1,1.5582608695652174,0,1.9616538287321655e-05,external_funding,"{""betweenness"": 0.168, ""degree"": 0.105, ""n_seed_upstream"": 0.101, ""role"": 0.036}"
100000008474391100,terminal,0.5,28,0.42717033091056844,"Вероятный конечный получатель: 1 плательщиков, получено 20 тыс., исходящих нет",3,False,1,0,20000.0,0.0,1,0,0.0,0,0.0,,"{""betweenness"": 0.074, ""degree"": 0.048, ""n_seed_upstream"": 0.101, ""role"": 0.199}"
100000003097324100,terminal,0.5,6,0.4851699697530586,"Вероятный конечный получатель: 2 плательщиков, получено 294 тыс., исходящих нет",3,False,2,0,294000.0,0.0,2,0,0.0,0,0.0,,"{""betweenness"": 0.074, ""degree"": 0.105, ""n_seed_upstream"": 0.101, ""role"": 0.199}"
100000001852140100,terminal,0.5,40,0.42717033091056844,"Вероятный конечный получатель: 1 плательщиков, получено 30 тыс., исходящих нет",3,False,1,0,30000.0,0.0,1,0,0.0,0,0.0,,"{""betweenness"": 0.074, ""degree"": 0.048, ""n_seed_upstream"": 0.101, ""role"": 0.199}"
100000003293377100,terminal,0.5,8,0.42717033091056844,"Вероятный конечный получатель: 1 плательщиков, получено 50 тыс., исходящих нет",3,False,1,0,50000.0,0.0,1,0,0.0,0,0.0,,"{""betweenness"": 0.074, ""degree"": 0.048, ""n_seed_upstream"": 0.101, ""role"": 0.199}"
100000006048193100,terminal,0.5,1,0.42717033091056844,"Вероятный конечный получатель: 1 плательщиков, получено 42 тыс., исходящих нет",3,False,1,0,41559.0,0.0,1,0,0.0,0,0.0,,"{""betweenness"": 0.074, ""degree"": 0.048, ""n_seed_upstream"": 0.101, ""role"": 0.199}"
100000002435265100,terminal,0.5,12,0.42717033091056844,"Вероятный конечный получатель: 1 плательщиков, получено 133 тыс., исходящих нет",3,False,1,0,132628.0,0.0,3,0,0.0,0,0.0,,"{""betweenness"": 0.074, ""degree"": 0.048, ""n_seed_upstream"": 0.101, ""role"": 0.199}"
100000004587414100,coordinator,0.5,1,0.577400568823078,Кандидат в координирующий узел: 2 плательщиков → 0 получателей; сигналы S3,3,False,2,0,533603.0,0.0,2,0,0.0,0,0.0,terminal;S3,"{""betweenness"": 0.074, ""degree"": 0.105, ""n_seed_upstream"": 0.101, ""role"": 0.29}"
100000001726614100,terminal,0.5,1,0.42717033091056844,"Вероятный конечный получатель: 1 плательщиков, получено 139 тыс., исходящих нет",3,False,1,0,138717.0,0.0,1,0,0.0,0,0.0,,"{""betweenness"": 0.074, ""degree"": 0.048, ""n_seed_upstream"": 0.101, ""role"": 0.199}"
100000003934614100,peripheral,0.5,22,0.3368358087670986,"Периферийный узел: 2 входящих, 1 исходящих, оборот 28 тыс.",3,False,2,1,17000.0,11500.0,2,2,0.6764705882352942,0,0.0,,"{""betweenness"": 0.074, ""degree"": 0.122, ""n_seed_upstream"": 0.101, ""role"": 0.036}"
100000008772246100,terminal,0.5,9,0.42717033091056844,"Вероятный конечный получатель: 1 плательщиков, получено 44 тыс., исходящих нет",3,False,1,0,44500.0,0.0,1,0,0.0,0,0.0,,"{""betweenness"": 0.074, ""degree"": 0.048, ""n_seed_upstream"": 0.101, ""role"": 0.199}"
100000002603371100,terminal,0.5,1,0.42717033091056844,"Вероятный конечный получатель: 1 плательщиков, получено 9 тыс., исходящих нет",3,False,1,0,9300.0,0.0,1,0,0.0,0,0.0,,"{""betweenness"": 0.074, ""degree"": 0.048, ""n_seed_upstream"": 0.101, ""role"": 0.199}"
100000004445291100,terminal,0.5,27,0.42717033091056844,"Вероятный конечный получатель: 1 плательщиков, получено 20 тыс., исходящих нет",3,False,1,0,19500.0,0.0,2,0,0.0,0,0.0,,"{""betweenness"": 0.074, ""degree"": 0.048, ""n_seed_upstream"": 0.101, ""role"": 0.199}"
100000008571243100,terminal,0.5,7,0.42717033091056844,"Вероятный конечный получатель: 1 плательщиков, получено 134 тыс., исходящих нет",3,False,1,0,134000.0,0.0,1,0,0.0,0,0.0,,"{""betweenness"": 0.074, ""degree"": 0.048, ""n_seed_upstream"": 0.101, ""role"": 0.199}"
100000001138283100,peripheral,0.5,1,0.42306216423637766,"Периферийный узел: 1 входящих, 2 исходящих, оборот 132 тыс.",3,False,1,2,81805.0,50000.0,1,2,0.6112095837662734,0,1.9022097733160393e-05,,"{""betweenness"": 0.159, ""degree"": 0.122, ""n_seed_upstream"": 0.101, ""role"": 0.036}"
100000002593344100,terminal,0.5,6,0.4851699697530586,"Вероятный конечный получатель: 2 плательщиков, получено 431 тыс., исходящих нет",3,False,2,0,431000.0,0.0,2,0,0.0,0,0.0,,"{""betweenness"": 0.074, ""degree"": 0.105, ""n_seed_upstream"": 0.101, ""role"": 0.199}"
100000007390016100,peripheral,0.5,3,0.3196695408785156,"Периферийный узел: 1 входящих, 1 исходящих, оборот 858 тыс.",3,False,1,1,511000.0,346500.0,13,14,0.678082191780822,0,0.0,,"{""betweenness"": 0.074, ""degree"": 0.105, ""n_seed_upstream"": 0.101, ""role"": 0.036}"
100000001285440100,terminal,0.5,6,0.4851699697530586,"Вероятный конечный получатель: 2 плательщиков, получено 243 тыс., исходящих нет",3,False,2,0,243000.0,0.0,2,0,0.0,0,0.0,,"{""betweenness"": 0.074, ""degree"": 0.105, ""n_seed_upstream"": 0.101, ""role"": 0.199}"
100000006746688100,terminal,0.5,9,0.42717033091056844,"Вероятный конечный получатель: 1 плательщиков, получено 41 тыс., исходящих нет",3,False,1,0,41000.0,0.0,1,0,0.0,0,0.0,,"{""betweenness"": 0.074, ""degree"": 0.048, ""n_seed_upstream"": 0.101, ""role"": 0.199}"
100000006471232100,terminal,0.5,9,0.42717033091056844,"Вероятный конечный получатель: 1 плательщиков, получено 42 тыс., исходящих нет",3,False,1,0,41800.0,0.0,1,0,0.0,0,0.0,,"{""betweenness"": 0.074, ""degree"": 0.048, ""n_seed_upstream"": 0.101, ""role"": 0.199}"
100000008662805100,terminal,0.5,9,0.42717033091056844,"Вероятный конечный получатель: 1 плательщиков, получено 16 тыс., исходящих нет",3,False,1,0,16500.0,0.0,1,0,0.0,0,0.0,,"{""betweenness"": 0.074, ""degree"": 0.048, ""n_seed_upstream"": 0.101, ""role"": 0.199}"
100000004292885100,terminal,0.5,9,0.42717033091056844,"Вероятный конечный получатель: 1 плательщиков, получено 113 тыс., исходящих нет",3,False,1,0,112700.0,0.0,1,0,0.0,0,0.0,,"{""betweenness"": 0.074, ""degree"": 0.048, ""n_seed_upstream"": 0.101, ""role"": 0.199}"
100000008190442100,terminal,0.5,9,0.42717033091056844,"Вероятный конечный получатель: 1 плательщиков, получено 13 тыс., исходящих нет",3,False,1,0,13000.0,0.0,1,0,0.0,0,0.0,,"{""betweenness"": 0.074, ""degree"": 0.048, ""n_seed_upstream"": 0.101, ""role"": 0.199}"
100000007131370100,transit,0.50147168865704,2,0.5582366484583089,"Признаки транзита: получено 30 тыс., отдано 100%, 1→1 контрагента",3,False,1,1,30000.0,30000.0,1,1,1.0,0,0.0,,"{""betweenness"": 0.074, ""degree"": 0.105, ""n_seed_upstream"": 0.101, ""role"": 0.271}"
100000008717802100,terminal,0.5,9,0.42717033091056844,"Вероятный конечный получатель: 1 плательщиков, получено 26 тыс., исходящих нет",3,False,1,0,26150.0,0.0,1,0,0.0,0,0.0,,"{""betweenness"": 0.074, ""degree"": 0.048, ""n_seed_upstream"": 0.101, ""role"": 0.199}"
100000005357034100,terminal,0.5,12,0.42717033091056844,"Вероятный конечный получатель: 1 плательщиков, получено 10 тыс., исходящих нет",3,False,1,0,9754.0,0.0,1,0,0.0,0,0.0,,"{""betweenness"": 0.074, ""degree"": 0.048, ""n_seed_upstream"": 0.101, ""role"": 0.199}"
100000005532138100,terminal,0.5,3,0.42717033091056844,"Вероятный конечный получатель: 1 плательщиков, получено 25 тыс., исходящих нет",3,False,1,0,25046.0,0.0,1,0,0.0,0,0.0,,"{""betweenness"": 0.074, ""degree"": 0.048, ""n_seed_upstream"": 0.101, ""role"": 0.199}"
100000005264874100,peripheral,0.5,35,0.4155230012189066,"Периферийный узел: 1 входящих, 2 исходящих, оборот 108 тыс.; есть источники вне выборки",3,False,1,2,30000.0,78000.0,1,3,2.6,0,7.925874055483496e-07,external_funding,"{""betweenness"": 0.151, ""degree"": 0.122, ""n_seed_upstream"": 0.101, ""role"": 0.036}"
100000008193258100,peripheral,0.5,17,0.40959776082343924,"Периферийный узел: 1 входящих, 1 исходящих, оборот 105 тыс.",3,False,1,1,75000.0,30000.0,2,1,0.4,0,1.922024458454748e-05,,"{""betweenness"": 0.163, ""degree"": 0.105, ""n_seed_upstream"": 0.101, ""role"": 0.036}"
100000003190207100,peripheral,0.5,11,0.41808496230418496,"Периферийный узел: 1 входящих, 1 исходящих, оборот 382 тыс.; есть источники вне выборки",3,False,1,1,5000.0,377000.0,1,8,75.4,0,2.1003566247031264e-05,external_funding,"{""betweenness"": 0.171, ""degree"": 0.105, ""n_seed_upstream"": 0.101, ""role"": 0.036}"
100000004321983100,peripheral,0.5,18,0.418005959098912,"Периферийный узел: 1 входящих, 2 исходящих, оборот 47 тыс.; есть источники вне выборки",3,False,1,2,10840.0,36200.0,1,3,3.339483394833948,0,1.387027959709612e-06,external_funding,"{""betweenness"": 0.154, ""degree"": 0.122, ""n_seed_upstream"": 0.101, ""role"": 0.036}"
100000002633108100,terminal,0.5,11,0.42717033091056844,"Вероятный конечный получатель: 1 плательщиков, получено 320 тыс., исходящих нет",3,False,1,0,320000.0,0.0,3,0,0.0,0,0.0,,"{""betweenness"": 0.074, ""degree"": 0.048, ""n_seed_upstream"": 0.101, ""role"": 0.199}"
100000005941908100,terminal,0.5,11,0.42717033091056844,"Вероятный конечный получатель: 1 плательщиков, получено 10 тыс., исходящих нет",3,False,1,0,10000.0,0.0,1,0,0.0,0,0.0,,"{""betweenness"": 0.074, ""degree"": 0.048, ""n_seed_upstream"": 0.101, ""role"": 0.199}"
100000001835625100,terminal,0.5,8,0.42717033091056844,"Вероятный конечный получатель: 1 плательщиков, получено 75 тыс., исходящих нет",3,False,1,0,75130.0,0.0,1,0,0.0,0,0.0,,"{""betweenness"": 0.074, ""degree"": 0.048, ""n_seed_upstream"": 0.101, ""role"": 0.199}"
100000008671081100,terminal,0.5,9,0.42717033091056844,"Вероятный конечный получатель: 1 плательщиков, получено 37 тыс., исходящих нет",3,False,1,0,37200.0,0.0,1,0,0.0,0,0.0,,"{""betweenness"": 0.074, ""degree"": 0.048, ""n_seed_upstream"": 0.101, ""role"": 0.199}"
100000002908521100,terminal,0.5,9,0.42717033091056844,"Вероятный конечный получатель: 1 плательщиков, получено 44 тыс., исходящих нет",3,False,1,0,44500.0,0.0,1,0,0.0,0,0.0,,"{""betweenness"": 0.074, ""degree"": 0.048, ""n_seed_upstream"": 0.101, ""role"": 0.199}"
100000000749118100,peripheral,0.5,12,0.40959776082343924,"Периферийный узел: 1 входящих, 1 исходящих, оборот 27 тыс.; есть источники вне выборки",3,False,1,1,10330.0,16500.0,1,1,1.5972894482090998,0,1.922024458454748e-05,external_funding,"{""betweenness"": 0.163, ""degree"": 0.105, ""n_seed_upstream"": 0.101, ""role"": 0.036}"
100000008652094100,terminal,0.5,12,0.42717033091056844,"Вероятный конечный получатель: 1 плательщиков, получено 35 тыс., исходящих нет",3,False,1,0,35000.0,0.0,1,0,0.0,0,0.0,,"{""betweenness"": 0.074, ""degree"": 0.048, ""n_seed_upstream"": 0.101, ""role"": 0.199}"
100000007647294100,terminal,0.5,17,0.42717033091056844,"Вероятный конечный получатель: 1 плательщиков, получено 385 тыс., исходящих нет",3,False,1,0,385000.0,0.0,1,0,0.0,0,0.0,,"{""betweenness"": 0.074, ""degree"": 0.048, ""n_seed_upstream"": 0.101, ""role"": 0.199}"
100000003270419100,terminal,0.5,20,0.42717033091056844,"Вероятный конечный получатель: 1 плательщиков, получено 150 тыс., исходящих нет",3,False,1,0,150000.0,0.0,1,0,0.0,0,0.0,,"{""betweenness"": 0.074, ""degree"": 0.048, ""n_seed_upstream"": 0.101, ""role"": 0.199}"
100000003050771100,terminal,0.5,3,0.42717033091056844,"Вероятный конечный получатель: 1 плательщиков, получено 229 тыс., исходящих нет",3,False,1,0,229000.0,0.0,1,0,0.0,0,0.0,,"{""betweenness"": 0.074, ""degree"": 0.048, ""n_seed_upstream"": 0.101, ""role"": 0.199}"
100000008427027100,terminal,0.5,5,0.42717033091056844,"Вероятный конечный получатель: 1 плательщиков, получено 300 тыс., исходящих нет",3,False,1,0,300000.0,0.0,1,0,0.0,0,0.0,,"{""betweenness"": 0.074, ""degree"": 0.048, ""n_seed_upstream"": 0.101, ""role"": 0.199}"
100000004291560100,terminal,0.5,12,0.42717033091056844,"Вероятный конечный получатель: 1 плательщиков, получено 47 тыс., исходящих нет",3,False,1,0,47190.0,0.0,1,0,0.0,0,0.0,,"{""betweenness"": 0.074, ""degree"": 0.048, ""n_seed_upstream"": 0.101, ""role"": 0.199}"
100000003594472100,terminal,0.5,30,0.42717033091056844,"Вероятный конечный получатель: 1 плательщиков, получено 20 тыс., исходящих нет",3,False,1,0,20000.0,0.0,1,0,0.0,0,0.0,,"{""betweenness"": 0.074, ""degree"": 0.048, ""n_seed_upstream"": 0.101, ""role"": 0.199}"
100000002575080100,transit,0.5011886716076092,2,0.6546657035799739,"Признаки транзита: получено 13 тыс., отдано 96%, 1→1 контрагента",3,False,1,1,13000.0,12500.0,1,1,0.9615384615384616,0,1.981468513870874e-05,,"{""betweenness"": 0.169, ""degree"": 0.105, ""n_seed_upstream"": 0.101, ""role"": 0.271}"
100000008038077100,terminal,0.5,8,0.42717033091056844,"Вероятный конечный получатель: 1 плательщиков, получено 500 тыс., исходящих нет",3,False,1,0,499850.0,0.0,2,0,0.0,0,0.0,,"{""betweenness"": 0.074, ""degree"": 0.048, ""n_seed_upstream"": 0.101, ""role"": 0.199}"
100000003899325100,terminal,0.5,15,0.42717033091056844,"Вероятный конечный получатель: 1 плательщиков, получено 50 тыс., исходящих нет",3,False,1,0,50120.0,0.0,1,0,0.0,0,0.0,,"{""betweenness"": 0.074, ""degree"": 0.048, ""n_seed_upstream"": 0.101, ""role"": 0.199}"
100000001155773100,terminal,0.5,9,0.42717033091056844,"Вероятный конечный получатель: 1 плательщиков, получено 22 тыс., исходящих нет",3,False,1,0,21500.0,0.0,1,0,0.0,0,0.0,,"{""betweenness"": 0.074, ""degree"": 0.048, ""n_seed_upstream"": 0.101, ""role"": 0.199}"
100000000611474100,terminal,0.5,1,0.42717033091056844,"Вероятный конечный получатель: 1 плательщиков, получено 32 тыс., исходящих нет",3,False,1,0,32000.0,0.0,1,0,0.0,0,0.0,,"{""betweenness"": 0.074, ""degree"": 0.048, ""n_seed_upstream"": 0.101, ""role"": 0.199}"
100000006704530100,transit,0.501104174841464,26,0.6948106180307887,"Признаки транзита: получено 450 тыс., отдано 95%, 1→3 контрагента",3,False,1,3,450500.0,428000.0,1,5,0.9500554938956715,0,5.8849614861964964e-05,,"{""betweenness"": 0.183, ""degree"": 0.13, ""n_seed_upstream"": 0.101, ""role"": 0.271}"
100000003996562100,terminal,0.5,3,0.42717033091056844,"Вероятный конечный получатель: 1 плательщиков, получено 8 тыс., исходящих нет",3,False,1,0,7700.0,0.0,1,0,0.0,0,0.0,,"{""betweenness"": 0.074, ""degree"": 0.048, ""n_seed_upstream"": 0.101, ""role"": 0.199}"
100000002646887100,terminal,0.5,29,0.42717033091056844,"Вероятный конечный получатель: 1 плательщиков, получено 24 тыс., исходящих нет",3,False,1,0,24354.0,0.0,1,0,0.0,0,0.0,,"{""betweenness"": 0.074, ""degree"": 0.048, ""n_seed_upstream"": 0.101, ""role"": 0.199}"
100000002556775100,terminal,0.5,8,0.42717033091056844,"Вероятный конечный получатель: 1 плательщиков, получено 300 тыс., исходящих нет",3,False,1,0,300000.0,0.0,1,0,0.0,0,0.0,,"{""betweenness"": 0.074, ""degree"": 0.048, ""n_seed_upstream"": 0.101, ""role"": 0.199}"
100000002722108100,terminal,0.5,14,0.42717033091056844,"Вероятный конечный получатель: 1 плательщиков, получено 800 тыс., исходящих нет",3,False,1,0,800000.0,0.0,2,0,0.0,0,0.0,,"{""betweenness"": 0.074, ""degree"": 0.048, ""n_seed_upstream"": 0.101, ""role"": 0.199}"
100000002737980100,terminal,0.5,2,0.42717033091056844,"Вероятный конечный получатель: 1 плательщиков, получено 33 тыс., исходящих нет",3,False,1,0,32900.0,0.0,1,0,0.0,0,0.0,,"{""betweenness"": 0.074, ""degree"": 0.048, ""n_seed_upstream"": 0.101, ""role"": 0.199}"
100000002913340100,terminal,0.5,9,0.42717033091056844,"Вероятный конечный получатель: 1 плательщиков, получено 24 тыс., исходящих нет",3,False,1,0,23600.0,0.0,1,0,0.0,0,0.0,,"{""betweenness"": 0.074, ""degree"": 0.048, ""n_seed_upstream"": 0.101, ""role"": 0.199}"
100000003610172100,terminal,0.5,8,0.42717033091056844,"Вероятный конечный получатель: 1 плательщиков, получено 70 тыс., исходящих нет",3,False,1,0,70000.0,0.0,1,0,0.0,0,0.0,,"{""betweenness"": 0.074, ""degree"": 0.048, ""n_seed_upstream"": 0.101, ""role"": 0.199}"
100000001052945100,peripheral,0.5,11,0.4552503272989933,"Периферийный узел: 1 входящих, 3 исходящих, оборот 1.65 млн; есть источники вне выборки",3,False,1,3,56520.0,1595700.0,1,6,28.23248407643312,0,5.7660733753642434e-05,external_funding,"{""betweenness"": 0.182, ""degree"": 0.13, ""n_seed_upstream"": 0.101, ""role"": 0.036}"
100000002369510100,terminal,0.5,9,0.42717033091056844,"Вероятный конечный получатель: 1 плательщиков, получено 37 тыс., исходящих нет",3,False,1,0,37150.0,0.0,1,0,0.0,0,0.0,,"{""betweenness"": 0.074, ""degree"": 0.048, ""n_seed_upstream"": 0.101, ""role"": 0.199}"
100000001954534100,peripheral,0.5,1,0.41478940002708686,"Периферийный узел: 1 входящих, 1 исходящих, оборот 53 тыс.; есть источники вне выборки",3,False,1,1,13000.0,40000.0,1,1,3.076923076923077,0,1.9616538287321655e-05,external_funding,"{""betweenness"": 0.168, ""degree"": 0.105, ""n_seed_upstream"": 0.101, ""role"": 0.036}"
100000008488166100,terminal,0.5,9,0.42717033091056844,"Вероятный конечный получатель: 1 плательщиков, получено 6 тыс., исходящих нет",3,False,1,0,5600.0,0.0,1,0,0.0,0,0.0,,"{""betweenness"": 0.074, ""degree"": 0.048, ""n_seed_upstream"": 0.101, ""role"": 0.199}"
100000005100475100,terminal,0.5,18,0.42717033091056844,"Вероятный конечный получатель: 1 плательщиков, получено 40 тыс., исходящих нет",3,False,1,0,40000.0,0.0,1,0,0.0,0,0.0,,"{""betweenness"": 0.074, ""degree"": 0.048, ""n_seed_upstream"": 0.101, ""role"": 0.199}"
100000002708624100,terminal,0.5,27,0.42717033091056844,"Вероятный конечный получатель: 1 плательщиков, получено 25 тыс., исходящих нет",3,False,1,0,25000.0,0.0,1,0,0.0,0,0.0,,"{""betweenness"": 0.074, ""degree"": 0.048, ""n_seed_upstream"": 0.101, ""role"": 0.199}"
100000004591973100,peripheral,0.5,13,0.41740779197327443,"Периферийный узел: 1 входящих, 1 исходящих, оборот 110 тыс.; есть источники вне выборки",3,False,1,1,10000.0,100000.0,1,1,10.0,0,2.0409125692870002e-05,external_funding,"{""betweenness"": 0.17, ""degree"": 0.105, ""n_seed_upstream"": 0.101, ""role"": 0.036}"
100000000802149100,terminal,0.5,1,0.42717033091056844,"Вероятный конечный получатель: 1 плательщиков, получено 104 тыс., исходящих нет",3,False,1,0,104128.0,0.0,1,0,0.0,0,0.0,,"{""betweenness"": 0.074, ""degree"": 0.048, ""n_seed_upstream"": 0.101, ""role"": 0.199}"
100000003095610100,terminal,0.5,7,0.42717033091056844,"Вероятный конечный получатель: 1 плательщиков, получено 24 тыс., исходящих нет",3,False,1,0,23665.0,0.0,1,0,0.0,0,0.0,,"{""betweenness"": 0.074, ""degree"": 0.048, ""n_seed_upstream"": 0.101, ""role"": 0.199}"
100000004183610100,peripheral,0.5,20,0.41478940002708686,"Периферийный узел: 1 входящих, 1 исходящих, оборот 937 тыс.; есть источники вне выборки",3,False,1,1,22000.0,915000.0,1,3,41.59090909090909,0,1.9616538287321655e-05,external_funding,"{""betweenness"": 0.168, ""degree"": 0.105, ""n_seed_upstream"": 0.101, ""role"": 0.036}"
100000005198906100,peripheral,0.5,8,0.40959776082343924,"Периферийный узел: 1 входящих, 1 исходящих, оборот 288 тыс.",3,False,1,1,227970.0,60000.0,1,1,0.26319252533228055,0,1.922024458454748e-05,,"{""betweenness"": 0.163, ""degree"": 0.105, ""n_seed_upstream"": 0.101, ""role"": 0.036}"
100000008599354100,peripheral,0.5,1,0.4040449641099725,"Периферийный узел: 1 входящих, 1 исходящих, оборот 215 тыс.",3,False,1,1,177000.0,38200.0,1,2,0.21581920903954802,0,4.359230730515923e-06,,"{""betweenness"": 0.157, ""degree"": 0.105, ""n_seed_upstream"": 0.101, ""role"": 0.036}"
100000001303311100,consolidator,0.5,6,0.5960227529231187,"Признаки консолидации: 5 плательщиков, деньги от 0 seed за ≤2 колена, получено 1.32 млн, дальше ушло 0%",3,False,5,0,1324000.0,0.0,5,0,0.0,0,0.0,,"{""betweenness"": 0.074, ""degree"": 0.135, ""n_seed_upstream"": 0.101, ""role"": 0.278}"
100000008776420100,terminal,0.5,9,0.42717033091056844,"Вероятный конечный получатель: 1 плательщиков, получено 70 тыс., исходящих нет",3,False,1,0,69500.0,0.0,1,0,0.0,0,0.0,,"{""betweenness"": 0.074, ""degree"": 0.048, ""n_seed_upstream"": 0.101, ""role"": 0.199}"
100000004737764100,terminal,0.5,5,0.42717033091056844,"Вероятный конечный получатель: 1 плательщиков, получено 600 тыс., исходящих нет",3,False,1,0,600000.0,0.0,1,0,0.0,0,0.0,,"{""betweenness"": 0.074, ""degree"": 0.048, ""n_seed_upstream"": 0.101, ""role"": 0.199}"
100000003154105100,peripheral,0.5,16,0.4754864340210374,"Периферийный узел: 1 входящих, 7 исходящих, оборот 398 тыс.; есть источники вне выборки",3,False,1,7,60000.0,338000.0,1,9,5.633333333333334,0,0.0001400898239306708,external_funding,"{""betweenness"": 0.19, ""degree"": 0.142, ""n_seed_upstream"": 0.101, ""role"": 0.036}"
100000008708025100,terminal,0.5,22,0.42717033091056844,"Вероятный конечный получатель: 1 плательщиков, получено 10 тыс., исходящих нет",3,False,1,0,10000.0,0.0,1,0,0.0,0,0.0,,"{""betweenness"": 0.074, ""degree"": 0.048, ""n_seed_upstream"": 0.101, ""role"": 0.199}"
100000008740793100,terminal,0.5,9,0.42717033091056844,"Вероятный конечный получатель: 1 плательщиков, получено 21 тыс., исходящих нет",3,False,1,0,21000.0,0.0,1,0,0.0,0,0.0,,"{""betweenness"": 0.074, ""degree"": 0.048, ""n_seed_upstream"": 0.101, ""role"": 0.199}"
100000008459449100,terminal,0.5,1,0.42717033091056844,"Вероятный конечный получатель: 1 плательщиков, получено 54 тыс., исходящих нет",3,False,1,0,53700.0,0.0,1,0,0.0,0,0.0,,"{""betweenness"": 0.074, ""degree"": 0.048, ""n_seed_upstream"": 0.101, ""role"": 0.199}"
100000008677518100,terminal,0.5,9,0.42717033091056844,"Вероятный конечный получатель: 1 плательщиков, получено 49 тыс., исходящих нет",3,False,1,0,48700.0,0.0,1,0,0.0,0,0.0,,"{""betweenness"": 0.074, ""degree"": 0.048, ""n_seed_upstream"": 0.101, ""role"": 0.199}"
100000002212494100,terminal,0.5,30,0.42717033091056844,"Вероятный конечный получатель: 1 плательщиков, получено 160 тыс., исходящих нет",3,False,1,0,160000.0,0.0,1,0,0.0,0,0.0,,"{""betweenness"": 0.074, ""degree"": 0.048, ""n_seed_upstream"": 0.101, ""role"": 0.199}"
100000001825934100,peripheral,0.5,35,0.3990339036612343,"Периферийный узел: 1 входящих, 1 исходящих, оборот 137 тыс.; есть источники вне выборки",3,False,1,1,40000.0,97000.0,1,1,2.425,0,9.90734256935437e-07,external_funding,"{""betweenness"": 0.152, ""degree"": 0.105, ""n_seed_upstream"": 0.101, ""role"": 0.036}"
100000003736419100,peripheral,0.5,1,0.40959776082343924,"Периферийный узел: 1 входящих, 1 исходящих, оборот 33 тыс.",3,False,1,1,23300.0,10000.0,1,1,0.4291845493562232,0,1.922024458454748e-05,,"{""betweenness"": 0.163, ""degree"": 0.105, ""n_seed_upstream"": 0.101, ""role"": 0.036}"
100000008430691100,peripheral,0.5,2,0.43195566791566975,"Периферийный узел: 1 входящих, 2 исходящих, оборот 625 тыс.; есть источники вне выборки",3,False,1,2,20000.0,604900.0,1,2,30.245,0,1.9616538287321655e-05,external_funding,"{""betweenness"": 0.168, ""degree"": 0.122, ""n_seed_upstream"": 0.101, ""role"": 0.036}"
100000003073635100,terminal,0.5,1,0.42717033091056844,"Вероятный конечный получатель: 1 плательщиков, получено 129 тыс., исходящих нет",3,False,1,0,129231.0,0.0,1,0,0.0,0,0.0,,"{""betweenness"": 0.074, ""degree"": 0.048, ""n_seed_upstream"": 0.101, ""role"": 0.199}"
100000001686328100,terminal,0.5,6,0.42717033091056844,"Вероятный конечный получатель: 1 плательщиков, получено 140 тыс., исходящих нет",3,False,1,0,140000.0,0.0,1,0,0.0,0,0.0,,"{""betweenness"": 0.074, ""degree"": 0.048, ""n_seed_upstream"": 0.101, ""role"": 0.199}"
100000008707810100,terminal,0.5,9,0.42717033091056844,"Вероятный конечный получатель: 1 плательщиков, получено 26 тыс., исходящих нет",3,False,1,0,26200.0,0.0,1,0,0.0,0,0.0,,"{""betweenness"": 0.074, ""degree"": 0.048, ""n_seed_upstream"": 0.101, ""role"": 0.199}"
100000001236706100,coordinator,0.5,3,0.7140083969121034,Кандидат в координирующий узел: 3 плательщиков → 2 получателей; сигналы S3,3,False,3,2,142700.0,36000.0,3,2,0.25227750525578135,0,3.923307657464331e-05,peripheral;S3,"{""betweenness"": 0.178, ""degree"": 0.135, ""n_seed_upstream"": 0.101, ""role"": 0.29}"
100000008536546100,terminal,0.5,6,0.4851699697530586,"Вероятный конечный получатель: 2 плательщиков, получено 250 тыс., исходящих нет",3,False,2,0,250000.0,0.0,2,0,0.0,0,0.0,,"{""betweenness"": 0.074, ""degree"": 0.105, ""n_seed_upstream"": 0.101, ""role"": 0.199}"
100000007140834100,terminal,0.5,7,0.42717033091056844,"Вероятный конечный получатель: 1 плательщиков, получено 10 тыс., исходящих нет",3,False,1,0,10200.0,0.0,2,0,0.0,0,0.0,,"{""betweenness"": 0.074, ""degree"": 0.048, ""n_seed_upstream"": 0.101, ""role"": 0.199}"
100000007022818100,terminal,0.5,9,0.42717033091056844,"Вероятный конечный получатель: 1 плательщиков, получено 17 тыс., исходящих нет",3,False,1,0,17200.0,0.0,1,0,0.0,0,0.0,,"{""betweenness"": 0.074, ""degree"": 0.048, ""n_seed_upstream"": 0.101, ""role"": 0.199}"
100000007484343100,coordinator,0.5,12,0.577400568823078,Кандидат в координирующий узел: 2 плательщиков → 0 получателей; сигналы S3,3,False,2,0,26757.0,0.0,2,0,0.0,0,0.0,terminal;S3,"{""betweenness"": 0.074, ""degree"": 0.105, ""n_seed_upstream"": 0.101, ""role"": 0.29}"
100000001379511100,terminal,0.5,29,0.42717033091056844,"Вероятный конечный получатель: 1 плательщиков, получено 55 тыс., исходящих нет",3,False,1,0,55000.0,0.0,1,0,0.0,0,0.0,,"{""betweenness"": 0.074, ""degree"": 0.048, ""n_seed_upstream"": 0.101, ""role"": 0.199}"
100000004569484100,coordinator,0.5,7,0.7386799693016118,Кандидат в координирующий узел: 2 плательщиков → 4 получателей; сигналы S3,3,False,2,4,98312.0,156000.0,3,4,1.586784929611848,0,0.0035642655627509284,external_funding;peripheral;S3,"{""betweenness"": 0.199, ""degree"": 0.138, ""n_seed_upstream"": 0.101, ""role"": 0.29}"
100000002948492100,terminal,0.5,11,0.42717033091056844,"Вероятный конечный получатель: 1 плательщиков, получено 24 тыс., исходящих нет",3,False,1,0,23660.0,0.0,1,0,0.0,0,0.0,,"{""betweenness"": 0.074, ""degree"": 0.048, ""n_seed_upstream"": 0.101, ""role"": 0.199}"
100000002116705100,terminal,0.5,9,0.42717033091056844,"Вероятный конечный получатель: 1 плательщиков, получено 18 тыс., исходящих нет",3,False,1,0,17600.0,0.0,1,0,0.0,0,0.0,,"{""betweenness"": 0.074, ""degree"": 0.048, ""n_seed_upstream"": 0.101, ""role"": 0.199}"
100000002481974100,peripheral,0.5,15,0.45091643718116564,"Периферийный узел: 2 входящих, 2 исходящих, оборот 407 тыс.; есть источники вне выборки",3,False,2,2,89447.0,318000.0,2,4,3.5551779265934016,0,3.883678287186913e-05,external_funding,"{""betweenness"": 0.178, ""degree"": 0.13, ""n_seed_upstream"": 0.101, ""role"": 0.036}"
100000003920950100,terminal,0.5,3,0.42717033091056844,"Вероятный конечный получатель: 1 плательщиков, получено 323 тыс., исходящих нет",3,False,1,0,323290.0,0.0,1,0,0.0,0,0.0,,"{""betweenness"": 0.074, ""degree"": 0.048, ""n_seed_upstream"": 0.101, ""role"": 0.199}"
100000000733451100,peripheral,0.5,20,0.4213353798925557,"Периферийный узел: 1 входящих, 1 исходящих, оборот 370 тыс.; есть источники вне выборки",3,False,1,1,70000.0,300000.0,2,1,4.285714285714286,0,2.4570209571998837e-05,external_funding,"{""betweenness"": 0.174, ""degree"": 0.105, ""n_seed_upstream"": 0.101, ""role"": 0.036}"
100000005182219100,terminal,0.5,8,0.4851699697530586,"Вероятный конечный получатель: 2 плательщиков, получено 55 тыс., исходящих нет",3,False,2,0,55000.0,0.0,2,0,0.0,0,0.0,,"{""betweenness"": 0.074, ""degree"": 0.105, ""n_seed_upstream"": 0.101, ""role"": 0.199}"
100000008633099100,peripheral,0.5,3,0.40959776082343924,"Периферийный узел: 1 входящих, 1 исходящих, оборот 33 тыс.",3,False,1,1,19468.0,13500.0,1,1,0.6934456544072324,0,1.922024458454748e-05,,"{""betweenness"": 0.163, ""degree"": 0.105, ""n_seed_upstream"": 0.101, ""role"": 0.036}"
100000001380107100,terminal,0.5,16,0.42717033091056844,"Вероятный конечный получатель: 1 плательщиков, получено 6 тыс., исходящих нет",3,False,1,0,6000.0,0.0,1,0,0.0,0,0.0,,"{""betweenness"": 0.074, ""degree"": 0.048, ""n_seed_upstream"": 0.101, ""role"": 0.199}"
100000008755168100,terminal,0.5,9,0.42717033091056844,"Вероятный конечный получатель: 1 плательщиков, получено 18 тыс., исходящих нет",3,False,1,0,17600.0,0.0,1,0,0.0,0,0.0,,"{""betweenness"": 0.074, ""degree"": 0.048, ""n_seed_upstream"": 0.101, ""role"": 0.199}"
100000002628576100,coordinator,0.5,8,0.7073834138413616,Кандидат в координирующий узел: 2 плательщиков → 2 получателей; сигналы S3,3,False,2,2,727882.0,539000.0,3,2,0.7405046422359668,0,3.844048916909496e-05,peripheral;S3,"{""betweenness"": 0.176, ""degree"": 0.13, ""n_seed_upstream"": 0.101, ""role"": 0.29}"
100000001611488100,terminal,0.5,8,0.4851699697530586,"Вероятный конечный получатель: 2 плательщиков, получено 779 тыс., исходящих нет",3,False,2,0,779300.0,0.0,3,0,0.0,0,0.0,,"{""betweenness"": 0.074, ""degree"": 0.105, ""n_seed_upstream"": 0.101, ""role"": 0.199}"
100000005375968100,peripheral,0.5,12,0.4407137375287798,"Периферийный узел: 1 входящих, 2 исходящих, оборот 256 тыс.",3,False,1,2,170082.0,86000.0,1,4,0.5056384567443939,0,3.844048916909496e-05,,"{""betweenness"": 0.176, ""degree"": 0.122, ""n_seed_upstream"": 0.101, ""role"": 0.036}"
100000003581109100,terminal,0.5,12,0.42717033091056844,"Вероятный конечный получатель: 1 плательщиков, получено 43 тыс., исходящих нет",3,False,1,0,42750.0,0.0,1,0,0.0,0,0.0,,"{""betweenness"": 0.074, ""degree"": 0.048, ""n_seed_upstream"": 0.101, ""role"": 0.199}"
100000002933386100,peripheral,0.5,3,0.4168660557085459,"Периферийный узел: 1 входящих, 1 исходящих, оборот 73 тыс.; есть источники вне выборки",3,False,1,1,15000.0,58000.0,1,1,3.8666666666666667,0,2.0012831990095827e-05,external_funding,"{""betweenness"": 0.17, ""degree"": 0.105, ""n_seed_upstream"": 0.101, ""role"": 0.036}"
100000002284426100,terminal,0.5,8,0.42717033091056844,"Вероятный конечный получатель: 1 плательщиков, получено 90 тыс., исходящих нет",3,False,1,0,90000.0,0.0,2,0,0.0,0,0.0,,"{""betweenness"": 0.074, ""degree"": 0.048, ""n_seed_upstream"": 0.101, ""role"": 0.199}"
100000008579978100,peripheral,0.5,8,0.40959776082343924,"Периферийный узел: 1 входящих, 1 исходящих, оборот 111 тыс.; есть источники вне выборки",3,False,1,1,34000.0,77000.0,1,6,2.264705882352941,0,1.922024458454748e-05,external_funding,"{""betweenness"": 0.163, ""degree"": 0.105, ""n_seed_upstream"": 0.101, ""role"": 0.036}"
100000001549194100,terminal,0.5,11,0.42717033091056844,"Вероятный конечный получатель: 1 плательщиков, получено 46 тыс., исходящих нет",3,False,1,0,46500.0,0.0,1,0,0.0,0,0.0,,"{""betweenness"": 0.074, ""degree"": 0.048, ""n_seed_upstream"": 0.101, ""role"": 0.199}"
100000001427082100,peripheral,0.5,16,0.4668637984741095,"Периферийный узел: 1 входящих, 5 исходящих, оборот 130 тыс.; есть источники вне выборки",3,False,1,5,5000.0,124900.0,1,6,24.98,0,7.846615314928662e-05,external_funding,"{""betweenness"": 0.185, ""degree"": 0.138, ""n_seed_upstream"": 0.101, ""role"": 0.036}"
100000004657034100,terminal,0.5,8,0.42717033091056844,"Вероятный конечный получатель: 1 плательщиков, получено 141 тыс., исходящих нет",3,False,1,0,141250.0,0.0,1,0,0.0,0,0.0,,"{""betweenness"": 0.074, ""degree"": 0.048, ""n_seed_upstream"": 0.101, ""role"": 0.199}"
100000003796063100,peripheral,0.5,3,0.48705476050742635,"Периферийный узел: 1 входящих, 15 исходящих, оборот 994 тыс.; есть источники вне выборки",3,False,1,15,35000.0,959150.0,1,23,27.404285714285713,0,0.0009683436627286961,external_funding,"{""betweenness"": 0.197, ""degree"": 0.147, ""n_seed_upstream"": 0.101, ""role"": 0.036}"
100000005268319100,peripheral,0.5,3,0.4595955035890028,"Периферийный узел: 1 входящих, 5 исходящих, оборот 111 тыс.; есть источники вне выборки",3,False,1,5,19712.8,91000.0,2,10,4.6162899232985675,0,3.923307657464331e-05,external_funding,"{""betweenness"": 0.178, ""degree"": 0.138, ""n_seed_upstream"": 0.101, ""role"": 0.036}"
100000008744799100,terminal,0.5,9,0.42717033091056844,"Вероятный конечный получатель: 1 плательщиков, получено 13 тыс., исходящих нет",3,False,1,0,12600.0,0.0,1,0,0.0,0,0.0,,"{""betweenness"": 0.074, ""degree"": 0.048, ""n_seed_upstream"": 0.101, ""role"": 0.199}"
100000008677215100,terminal,0.5,28,0.42717033091056844,"Вероятный конечный получатель: 1 плательщиков, получено 9 тыс., исходящих нет",3,False,1,0,9000.0,0.0,1,0,0.0,0,0.0,,"{""betweenness"": 0.074, ""degree"": 0.048, ""n_seed_upstream"": 0.101, ""role"": 0.199}"
100000007593823100,coordinator,0.75,3,0.7412645027312538,Кандидат в координирующий узел: 3 плательщиков → 13 получателей; сигналы S3,3,False,3,13,25000.0,162900.0,3,21,6.516,0,0.00029167216524179267,external_funding;peripheral;S3,"{""betweenness"": 0.193, ""degree"": 0.147, ""n_seed_upstream"": 0.101, ""role"": 0.29}"
100000001282143100,coordinator,0.5,6,0.6081441018464178,Кандидат в координирующий узел: 5 плательщиков → 0 получателей; сигналы S3,3,False,5,0,1700000.0,0.0,6,0,0.0,0,0.0,consolidator;S3,"{""betweenness"": 0.074, ""degree"": 0.135, ""n_seed_upstream"": 0.101, ""role"": 0.29}"
100000008029279100,terminal,0.5,1,0.42717033091056844,"Вероятный конечный получатель: 1 плательщиков, получено 17 тыс., исходящих нет",3,False,1,0,17000.0,0.0,1,0,0.0,0,0.0,,"{""betweenness"": 0.074, ""degree"": 0.048, ""n_seed_upstream"": 0.101, ""role"": 0.199}"
100000000594783100,peripheral,0.5,13,0.3368358087670986,"Периферийный узел: 1 входящих, 2 исходящих, оборот 2.79 млн",3,False,1,2,2635000.0,152500.0,10,2,0.05787476280834915,0,0.0,,"{""betweenness"": 0.074, ""degree"": 0.122, ""n_seed_upstream"": 0.101, ""role"": 0.036}"
100000002705460100,terminal,0.5,2,0.42717033091056844,"Вероятный конечный получатель: 1 плательщиков, получено 95 тыс., исходящих нет",3,False,1,0,95000.0,0.0,1,0,0.0,0,0.0,,"{""betweenness"": 0.074, ""degree"": 0.048, ""n_seed_upstream"": 0.101, ""role"": 0.199}"
100000002952756100,terminal,0.5,14,0.42717033091056844,"Вероятный конечный получатель: 1 плательщиков, получено 47 тыс., исходящих нет",3,False,1,0,47000.0,0.0,1,0,0.0,0,0.0,,"{""betweenness"": 0.074, ""degree"": 0.048, ""n_seed_upstream"": 0.101, ""role"": 0.199}"
100000004634420100,terminal,0.5,9,0.42717033091056844,"Вероятный конечный получатель: 1 плательщиков, получено 26 тыс., исходящих нет",3,False,1,0,26150.0,0.0,1,0,0.0,0,0.0,,"{""betweenness"": 0.074, ""degree"": 0.048, ""n_seed_upstream"": 0.101, ""role"": 0.199}"
100000000583220100,peripheral,0.5,20,0.41478940002708686,"Периферийный узел: 1 входящих, 1 исходящих, оборот 766 тыс.; есть источники вне выборки",3,False,1,1,5000.0,761255.0,1,4,152.251,0,1.9616538287321655e-05,external_funding,"{""betweenness"": 0.168, ""degree"": 0.105, ""n_seed_upstream"": 0.101, ""role"": 0.036}"
100000003286537100,coordinator,0.5,6,0.577400568823078,Кандидат в координирующий узел: 2 плательщиков → 0 получателей; сигналы S3,3,False,2,0,153000.0,0.0,2,0,0.0,0,0.0,terminal;S3,"{""betweenness"": 0.074, ""degree"": 0.105, ""n_seed_upstream"": 0.101, ""role"": 0.29}"
100000002958345100,terminal,0.5,14,0.42717033091056844,"Вероятный конечный получатель: 1 плательщиков, получено 307 тыс., исходящих нет",3,False,1,0,307000.0,0.0,1,0,0.0,0,0.0,,"{""betweenness"": 0.074, ""degree"": 0.048, ""n_seed_upstream"": 0.101, ""role"": 0.199}"
100000005055454100,terminal,0.5,24,0.42717033091056844,"Вероятный конечный получатель: 1 плательщиков, получено 6 тыс., исходящих нет",3,False,1,0,6500.0,0.0,1,0,0.0,0,0.0,,"{""betweenness"": 0.074, ""degree"": 0.048, ""n_seed_upstream"": 0.101, ""role"": 0.199}"
100000008738526100,peripheral,0.5,6,0.4185815538801861,"Периферийный узел: 1 входящих, 1 исходящих, оборот 155 тыс.; есть источники вне выборки",3,False,1,1,15000.0,140000.0,1,1,9.333333333333334,0,2.139985994980544e-05,external_funding,"{""betweenness"": 0.171, ""degree"": 0.105, ""n_seed_upstream"": 0.101, ""role"": 0.036}"
100000001298099100,terminal,0.5,7,0.42717033091056844,"Вероятный конечный получатель: 1 плательщиков, получено 19 тыс., исходящих нет",3,False,1,0,19000.0,0.0,1,0,0.0,0,0.0,,"{""betweenness"": 0.074, ""degree"": 0.048, ""n_seed_upstream"": 0.101, ""role"": 0.199}"
100000006491272100,terminal,0.5,9,0.42717033091056844,"Вероятный конечный получатель: 1 плательщиков, получено 26 тыс., исходящих нет",3,False,1,0,26200.0,0.0,1,0,0.0,0,0.0,,"{""betweenness"": 0.074, ""degree"": 0.048, ""n_seed_upstream"": 0.101, ""role"": 0.199}"
100000000552584100,peripheral,0.5,13,0.3196695408785156,"Периферийный узел: 1 входящих, 1 исходящих, оборот 2.56 млн",3,False,1,1,2500000.0,57500.0,3,1,0.023,0,0.0,,"{""betweenness"": 0.074, ""degree"": 0.105, ""n_seed_upstream"": 0.101, ""role"": 0.036}"
100000005187208100,terminal,0.5,3,0.42717033091056844,"Вероятный конечный получатель: 1 плательщиков, получено 14 тыс., исходящих нет",3,False,1,0,14160.0,0.0,1,0,0.0,0,0.0,,"{""betweenness"": 0.074, ""degree"": 0.048, ""n_seed_upstream"": 0.101, ""role"": 0.199}"
100000003528285100,coordinator,0.5,5,0.7343009344950567,Кандидат в координирующий узел: 4 плательщиков → 4 получателей; сигналы S3,3,False,4,4,118870.0,548000.0,5,6,4.6100782367292,0,0.00017714328514005615,external_funding;peripheral;S3,"{""betweenness"": 0.191, ""degree"": 0.142, ""n_seed_upstream"": 0.101, ""role"": 0.29}"
100000001484381100,coordinator,0.5,7,0.577400568823078,Кандидат в координирующий узел: 2 плательщиков → 0 получателей; сигналы S3,3,False,2,0,95585.0,0.0,4,0,0.0,0,0.0,terminal;S3,"{""betweenness"": 0.074, ""degree"": 0.105, ""n_seed_upstream"": 0.101, ""role"": 0.29}"
100000002508637100,peripheral,0.5,15,0.39835673333032373,"Периферийный узел: 1 входящих, 1 исходящих, оборот 314 тыс.",3,False,1,1,306410.0,8000.0,1,1,0.02610880845925394,0,7.925874055483496e-07,,"{""betweenness"": 0.151, ""degree"": 0.105, ""n_seed_upstream"": 0.101, ""role"": 0.036}"
100000003149149100,terminal,0.5,8,0.42717033091056844,"Вероятный конечный получатель: 1 плательщиков, получено 245 тыс., исходящих нет",3,False,1,0,245000.0,0.0,1,0,0.0,0,0.0,,"{""betweenness"": 0.074, ""degree"": 0.048, ""n_seed_upstream"": 0.101, ""role"": 0.199}"
100000001538095100,terminal,0.5,6,0.4851699697530586,"Вероятный конечный получатель: 2 плательщиков, получено 280 тыс., исходящих нет",3,False,2,0,280000.0,0.0,2,0,0.0,0,0.0,,"{""betweenness"": 0.074, ""degree"": 0.105, ""n_seed_upstream"": 0.101, ""role"": 0.199}"
100000008695133100,terminal,0.5,9,0.42717033091056844,"Вероятный конечный получатель: 1 плательщиков, получено 37 тыс., исходящих нет",3,False,1,0,36610.0,0.0,1,0,0.0,0,0.0,,"{""betweenness"": 0.074, ""degree"": 0.048, ""n_seed_upstream"": 0.101, ""role"": 0.199}"
100000008749405100,terminal,0.5,9,0.42717033091056844,"Вероятный конечный получатель: 1 плательщиков, получено 37 тыс., исходящих нет",3,False,1,0,37150.0,0.0,1,0,0.0,0,0.0,,"{""betweenness"": 0.074, ""degree"": 0.048, ""n_seed_upstream"": 0.101, ""role"": 0.199}"
100000005815602100,peripheral,0.5,2,0.4136156381201752,"Периферийный узел: 1 входящих, 1 исходящих, оборот 185 тыс.; есть источники вне выборки",3,False,1,1,20000.0,165000.0,1,1,8.25,0,1.9418391435934565e-05,external_funding,"{""betweenness"": 0.167, ""degree"": 0.105, ""n_seed_upstream"": 0.101, ""role"": 0.036}"
100000006641671100,transit,0.5024751127413853,3,0.6602749311543497,"Признаки транзита: получено 22 тыс., отдано 114%, 2→1 контрагента",3,False,2,1,22000.0,25000.0,2,3,1.1363636363636365,0,5.548111838838448e-06,,"{""betweenness"": 0.158, ""degree"": 0.122, ""n_seed_upstream"": 0.101, ""role"": 0.271}"
100000002945031100,terminal,0.5,3,0.42717033091056844,"Вероятный конечный получатель: 1 плательщиков, получено 15 тыс., исходящих нет",3,False,1,0,15000.0,0.0,1,0,0.0,0,0.0,,"{""betweenness"": 0.074, ""degree"": 0.048, ""n_seed_upstream"": 0.101, ""role"": 0.199}"
100000003497735100,terminal,0.5,19,0.42717033091056844,"Вероятный конечный получатель: 1 плательщиков, получено 125 тыс., исходящих нет",3,False,1,0,125000.0,0.0,1,0,0.0,0,0.0,,"{""betweenness"": 0.074, ""degree"": 0.048, ""n_seed_upstream"": 0.101, ""role"": 0.199}"
100000004644615100,peripheral,0.5,14,0.4170579206356373,"Периферийный узел: 1 входящих, 2 исходящих, оборот 430 тыс.; есть источники вне выборки",3,False,1,2,50810.0,379665.0,1,14,7.472249557173785,0,1.1888811083225246e-06,external_funding,"{""betweenness"": 0.153, ""degree"": 0.122, ""n_seed_upstream"": 0.101, ""role"": 0.036}"
100000002755292100,terminal,0.5,8,0.42717033091056844,"Вероятный конечный получатель: 1 плательщиков, получено 203 тыс., исходящих нет",3,False,1,0,203400.0,0.0,1,0,0.0,0,0.0,,"{""betweenness"": 0.074, ""degree"": 0.048, ""n_seed_upstream"": 0.101, ""role"": 0.199}"
100000005142492100,peripheral,0.5,18,0.3196695408785156,"Периферийный узел: 1 входящих, 1 исходящих, оборот 67 тыс.; есть источники вне выборки",3,False,1,1,10000.0,57000.0,1,1,5.7,0,0.0,external_funding,"{""betweenness"": 0.074, ""degree"": 0.105, ""n_seed_upstream"": 0.101, ""role"": 0.036}"
100000002893020100,terminal,0.5,7,0.42717033091056844,"Вероятный конечный получатель: 1 плательщиков, получено 18 тыс., исходящих нет",3,False,1,0,18340.0,0.0,1,0,0.0,0,0.0,,"{""betweenness"": 0.074, ""degree"": 0.048, ""n_seed_upstream"": 0.101, ""role"": 0.199}"
100000004500444100,peripheral,0.5,11,0.4307819060087581,"Периферийный узел: 2 входящих, 1 исходящих, оборот 254 тыс.",3,False,2,1,180000.0,74000.0,7,5,0.4111111111111111,0,1.9418391435934565e-05,,"{""betweenness"": 0.167, ""degree"": 0.122, ""n_seed_upstream"": 0.101, ""role"": 0.036}"
100000008454065100,terminal,0.5,11,0.42717033091056844,"Вероятный конечный получатель: 1 плательщиков, получено 24 тыс., исходящих нет",3,False,1,0,24050.0,0.0,1,0,0.0,0,0.0,,"{""betweenness"": 0.074, ""degree"": 0.048, ""n_seed_upstream"": 0.101, ""role"": 0.199}"
100000008416433100,terminal,0.5,11,0.42717033091056844,"Вероятный конечный получатель: 1 плательщиков, получено 20 тыс., исходящих нет",3,False,1,0,20000.0,0.0,1,0,0.0,0,0.0,,"{""betweenness"": 0.074, ""degree"": 0.048, ""n_seed_upstream"": 0.101, ""role"": 0.199}"
100000005265073100,peripheral,0.5,11,0.41808496230418496,"Периферийный узел: 1 входящих, 1 исходящих, оборот 14 тыс.; есть источники вне выборки",3,False,1,1,5000.0,9000.0,1,1,1.8,0,2.1003566247031264e-05,external_funding,"{""betweenness"": 0.171, ""degree"": 0.105, ""n_seed_upstream"": 0.101, ""role"": 0.036}"
100000006734214100,coordinator,1.0,8,0.7264457586564941,Кандидат в координирующий узел: 5 плательщиков → 3 получателей; сигналы S3,3,False,5,3,610000.0,36000.0,10,4,0.05901639344262295,0,5.9444055416126226e-05,consolidator;S3,"{""betweenness"": 0.183, ""degree"": 0.142, ""n_seed_upstream"": 0.101, ""role"": 0.29}"
100000002611334100,peripheral,0.5,1,0.40959776082343924,"Периферийный узел: 1 входящих, 1 исходящих, оборот 64 тыс.",3,False,1,1,48288.0,15500.0,1,1,0.3209907223326706,0,1.922024458454748e-05,,"{""betweenness"": 0.163, ""degree"": 0.105, ""n_seed_upstream"": 0.101, ""role"": 0.036}"
100000006225798100,coordinator,0.75,17,0.712022030608099,Кандидат в координирующий узел: 3 плательщиков → 2 получателей; сигналы S3,3,False,3,2,722000.0,26300.0,4,2,0.03642659279778394,0,3.844048916909496e-05,peripheral;S3,"{""betweenness"": 0.176, ""degree"": 0.135, ""n_seed_upstream"": 0.101, ""role"": 0.29}"
100000002849158100,coordinator,0.5,6,0.7039975621868086,Кандидат в координирующий узел: 3 плательщиков → 1 получателей; сигналы S3,3,False,3,1,723000.0,1313000.0,3,3,1.8160442600276625,0,2.2786887909515052e-05,external_funding;peripheral;S3,"{""betweenness"": 0.173, ""degree"": 0.13, ""n_seed_upstream"": 0.101, ""role"": 0.29}"
100000008686214100,terminal,0.5,5,0.42717033091056844,"Вероятный конечный получатель: 1 плательщиков, получено 25 тыс., исходящих нет",3,False,1,0,25000.0,0.0,1,0,0.0,0,0.0,,"{""betweenness"": 0.074, ""degree"": 0.048, ""n_seed_upstream"": 0.101, ""role"": 0.199}"
100000004931931100,peripheral,0.5,1,0.40959776082343924,"Периферийный узел: 1 входящих, 1 исходящих, оборот 69 тыс.; есть источники вне выборки",3,False,1,1,23938.0,45000.0,1,1,1.8798562954298605,0,1.922024458454748e-05,external_funding,"{""betweenness"": 0.163, ""degree"": 0.105, ""n_seed_upstream"": 0.101, ""role"": 0.036}"
100000007510875100,terminal,0.5,7,0.42717033091056844,"Вероятный конечный получатель: 1 плательщиков, получено 5 тыс., исходящих нет",3,False,1,0,5000.0,0.0,1,0,0.0,0,0.0,,"{""betweenness"": 0.074, ""degree"": 0.048, ""n_seed_upstream"": 0.101, ""role"": 0.199}"
100000005233755100,peripheral,0.5,8,0.40959776082343924,"Периферийный узел: 1 входящих, 1 исходящих, оборот 30 тыс.",3,False,1,1,25000.0,5000.0,1,1,0.2,0,1.922024458454748e-05,,"{""betweenness"": 0.163, ""degree"": 0.105, ""n_seed_upstream"": 0.101, ""role"": 0.036}"
100000008042075100,terminal,0.5,13,0.42717033091056844,"Вероятный конечный получатель: 1 плательщиков, получено 5 тыс., исходящих нет",3,False,1,0,5000.0,0.0,1,0,0.0,0,0.0,,"{""betweenness"": 0.074, ""degree"": 0.048, ""n_seed_upstream"": 0.101, ""role"": 0.199}"
100000001680944100,terminal,0.5,6,0.42717033091056844,"Вероятный конечный получатель: 1 плательщиков, получено 393 тыс., исходящих нет",3,False,1,0,393000.0,0.0,1,0,0.0,0,0.0,,"{""betweenness"": 0.074, ""degree"": 0.048, ""n_seed_upstream"": 0.101, ""role"": 0.199}"
100000008417029100,terminal,0.5,6,0.42717033091056844,"Вероятный конечный получатель: 1 плательщиков, получено 100 тыс., исходящих нет",3,False,1,0,100000.0,0.0,1,0,0.0,0,0.0,,"{""betweenness"": 0.074, ""degree"": 0.048, ""n_seed_upstream"": 0.101, ""role"": 0.199}"
100000004975919100,peripheral,0.5,1,0.4407137375287798,"Периферийный узел: 1 входящих, 2 исходящих, оборот 37 тыс.",3,False,1,2,22351.0,15000.0,1,2,0.6711109122634334,0,3.844048916909496e-05,,"{""betweenness"": 0.176, ""degree"": 0.122, ""n_seed_upstream"": 0.101, ""role"": 0.036}"
100000003087877100,terminal,0.5,15,0.42717033091056844,"Вероятный конечный получатель: 1 плательщиков, получено 91 тыс., исходящих нет",3,False,1,0,91486.0,0.0,1,0,0.0,0,0.0,,"{""betweenness"": 0.074, ""degree"": 0.048, ""n_seed_upstream"": 0.101, ""role"": 0.199}"
100000008295429100,terminal,0.5,8,0.42717033091056844,"Вероятный конечный получатель: 1 плательщиков, получено 352 тыс., исходящих нет",3,False,1,0,352000.0,0.0,1,0,0.0,0,0.0,,"{""betweenness"": 0.074, ""degree"": 0.048, ""n_seed_upstream"": 0.101, ""role"": 0.199}"
100000003254277100,transit,0.5008430801788347,12,0.6481648684032324,"Признаки транзита: получено 49 тыс., отдано 91%, 1→1 контрагента",3,False,1,1,49200.0,44997.0,1,1,0.9145731707317073,0,1.922024458454748e-05,,"{""betweenness"": 0.163, ""degree"": 0.105, ""n_seed_upstream"": 0.101, ""role"": 0.271}"
100000005314565100,terminal,0.5,1,0.42717033091056844,"Вероятный конечный получатель: 1 плательщиков, получено 218 тыс., исходящих нет",3,False,1,0,218500.0,0.0,3,0,0.0,0,0.0,,"{""betweenness"": 0.074, ""degree"": 0.048, ""n_seed_upstream"": 0.101, ""role"": 0.199}"
100000002951898100,terminal,0.5,11,0.42717033091056844,"Вероятный конечный получатель: 1 плательщиков, получено 40 тыс., исходящих нет",3,False,1,0,39990.0,0.0,1,0,0.0,0,0.0,,"{""betweenness"": 0.074, ""degree"": 0.048, ""n_seed_upstream"": 0.101, ""role"": 0.199}"
100000001009583100,terminal,0.5,8,0.42717033091056844,"Вероятный конечный получатель: 1 плательщиков, получено 394 тыс., исходящих нет",3,False,1,0,393740.0,0.0,1,0,0.0,0,0.0,,"{""betweenness"": 0.074, ""degree"": 0.048, ""n_seed_upstream"": 0.101, ""role"": 0.199}"
100000004064431100,peripheral,0.5,23,0.3990339036612343,"Периферийный узел: 1 входящих, 1 исходящих, оборот 36 тыс.",3,False,1,1,26000.0,10000.0,1,1,0.38461538461538464,0,9.90734256935437e-07,,"{""betweenness"": 0.152, ""degree"": 0.105, ""n_seed_upstream"": 0.101, ""role"": 0.036}"
100000001927599100,terminal,0.5,7,0.4851699697530586,"Вероятный конечный получатель: 2 плательщиков, получено 188 тыс., исходящих нет",3,False,2,0,188000.0,0.0,2,0,0.0,0,0.0,,"{""betweenness"": 0.074, ""degree"": 0.105, ""n_seed_upstream"": 0.101, ""role"": 0.199}"
100000007737775100,terminal,0.5,10,0.42717033091056844,"Вероятный конечный получатель: 1 плательщиков, получено 6 тыс., исходящих нет",3,False,1,0,6000.0,0.0,1,0,0.0,0,0.0,,"{""betweenness"": 0.074, ""degree"": 0.048, ""n_seed_upstream"": 0.101, ""role"": 0.199}"
100000003157679100,terminal,0.5,6,0.511274886009661,"Вероятный конечный получатель: 4 плательщиков, получено 541 тыс., исходящих нет",3,False,4,0,541000.0,0.0,4,0,0.0,0,0.0,,"{""betweenness"": 0.074, ""degree"": 0.13, ""n_seed_upstream"": 0.101, ""role"": 0.199}"
100000001229743100,peripheral,0.5,1,0.40959776082343924,"Периферийный узел: 1 входящих, 1 исходящих, оборот 16 тыс.; есть источники вне выборки",3,False,1,1,7000.0,9000.0,1,1,1.2857142857142858,0,1.922024458454748e-05,external_funding,"{""betweenness"": 0.163, ""degree"": 0.105, ""n_seed_upstream"": 0.101, ""role"": 0.036}"
100000003795588100,terminal,0.5,1,0.42717033091056844,"Вероятный конечный получатель: 1 плательщиков, получено 400 тыс., исходящих нет",3,False,1,0,400000.0,0.0,2,0,0.0,0,0.0,,"{""betweenness"": 0.074, ""degree"": 0.048, ""n_seed_upstream"": 0.101, ""role"": 0.199}"
100000002301828100,terminal,0.5,17,0.42717033091056844,"Вероятный конечный получатель: 1 плательщиков, получено 47 тыс., исходящих нет",3,False,1,0,46977.0,0.0,1,0,0.0,0,0.0,,"{""betweenness"": 0.074, ""degree"": 0.048, ""n_seed_upstream"": 0.101, ""role"": 0.199}"
100000005409156100,terminal,0.5,8,0.4851699697530586,"Вероятный конечный получатель: 2 плательщиков, получено 260 тыс., исходящих нет",3,False,2,0,260080.0,0.0,2,0,0.0,0,0.0,,"{""betweenness"": 0.074, ""degree"": 0.105, ""n_seed_upstream"": 0.101, ""role"": 0.199}"
100000002513028100,peripheral,0.5,3,0.4568755360931786,"Периферийный узел: 1 входящих, 3 исходящих, оборот 342 тыс.; есть источники вне выборки",3,False,1,3,9500.0,332709.0,1,24,35.022,0,6.063293652444875e-05,external_funding,"{""betweenness"": 0.183, ""degree"": 0.13, ""n_seed_upstream"": 0.101, ""role"": 0.036}"
100000003218308100,terminal,0.5,12,0.42717033091056844,"Вероятный конечный получатель: 1 плательщиков, получено 11 тыс., исходящих нет",3,False,1,0,11165.0,0.0,1,0,0.0,0,0.0,,"{""betweenness"": 0.074, ""degree"": 0.048, ""n_seed_upstream"": 0.101, ""role"": 0.199}"
100000008489604100,terminal,0.5,9,0.42717033091056844,"Вероятный конечный получатель: 1 плательщиков, получено 11 тыс., исходящих нет",3,False,1,0,11000.0,0.0,1,0,0.0,0,0.0,,"{""betweenness"": 0.074, ""degree"": 0.048, ""n_seed_upstream"": 0.101, ""role"": 0.199}"
100000004450649100,peripheral,0.5,8,0.45746241704663443,"Периферийный узел: 2 входящих, 2 исходящих, оборот 239 тыс.",3,False,2,2,192528.0,46527.0,2,2,0.24166355023684866,0,6.677548891744846e-05,,"{""betweenness"": 0.184, ""degree"": 0.13, ""n_seed_upstream"": 0.101, ""role"": 0.036}"
100000008767065100,terminal,0.5,6,0.42717033091056844,"Вероятный конечный получатель: 1 плательщиков, получено 10 тыс., исходящих нет",3,False,1,0,10000.0,0.0,1,0,0.0,0,0.0,,"{""betweenness"": 0.074, ""degree"": 0.048, ""n_seed_upstream"": 0.101, ""role"": 0.199}"
100000003035737100,peripheral,0.5,15,0.4267640287120221,"Периферийный узел: 2 входящих, 1 исходящих, оборот 816 тыс.",3,False,2,1,809170.0,6544.53,3,1,0.008087954323566123,0,1.922024458454748e-05,,"{""betweenness"": 0.163, ""degree"": 0.122, ""n_seed_upstream"": 0.101, ""role"": 0.036}"
100000002748761100,terminal,0.5,14,0.42717033091056844,"Вероятный конечный получатель: 1 плательщиков, получено 797 тыс., исходящих нет",3,False,1,0,796800.0,0.0,3,0,0.0,0,0.0,,"{""betweenness"": 0.074, ""degree"": 0.048, ""n_seed_upstream"": 0.101, ""role"": 0.199}"
100000008432942100,terminal,0.5,12,0.42717033091056844,"Вероятный конечный получатель: 1 плательщиков, получено 45 тыс., исходящих нет",3,False,1,0,44542.0,0.0,2,0,0.0,0,0.0,,"{""betweenness"": 0.074, ""degree"": 0.048, ""n_seed_upstream"": 0.101, ""role"": 0.199}"
100000004278574100,peripheral,0.5,8,0.40959776082343924,"Периферийный узел: 1 входящих, 1 исходящих, оборот 38 тыс.",3,False,1,1,25000.0,12500.0,1,1,0.5,0,1.922024458454748e-05,,"{""betweenness"": 0.163, ""degree"": 0.105, ""n_seed_upstream"": 0.101, ""role"": 0.036}"
100000000926766100,peripheral,0.5,27,0.3196695408785156,"Периферийный узел: 1 входящих, 1 исходящих, оборот 25 тыс.",3,False,1,1,18750.0,6000.0,1,1,0.32,0,0.0,,"{""betweenness"": 0.074, ""degree"": 0.105, ""n_seed_upstream"": 0.101, ""role"": 0.036}"
100000008661550100,terminal,0.5,9,0.42717033091056844,"Вероятный конечный получатель: 1 плательщиков, получено 23 тыс., исходящих нет",3,False,1,0,22800.0,0.0,1,0,0.0,0,0.0,,"{""betweenness"": 0.074, ""degree"": 0.048, ""n_seed_upstream"": 0.101, ""role"": 0.199}"
100000000783406100,terminal,0.5,17,0.42717033091056844,"Вероятный конечный получатель: 1 плательщиков, получено 6 тыс., исходящих нет",3,False,1,0,6066.0,0.0,1,0,0.0,0,0.0,,"{""betweenness"": 0.074, ""degree"": 0.048, ""n_seed_upstream"": 0.101, ""role"": 0.199}"
100000008730371100,terminal,0.5,1,0.4851699697530586,"Вероятный конечный получатель: 2 плательщиков, получено 520 тыс., исходящих нет",3,False,2,0,520000.0,0.0,3,0,0.0,0,0.0,,"{""betweenness"": 0.074, ""degree"": 0.105, ""n_seed_upstream"": 0.101, ""role"": 0.199}"
100000002878467100,terminal,0.5,6,0.4851699697530586,"Вероятный конечный получатель: 2 плательщиков, получено 200 тыс., исходящих нет",3,False,2,0,200000.0,0.0,2,0,0.0,0,0.0,,"{""betweenness"": 0.074, ""degree"": 0.105, ""n_seed_upstream"": 0.101, ""role"": 0.199}"
100000003171587100,peripheral,0.5,15,0.45091643718116564,"Периферийный узел: 2 входящих, 2 исходящих, оборот 1.13 млн",3,False,2,2,700000.0,431300.0,2,7,0.6161428571428571,0,3.883678287186913e-05,,"{""betweenness"": 0.178, ""degree"": 0.13, ""n_seed_upstream"": 0.101, ""role"": 0.036}"
100000002696152100,peripheral,0.5,10,0.435747821768769,"Периферийный узел: 1 входящих, 2 исходящих, оборот 91 тыс.; есть источники вне выборки",3,False,1,2,21800.0,69000.0,3,8,3.165137614678899,0,2.139985994980544e-05,external_funding,"{""betweenness"": 0.171, ""degree"": 0.122, ""n_seed_upstream"": 0.101, ""role"": 0.036}"
100000002109656100,terminal,0.5,14,0.42717033091056844,"Вероятный конечный получатель: 1 плательщиков, получено 500 тыс., исходящих нет",3,False,1,0,500000.0,0.0,1,0,0.0,0,0.0,,"{""betweenness"": 0.074, ""degree"": 0.048, ""n_seed_upstream"": 0.101, ""role"": 0.199}"
100000001317336100,peripheral,0.5,30,0.4436029976073316,"Периферийный узел: 1 входящих, 2 исходящих, оборот 1.88 млн; есть источники вне выборки",3,False,1,2,131196.0,1752000.0,1,3,13.354065672733924,0,4.0025663980191654e-05,external_funding,"{""betweenness"": 0.179, ""degree"": 0.122, ""n_seed_upstream"": 0.101, ""role"": 0.036}"
100000005222360100,peripheral,0.5,11,0.44580380118279095,"Периферийный узел: 1 входящих, 1 исходящих, оборот 32 тыс.; есть источники вне выборки",3,False,1,1,5000.0,27000.0,1,1,5.4,0,0.0019265818360366508,external_funding,"{""betweenness"": 0.198, ""degree"": 0.105, ""n_seed_upstream"": 0.101, ""role"": 0.036}"
100000001445848100,peripheral,0.5,17,0.3196695408785156,"Периферийный узел: 1 входящих, 1 исходящих, оборот 898 тыс.",3,False,1,1,546000.0,351850.0,13,14,0.6444139194139195,0,0.0,,"{""betweenness"": 0.074, ""degree"": 0.105, ""n_seed_upstream"": 0.101, ""role"": 0.036}"
100000008720856100,peripheral,0.5,3,0.41478940002708686,"Периферийный узел: 1 входящих, 1 исходящих, оборот 64 тыс.; есть источники вне выборки",3,False,1,1,18105.0,46000.0,1,2,2.5407346037006353,0,1.9616538287321655e-05,external_funding,"{""betweenness"": 0.168, ""degree"": 0.105, ""n_seed_upstream"": 0.101, ""role"": 0.036}"
100000002448088100,peripheral,0.5,16,0.44391901042842313,"Периферийный узел: 3 входящих, 1 исходящих, оборот 45 тыс.; есть источники вне выборки",3,False,3,1,20000.0,25000.0,3,1,1.25,0,2.0805419395644178e-05,external_funding,"{""betweenness"": 0.171, ""degree"": 0.13, ""n_seed_upstream"": 0.101, ""role"": 0.036}"
100000003109805100,terminal,0.5,17,0.42717033091056844,"Вероятный конечный получатель: 1 плательщиков, получено 37 тыс., исходящих нет",3,False,1,0,36929.0,0.0,1,0,0.0,0,0.0,,"{""betweenness"": 0.074, ""degree"": 0.048, ""n_seed_upstream"": 0.101, ""role"": 0.199}"
100000008223661100,peripheral,0.5,6,0.4779016748679519,"Периферийный узел: 2 входящих, 5 исходящих, оборот 465 тыс.; есть источники вне выборки",3,False,2,5,202000.0,262580.0,2,5,1.29990099009901,0,0.0003255552768289846,external_funding,"{""betweenness"": 0.194, ""degree"": 0.141, ""n_seed_upstream"": 0.101, ""role"": 0.036}"
100000004096559100,terminal,0.5,25,0.42717033091056844,"Вероятный конечный получатель: 1 плательщиков, получено 46 тыс., исходящих нет",3,False,1,0,46200.0,0.0,1,0,0.0,0,0.0,,"{""betweenness"": 0.074, ""degree"": 0.048, ""n_seed_upstream"": 0.101, ""role"": 0.199}"
100000002257794100,terminal,0.5,23,0.42717033091056844,"Вероятный конечный получатель: 1 плательщиков, получено 154 тыс., исходящих нет",3,False,1,0,154000.0,0.0,1,0,0.0,0,0.0,,"{""betweenness"": 0.074, ""degree"": 0.048, ""n_seed_upstream"": 0.101, ""role"": 0.199}"
100000003112578100,terminal,0.5,14,0.42717033091056844,"Вероятный конечный получатель: 1 плательщиков, получено 101 тыс., исходящих нет",3,False,1,0,101080.0,0.0,1,0,0.0,0,0.0,,"{""betweenness"": 0.074, ""degree"": 0.048, ""n_seed_upstream"": 0.101, ""role"": 0.199}"
100000007020162100,terminal,0.5,11,0.42717033091056844,"Вероятный конечный получатель: 1 плательщиков, получено 86 тыс., исходящих нет",3,False,1,0,86395.0,0.0,1,0,0.0,0,0.0,,"{""betweenness"": 0.074, ""degree"": 0.048, ""n_seed_upstream"": 0.101, ""role"": 0.199}"
100000001934935100,terminal,0.5,12,0.42717033091056844,"Вероятный конечный получатель: 1 плательщиков, получено 119 тыс., исходящих нет",3,False,1,0,118935.0,0.0,1,0,0.0,0,0.0,,"{""betweenness"": 0.074, ""degree"": 0.048, ""n_seed_upstream"": 0.101, ""role"": 0.199}"
100000002663511100,terminal,0.5,1,0.42717033091056844,"Вероятный конечный получатель: 1 плательщиков, получено 269 тыс., исходящих нет",3,False,1,0,268940.0,0.0,1,0,0.0,0,0.0,,"{""betweenness"": 0.074, ""degree"": 0.048, ""n_seed_upstream"": 0.101, ""role"": 0.199}"
100000003338583100,terminal,0.5,23,0.42717033091056844,"Вероятный конечный получатель: 1 плательщиков, получено 22 тыс., исходящих нет",3,False,1,0,21765.0,0.0,1,0,0.0,0,0.0,,"{""betweenness"": 0.074, ""degree"": 0.048, ""n_seed_upstream"": 0.101, ""role"": 0.199}"
100000002904919100,peripheral,0.5,1,0.40959776082343924,"Периферийный узел: 1 входящих, 1 исходящих, оборот 66 тыс.",3,False,1,1,60325.0,5500.0,1,1,0.09117281392457521,0,1.922024458454748e-05,,"{""betweenness"": 0.163, ""degree"": 0.105, ""n_seed_upstream"": 0.101, ""role"": 0.036}"
100000005127767100,terminal,0.5,34,0.42717033091056844,"Вероятный конечный получатель: 1 плательщиков, получено 7 тыс., исходящих нет",3,False,1,0,7000.0,0.0,1,0,0.0,0,0.0,,"{""betweenness"": 0.074, ""degree"": 0.048, ""n_seed_upstream"": 0.101, ""role"": 0.199}"
100000004066647100,terminal,0.5,19,0.42717033091056844,"Вероятный конечный получатель: 1 плательщиков, получено 51 тыс., исходящих нет",3,False,1,0,51000.0,0.0,1,0,0.0,0,0.0,,"{""betweenness"": 0.074, ""degree"": 0.048, ""n_seed_upstream"": 0.101, ""role"": 0.199}"
100000002394199100,peripheral,0.5,7,0.3196695408785156,"Периферийный узел: 1 входящих, 1 исходящих, оборот 354 тыс.",3,False,1,1,277398.0,76777.0,3,1,0.2767756076107254,0,0.0,,"{""betweenness"": 0.074, ""degree"": 0.105, ""n_seed_upstream"": 0.101, ""role"": 0.036}"
100000003968044100,peripheral,0.5,1,0.4320008126043971,"Периферийный узел: 1 входящих, 3 исходящих, оборот 351 тыс.; есть источники вне выборки",3,False,1,3,40000.0,311000.0,1,4,7.775,0,1.9022097733160393e-05,external_funding,"{""betweenness"": 0.159, ""degree"": 0.13, ""n_seed_upstream"": 0.101, ""role"": 0.036}"
100000001808684100,peripheral,0.5,18,0.3196695408785156,"Периферийный узел: 1 входящих, 1 исходящих, оборот 86 тыс.",3,False,1,1,48400.0,37700.0,3,2,0.7789256198347108,0,0.0,,"{""betweenness"": 0.074, ""degree"": 0.105, ""n_seed_upstream"": 0.101, ""role"": 0.036}"
100000008097580100,terminal,0.5,3,0.4851699697530586,"Вероятный конечный получатель: 2 плательщиков, получено 32 тыс., исходящих нет",3,False,2,0,32000.0,0.0,4,0,0.0,0,0.0,,"{""betweenness"": 0.074, ""degree"": 0.105, ""n_seed_upstream"": 0.101, ""role"": 0.199}"
100000008687617100,terminal,0.5,9,0.42717033091056844,"Вероятный конечный получатель: 1 плательщиков, получено 43 тыс., исходящих нет",3,False,1,0,43350.0,0.0,2,0,0.0,0,0.0,,"{""betweenness"": 0.074, ""degree"": 0.048, ""n_seed_upstream"": 0.101, ""role"": 0.199}"
100000005667841100,terminal,0.5,6,0.4851699697530586,"Вероятный конечный получатель: 2 плательщиков, получено 186 тыс., исходящих нет",3,False,2,0,186000.0,0.0,2,0,0.0,0,0.0,,"{""betweenness"": 0.074, ""degree"": 0.105, ""n_seed_upstream"": 0.101, ""role"": 0.199}"
100000001329153100,terminal,0.5,12,0.42717033091056844,"Вероятный конечный получатель: 1 плательщиков, получено 151 тыс., исходящих нет",3,False,1,0,150687.0,0.0,1,0,0.0,0,0.0,,"{""betweenness"": 0.074, ""degree"": 0.048, ""n_seed_upstream"": 0.101, ""role"": 0.199}"
100000007689942100,peripheral,0.5,19,0.4332648638887635,"Периферийный узел: 1 входящих, 2 исходящих, оборот 30 тыс.; есть источники вне выборки",3,False,1,2,5000.0,25000.0,1,2,5.0,0,1.981468513870874e-05,external_funding,"{""betweenness"": 0.169, ""degree"": 0.122, ""n_seed_upstream"": 0.101, ""role"": 0.036}"
100000006476758100,terminal,0.5,10,0.42717033091056844,"Вероятный конечный получатель: 1 плательщиков, получено 5 тыс., исходящих нет",3,False,1,0,5200.0,0.0,1,0,0.0,0,0.0,,"{""betweenness"": 0.074, ""degree"": 0.048, ""n_seed_upstream"": 0.101, ""role"": 0.199}"
100000002184107100,terminal,0.5,17,0.42717033091056844,"Вероятный конечный получатель: 1 плательщиков, получено 6 тыс., исходящих нет",3,False,1,0,6066.0,0.0,1,0,0.0,0,0.0,,"{""betweenness"": 0.074, ""degree"": 0.048, ""n_seed_upstream"": 0.101, ""role"": 0.199}"
100000008663723100,terminal,0.5,9,0.42717033091056844,"Вероятный конечный получатель: 1 плательщиков, получено 16 тыс., исходящих нет",3,False,1,0,15600.0,0.0,1,0,0.0,0,0.0,,"{""betweenness"": 0.074, ""degree"": 0.048, ""n_seed_upstream"": 0.101, ""role"": 0.199}"
100000000254336100,coordinator,0.5,12,0.6844950566565843,Кандидат в координирующий узел: 2 плательщиков → 1 получателей; сигналы S3,3,False,2,1,97177.0,60000.0,2,1,0.6174300503205491,0,1.922024458454748e-05,peripheral;S3,"{""betweenness"": 0.163, ""degree"": 0.122, ""n_seed_upstream"": 0.101, ""role"": 0.29}"
100000008750464100,terminal,0.5,9,0.42717033091056844,"Вероятный конечный получатель: 1 плательщиков, получено 8 тыс., исходящих нет",3,False,1,0,8500.0,0.0,1,0,0.0,0,0.0,,"{""betweenness"": 0.074, ""degree"": 0.048, ""n_seed_upstream"": 0.101, ""role"": 0.199}"
100000001530709100,terminal,0.5,12,0.42717033091056844,"Вероятный конечный получатель: 1 плательщиков, получено 54 тыс., исходящих нет",3,False,1,0,53961.0,0.0,1,0,0.0,0,0.0,,"{""betweenness"": 0.074, ""degree"": 0.048, ""n_seed_upstream"": 0.101, ""role"": 0.199}"
100000000656682100,transit,0.5024044490734737,12,0.679280845108573,"Признаки транзита: получено 71 тыс., отдано 113%, 1→2 контрагента",3,False,1,2,71000.0,80000.0,1,3,1.1267605633802817,0,3.844048916909496e-05,,"{""betweenness"": 0.176, ""degree"": 0.122, ""n_seed_upstream"": 0.101, ""role"": 0.271}"
100000008755754100,terminal,0.5,14,0.42717033091056844,"Вероятный конечный получатель: 1 плательщиков, получено 7 тыс., исходящих нет",3,False,1,0,7000.0,0.0,1,0,0.0,0,0.0,,"{""betweenness"": 0.074, ""degree"": 0.048, ""n_seed_upstream"": 0.101, ""role"": 0.199}"
100000002691583100,terminal,0.5,26,0.42717033091056844,"Вероятный конечный получатель: 1 плательщиков, получено 285 тыс., исходящих нет",3,False,1,0,285200.0,0.0,1,0,0.0,0,0.0,,"{""betweenness"": 0.074, ""degree"": 0.048, ""n_seed_upstream"": 0.101, ""role"": 0.199}"
100000005241556100,terminal,0.5,6,0.42717033091056844,"Вероятный конечный получатель: 1 плательщиков, получено 100 тыс., исходящих нет",3,False,1,0,100000.0,0.0,1,0,0.0,0,0.0,,"{""betweenness"": 0.074, ""degree"": 0.048, ""n_seed_upstream"": 0.101, ""role"": 0.199}"
100000004713684100,terminal,0.5,12,0.42717033091056844,"Вероятный конечный получатель: 1 плательщиков, получено 38 тыс., исходящих нет",3,False,1,0,37500.0,0.0,1,0,0.0,0,0.0,,"{""betweenness"": 0.074, ""degree"": 0.048, ""n_seed_upstream"": 0.101, ""role"": 0.199}"
100000006919124100,terminal,0.5,12,0.42717033091056844,"Вероятный конечный получатель: 1 плательщиков, получено 25 тыс., исходящих нет",3,False,1,0,25000.0,0.0,1,0,0.0,0,0.0,,"{""betweenness"": 0.074, ""degree"": 0.048, ""n_seed_upstream"": 0.101, ""role"": 0.199}"
100000003006633100,terminal,0.5,17,0.42717033091056844,"Вероятный конечный получатель: 1 плательщиков, получено 10 тыс., исходящих нет",3,False,1,0,10000.0,0.0,1,0,0.0,0,0.0,,"{""betweenness"": 0.074, ""degree"": 0.048, ""n_seed_upstream"": 0.101, ""role"": 0.199}"
100000008306857100,terminal,0.5,14,0.42717033091056844,"Вероятный конечный получатель: 1 плательщиков, получено 125 тыс., исходящих нет",3,False,1,0,125000.0,0.0,1,0,0.0,0,0.0,,"{""betweenness"": 0.074, ""degree"": 0.048, ""n_seed_upstream"": 0.101, ""role"": 0.199}"
100000003671721100,terminal,0.5,7,0.42717033091056844,"Вероятный конечный получатель: 1 плательщиков, получено 5 тыс., исходящих нет",3,False,1,0,5000.0,0.0,1,0,0.0,0,0.0,,"{""betweenness"": 0.074, ""degree"": 0.048, ""n_seed_upstream"": 0.101, ""role"": 0.199}"
100000002613929100,terminal,0.5,7,0.42717033091056844,"Вероятный конечный получатель: 1 плательщиков, получено 29 тыс., исходящих нет",3,False,1,0,28560.0,0.0,1,0,0.0,0,0.0,,"{""betweenness"": 0.074, ""degree"": 0.048, ""n_seed_upstream"": 0.101, ""role"": 0.199}"
100000008669310100,terminal,0.5,12,0.42717033091056844,"Вероятный конечный получатель: 1 плательщиков, получено 60 тыс., исходящих нет",3,False,1,0,59567.0,0.0,2,0,0.0,0,0.0,,"{""betweenness"": 0.074, ""degree"": 0.048, ""n_seed_upstream"": 0.101, ""role"": 0.199}"
100000006573438100,terminal,0.5,8,0.42717033091056844,"Вероятный конечный получатель: 1 плательщиков, получено 5 тыс., исходящих нет",3,False,1,0,5000.0,0.0,1,0,0.0,0,0.0,,"{""betweenness"": 0.074, ""degree"": 0.048, ""n_seed_upstream"": 0.101, ""role"": 0.199}"
100000006165886100,coordinator,0.5,1,0.6722608460114669,Кандидат в координирующий узел: 2 плательщиков → 1 получателей; сигналы S3,3,False,2,1,184481.0,75000.0,2,1,0.4065459315593476,0,5.944405541612623e-07,peripheral;S3,"{""betweenness"": 0.15, ""degree"": 0.122, ""n_seed_upstream"": 0.101, ""role"": 0.29}"
100000008491390100,terminal,0.5,12,0.42717033091056844,"Вероятный конечный получатель: 1 плательщиков, получено 36 тыс., исходящих нет",3,False,1,0,36000.0,0.0,1,0,0.0,0,0.0,,"{""betweenness"": 0.074, ""degree"": 0.048, ""n_seed_upstream"": 0.101, ""role"": 0.199}"
100000005186131100,transit,0.50147168865704,12,0.6481648684032324,"Признаки транзита: получено 10 тыс., отдано 100%, 1→1 контрагента",3,False,1,1,10000.0,10000.0,1,1,1.0,0,1.922024458454748e-05,,"{""betweenness"": 0.163, ""degree"": 0.105, ""n_seed_upstream"": 0.101, ""role"": 0.271}"
100000001550419100,terminal,0.5,11,0.42717033091056844,"Вероятный конечный получатель: 1 плательщиков, получено 23 тыс., исходящих нет",3,False,1,0,23000.0,0.0,1,0,0.0,0,0.0,,"{""betweenness"": 0.074, ""degree"": 0.048, ""n_seed_upstream"": 0.101, ""role"": 0.199}"
100000004979283100,terminal,0.5,7,0.42717033091056844,"Вероятный конечный получатель: 1 плательщиков, получено 40 тыс., исходящих нет",3,False,1,0,40132.0,0.0,1,0,0.0,0,0.0,,"{""betweenness"": 0.074, ""degree"": 0.048, ""n_seed_upstream"": 0.101, ""role"": 0.199}"
100000002537811100,peripheral,0.5,3,0.42169653740237467,"Периферийный узел: 1 входящих, 1 исходящих, оборот 67 тыс.",3,False,1,1,52000.0,15000.0,1,1,0.28846153846153844,0,2.6353531234482626e-05,,"{""betweenness"": 0.174, ""degree"": 0.105, ""n_seed_upstream"": 0.101, ""role"": 0.036}"
100000002990675100,terminal,0.5,8,0.42717033091056844,"Вероятный конечный получатель: 1 плательщиков, получено 51 тыс., исходящих нет",3,False,1,0,51143.0,0.0,1,0,0.0,0,0.0,,"{""betweenness"": 0.074, ""degree"": 0.048, ""n_seed_upstream"": 0.101, ""role"": 0.199}"
100000008763688100,terminal,0.5,9,0.42717033091056844,"Вероятный конечный получатель: 1 плательщиков, получено 21 тыс., исходящих нет",3,False,1,0,21000.0,0.0,1,0,0.0,0,0.0,,"{""betweenness"": 0.074, ""degree"": 0.048, ""n_seed_upstream"": 0.101, ""role"": 0.199}"
100000002809896100,terminal,0.5,7,0.42717033091056844,"Вероятный конечный получатель: 1 плательщиков, получено 38 тыс., исходящих нет",3,False,1,0,38000.0,0.0,1,0,0.0,0,0.0,,"{""betweenness"": 0.074, ""degree"": 0.048, ""n_seed_upstream"": 0.101, ""role"": 0.199}"
100000008716072100,terminal,0.5,9,0.42717033091056844,"Вероятный конечный получатель: 1 плательщиков, получено 12 тыс., исходящих нет",3,False,1,0,12100.0,0.0,1,0,0.0,0,0.0,,"{""betweenness"": 0.074, ""degree"": 0.048, ""n_seed_upstream"": 0.101, ""role"": 0.199}"
100000001279272100,peripheral,0.5,1,0.4605322558800958,"Периферийный узел: 1 входящих, 2 исходящих, оборот 387 тыс.",3,False,1,2,250000.0,136758.0,1,2,0.547032,0,0.0007281896788475463,,"{""betweenness"": 0.196, ""degree"": 0.122, ""n_seed_upstream"": 0.101, ""role"": 0.036}"
100000001714173100,terminal,0.5,6,0.42717033091056844,"Вероятный конечный получатель: 1 плательщиков, получено 639 тыс., исходящих нет",3,False,1,0,638905.0,0.0,6,0,0.0,0,0.0,,"{""betweenness"": 0.074, ""degree"": 0.048, ""n_seed_upstream"": 0.101, ""role"": 0.199}"
100000008729597100,terminal,0.5,1,0.42717033091056844,"Вероятный конечный получатель: 1 плательщиков, получено 83 тыс., исходящих нет",3,False,1,0,83090.0,0.0,1,0,0.0,0,0.0,,"{""betweenness"": 0.074, ""degree"": 0.048, ""n_seed_upstream"": 0.101, ""role"": 0.199}"
100000002255058100,terminal,0.5,16,0.42717033091056844,"Вероятный конечный получатель: 1 плательщиков, получено 492 тыс., исходящих нет",3,False,1,0,491500.0,0.0,2,0,0.0,0,0.0,,"{""betweenness"": 0.074, ""degree"": 0.048, ""n_seed_upstream"": 0.101, ""role"": 0.199}"
100000006111442100,terminal,0.5,6,0.42717033091056844,"Вероятный конечный получатель: 1 плательщиков, получено 64 тыс., исходящих нет",3,False,1,0,64000.0,0.0,1,0,0.0,0,0.0,,"{""betweenness"": 0.074, ""degree"": 0.048, ""n_seed_upstream"": 0.101, ""role"": 0.199}"
100000008686247100,peripheral,0.5,13,0.3196695408785156,"Периферийный узел: 1 входящих, 1 исходящих, оборот 27 тыс.",3,False,1,1,22000.0,5000.0,2,1,0.22727272727272727,0,0.0,,"{""betweenness"": 0.074, ""degree"": 0.105, ""n_seed_upstream"": 0.101, ""role"": 0.036}"
100000001893287100,peripheral,0.5,18,0.3196695408785156,"Периферийный узел: 1 входящих, 1 исходящих, оборот 171 тыс.; есть источники вне выборки",3,False,1,1,18000.0,152700.0,3,14,8.483333333333333,0,0.0,external_funding,"{""betweenness"": 0.074, ""degree"": 0.105, ""n_seed_upstream"": 0.101, ""role"": 0.036}"
100000005172860100,terminal,0.5,1,0.42717033091056844,"Вероятный конечный получатель: 1 плательщиков, получено 15 тыс., исходящих нет",3,False,1,0,15209.2,0.0,1,0,0.0,0,0.0,,"{""betweenness"": 0.074, ""degree"": 0.048, ""n_seed_upstream"": 0.101, ""role"": 0.199}"
100000001788284100,peripheral,0.5,27,0.4645162746602862,"Периферийный узел: 1 входящих, 5 исходящих, оборот 305 тыс.; есть источники вне выборки",3,False,1,5,8000.0,296700.0,1,8,37.0875,0,5.9444055416126226e-05,external_funding,"{""betweenness"": 0.183, ""degree"": 0.138, ""n_seed_upstream"": 0.101, ""role"": 0.036}"
100000008755580100,terminal,0.5,9,0.42717033091056844,"Вероятный конечный получатель: 1 плательщиков, получено 16 тыс., исходящих нет",3,False,1,0,16000.0,0.0,1,0,0.0,0,0.0,,"{""betweenness"": 0.074, ""degree"": 0.048, ""n_seed_upstream"": 0.101, ""role"": 0.199}"
100000003896956100,peripheral,0.5,2,0.40959776082343924,"Периферийный узел: 1 входящих, 1 исходящих, оборот 37 тыс.; есть источники вне выборки",3,False,1,1,10000.0,27000.0,1,2,2.7,0,1.922024458454748e-05,external_funding,"{""betweenness"": 0.163, ""degree"": 0.105, ""n_seed_upstream"": 0.101, ""role"": 0.036}"
100000002475601100,terminal,0.5,15,0.42717033091056844,"Вероятный конечный получатель: 1 плательщиков, получено 232 тыс., исходящих нет",3,False,1,0,232301.0,0.0,1,0,0.0,0,0.0,,"{""betweenness"": 0.074, ""degree"": 0.048, ""n_seed_upstream"": 0.101, ""role"": 0.199}"
100000008619857100,peripheral,0.5,3,0.3368358087670986,"Периферийный узел: 1 входящих, 2 исходящих, оборот 42 тыс.",3,False,1,2,29000.0,13000.0,1,2,0.4482758620689655,0,0.0,,"{""betweenness"": 0.074, ""degree"": 0.122, ""n_seed_upstream"": 0.101, ""role"": 0.036}"
100000001373265100,peripheral,0.5,1,0.40959776082343924,"Периферийный узел: 1 входящих, 1 исходящих, оборот 147 тыс.",3,False,1,1,142482.0,5000.0,1,1,0.0350921519911287,0,1.922024458454748e-05,,"{""betweenness"": 0.163, ""degree"": 0.105, ""n_seed_upstream"": 0.101, ""role"": 0.036}"
100000004185681100,terminal,0.5,3,0.42717033091056844,"Вероятный конечный получатель: 1 плательщиков, получено 10 тыс., исходящих нет",3,False,1,0,10000.0,0.0,1,0,0.0,0,0.0,,"{""betweenness"": 0.074, ""degree"": 0.048, ""n_seed_upstream"": 0.101, ""role"": 0.199}"
100000003031633100,terminal,0.5,6,0.42717033091056844,"Вероятный конечный получатель: 1 плательщиков, получено 414 тыс., исходящих нет",3,False,1,0,414000.0,0.0,2,0,0.0,0,0.0,,"{""betweenness"": 0.074, ""degree"": 0.048, ""n_seed_upstream"": 0.101, ""role"": 0.199}"
100000002632742100,terminal,0.5,6,0.4851699697530586,"Вероятный конечный получатель: 2 плательщиков, получено 236 тыс., исходящих нет",3,False,2,0,235500.0,0.0,2,0,0.0,0,0.0,,"{""betweenness"": 0.074, ""degree"": 0.105, ""n_seed_upstream"": 0.101, ""role"": 0.199}"
100000005847078100,terminal,0.5,9,0.42717033091056844,"Вероятный конечный получатель: 1 плательщиков, получено 16 тыс., исходящих нет",3,False,1,0,16300.0,0.0,1,0,0.0,0,0.0,,"{""betweenness"": 0.074, ""degree"": 0.048, ""n_seed_upstream"": 0.101, ""role"": 0.199}"
100000002807334100,terminal,0.5,8,0.42717033091056844,"Вероятный конечный получатель: 1 плательщиков, получено 55 тыс., исходящих нет",3,False,1,0,54715.0,0.0,1,0,0.0,0,0.0,,"{""betweenness"": 0.074, ""degree"": 0.048, ""n_seed_upstream"": 0.101, ""role"": 0.199}"
100000008748795100,terminal,0.5,12,0.42717033091056844,"Вероятный конечный получатель: 1 плательщиков, получено 47 тыс., исходящих нет",3,False,1,0,47057.0,0.0,1,0,0.0,0,0.0,,"{""betweenness"": 0.074, ""degree"": 0.048, ""n_seed_upstream"": 0.101, ""role"": 0.199}"
100000003899899100,peripheral,0.5,2,0.4307819060087581,"Периферийный узел: 2 входящих, 1 исходящих, оборот 228 тыс.",3,False,2,1,218500.0,10000.0,5,1,0.04576659038901602,0,1.9418391435934565e-05,,"{""betweenness"": 0.167, ""degree"": 0.122, ""n_seed_upstream"": 0.101, ""role"": 0.036}"
100000002308091100,terminal,0.5,14,0.42717033091056844,"Вероятный конечный получатель: 1 плательщиков, получено 187 тыс., исходящих нет",3,False,1,0,186720.0,0.0,1,0,0.0,0,0.0,,"{""betweenness"": 0.074, ""degree"": 0.048, ""n_seed_upstream"": 0.101, ""role"": 0.199}"
100000008680912100,peripheral,0.5,3,0.3196695408785156,"Периферийный узел: 1 входящих, 1 исходящих, оборот 51 тыс.",3,False,1,1,45112.0,5990.85,2,1,0.13279947685759888,0,0.0,,"{""betweenness"": 0.074, ""degree"": 0.105, ""n_seed_upstream"": 0.101, ""role"": 0.036}"
100000008742053100,peripheral,0.5,6,0.47751794501376915,"Периферийный узел: 1 входящих, 12 исходящих, оборот 2.80 млн; есть источники вне выборки",3,False,1,12,10000.0,2789000.0,1,12,278.9,0,0.00011710478916976866,external_funding,"{""betweenness"": 0.188, ""degree"": 0.146, ""n_seed_upstream"": 0.101, ""role"": 0.036}"
100000008473765100,terminal,0.5,1,0.42717033091056844,"Вероятный конечный получатель: 1 плательщиков, получено 30 тыс., исходящих нет",3,False,1,0,30000.0,0.0,1,0,0.0,0,0.0,,"{""betweenness"": 0.074, ""degree"": 0.048, ""n_seed_upstream"": 0.101, ""role"": 0.199}"
100000007472293100,peripheral,0.5,6,0.4538056972597175,"Периферийный узел: 1 входящих, 3 исходящих, оборот 351 тыс.; есть источники вне выборки",3,False,1,3,5000.0,345900.0,1,3,69.18,0,4.4583041562094664e-05,external_funding,"{""betweenness"": 0.18, ""degree"": 0.13, ""n_seed_upstream"": 0.101, ""role"": 0.036}"
100000008753061100,terminal,0.5,9,0.42717033091056844,"Вероятный конечный получатель: 1 плательщиков, получено 28 тыс., исходящих нет",3,False,1,0,28400.0,0.0,2,0,0.0,0,0.0,,"{""betweenness"": 0.074, ""degree"": 0.048, ""n_seed_upstream"": 0.101, ""role"": 0.199}"
100000008501413100,transit,0.5016188575227439,10,0.6568326486388877,"Признаки транзита: получено 5 тыс., отдано 102%, 1→1 контрагента",3,False,1,1,5000.0,5100.0,1,1,1.02,0,2.1201713098418353e-05,,"{""betweenness"": 0.171, ""degree"": 0.105, ""n_seed_upstream"": 0.101, ""role"": 0.271}"
100000002748581100,terminal,0.5,11,0.42717033091056844,"Вероятный конечный получатель: 1 плательщиков, получено 41 тыс., исходящих нет",3,False,1,0,41180.0,0.0,1,0,0.0,0,0.0,,"{""betweenness"": 0.074, ""degree"": 0.048, ""n_seed_upstream"": 0.101, ""role"": 0.199}"
100000001384826100,peripheral,0.5,8,0.40959776082343924,"Периферийный узел: 1 входящих, 1 исходящих, оборот 374 тыс.",3,False,1,1,364260.0,10000.0,1,1,0.027452918245209467,0,1.922024458454748e-05,,"{""betweenness"": 0.163, ""degree"": 0.105, ""n_seed_upstream"": 0.101, ""role"": 0.036}"
100000004099450100,terminal,0.5,5,0.42717033091056844,"Вероятный конечный получатель: 1 плательщиков, получено 31 тыс., исходящих нет",3,False,1,0,31000.0,0.0,1,0,0.0,0,0.0,,"{""betweenness"": 0.074, ""degree"": 0.048, ""n_seed_upstream"": 0.101, ""role"": 0.199}"
100000002926970100,terminal,0.5,7,0.42717033091056844,"Вероятный конечный получатель: 1 плательщиков, получено 85 тыс., исходящих нет",3,False,1,0,85000.0,0.0,1,0,0.0,0,0.0,,"{""betweenness"": 0.074, ""degree"": 0.048, ""n_seed_upstream"": 0.101, ""role"": 0.199}"
100000002753146100,terminal,0.5,14,0.42717033091056844,"Вероятный конечный получатель: 1 плательщиков, получено 804 тыс., исходящих нет",3,False,1,0,803540.0,0.0,3,0,0.0,0,0.0,,"{""betweenness"": 0.074, ""degree"": 0.048, ""n_seed_upstream"": 0.101, ""role"": 0.199}"
100000003943247100,terminal,0.5,12,0.42717033091056844,"Вероятный конечный получатель: 1 плательщиков, получено 40 тыс., исходящих нет",3,False,1,0,40000.0,0.0,1,0,0.0,0,0.0,,"{""betweenness"": 0.074, ""degree"": 0.048, ""n_seed_upstream"": 0.101, ""role"": 0.199}"
100000002872399100,terminal,0.5,7,0.42717033091056844,"Вероятный конечный получатель: 1 плательщиков, получено 1.09 млн, исходящих нет",3,False,1,0,1090000.0,0.0,9,0,0.0,0,0.0,,"{""betweenness"": 0.074, ""degree"": 0.048, ""n_seed_upstream"": 0.101, ""role"": 0.199}"
100000008417359100,peripheral,0.5,17,0.3368358087670986,"Периферийный узел: 1 входящих, 2 исходящих, оборот 152 тыс.; есть источники вне выборки",3,False,1,2,40810.0,110760.0,2,3,2.714040676304827,0,0.0,external_funding,"{""betweenness"": 0.074, ""degree"": 0.122, ""n_seed_upstream"": 0.101, ""role"": 0.036}"
100000002614095100,terminal,0.5,9,0.42717033091056844,"Вероятный конечный получатель: 1 плательщиков, получено 5 тыс., исходящих нет",3,False,1,0,5300.0,0.0,1,0,0.0,0,0.0,,"{""betweenness"": 0.074, ""degree"": 0.048, ""n_seed_upstream"": 0.101, ""role"": 0.199}"
100000004717647100,peripheral,0.5,3,0.46641235158683586,"Периферийный узел: 1 входящих, 5 исходящих, оборот 2.54 млн; есть источники вне выборки",3,False,1,5,300000.0,2240000.0,2,10,7.466666666666667,0,7.767356574373826e-05,external_funding,"{""betweenness"": 0.185, ""degree"": 0.138, ""n_seed_upstream"": 0.101, ""role"": 0.036}"
100000008537380100,terminal,0.5,9,0.42717033091056844,"Вероятный конечный получатель: 1 плательщиков, получено 8 тыс., исходящих нет",3,False,1,0,8000.0,0.0,1,0,0.0,0,0.0,,"{""betweenness"": 0.074, ""degree"": 0.048, ""n_seed_upstream"": 0.101, ""role"": 0.199}"
100000001534244100,peripheral,0.5,6,0.43619926865604264,"Периферийный узел: 2 входящих, 1 исходящих, оборот 411 тыс.",3,False,2,1,366000.0,45000.0,2,1,0.12295081967213115,0,2.159800680119253e-05,,"{""betweenness"": 0.172, ""degree"": 0.122, ""n_seed_upstream"": 0.101, ""role"": 0.036}"
100000008767950100,terminal,0.5,9,0.42717033091056844,"Вероятный конечный получатель: 1 плательщиков, получено 17 тыс., исходящих нет",3,False,1,0,17350.0,0.0,1,0,0.0,0,0.0,,"{""betweenness"": 0.074, ""degree"": 0.048, ""n_seed_upstream"": 0.101, ""role"": 0.199}"
100000004613582100,peripheral,0.5,25,0.39614464358268253,"Периферийный узел: 1 входящих, 1 исходящих, оборот 14 тыс.; есть источники вне выборки",3,False,1,1,5000.0,9500.0,1,1,1.9,0,3.962937027741748e-07,external_funding,"{""betweenness"": 0.149, ""degree"": 0.105, ""n_seed_upstream"": 0.101, ""role"": 0.036}"
100000008121806100,peripheral,0.5,15,0.47528328292176436,"Периферийный узел: 1 входящих, 4 исходящих, оборот 316 тыс.; есть источники вне выборки",3,False,1,4,67000.0,248509.0,1,6,3.709089552238806,0,0.0010420542914446928,external_funding,"{""betweenness"": 0.197, ""degree"": 0.135, ""n_seed_upstream"": 0.101, ""role"": 0.036}"
100000002369443100,terminal,0.5,9,0.42717033091056844,"Вероятный конечный получатель: 1 плательщиков, получено 50 тыс., исходящих нет",3,False,1,0,50000.0,0.0,1,0,0.0,0,0.0,,"{""betweenness"": 0.074, ""degree"": 0.048, ""n_seed_upstream"": 0.101, ""role"": 0.199}"
100000008655779100,peripheral,0.5,22,0.44509277233533473,"Периферийный узел: 1 входящих, 2 исходящих, оборот 72 тыс.",3,False,1,2,47000.0,24704.0,1,2,0.5256170212765957,0,4.5375628967643015e-05,,"{""betweenness"": 0.181, ""degree"": 0.122, ""n_seed_upstream"": 0.101, ""role"": 0.036}"
100000008561016100,transit,0.5016760898594066,6,0.6584578574330731,"Признаки транзита: получено 180 тыс., отдано 103%, 1→1 контрагента",3,False,1,1,180000.0,185000.0,2,4,1.0277777777777777,0,2.2390594206740877e-05,,"{""betweenness"": 0.173, ""degree"": 0.105, ""n_seed_upstream"": 0.101, ""role"": 0.271}"
100000002727288100,terminal,0.5,2,0.42717033091056844,"Вероятный конечный получатель: 1 плательщиков, получено 16 тыс., исходящих нет",3,False,1,0,16000.0,0.0,1,0,0.0,0,0.0,,"{""betweenness"": 0.074, ""degree"": 0.048, ""n_seed_upstream"": 0.101, ""role"": 0.199}"
100000001270349100,terminal,0.5,6,0.42717033091056844,"Вероятный конечный получатель: 1 плательщиков, получено 200 тыс., исходящих нет",3,False,1,0,200000.0,0.0,1,0,0.0,0,0.0,,"{""betweenness"": 0.074, ""degree"": 0.048, ""n_seed_upstream"": 0.101, ""role"": 0.199}"
100000004722765100,peripheral,0.5,3,0.45592749762990387,"Периферийный узел: 1 входящих, 3 исходящих, оборот 2.51 млн; есть источники вне выборки",3,False,1,3,230000.0,2284500.0,1,9,9.932608695652174,0,5.8255174307803695e-05,external_funding,"{""betweenness"": 0.182, ""degree"": 0.13, ""n_seed_upstream"": 0.101, ""role"": 0.036}"
100000001677389100,peripheral,0.5,17,0.40959776082343924,"Периферийный узел: 1 входящих, 1 исходящих, оборот 16 тыс.",3,False,1,1,11000.0,5400.0,1,1,0.4909090909090909,0,1.922024458454748e-05,,"{""betweenness"": 0.163, ""degree"": 0.105, ""n_seed_upstream"": 0.101, ""role"": 0.036}"
100000005857058100,coordinator,0.5,2,0.594566836711661,Кандидат в координирующий узел: 3 плательщиков → 0 получателей; сигналы S3,3,False,3,0,80222.0,0.0,3,0,0.0,0,0.0,terminal;S3,"{""betweenness"": 0.074, ""degree"": 0.122, ""n_seed_upstream"": 0.101, ""role"": 0.29}"
100000008760098100,peripheral,0.5,6,0.40526387070561154,"Периферийный узел: 1 входящих, 1 исходящих, оборот 397 тыс.; есть источники вне выборки",3,False,1,1,7000.0,390000.0,1,1,55.714285714285715,0,1.2285104785999419e-05,external_funding,"{""betweenness"": 0.158, ""degree"": 0.105, ""n_seed_upstream"": 0.101, ""role"": 0.036}"
100000002838519100,terminal,0.5,11,0.42717033091056844,"Вероятный конечный получатель: 1 плательщиков, получено 47 тыс., исходящих нет",3,False,1,0,46900.0,0.0,1,0,0.0,0,0.0,,"{""betweenness"": 0.074, ""degree"": 0.048, ""n_seed_upstream"": 0.101, ""role"": 0.199}"
100000002597623100,terminal,0.5,12,0.42717033091056844,"Вероятный конечный получатель: 1 плательщиков, получено 16 тыс., исходящих нет",3,False,1,0,16418.0,0.0,1,0,0.0,0,0.0,,"{""betweenness"": 0.074, ""degree"": 0.048, ""n_seed_upstream"": 0.101, ""role"": 0.199}"
100000003635660100,terminal,0.5,1,0.42717033091056844,"Вероятный конечный получатель: 1 плательщиков, получено 19 тыс., исходящих нет",3,False,1,0,18985.0,0.0,1,0,0.0,0,0.0,,"{""betweenness"": 0.074, ""degree"": 0.048, ""n_seed_upstream"": 0.101, ""role"": 0.199}"
100000008676812100,terminal,0.5,19,0.42717033091056844,"Вероятный конечный получатель: 1 плательщиков, получено 231 тыс., исходящих нет",3,False,1,0,230800.0,0.0,1,0,0.0,0,0.0,,"{""betweenness"": 0.074, ""degree"": 0.048, ""n_seed_upstream"": 0.101, ""role"": 0.199}"
100000003213473100,peripheral,0.5,5,0.47488826689539976,"Периферийный узел: 1 входящих, 11 исходящих, оборот 298 тыс.; есть источники вне выборки",3,False,1,11,57500.0,240000.0,2,12,4.173913043478261,0,8.698646775893137e-05,external_funding,"{""betweenness"": 0.186, ""degree"": 0.146, ""n_seed_upstream"": 0.101, ""role"": 0.036}"
100000003071649100,terminal,0.5,6,0.42717033091056844,"Вероятный конечный получатель: 1 плательщиков, получено 190 тыс., исходящих нет",3,False,1,0,189500.0,0.0,1,0,0.0,0,0.0,,"{""betweenness"": 0.074, ""degree"": 0.048, ""n_seed_upstream"": 0.101, ""role"": 0.199}"
100000002433697100,transit,0.5003396204593169,8,0.6481648684032324,"Признаки транзита: получено 130 тыс., отдано 85%, 1→1 контрагента",3,False,1,1,130000.0,110000.0,1,1,0.8461538461538461,0,1.922024458454748e-05,,"{""betweenness"": 0.163, ""degree"": 0.105, ""n_seed_upstream"": 0.101, ""role"": 0.271}"
100000008612257100,terminal,0.5,8,0.42717033091056844,"Вероятный конечный получатель: 1 плательщиков, получено 10 тыс., исходящих нет",3,False,1,0,9500.0,0.0,1,0,0.0,0,0.0,,"{""betweenness"": 0.074, ""degree"": 0.048, ""n_seed_upstream"": 0.101, ""role"": 0.199}"
100000002736033100,peripheral,0.5,17,0.40959776082343924,"Периферийный узел: 1 входящих, 1 исходящих, оборот 46 тыс.",3,False,1,1,34530.0,11000.0,1,1,0.3185635679119606,0,1.922024458454748e-05,,"{""betweenness"": 0.163, ""degree"": 0.105, ""n_seed_upstream"": 0.101, ""role"": 0.036}"
100000008687990100,terminal,0.5,9,0.42717033091056844,"Вероятный конечный получатель: 1 плательщиков, получено 18 тыс., исходящих нет",3,False,1,0,17600.0,0.0,1,0,0.0,0,0.0,,"{""betweenness"": 0.074, ""degree"": 0.048, ""n_seed_upstream"": 0.101, ""role"": 0.199}"
100000008776310100,terminal,0.5,9,0.42717033091056844,"Вероятный конечный получатель: 1 плательщиков, получено 19 тыс., исходящих нет",3,False,1,0,19200.0,0.0,1,0,0.0,0,0.0,,"{""betweenness"": 0.074, ""degree"": 0.048, ""n_seed_upstream"": 0.101, ""role"": 0.199}"
100000007267915100,coordinator,0.5,17,0.594566836711661,Кандидат в координирующий узел: 2 плательщиков → 1 получателей; сигналы S3,3,False,2,1,21000.0,10000.0,3,1,0.47619047619047616,0,0.0,peripheral;S3,"{""betweenness"": 0.074, ""degree"": 0.122, ""n_seed_upstream"": 0.101, ""role"": 0.29}"
100000004217419100,peripheral,0.5,1,0.4307819060087581,"Периферийный узел: 2 входящих, 1 исходящих, оборот 126 тыс.",3,False,2,1,118200.0,7700.0,3,1,0.06514382402707276,0,1.9418391435934565e-05,,"{""betweenness"": 0.167, ""degree"": 0.122, ""n_seed_upstream"": 0.101, ""role"": 0.036}"
100000002773323100,peripheral,0.5,6,0.435747821768769,"Периферийный узел: 2 входящих, 1 исходящих, оборот 1.46 млн; есть источники вне выборки",3,False,2,1,285000.0,1171644.0,2,2,4.111031578947369,0,2.139985994980544e-05,external_funding,"{""betweenness"": 0.171, ""degree"": 0.122, ""n_seed_upstream"": 0.101, ""role"": 0.036}"
100000002528544100,terminal,0.5,15,0.42717033091056844,"Вероятный конечный получатель: 1 плательщиков, получено 193 тыс., исходящих нет",3,False,1,0,192912.0,0.0,1,0,0.0,0,0.0,,"{""betweenness"": 0.074, ""degree"": 0.048, ""n_seed_upstream"": 0.101, ""role"": 0.199}"
100000003760160100,terminal,0.5,8,0.42717033091056844,"Вероятный конечный получатель: 1 плательщиков, получено 104 тыс., исходящих нет",3,False,1,0,104470.0,0.0,1,0,0.0,0,0.0,,"{""betweenness"": 0.074, ""degree"": 0.048, ""n_seed_upstream"": 0.101, ""role"": 0.199}"
100000000640800100,peripheral,0.5,15,0.46851157961265866,"Периферийный узел: 1 входящих, 4 исходящих, оборот 598 тыс.; есть источники вне выборки",3,False,1,4,80000.0,518135.0,1,6,6.4766875,0,0.00016069709647492788,external_funding,"{""betweenness"": 0.19, ""degree"": 0.135, ""n_seed_upstream"": 0.101, ""role"": 0.036}"
100000008238112100,terminal,0.5,8,0.42717033091056844,"Вероятный конечный получатель: 1 плательщиков, получено 190 тыс., исходящих нет",3,False,1,0,190000.0,0.0,1,0,0.0,0,0.0,,"{""betweenness"": 0.074, ""degree"": 0.048, ""n_seed_upstream"": 0.101, ""role"": 0.199}"
100000008751349100,terminal,0.5,26,0.42717033091056844,"Вероятный конечный получатель: 1 плательщиков, получено 12 тыс., исходящих нет",3,False,1,0,11630.0,0.0,1,0,0.0,0,0.0,,"{""betweenness"": 0.074, ""degree"": 0.048, ""n_seed_upstream"": 0.101, ""role"": 0.199}"
100000002963189100,peripheral,0.5,11,0.4715137014130288,"Периферийный узел: 1 входящих, 7 исходящих, оборот 5.71 млн; есть источники вне выборки",3,False,1,7,490000.0,5219000.0,3,15,10.651020408163266,0,8.520314609644758e-05,external_funding,"{""betweenness"": 0.186, ""degree"": 0.142, ""n_seed_upstream"": 0.101, ""role"": 0.036}"
100000008548853100,terminal,0.5,9,0.42717033091056844,"Вероятный конечный получатель: 1 плательщиков, получено 14 тыс., исходящих нет",3,False,1,0,14000.0,0.0,1,0,0.0,0,0.0,,"{""betweenness"": 0.074, ""degree"": 0.048, ""n_seed_upstream"": 0.101, ""role"": 0.199}"
100000003164661100,terminal,0.5,24,0.42717033091056844,"Вероятный конечный получатель: 1 плательщиков, получено 596 тыс., исходящих нет",3,False,1,0,596200.0,0.0,3,0,0.0,0,0.0,,"{""betweenness"": 0.074, ""degree"": 0.048, ""n_seed_upstream"": 0.101, ""role"": 0.199}"
100000000791285100,peripheral,0.5,26,0.45091643718116564,"Периферийный узел: 1 входящих, 3 исходящих, оборот 1.77 млн",3,False,1,3,1120000.0,650000.0,2,3,0.5803571428571429,0,3.883678287186913e-05,,"{""betweenness"": 0.178, ""degree"": 0.13, ""n_seed_upstream"": 0.101, ""role"": 0.036}"
100000003192309100,peripheral,0.5,9,0.40083969121032914,"Периферийный узел: 1 входящих, 1 исходящих, оборот 230 тыс.; есть источники вне выборки",3,False,1,1,17200.0,213000.0,1,1,12.383720930232558,0,1.387027959709612e-06,external_funding,"{""betweenness"": 0.154, ""degree"": 0.105, ""n_seed_upstream"": 0.101, ""role"": 0.036}"
100000002891765100,terminal,0.5,11,0.42717033091056844,"Вероятный конечный получатель: 1 плательщиков, получено 56 тыс., исходящих нет",3,False,1,0,55576.0,0.0,1,0,0.0,0,0.0,,"{""betweenness"": 0.074, ""degree"": 0.048, ""n_seed_upstream"": 0.101, ""role"": 0.199}"
100000001740277100,peripheral,0.5,7,0.3196695408785156,"Периферийный узел: 1 входящих, 1 исходящих, оборот 14 тыс.",3,False,1,1,8700.0,5000.0,1,1,0.5747126436781609,0,0.0,,"{""betweenness"": 0.074, ""degree"": 0.105, ""n_seed_upstream"": 0.101, ""role"": 0.036}"
100000002232266100,terminal,0.5,1,0.42717033091056844,"Вероятный конечный получатель: 1 плательщиков, получено 45 тыс., исходящих нет",3,False,1,0,45000.0,0.0,1,0,0.0,0,0.0,,"{""betweenness"": 0.074, ""degree"": 0.048, ""n_seed_upstream"": 0.101, ""role"": 0.199}"
100000006701983100,terminal,0.5,9,0.42717033091056844,"Вероятный конечный получатель: 1 плательщиков, получено 27 тыс., исходящих нет",3,False,1,0,27000.0,0.0,1,0,0.0,0,0.0,,"{""betweenness"": 0.074, ""degree"": 0.048, ""n_seed_upstream"": 0.101, ""role"": 0.199}"
100000002871199100,terminal,0.5,11,0.42717033091056844,"Вероятный конечный получатель: 1 плательщиков, получено 23 тыс., исходящих нет",3,False,1,0,23186.0,0.0,1,0,0.0,0,0.0,,"{""betweenness"": 0.074, ""degree"": 0.048, ""n_seed_upstream"": 0.101, ""role"": 0.199}"
100000002757791100,terminal,0.5,6,0.42717033091056844,"Вероятный конечный получатель: 1 плательщиков, получено 73 тыс., исходящих нет",3,False,1,0,73050.0,0.0,1,0,0.0,0,0.0,,"{""betweenness"": 0.074, ""degree"": 0.048, ""n_seed_upstream"": 0.101, ""role"": 0.199}"
100000000572276100,peripheral,0.5,9,0.40083969121032914,"Периферийный узел: 1 входящих, 1 исходящих, оборот 48 тыс.; есть источники вне выборки",3,False,1,1,13075.0,34547.0,1,1,2.6422179732313578,0,1.387027959709612e-06,external_funding,"{""betweenness"": 0.154, ""degree"": 0.105, ""n_seed_upstream"": 0.101, ""role"": 0.036}"
100000001853812100,terminal,0.5,1,0.42717033091056844,"Вероятный конечный получатель: 1 плательщиков, получено 70 тыс., исходящих нет",3,False,1,0,70000.0,0.0,1,0,0.0,0,0.0,,"{""betweenness"": 0.074, ""degree"": 0.048, ""n_seed_upstream"": 0.101, ""role"": 0.199}"
100000004726132100,peripheral,0.5,1,0.40959776082343924,"Периферийный узел: 1 входящих, 1 исходящих, оборот 373 тыс.",3,False,1,1,349000.0,24000.0,1,2,0.06876790830945559,0,1.922024458454748e-05,,"{""betweenness"": 0.163, ""degree"": 0.105, ""n_seed_upstream"": 0.101, ""role"": 0.036}"
100000001785161100,terminal,0.5,14,0.4851699697530586,"Вероятный конечный получатель: 2 плательщиков, получено 30 тыс., исходящих нет",3,False,2,0,30000.0,0.0,2,0,0.0,0,0.0,,"{""betweenness"": 0.074, ""degree"": 0.105, ""n_seed_upstream"": 0.101, ""role"": 0.199}"
100000002612809100,peripheral,0.5,35,0.42753148842038735,"Периферийный узел: 1 входящих, 3 исходящих, оборот 144 тыс.; есть источники вне выборки",3,False,1,3,30000.0,114000.0,2,4,3.8,0,1.5851748110966993e-06,external_funding,"{""betweenness"": 0.154, ""degree"": 0.13, ""n_seed_upstream"": 0.101, ""role"": 0.036}"
100000008769097100,terminal,0.5,9,0.42717033091056844,"Вероятный конечный получатель: 1 плательщиков, получено 31 тыс., исходящих нет",3,False,1,0,31100.0,0.0,1,0,0.0,0,0.0,,"{""betweenness"": 0.074, ""degree"": 0.048, ""n_seed_upstream"": 0.101, ""role"": 0.199}"
100000004488265100,terminal,0.5,1,0.42717033091056844,"Вероятный конечный получатель: 1 плательщиков, получено 39 тыс., исходящих нет",3,False,1,0,38740.0,0.0,1,0,0.0,0,0.0,,"{""betweenness"": 0.074, ""degree"": 0.048, ""n_seed_upstream"": 0.101, ""role"": 0.199}"
100000002509598100,terminal,0.5,14,0.42717033091056844,"Вероятный конечный получатель: 1 плательщиков, получено 306 тыс., исходящих нет",3,False,1,0,305550.0,0.0,1,0,0.0,0,0.0,,"{""betweenness"": 0.074, ""degree"": 0.048, ""n_seed_upstream"": 0.101, ""role"": 0.199}"
100000008706846100,terminal,0.5,9,0.42717033091056844,"Вероятный конечный получатель: 1 плательщиков, получено 14 тыс., исходящих нет",3,False,1,0,14200.0,0.0,1,0,0.0,0,0.0,,"{""betweenness"": 0.074, ""degree"": 0.048, ""n_seed_upstream"": 0.101, ""role"": 0.199}"
100000001280798100,terminal,0.5,7,0.42717033091056844,"Вероятный конечный получатель: 1 плательщиков, получено 24 тыс., исходящих нет",3,False,1,0,23785.0,0.0,1,0,0.0,0,0.0,,"{""betweenness"": 0.074, ""degree"": 0.048, ""n_seed_upstream"": 0.101, ""role"": 0.199}"
100000006664478100,transit,0.5021406380466036,7,0.6556250282154306,"Признаки транзита: получено 55 тыс., отдано 109%, 1→2 контрагента",3,False,1,2,55000.0,60000.0,3,2,1.0909090909090908,0,1.1888811083225246e-06,,"{""betweenness"": 0.153, ""degree"": 0.122, ""n_seed_upstream"": 0.101, ""role"": 0.271}"
100000003781406100,terminal,0.5,13,0.42717033091056844,"Вероятный конечный получатель: 1 плательщиков, получено 45 тыс., исходящих нет",3,False,1,0,45000.0,0.0,2,0,0.0,0,0.0,,"{""betweenness"": 0.074, ""degree"": 0.048, ""n_seed_upstream"": 0.101, ""role"": 0.199}"
100000008708595100,terminal,0.5,9,0.42717033091056844,"Вероятный конечный получатель: 1 плательщиков, получено 17 тыс., исходящих нет",3,False,1,0,17200.0,0.0,1,0,0.0,0,0.0,,"{""betweenness"": 0.074, ""degree"": 0.048, ""n_seed_upstream"": 0.101, ""role"": 0.199}"
100000004611571100,terminal,0.5,12,0.42717033091056844,"Вероятный конечный получатель: 1 плательщиков, получено 23 тыс., исходящих нет",3,False,1,0,22550.0,0.0,1,0,0.0,0,0.0,,"{""betweenness"": 0.074, ""degree"": 0.048, ""n_seed_upstream"": 0.101, ""role"": 0.199}"
100000008576243100,terminal,0.5,3,0.4851699697530586,"Вероятный конечный получатель: 2 плательщиков, получено 83 тыс., исходящих нет",3,False,2,0,82920.0,0.0,4,0,0.0,0,0.0,,"{""betweenness"": 0.074, ""degree"": 0.105, ""n_seed_upstream"": 0.101, ""role"": 0.199}"
100000008662216100,terminal,0.5,9,0.42717033091056844,"Вероятный конечный получатель: 1 плательщиков, получено 26 тыс., исходящих нет",3,False,1,0,26200.0,0.0,1,0,0.0,0,0.0,,"{""betweenness"": 0.074, ""degree"": 0.048, ""n_seed_upstream"": 0.101, ""role"": 0.199}"
100000002681544100,terminal,0.5,3,0.4851699697530586,"Вероятный конечный получатель: 2 плательщиков, получено 166 тыс., исходящих нет",3,False,2,0,166072.0,0.0,2,0,0.0,0,0.0,,"{""betweenness"": 0.074, ""degree"": 0.105, ""n_seed_upstream"": 0.101, ""role"": 0.199}"
100000007864477100,coordinator,0.5,3,0.7184100040630221,Кандидат в координирующий узел: 2 плательщиков → 6 получателей; сигналы S3,3,False,2,6,76000.0,203500.0,2,10,2.6776315789473686,0,3.209978992470816e-05,external_funding;peripheral;S3,"{""betweenness"": 0.175, ""degree"": 0.142, ""n_seed_upstream"": 0.101, ""role"": 0.29}"
100000004746397100,peripheral,0.5,8,0.4421019367071465,"Периферийный узел: 1 входящих, 1 исходящих, оборот 227 тыс.",3,False,1,1,219520.0,7500.0,1,1,0.03416545189504373,0,0.000412541744587916,,"{""betweenness"": 0.195, ""degree"": 0.105, ""n_seed_upstream"": 0.101, ""role"": 0.036}"
100000003814002100,terminal,0.5,8,0.42717033091056844,"Вероятный конечный получатель: 1 плательщиков, получено 30 тыс., исходящих нет",3,False,1,0,30000.0,0.0,1,0,0.0,0,0.0,,"{""betweenness"": 0.074, ""degree"": 0.048, ""n_seed_upstream"": 0.101, ""role"": 0.199}"
100000003962994100,terminal,0.5,34,0.42717033091056844,"Вероятный конечный получатель: 1 плательщиков, получено 10 тыс., исходящих нет",3,False,1,0,10000.0,0.0,1,0,0.0,0,0.0,,"{""betweenness"": 0.074, ""degree"": 0.048, ""n_seed_upstream"": 0.101, ""role"": 0.199}"
100000003366471100,coordinator,0.5,1,0.6844950566565843,Кандидат в координирующий узел: 2 плательщиков → 1 получателей; сигналы S3,3,False,2,1,329789.0,20000.0,5,1,0.0606448365470043,0,1.922024458454748e-05,peripheral;S3,"{""betweenness"": 0.163, ""degree"": 0.122, ""n_seed_upstream"": 0.101, ""role"": 0.29}"
100000003561031100,peripheral,0.5,1,0.40959776082343924,"Периферийный узел: 1 входящих, 1 исходящих, оборот 18 тыс.",3,False,1,1,13300.0,5000.0,1,1,0.37593984962406013,0,1.922024458454748e-05,,"{""betweenness"": 0.163, ""degree"": 0.105, ""n_seed_upstream"": 0.101, ""role"": 0.036}"
100000001690439100,terminal,0.5,3,0.42717033091056844,"Вероятный конечный получатель: 1 плательщиков, получено 14 тыс., исходящих нет",3,False,1,0,14200.0,0.0,1,0,0.0,0,0.0,,"{""betweenness"": 0.074, ""degree"": 0.048, ""n_seed_upstream"": 0.101, ""role"": 0.199}"
100000002954780100,terminal,0.5,6,0.42717033091056844,"Вероятный конечный получатель: 1 плательщиков, получено 133 тыс., исходящих нет",3,False,1,0,133400.0,0.0,1,0,0.0,0,0.0,,"{""betweenness"": 0.074, ""degree"": 0.048, ""n_seed_upstream"": 0.101, ""role"": 0.199}"
100000008720668100,terminal,0.5,9,0.42717033091056844,"Вероятный конечный получатель: 1 плательщиков, получено 16 тыс., исходящих нет",3,False,1,0,16000.0,0.0,1,0,0.0,0,0.0,,"{""betweenness"": 0.074, ""degree"": 0.048, ""n_seed_upstream"": 0.101, ""role"": 0.199}"
100000002459164100,terminal,0.5,17,0.42717033091056844,"Вероятный конечный получатель: 1 плательщиков, получено 20 тыс., исходящих нет",3,False,1,0,20000.0,0.0,1,0,0.0,0,0.0,,"{""betweenness"": 0.074, ""degree"": 0.048, ""n_seed_upstream"": 0.101, ""role"": 0.199}"
100000005082652100,terminal,0.5,25,0.42717033091056844,"Вероятный конечный получатель: 1 плательщиков, получено 30 тыс., исходящих нет",3,False,1,0,30000.0,0.0,1,0,0.0,0,0.0,,"{""betweenness"": 0.074, ""degree"": 0.048, ""n_seed_upstream"": 0.101, ""role"": 0.199}"
100000005041905100,peripheral,0.5,9,0.3196695408785156,"Периферийный узел: 1 входящих, 1 исходящих, оборот 1.09 млн; есть источники вне выборки",3,False,1,1,5000.0,1080351.0,1,5,216.0702,0,0.0,external_funding,"{""betweenness"": 0.074, ""degree"": 0.105, ""n_seed_upstream"": 0.101, ""role"": 0.036}"
100000008653041100,terminal,0.5,9,0.42717033091056844,"Вероятный конечный получатель: 1 плательщиков, получено 28 тыс., исходящих нет",3,False,1,0,28000.0,0.0,1,0,0.0,0,0.0,,"{""betweenness"": 0.074, ""degree"": 0.048, ""n_seed_upstream"": 0.101, ""role"": 0.199}"
100000008722417100,peripheral,0.5,8,0.4552503272989933,"Периферийный узел: 1 входящих, 3 исходящих, оборот 1.05 млн; есть источники вне выборки",3,False,1,3,331900.0,720000.0,1,6,2.16932811087677,0,5.7660733753642434e-05,external_funding,"{""betweenness"": 0.182, ""degree"": 0.13, ""n_seed_upstream"": 0.101, ""role"": 0.036}"
100000008625905100,peripheral,0.5,2,0.44328698478623996,"Периферийный узел: 1 входящих, 2 исходящих, оборот 833 тыс.; есть источники вне выборки",3,False,1,2,197800.0,635000.0,1,2,3.210313447927199,0,3.962937027741748e-05,external_funding,"{""betweenness"": 0.179, ""degree"": 0.122, ""n_seed_upstream"": 0.101, ""role"": 0.036}"
100000007487729100,terminal,0.5,5,0.42717033091056844,"Вероятный конечный получатель: 1 плательщиков, получено 25 тыс., исходящих нет",3,False,1,0,25000.0,0.0,1,0,0.0,0,0.0,,"{""betweenness"": 0.074, ""degree"": 0.048, ""n_seed_upstream"": 0.101, ""role"": 0.199}"
100000000838385100,peripheral,0.5,2,0.43651528147713425,"Периферийный узел: 1 входящих, 2 исходящих, оборот 614 тыс.",3,False,1,2,436900.0,177500.0,8,6,0.40627145799954223,0,2.1796153652579615e-05,,"{""betweenness"": 0.172, ""degree"": 0.122, ""n_seed_upstream"": 0.101, ""role"": 0.036}"
100000004750321100,terminal,0.5,7,0.4851699697530586,"Вероятный конечный получатель: 2 плательщиков, получено 50 тыс., исходящих нет",3,False,2,0,50185.0,0.0,2,0,0.0,0,0.0,,"{""betweenness"": 0.074, ""degree"": 0.105, ""n_seed_upstream"": 0.101, ""role"": 0.199}"
100000008664774100,terminal,0.5,9,0.42717033091056844,"Вероятный конечный получатель: 1 плательщиков, получено 16 тыс., исходящих нет",3,False,1,0,16300.0,0.0,1,0,0.0,0,0.0,,"{""betweenness"": 0.074, ""degree"": 0.048, ""n_seed_upstream"": 0.101, ""role"": 0.199}"
100000006274203100,peripheral,0.5,19,0.4568642499209969,"Периферийный узел: 2 входящих, 3 исходящих, оборот 3.49 млн",3,False,2,3,3417512.0,72000.0,41,3,0.02106795821053445,0,3.962937027741748e-05,,"{""betweenness"": 0.179, ""degree"": 0.135, ""n_seed_upstream"": 0.101, ""role"": 0.036}"
100000002185328100,peripheral,0.5,16,0.4616495869260982,"Периферийный узел: 1 входящих, 4 исходящих, оборот 70 тыс.; есть источники вне выборки",3,False,1,4,15000.0,55000.0,1,4,3.6666666666666665,0,6.162367078138419e-05,external_funding,"{""betweenness"": 0.184, ""degree"": 0.135, ""n_seed_upstream"": 0.101, ""role"": 0.036}"
100000008254576100,peripheral,0.5,17,0.41478940002708686,"Периферийный узел: 1 входящих, 1 исходящих, оборот 68 тыс.; есть источники вне выборки",3,False,1,1,8000.0,60000.0,1,1,7.5,0,1.9616538287321655e-05,external_funding,"{""betweenness"": 0.168, ""degree"": 0.105, ""n_seed_upstream"": 0.101, ""role"": 0.036}"
100000001689968100,coordinator,0.5,8,0.594566836711661,Кандидат в координирующий узел: 3 плательщиков → 0 получателей; сигналы S3,3,False,3,0,344333.75,0.0,3,0,0.0,0,0.0,terminal;S3,"{""betweenness"": 0.074, ""degree"": 0.122, ""n_seed_upstream"": 0.101, ""role"": 0.29}"
100000002236528100,terminal,0.5,3,0.42717033091056844,"Вероятный конечный получатель: 1 плательщиков, получено 66 тыс., исходящих нет",3,False,1,0,66000.0,0.0,1,0,0.0,0,0.0,,"{""betweenness"": 0.074, ""degree"": 0.048, ""n_seed_upstream"": 0.101, ""role"": 0.199}"
100000002670960100,terminal,0.5,14,0.42717033091056844,"Вероятный конечный получатель: 1 плательщиков, получено 480 тыс., исходящих нет",3,False,1,0,480310.0,0.0,1,0,0.0,0,0.0,,"{""betweenness"": 0.074, ""degree"": 0.048, ""n_seed_upstream"": 0.101, ""role"": 0.199}"
100000003557488100,peripheral,0.5,30,0.4332648638887635,"Периферийный узел: 1 входящих, 2 исходящих, оборот 803 тыс.",3,False,1,2,664992.0,138000.0,3,4,0.20752129348924497,0,1.981468513870874e-05,,"{""betweenness"": 0.169, ""degree"": 0.122, ""n_seed_upstream"": 0.101, ""role"": 0.036}"
100000003888197100,terminal,0.5,8,0.42717033091056844,"Вероятный конечный получатель: 1 плательщиков, получено 83 тыс., исходящих нет",3,False,1,0,83167.0,0.0,1,0,0.0,0,0.0,,"{""betweenness"": 0.074, ""degree"": 0.048, ""n_seed_upstream"": 0.101, ""role"": 0.199}"
100000002799941100,terminal,0.5,19,0.42717033091056844,"Вероятный конечный получатель: 1 плательщиков, получено 600 тыс., исходящих нет",3,False,1,0,600000.0,0.0,1,0,0.0,0,0.0,,"{""betweenness"": 0.074, ""degree"": 0.048, ""n_seed_upstream"": 0.101, ""role"": 0.199}"
100000001632325100,terminal,0.5,9,0.42717033091056844,"Вероятный конечный получатель: 1 плательщиков, получено 86 тыс., исходящих нет",3,False,1,0,85600.0,0.0,3,0,0.0,0,0.0,,"{""betweenness"": 0.074, ""degree"": 0.048, ""n_seed_upstream"": 0.101, ""role"": 0.199}"
100000008620570100,peripheral,0.5,5,0.4483883346124329,"Периферийный узел: 2 входящих, 2 исходящих, оборот 177 тыс.",3,False,2,2,145000.0,31800.0,2,2,0.2193103448275862,0,2.99201745594502e-05,,"{""betweenness"": 0.175, ""degree"": 0.13, ""n_seed_upstream"": 0.101, ""role"": 0.036}"
100000005308954100,peripheral,0.5,2,0.4160985960001806,"Периферийный узел: 1 входящих, 1 исходящих, оборот 99 тыс.",3,False,1,1,69020.0,30000.0,1,1,0.43465662126919735,0,1.981468513870874e-05,,"{""betweenness"": 0.169, ""degree"": 0.105, ""n_seed_upstream"": 0.101, ""role"": 0.036}"
100000008468762100,terminal,0.5,6,0.4851699697530586,"Вероятный конечный получатель: 2 плательщиков, получено 170 тыс., исходящих нет",3,False,2,0,170000.0,0.0,2,0,0.0,0,0.0,,"{""betweenness"": 0.074, ""degree"": 0.105, ""n_seed_upstream"": 0.101, ""role"": 0.199}"
100000002305007100,terminal,0.5,9,0.42717033091056844,"Вероятный конечный получатель: 1 плательщиков, получено 56 тыс., исходящих нет",3,False,1,0,56000.0,0.0,1,0,0.0,0,0.0,,"{""betweenness"": 0.074, ""degree"": 0.048, ""n_seed_upstream"": 0.101, ""role"": 0.199}"
100000008314863100,terminal,0.5,5,0.42717033091056844,"Вероятный конечный получатель: 1 плательщиков, получено 12 тыс., исходящих нет",3,False,1,0,12000.0,0.0,1,0,0.0,0,0.0,,"{""betweenness"": 0.074, ""degree"": 0.048, ""n_seed_upstream"": 0.101, ""role"": 0.199}"
100000005709551100,terminal,0.5,3,0.42717033091056844,"Вероятный конечный получатель: 1 плательщиков, получено 25 тыс., исходящих нет",3,False,1,0,24560.0,0.0,1,0,0.0,0,0.0,,"{""betweenness"": 0.074, ""degree"": 0.048, ""n_seed_upstream"": 0.101, ""role"": 0.199}"
100000008297199100,terminal,0.5,1,0.42717033091056844,"Вероятный конечный получатель: 1 плательщиков, получено 42 тыс., исходящих нет",3,False,1,0,42268.0,0.0,1,0,0.0,0,0.0,,"{""betweenness"": 0.074, ""degree"": 0.048, ""n_seed_upstream"": 0.101, ""role"": 0.199}"
100000003271151100,terminal,0.5,1,0.42717033091056844,"Вероятный конечный получатель: 1 плательщиков, получено 127 тыс., исходящих нет",3,False,1,0,127294.0,0.0,1,0,0.0,0,0.0,,"{""betweenness"": 0.074, ""degree"": 0.048, ""n_seed_upstream"": 0.101, ""role"": 0.199}"
100000007005380100,terminal,0.5,3,0.42717033091056844,"Вероятный конечный получатель: 1 плательщиков, получено 9 тыс., исходящих нет",3,False,1,0,9400.0,0.0,1,0,0.0,0,0.0,,"{""betweenness"": 0.074, ""degree"": 0.048, ""n_seed_upstream"": 0.101, ""role"": 0.199}"
100000004451012100,peripheral,0.5,19,0.4552503272989933,"Периферийный узел: 1 входящих, 3 исходящих, оборот 157 тыс.",3,False,1,3,91245.0,65740.0,1,3,0.7204778344018851,0,5.7660733753642434e-05,,"{""betweenness"": 0.182, ""degree"": 0.13, ""n_seed_upstream"": 0.101, ""role"": 0.036}"
100000004779204100,peripheral,0.5,12,0.40959776082343924,"Периферийный узел: 1 входящих, 1 исходящих, оборот 50 тыс.",3,False,1,1,30450.0,20000.0,1,2,0.6568144499178982,0,1.922024458454748e-05,,"{""betweenness"": 0.163, ""degree"": 0.105, ""n_seed_upstream"": 0.101, ""role"": 0.036}"
100000002793881100,coordinator,0.5,6,0.594566836711661,Кандидат в координирующий узел: 3 плательщиков → 0 получателей; сигналы S3,3,False,3,0,785600.0,0.0,3,0,0.0,0,0.0,terminal;S3,"{""betweenness"": 0.074, ""degree"": 0.122, ""n_seed_upstream"": 0.101, ""role"": 0.29}"
100000008671129100,terminal,0.5,9,0.42717033091056844,"Вероятный конечный получатель: 1 плательщиков, получено 26 тыс., исходящих нет",3,False,1,0,26200.0,0.0,1,0,0.0,0,0.0,,"{""betweenness"": 0.074, ""degree"": 0.048, ""n_seed_upstream"": 0.101, ""role"": 0.199}"
100000002095257100,terminal,0.5,10,0.42717033091056844,"Вероятный конечный получатель: 1 плательщиков, получено 8 тыс., исходящих нет",3,False,1,0,8500.0,0.0,1,0,0.0,0,0.0,,"{""betweenness"": 0.074, ""degree"": 0.048, ""n_seed_upstream"": 0.101, ""role"": 0.199}"
100000002194329100,terminal,0.5,12,0.42717033091056844,"Вероятный конечный получатель: 1 плательщиков, получено 25 тыс., исходящих нет",3,False,1,0,25170.0,0.0,1,0,0.0,0,0.0,,"{""betweenness"": 0.074, ""degree"": 0.048, ""n_seed_upstream"": 0.101, ""role"": 0.199}"
100000001884825100,coordinator,0.5,6,0.594566836711661,Кандидат в координирующий узел: 3 плательщиков → 0 получателей; сигналы S3,3,False,3,0,495000.0,0.0,3,0,0.0,0,0.0,terminal;S3,"{""betweenness"": 0.074, ""degree"": 0.122, ""n_seed_upstream"": 0.101, ""role"": 0.29}"
100000008692291100,coordinator,0.5,6,0.7228793282470318,Кандидат в координирующий узел: 3 плательщиков → 3 получателей; сигналы S3,3,False,3,3,160000.0,156000.0,3,3,0.975,0,6.419957984941633e-05,transit;S3,"{""betweenness"": 0.184, ""degree"": 0.138, ""n_seed_upstream"": 0.101, ""role"": 0.29}"
100000002697752100,coordinator,0.5,1,0.577400568823078,Кандидат в координирующий узел: 2 плательщиков → 0 получателей; сигналы S3,3,False,2,0,190785.0,0.0,2,0,0.0,0,0.0,terminal;S3,"{""betweenness"": 0.074, ""degree"": 0.105, ""n_seed_upstream"": 0.101, ""role"": 0.29}"
100000007170072100,transit,0.5014348964406139,15,0.679280845108573,"Признаки транзита: получено 100 тыс., отдано 100%, 1→2 контрагента",3,False,1,2,100000.0,99500.0,1,9,0.995,0,3.844048916909496e-05,,"{""betweenness"": 0.176, ""degree"": 0.122, ""n_seed_upstream"": 0.101, ""role"": 0.271}"
100000002373144100,peripheral,0.5,1,0.40959776082343924,"Периферийный узел: 1 входящих, 1 исходящих, оборот 57 тыс.",3,False,1,1,46468.0,10764.0,1,1,0.2316432813979513,0,1.922024458454748e-05,,"{""betweenness"": 0.163, ""degree"": 0.105, ""n_seed_upstream"": 0.101, ""role"": 0.036}"
100000000287768100,terminal,0.5,1,0.42717033091056844,"Вероятный конечный получатель: 1 плательщиков, получено 35 тыс., исходящих нет",3,False,1,0,35168.0,0.0,1,0,0.0,0,0.0,,"{""betweenness"": 0.074, ""degree"": 0.048, ""n_seed_upstream"": 0.101, ""role"": 0.199}"
100000004508696100,peripheral,0.5,34,0.45163875220080363,"Периферийный узел: 1 входящих, 3 исходящих, оборот 118 тыс.; есть источники вне выборки",3,False,1,3,7000.0,111000.0,1,4,15.857142857142858,0,3.923307657464331e-05,external_funding,"{""betweenness"": 0.178, ""degree"": 0.13, ""n_seed_upstream"": 0.101, ""role"": 0.036}"
100000008688109100,terminal,0.5,9,0.42717033091056844,"Вероятный конечный получатель: 1 плательщиков, получено 13 тыс., исходящих нет",3,False,1,0,12800.0,0.0,1,0,0.0,0,0.0,,"{""betweenness"": 0.074, ""degree"": 0.048, ""n_seed_upstream"": 0.101, ""role"": 0.199}"
100000008724461100,peripheral,0.5,6,0.41989074985327984,"Периферийный узел: 1 входящих, 1 исходящих, оборот 230 тыс.; есть источники вне выборки",3,False,1,1,100111.0,130000.0,1,1,1.298558599954051,0,2.2390594206740877e-05,external_funding,"{""betweenness"": 0.173, ""degree"": 0.105, ""n_seed_upstream"": 0.101, ""role"": 0.036}"
100000001714413100,terminal,0.5,8,0.42717033091056844,"Вероятный конечный получатель: 1 плательщиков, получено 250 тыс., исходящих нет",3,False,1,0,250172.0,0.0,1,0,0.0,0,0.0,,"{""betweenness"": 0.074, ""degree"": 0.048, ""n_seed_upstream"": 0.101, ""role"": 0.199}"
100000008672493100,terminal,0.5,9,0.42717033091056844,"Вероятный конечный получатель: 1 плательщиков, получено 14 тыс., исходящих нет",3,False,1,0,14000.0,0.0,1,0,0.0,0,0.0,,"{""betweenness"": 0.074, ""degree"": 0.048, ""n_seed_upstream"": 0.101, ""role"": 0.199}"
100000003241965100,terminal,0.5,7,0.42717033091056844,"Вероятный конечный получатель: 1 плательщиков, получено 15 тыс., исходящих нет",3,False,1,0,15000.0,0.0,1,0,0.0,0,0.0,,"{""betweenness"": 0.074, ""degree"": 0.048, ""n_seed_upstream"": 0.101, ""role"": 0.199}"
100000002241986100,peripheral,0.5,8,0.47162656313484724,"Периферийный узел: 1 входящих, 6 исходящих, оборот 3.36 млн; есть источники вне выборки",3,False,1,6,280000.0,3077000.0,1,12,10.989285714285714,0,0.00011532146750728487,external_funding,"{""betweenness"": 0.188, ""degree"": 0.141, ""n_seed_upstream"": 0.101, ""role"": 0.036}"
100000004140994100,terminal,0.5,9,0.42717033091056844,"Вероятный конечный получатель: 1 плательщиков, получено 19 тыс., исходящих нет",3,False,1,0,18650.0,0.0,1,0,0.0,0,0.0,,"{""betweenness"": 0.074, ""degree"": 0.048, ""n_seed_upstream"": 0.101, ""role"": 0.199}"
100000008489922100,distributor,1.0,6,0.7321904202970522,"Веерная рассылка: 36 получателей, отдано 3.79 млн",3,False,3,36,262010.0,3789900.0,5,41,14.464715087210411,0,0.000859164747614411,external_funding,"{""betweenness"": 0.196, ""degree"": 0.149, ""n_seed_upstream"": 0.101, ""role"": 0.275}"
100000001252290100,peripheral,0.5,8,0.40959776082343924,"Периферийный узел: 1 входящих, 1 исходящих, оборот 146 тыс.",3,False,1,1,141005.0,5000.0,1,1,0.03545973547037339,0,1.922024458454748e-05,,"{""betweenness"": 0.163, ""degree"": 0.105, ""n_seed_upstream"": 0.101, ""role"": 0.036}"
100000008667799100,terminal,0.5,9,0.42717033091056844,"Вероятный конечный получатель: 1 плательщиков, получено 34 тыс., исходящих нет",3,False,1,0,34000.0,0.0,1,0,0.0,0,0.0,,"{""betweenness"": 0.074, ""degree"": 0.048, ""n_seed_upstream"": 0.101, ""role"": 0.199}"
100000008684951100,terminal,0.5,9,0.42717033091056844,"Вероятный конечный получатель: 1 плательщиков, получено 17 тыс., исходящих нет",3,False,1,0,17200.0,0.0,1,0,0.0,0,0.0,,"{""betweenness"": 0.074, ""degree"": 0.048, ""n_seed_upstream"": 0.101, ""role"": 0.199}"
100000006126743100,terminal,0.5,8,0.42717033091056844,"Вероятный конечный получатель: 1 плательщиков, получено 55 тыс., исходящих нет",3,False,1,0,55000.0,0.0,1,0,0.0,0,0.0,,"{""betweenness"": 0.074, ""degree"": 0.048, ""n_seed_upstream"": 0.101, ""role"": 0.199}"
100000003009900100,terminal,0.5,7,0.42717033091056844,"Вероятный конечный получатель: 1 плательщиков, получено 16 тыс., исходящих нет",3,False,1,0,15998.0,0.0,1,0,0.0,0,0.0,,"{""betweenness"": 0.074, ""degree"": 0.048, ""n_seed_upstream"": 0.101, ""role"": 0.199}"
100000001745217100,terminal,0.5,1,0.42717033091056844,"Вероятный конечный получатель: 1 плательщиков, получено 50 тыс., исходящих нет",3,False,1,0,50000.0,0.0,1,0,0.0,0,0.0,,"{""betweenness"": 0.074, ""degree"": 0.048, ""n_seed_upstream"": 0.101, ""role"": 0.199}"
100000002886166100,terminal,0.5,23,0.42717033091056844,"Вероятный конечный получатель: 1 плательщиков, получено 185 тыс., исходящих нет",3,False,1,0,185000.0,0.0,3,0,0.0,0,0.0,,"{""betweenness"": 0.074, ""degree"": 0.048, ""n_seed_upstream"": 0.101, ""role"": 0.199}"
100000002956779100,terminal,0.5,16,0.42717033091056844,"Вероятный конечный получатель: 1 плательщиков, получено 411 тыс., исходящих нет",3,False,1,0,411000.0,0.0,1,0,0.0,0,0.0,,"{""betweenness"": 0.074, ""degree"": 0.048, ""n_seed_upstream"": 0.101, ""role"": 0.199}"
100000008568512100,terminal,0.5,8,0.42717033091056844,"Вероятный конечный получатель: 1 плательщиков, получено 200 тыс., исходящих нет",3,False,1,0,199640.0,0.0,1,0,0.0,0,0.0,,"{""betweenness"": 0.074, ""degree"": 0.048, ""n_seed_upstream"": 0.101, ""role"": 0.199}"
100000008583360100,peripheral,0.5,7,0.40959776082343924,"Периферийный узел: 1 входящих, 1 исходящих, оборот 283 тыс.; есть источники вне выборки",3,False,1,1,112843.0,170000.0,1,1,1.5065179054083992,0,1.922024458454748e-05,external_funding,"{""betweenness"": 0.163, ""degree"": 0.105, ""n_seed_upstream"": 0.101, ""role"": 0.036}"
100000001130176100,terminal,0.5,12,0.42717033091056844,"Вероятный конечный получатель: 1 плательщиков, получено 25 тыс., исходящих нет",3,False,1,0,25000.0,0.0,2,0,0.0,0,0.0,,"{""betweenness"": 0.074, ""degree"": 0.048, ""n_seed_upstream"": 0.101, ""role"": 0.199}"
100000001145749100,terminal,0.5,5,0.42717033091056844,"Вероятный конечный получатель: 1 плательщиков, получено 10 тыс., исходящих нет",3,False,1,0,10000.0,0.0,1,0,0.0,0,0.0,,"{""betweenness"": 0.074, ""degree"": 0.048, ""n_seed_upstream"": 0.101, ""role"": 0.199}"
100000005367445100,transit,0.50147168865704,13,0.5582366484583089,"Признаки транзита: получено 5 тыс., отдано 100%, 1→1 контрагента",3,False,1,1,5000.0,5000.0,1,1,1.0,0,0.0,,"{""betweenness"": 0.074, ""degree"": 0.105, ""n_seed_upstream"": 0.101, ""role"": 0.271}"
100000003917461100,peripheral,0.5,13,0.4343483364182204,"Периферийный узел: 1 входящих, 2 исходящих, оборот 150 тыс.; есть источники вне выборки",3,False,1,2,10000.0,140000.0,1,5,14.0,0,2.0210978841482916e-05,external_funding,"{""betweenness"": 0.17, ""degree"": 0.122, ""n_seed_upstream"": 0.101, ""role"": 0.036}"
100000008200810100,terminal,0.5,14,0.42717033091056844,"Вероятный конечный получатель: 1 плательщиков, получено 475 тыс., исходящих нет",3,False,1,0,475000.0,0.0,1,0,0.0,0,0.0,,"{""betweenness"": 0.074, ""degree"": 0.048, ""n_seed_upstream"": 0.101, ""role"": 0.199}"
100000002554175100,terminal,0.5,7,0.42717033091056844,"Вероятный конечный получатель: 1 плательщиков, получено 25 тыс., исходящих нет",3,False,1,0,24621.0,0.0,1,0,0.0,0,0.0,,"{""betweenness"": 0.074, ""degree"": 0.048, ""n_seed_upstream"": 0.101, ""role"": 0.199}"
100000008751380100,terminal,0.5,6,0.4851699697530586,"Вероятный конечный получатель: 2 плательщиков, получено 346 тыс., исходящих нет",3,False,2,0,345780.0,0.0,2,0,0.0,0,0.0,,"{""betweenness"": 0.074, ""degree"": 0.105, ""n_seed_upstream"": 0.101, ""role"": 0.199}"
100000004071444100,peripheral,0.5,1,0.40959776082343924,"Периферийный узел: 1 входящих, 1 исходящих, оборот 347 тыс.",3,False,1,1,247350.0,100000.0,1,1,0.40428542551041036,0,1.922024458454748e-05,,"{""betweenness"": 0.163, ""degree"": 0.105, ""n_seed_upstream"": 0.101, ""role"": 0.036}"
100000001141268100,peripheral,0.5,6,0.43705701774186273,"Периферийный узел: 2 входящих, 1 исходящих, оборот 490 тыс.",3,False,2,1,480000.0,10000.0,2,1,0.020833333333333332,0,2.2390594206740877e-05,,"{""betweenness"": 0.173, ""degree"": 0.122, ""n_seed_upstream"": 0.101, ""role"": 0.036}"
100000002645993100,coordinator,0.5,3,0.7221795855717575,Кандидат в координирующий узел: 2 плательщиков → 5 получателей; сигналы S3,3,False,2,5,49650.0,86980.0,4,9,1.7518630412890233,0,4.597006952180428e-05,external_funding;peripheral;S3,"{""betweenness"": 0.181, ""degree"": 0.141, ""n_seed_upstream"": 0.101, ""role"": 0.29}"
100000002546921100,terminal,0.5,11,0.42717033091056844,"Вероятный конечный получатель: 1 плательщиков, получено 20 тыс., исходящих нет",3,False,1,0,20000.0,0.0,1,0,0.0,0,0.0,,"{""betweenness"": 0.074, ""degree"": 0.048, ""n_seed_upstream"": 0.101, ""role"": 0.199}"
100000008753897100,terminal,0.5,9,0.42717033091056844,"Вероятный конечный получатель: 1 плательщиков, получено 24 тыс., исходящих нет",3,False,1,0,24050.0,0.0,1,0,0.0,0,0.0,,"{""betweenness"": 0.074, ""degree"": 0.048, ""n_seed_upstream"": 0.101, ""role"": 0.199}"
100000000870121100,terminal,0.5,20,0.42717033091056844,"Вероятный конечный получатель: 1 плательщиков, получено 12 тыс., исходящих нет",3,False,1,0,12000.0,0.0,1,0,0.0,0,0.0,,"{""betweenness"": 0.074, ""degree"": 0.048, ""n_seed_upstream"": 0.101, ""role"": 0.199}"
100000003171006100,coordinator,0.5,6,0.577400568823078,Кандидат в координирующий узел: 2 плательщиков → 0 получателей; сигналы S3,3,False,2,0,485000.0,0.0,2,0,0.0,0,0.0,terminal;S3,"{""betweenness"": 0.074, ""degree"": 0.105, ""n_seed_upstream"": 0.101, ""role"": 0.29}"
100000001690558100,terminal,0.5,19,0.42717033091056844,"Вероятный конечный получатель: 1 плательщиков, получено 740 тыс., исходящих нет",3,False,1,0,740000.0,0.0,1,0,0.0,0,0.0,,"{""betweenness"": 0.074, ""degree"": 0.048, ""n_seed_upstream"": 0.101, ""role"": 0.199}"
100000008667795100,terminal,0.5,9,0.42717033091056844,"Вероятный конечный получатель: 1 плательщиков, получено 34 тыс., исходящих нет",3,False,1,0,34000.0,0.0,1,0,0.0,0,0.0,,"{""betweenness"": 0.074, ""degree"": 0.048, ""n_seed_upstream"": 0.101, ""role"": 0.199}"
100000005674387100,terminal,0.5,9,0.42717033091056844,"Вероятный конечный получатель: 1 плательщиков, получено 26 тыс., исходящих нет",3,False,1,0,26200.0,0.0,1,0,0.0,0,0.0,,"{""betweenness"": 0.074, ""degree"": 0.048, ""n_seed_upstream"": 0.101, ""role"": 0.199}"
100000003636627100,peripheral,0.5,18,0.3196695408785156,"Периферийный узел: 1 входящих, 1 исходящих, оборот 87 тыс.",3,False,1,1,77000.0,10000.0,8,1,0.12987012987012986,0,0.0,,"{""betweenness"": 0.074, ""degree"": 0.105, ""n_seed_upstream"": 0.101, ""role"": 0.036}"
100000001275752100,terminal,0.5,6,0.42717033091056844,"Вероятный конечный получатель: 1 плательщиков, получено 152 тыс., исходящих нет",3,False,1,0,151500.0,0.0,1,0,0.0,0,0.0,,"{""betweenness"": 0.074, ""degree"": 0.048, ""n_seed_upstream"": 0.101, ""role"": 0.199}"
100000002459240100,terminal,0.5,8,0.42717033091056844,"Вероятный конечный получатель: 1 плательщиков, получено 150 тыс., исходящих нет",3,False,1,0,150000.0,0.0,1,0,0.0,0,0.0,,"{""betweenness"": 0.074, ""degree"": 0.048, ""n_seed_upstream"": 0.101, ""role"": 0.199}"
100000002644285100,terminal,0.5,14,0.42717033091056844,"Вероятный конечный получатель: 1 плательщиков, получено 500 тыс., исходящих нет",3,False,1,0,500000.0,0.0,1,0,0.0,0,0.0,,"{""betweenness"": 0.074, ""degree"": 0.048, ""n_seed_upstream"": 0.101, ""role"": 0.199}"
100000005186109100,terminal,0.5,2,0.42717033091056844,"Вероятный конечный получатель: 1 плательщиков, получено 5 тыс., исходящих нет",3,False,1,0,5000.0,0.0,1,0,0.0,0,0.0,,"{""betweenness"": 0.074, ""degree"": 0.048, ""n_seed_upstream"": 0.101, ""role"": 0.199}"
100000005317181100,peripheral,0.5,1,0.40959776082343924,"Периферийный узел: 1 входящих, 1 исходящих, оборот 156 тыс.",3,False,1,1,141250.0,14500.0,1,1,0.10265486725663717,0,1.922024458454748e-05,,"{""betweenness"": 0.163, ""degree"": 0.105, ""n_seed_upstream"": 0.101, ""role"": 0.036}"
100000003001661100,peripheral,0.5,22,0.46722495598392855,"Периферийный узел: 1 входящих, 5 исходящих, оборот 550 тыс.; есть источники вне выборки",3,False,1,5,110000.0,439500.0,1,8,3.9954545454545456,0,8.322167758257671e-05,external_funding,"{""betweenness"": 0.186, ""degree"": 0.138, ""n_seed_upstream"": 0.101, ""role"": 0.036}"
100000000288317100,peripheral,0.5,5,0.4605661143966413,"Периферийный узел: 2 входящих, 3 исходящих, оборот 154 тыс.",3,False,2,3,100000.0,53500.0,2,3,0.535,0,5.8255174307803695e-05,,"{""betweenness"": 0.182, ""degree"": 0.135, ""n_seed_upstream"": 0.101, ""role"": 0.036}"
100000004368189100,peripheral,0.5,14,0.41981174664800697,"Периферийный узел: 1 входящих, 2 исходящих, оборот 413 тыс.",3,False,1,2,384600.0,28200.0,1,2,0.07332293291731669,0,2.774055919419224e-06,,"{""betweenness"": 0.156, ""degree"": 0.122, ""n_seed_upstream"": 0.101, ""role"": 0.036}"
100000004493586100,terminal,0.5,1,0.42717033091056844,"Вероятный конечный получатель: 1 плательщиков, получено 8 тыс., исходящих нет",3,False,1,0,7500.0,0.0,1,0,0.0,0,0.0,,"{""betweenness"": 0.074, ""degree"": 0.048, ""n_seed_upstream"": 0.101, ""role"": 0.199}"
100000004114962100,terminal,0.5,8,0.4851699697530586,"Вероятный конечный получатель: 2 плательщиков, получено 165 тыс., исходящих нет",3,False,2,0,165000.0,0.0,2,0,0.0,0,0.0,,"{""betweenness"": 0.074, ""degree"": 0.105, ""n_seed_upstream"": 0.101, ""role"": 0.199}"
100000008088082100,peripheral,0.5,3,0.40959776082343924,"Периферийный узел: 1 входящих, 1 исходящих, оборот 89 тыс.; есть источники вне выборки",3,False,1,1,39138.0,50000.0,1,1,1.2775307884920026,0,1.922024458454748e-05,external_funding,"{""betweenness"": 0.163, ""degree"": 0.105, ""n_seed_upstream"": 0.101, ""role"": 0.036}"
100000008595687100,peripheral,0.5,2,0.4407475960453253,"Периферийный узел: 1 входящих, 1 исходящих, оборот 75 тыс.",3,False,1,1,64395.0,10400.0,1,1,0.161503222299868,0,0.00030098506725698577,,"{""betweenness"": 0.193, ""degree"": 0.105, ""n_seed_upstream"": 0.101, ""role"": 0.036}"
100000001248999100,terminal,0.5,17,0.42717033091056844,"Вероятный конечный получатель: 1 плательщиков, получено 23 тыс., исходящих нет",3,False,1,0,23425.0,0.0,1,0,0.0,0,0.0,,"{""betweenness"": 0.074, ""degree"": 0.048, ""n_seed_upstream"": 0.101, ""role"": 0.199}"
100000002736316100,coordinator,0.75,1,0.594566836711661,Кандидат в координирующий узел: 3 плательщиков → 0 получателей; сигналы S3,3,False,3,0,266921.0,0.0,3,0,0.0,0,0.0,terminal;S3,"{""betweenness"": 0.074, ""degree"": 0.122, ""n_seed_upstream"": 0.101, ""role"": 0.29}"
100000008596924100,terminal,0.5,18,0.42717033091056844,"Вероятный конечный получатель: 1 плательщиков, получено 100 тыс., исходящих нет",3,False,1,0,100000.0,0.0,1,0,0.0,0,0.0,,"{""betweenness"": 0.074, ""degree"": 0.048, ""n_seed_upstream"": 0.101, ""role"": 0.199}"
100000008598972100,terminal,0.5,15,0.42717033091056844,"Вероятный конечный получатель: 1 плательщиков, получено 120 тыс., исходящих нет",3,False,1,0,120000.0,0.0,1,0,0.0,0,0.0,,"{""betweenness"": 0.074, ""degree"": 0.048, ""n_seed_upstream"": 0.101, ""role"": 0.199}"
100000002769809100,terminal,0.5,19,0.42717033091056844,"Вероятный конечный получатель: 1 плательщиков, получено 113 тыс., исходящих нет",3,False,1,0,113422.0,0.0,1,0,0.0,0,0.0,,"{""betweenness"": 0.074, ""degree"": 0.048, ""n_seed_upstream"": 0.101, ""role"": 0.199}"
100000003089553100,terminal,0.5,6,0.42717033091056844,"Вероятный конечный получатель: 1 плательщиков, получено 150 тыс., исходящих нет",3,False,1,0,150000.0,0.0,1,0,0.0,0,0.0,,"{""betweenness"": 0.074, ""degree"": 0.048, ""n_seed_upstream"": 0.101, ""role"": 0.199}"
100000002343825100,peripheral,0.5,6,0.45808315651663584,"Периферийный узел: 3 входящих, 2 исходящих, оборот 440 тыс.",3,False,3,2,350000.0,89800.0,4,2,0.25657142857142856,0,4.279971989961088e-05,,"{""betweenness"": 0.18, ""degree"": 0.135, ""n_seed_upstream"": 0.101, ""role"": 0.036}"
100000002015633100,terminal,0.5,8,0.42717033091056844,"Вероятный конечный получатель: 1 плательщиков, получено 95 тыс., исходящих нет",3,False,1,0,94970.0,0.0,1,0,0.0,0,0.0,,"{""betweenness"": 0.074, ""degree"": 0.048, ""n_seed_upstream"": 0.101, ""role"": 0.199}"
100000002906470100,terminal,0.5,19,0.42717033091056844,"Вероятный конечный получатель: 1 плательщиков, получено 130 тыс., исходящих нет",3,False,1,0,130000.0,0.0,1,0,0.0,0,0.0,,"{""betweenness"": 0.074, ""degree"": 0.048, ""n_seed_upstream"": 0.101, ""role"": 0.199}"
100000005628518100,terminal,0.5,19,0.42717033091056844,"Вероятный конечный получатель: 1 плательщиков, получено 77 тыс., исходящих нет",3,False,1,0,77000.0,0.0,3,0,0.0,0,0.0,,"{""betweenness"": 0.074, ""degree"": 0.048, ""n_seed_upstream"": 0.101, ""role"": 0.199}"
100000002958139100,terminal,0.5,6,0.42717033091056844,"Вероятный конечный получатель: 1 плательщиков, получено 210 тыс., исходящих нет",3,False,1,0,209500.0,0.0,2,0,0.0,0,0.0,,"{""betweenness"": 0.074, ""degree"": 0.048, ""n_seed_upstream"": 0.101, ""role"": 0.199}"
100000008754747100,terminal,0.5,9,0.42717033091056844,"Вероятный конечный получатель: 1 плательщиков, получено 46 тыс., исходящих нет",3,False,1,0,45500.0,0.0,1,0,0.0,0,0.0,,"{""betweenness"": 0.074, ""degree"": 0.048, ""n_seed_upstream"": 0.101, ""role"": 0.199}"
100000008776720100,terminal,0.5,9,0.42717033091056844,"Вероятный конечный получатель: 1 плательщиков, получено 26 тыс., исходящих нет",3,False,1,0,26150.0,0.0,1,0,0.0,0,0.0,,"{""betweenness"": 0.074, ""degree"": 0.048, ""n_seed_upstream"": 0.101, ""role"": 0.199}"
100000008576528100,terminal,0.5,8,0.42717033091056844,"Вероятный конечный получатель: 1 плательщиков, получено 28 тыс., исходящих нет",3,False,1,0,28000.0,0.0,1,0,0.0,0,0.0,,"{""betweenness"": 0.074, ""degree"": 0.048, ""n_seed_upstream"": 0.101, ""role"": 0.199}"
100000004603109100,peripheral,0.5,13,0.4281070832016614,"Периферийный узел: 3 входящих, 2 исходящих, оборот 3.13 млн",3,False,3,2,2730000.0,400000.0,8,2,0.14652014652014653,0,5.944405541612623e-07,,"{""betweenness"": 0.15, ""degree"": 0.135, ""n_seed_upstream"": 0.101, ""role"": 0.036}"
100000008721637100,peripheral,0.5,7,0.448884926188434,"Периферийный узел: 1 входящих, 2 исходящих, оборот 151 тыс.; есть источники вне выборки",3,False,1,2,24041.0,127000.0,1,2,5.282642152988644,0,7.54939503784803e-05,external_funding,"{""betweenness"": 0.184, ""degree"": 0.122, ""n_seed_upstream"": 0.101, ""role"": 0.036}"
100000004491749100,terminal,0.5,18,0.42717033091056844,"Вероятный конечный получатель: 1 плательщиков, получено 50 тыс., исходящих нет",3,False,1,0,50000.0,0.0,1,0,0.0,0,0.0,,"{""betweenness"": 0.074, ""degree"": 0.048, ""n_seed_upstream"": 0.101, ""role"": 0.199}"
100000005171642100,transit,0.5013322921998576,18,0.6518780190510587,"Признаки транзита: получено 697 тыс., отдано 98%, 2→1 контрагента",3,False,2,1,696800.0,683600.0,5,4,0.9810562571756601,0,3.962937027741748e-07,,"{""betweenness"": 0.149, ""degree"": 0.122, ""n_seed_upstream"": 0.101, ""role"": 0.271}"
100000008682426100,terminal,0.5,11,0.42717033091056844,"Вероятный конечный получатель: 1 плательщиков, получено 20 тыс., исходящих нет",3,False,1,0,20000.0,0.0,1,0,0.0,0,0.0,,"{""betweenness"": 0.074, ""degree"": 0.048, ""n_seed_upstream"": 0.101, ""role"": 0.199}"
100000006209210100,terminal,0.5,3,0.42717033091056844,"Вероятный конечный получатель: 1 плательщиков, получено 229 тыс., исходящих нет",3,False,1,0,229111.0,0.0,1,0,0.0,0,0.0,,"{""betweenness"": 0.074, ""degree"": 0.048, ""n_seed_upstream"": 0.101, ""role"": 0.199}"
100000003888527100,terminal,0.5,8,0.42717033091056844,"Вероятный конечный получатель: 1 плательщиков, получено 30 тыс., исходящих нет",3,False,1,0,30000.0,0.0,1,0,0.0,0,0.0,,"{""betweenness"": 0.074, ""degree"": 0.048, ""n_seed_upstream"": 0.101, ""role"": 0.199}"
100000008490127100,peripheral,0.5,8,0.47162656313484724,"Периферийный узел: 1 входящих, 6 исходящих, оборот 1.35 млн; есть источники вне выборки",3,False,1,6,431755.0,923000.0,2,9,2.137786476126507,0,0.00011532146750728487,external_funding,"{""betweenness"": 0.188, ""degree"": 0.141, ""n_seed_upstream"": 0.101, ""role"": 0.036}"
100000004336228100,terminal,0.5,1,0.42717033091056844,"Вероятный конечный получатель: 1 плательщиков, получено 51 тыс., исходящих нет",3,False,1,0,51407.0,0.0,2,0,0.0,0,0.0,,"{""betweenness"": 0.074, ""degree"": 0.048, ""n_seed_upstream"": 0.101, ""role"": 0.199}"
100000006844004100,terminal,0.5,3,0.42717033091056844,"Вероятный конечный получатель: 1 плательщиков, получено 21 тыс., исходящих нет",3,False,1,0,20600.0,0.0,1,0,0.0,0,0.0,,"{""betweenness"": 0.074, ""degree"": 0.048, ""n_seed_upstream"": 0.101, ""role"": 0.199}"
100000001688676100,terminal,0.5,19,0.42717033091056844,"Вероятный конечный получатель: 1 плательщиков, получено 134 тыс., исходящих нет",3,False,1,0,133700.0,0.0,1,0,0.0,0,0.0,,"{""betweenness"": 0.074, ""degree"": 0.048, ""n_seed_upstream"": 0.101, ""role"": 0.199}"
100000008712036100,terminal,0.5,9,0.42717033091056844,"Вероятный конечный получатель: 1 плательщиков, получено 21 тыс., исходящих нет",3,False,1,0,21000.0,0.0,1,0,0.0,0,0.0,,"{""betweenness"": 0.074, ""degree"": 0.048, ""n_seed_upstream"": 0.101, ""role"": 0.199}"
100000004697956100,transit,0.50147168865704,18,0.5582366484583089,"Признаки транзита: получено 10 тыс., отдано 100%, 1→1 контрагента",3,False,1,1,10000.0,10000.0,1,1,1.0,0,0.0,,"{""betweenness"": 0.074, ""degree"": 0.105, ""n_seed_upstream"": 0.101, ""role"": 0.271}"
100000004921657100,peripheral,0.5,5,0.3196695408785156,"Периферийный узел: 1 входящих, 1 исходящих, оборот 30 тыс.; есть источники вне выборки",3,False,1,1,8300.0,22190.0,1,1,2.6734939759036145,0,0.0,external_funding,"{""betweenness"": 0.074, ""degree"": 0.105, ""n_seed_upstream"": 0.101, ""role"": 0.036}"
100000000408846100,terminal,0.5,26,0.42717033091056844,"Вероятный конечный получатель: 1 плательщиков, получено 40 тыс., исходящих нет",3,False,1,0,40500.0,0.0,1,0,0.0,0,0.0,,"{""betweenness"": 0.074, ""degree"": 0.048, ""n_seed_upstream"": 0.101, ""role"": 0.199}"
100000003406094100,peripheral,0.5,2,0.45091643718116564,"Периферийный узел: 1 входящих, 3 исходящих, оборот 117 тыс.",3,False,1,3,70000.0,47000.0,4,3,0.6714285714285714,0,3.883678287186913e-05,,"{""betweenness"": 0.178, ""degree"": 0.13, ""n_seed_upstream"": 0.101, ""role"": 0.036}"
100000008695566100,terminal,0.5,9,0.42717033091056844,"Вероятный конечный получатель: 1 плательщиков, получено 34 тыс., исходящих нет",3,False,1,0,33700.0,0.0,1,0,0.0,0,0.0,,"{""betweenness"": 0.074, ""degree"": 0.048, ""n_seed_upstream"": 0.101, ""role"": 0.199}"
100000005974542100,terminal,0.5,28,0.42717033091056844,"Вероятный конечный получатель: 1 плательщиков, получено 94 тыс., исходящих нет",3,False,1,0,94500.0,0.0,3,0,0.0,0,0.0,,"{""betweenness"": 0.074, ""degree"": 0.048, ""n_seed_upstream"": 0.101, ""role"": 0.199}"
100000001887715100,peripheral,0.5,6,0.44617624486479174,"Периферийный узел: 3 входящих, 1 исходящих, оборот 2.08 млн",3,False,3,1,1331500.0,750000.0,4,1,0.5632745024408562,0,2.2588741058127966e-05,,"{""betweenness"": 0.173, ""degree"": 0.13, ""n_seed_upstream"": 0.101, ""role"": 0.036}"
100000002472632100,peripheral,0.5,27,0.4340323235971288,"Периферийный узел: 2 входящих, 1 исходящих, оборот 522 тыс.",3,False,2,1,502400.0,20000.0,3,1,0.03980891719745223,0,2.0012831990095827e-05,,"{""betweenness"": 0.17, ""degree"": 0.122, ""n_seed_upstream"": 0.101, ""role"": 0.036}"
100000004629688100,peripheral,0.5,2,0.3196695408785156,"Периферийный узел: 1 входящих, 1 исходящих, оборот 20 тыс.; есть источники вне выборки",3,False,1,1,5000.0,15000.0,1,2,3.0,0,0.0,external_funding,"{""betweenness"": 0.074, ""degree"": 0.105, ""n_seed_upstream"": 0.101, ""role"": 0.036}"
100000002459832100,terminal,0.5,15,0.4851699697530586,"Вероятный конечный получатель: 2 плательщиков, получено 881 тыс., исходящих нет",3,False,2,0,880606.0,0.0,2,0,0.0,0,0.0,,"{""betweenness"": 0.074, ""degree"": 0.105, ""n_seed_upstream"": 0.101, ""role"": 0.199}"
100000006100920100,terminal,0.5,1,0.42717033091056844,"Вероятный конечный получатель: 1 плательщиков, получено 100 тыс., исходящих нет",3,False,1,0,100000.0,0.0,1,0,0.0,0,0.0,,"{""betweenness"": 0.074, ""degree"": 0.048, ""n_seed_upstream"": 0.101, ""role"": 0.199}"
100000001439416100,peripheral,0.5,3,0.4332648638887635,"Периферийный узел: 1 входящих, 2 исходящих, оборот 175 тыс.; есть источники вне выборки",3,False,1,2,10000.0,165000.0,1,3,16.5,0,1.981468513870874e-05,external_funding,"{""betweenness"": 0.169, ""degree"": 0.122, ""n_seed_upstream"": 0.101, ""role"": 0.036}"
100000002121357100,peripheral,0.5,6,0.43619926865604264,"Периферийный узел: 2 входящих, 1 исходящих, оборот 368 тыс.",3,False,2,1,255300.0,113000.0,2,1,0.4426165295730513,0,2.159800680119253e-05,,"{""betweenness"": 0.172, ""degree"": 0.122, ""n_seed_upstream"": 0.101, ""role"": 0.036}"
100000002970466100,peripheral,0.5,12,0.4407137375287798,"Периферийный узел: 1 входящих, 2 исходящих, оборот 116 тыс.; есть источники вне выборки",3,False,1,2,23317.0,93000.0,1,3,3.9885062400823434,0,3.844048916909496e-05,external_funding,"{""betweenness"": 0.176, ""degree"": 0.122, ""n_seed_upstream"": 0.101, ""role"": 0.036}"
100000002581346100,terminal,0.5,8,0.42717033091056844,"Вероятный конечный получатель: 1 плательщиков, получено 166 тыс., исходящих нет",3,False,1,0,166400.0,0.0,1,0,0.0,0,0.0,,"{""betweenness"": 0.074, ""degree"": 0.048, ""n_seed_upstream"": 0.101, ""role"": 0.199}"
100000008738658100,terminal,0.5,9,0.42717033091056844,"Вероятный конечный получатель: 1 плательщиков, получено 30 тыс., исходящих нет",3,False,1,0,29920.0,0.0,1,0,0.0,0,0.0,,"{""betweenness"": 0.074, ""degree"": 0.048, ""n_seed_upstream"": 0.101, ""role"": 0.199}"
100000005910114100,coordinator,1.0,3,0.7490971062254527,"Кандидат в координирующий узел: 3 плательщиков → 19 получателей; сигналы S1, S3",3,False,3,19,326144.0,1469993.0,3,56,4.507190075549451,0,0.008338613946922799,external_funding;peripheral;S1;S3,"{""betweenness"": 0.2, ""degree"": 0.148, ""n_seed_upstream"": 0.101, ""role"": 0.29}"
100000001046626100,terminal,0.5,8,0.42717033091056844,"Вероятный конечный получатель: 1 плательщиков, получено 150 тыс., исходящих нет",3,False,1,0,150000.0,0.0,1,0,0.0,0,0.0,,"{""betweenness"": 0.074, ""degree"": 0.048, ""n_seed_upstream"": 0.101, ""role"": 0.199}"
100000006492770100,peripheral,0.5,12,0.40959776082343924,"Периферийный узел: 1 входящих, 1 исходящих, оборот 289 тыс.",3,False,1,1,269000.0,20000.0,1,1,0.07434944237918216,0,1.922024458454748e-05,,"{""betweenness"": 0.163, ""degree"": 0.105, ""n_seed_upstream"": 0.101, ""role"": 0.036}"
100000001674850100,terminal,0.5,6,0.4851699697530586,"Вероятный конечный получатель: 2 плательщиков, получено 237 тыс., исходящих нет",3,False,2,0,237000.0,0.0,2,0,0.0,0,0.0,,"{""betweenness"": 0.074, ""degree"": 0.105, ""n_seed_upstream"": 0.101, ""role"": 0.199}"
100000000860514100,peripheral,0.5,27,0.4168660557085459,"Периферийный узел: 1 входящих, 1 исходящих, оборот 62 тыс.; есть источники вне выборки",3,False,1,1,12000.0,50000.0,1,1,4.166666666666667,0,2.0012831990095827e-05,external_funding,"{""betweenness"": 0.17, ""degree"": 0.105, ""n_seed_upstream"": 0.101, ""role"": 0.036}"
100000003650146100,terminal,0.5,2,0.42717033091056844,"Вероятный конечный получатель: 1 плательщиков, получено 14 тыс., исходящих нет",3,False,1,0,14400.0,0.0,1,0,0.0,0,0.0,,"{""betweenness"": 0.074, ""degree"": 0.048, ""n_seed_upstream"": 0.101, ""role"": 0.199}"
100000001227106100,terminal,0.5,8,0.42717033091056844,"Вероятный конечный получатель: 1 плательщиков, получено 165 тыс., исходящих нет",3,False,1,0,164765.0,0.0,1,0,0.0,0,0.0,,"{""betweenness"": 0.074, ""degree"": 0.048, ""n_seed_upstream"": 0.101, ""role"": 0.199}"
100000003647799100,terminal,0.5,8,0.42717033091056844,"Вероятный конечный получатель: 1 плательщиков, получено 100 тыс., исходящих нет",3,False,1,0,100000.0,0.0,1,0,0.0,0,0.0,,"{""betweenness"": 0.074, ""degree"": 0.048, ""n_seed_upstream"": 0.101, ""role"": 0.199}"
100000008293431100,peripheral,0.5,1,0.45675138819917843,"Периферийный узел: 1 входящих, 5 исходящих, оборот 312 тыс.; есть источники вне выборки",3,False,1,5,15000.0,297000.0,1,7,19.8,0,3.606272695244991e-05,external_funding,"{""betweenness"": 0.175, ""degree"": 0.138, ""n_seed_upstream"": 0.101, ""role"": 0.036}"
100000002975287100,terminal,0.5,8,0.42717033091056844,"Вероятный конечный получатель: 1 плательщиков, получено 15 тыс., исходящих нет",3,False,1,0,15000.0,0.0,1,0,0.0,0,0.0,,"{""betweenness"": 0.074, ""degree"": 0.048, ""n_seed_upstream"": 0.101, ""role"": 0.199}"
100000008507703100,terminal,0.5,9,0.42717033091056844,"Вероятный конечный получатель: 1 плательщиков, получено 28 тыс., исходящих нет",3,False,1,0,28500.0,0.0,1,0,0.0,0,0.0,,"{""betweenness"": 0.074, ""degree"": 0.048, ""n_seed_upstream"": 0.101, ""role"": 0.199}"
100000001733687100,terminal,0.5,6,0.42717033091056844,"Вероятный конечный получатель: 1 плательщиков, получено 300 тыс., исходящих нет",3,False,1,0,300000.0,0.0,1,0,0.0,0,0.0,,"{""betweenness"": 0.074, ""degree"": 0.048, ""n_seed_upstream"": 0.101, ""role"": 0.199}"
100000004552204100,peripheral,0.5,3,0.4343483364182204,"Периферийный узел: 1 входящих, 2 исходящих, оборот 32 тыс.",3,False,1,2,22500.0,10000.0,2,2,0.4444444444444444,0,2.0210978841482916e-05,,"{""betweenness"": 0.17, ""degree"": 0.122, ""n_seed_upstream"": 0.101, ""role"": 0.036}"
100000008223756100,terminal,0.5,15,0.4851699697530586,"Вероятный конечный получатель: 2 плательщиков, получено 332 тыс., исходящих нет",3,False,2,0,331682.0,0.0,2,0,0.0,0,0.0,,"{""betweenness"": 0.074, ""degree"": 0.105, ""n_seed_upstream"": 0.101, ""role"": 0.199}"
100000002956769100,terminal,0.5,6,0.5023362376416415,"Вероятный конечный получатель: 3 плательщиков, получено 840 тыс., исходящих нет",3,False,3,0,840000.0,0.0,3,0,0.0,0,0.0,,"{""betweenness"": 0.074, ""degree"": 0.122, ""n_seed_upstream"": 0.101, ""role"": 0.199}"
100000008555233100,terminal,0.5,6,0.42717033091056844,"Вероятный конечный получатель: 1 плательщиков, получено 441 тыс., исходящих нет",3,False,1,0,440600.0,0.0,1,0,0.0,0,0.0,,"{""betweenness"": 0.074, ""degree"": 0.048, ""n_seed_upstream"": 0.101, ""role"": 0.199}"
100000002346166100,terminal,0.5,9,0.42717033091056844,"Вероятный конечный получатель: 1 плательщиков, получено 6 тыс., исходящих нет",3,False,1,0,6000.0,0.0,1,0,0.0,0,0.0,,"{""betweenness"": 0.074, ""degree"": 0.048, ""n_seed_upstream"": 0.101, ""role"": 0.199}"
100000000878006100,terminal,0.5,8,0.42717033091056844,"Вероятный конечный получатель: 1 плательщиков, получено 47 тыс., исходящих нет",3,False,1,0,47003.0,0.0,1,0,0.0,0,0.0,,"{""betweenness"": 0.074, ""degree"": 0.048, ""n_seed_upstream"": 0.101, ""role"": 0.199}"
100000004997515100,peripheral,0.5,6,0.47187485892284775,"Периферийный узел: 4 входящих, 4 исходящих, оборот 450 тыс.",3,False,4,4,395000.0,54500.0,4,4,0.1379746835443038,0,8.956237682696351e-05,,"{""betweenness"": 0.186, ""degree"": 0.142, ""n_seed_upstream"": 0.101, ""role"": 0.036}"
100000007653003100,terminal,0.5,17,0.42717033091056844,"Вероятный конечный получатель: 1 плательщиков, получено 100 тыс., исходящих нет",3,False,1,0,100000.0,0.0,1,0,0.0,0,0.0,,"{""betweenness"": 0.074, ""degree"": 0.048, ""n_seed_upstream"": 0.101, ""role"": 0.199}"
100000000661131100,terminal,0.5,9,0.42717033091056844,"Вероятный конечный получатель: 1 плательщиков, получено 16 тыс., исходящих нет",3,False,1,0,15600.0,0.0,1,0,0.0,0,0.0,,"{""betweenness"": 0.074, ""degree"": 0.048, ""n_seed_upstream"": 0.101, ""role"": 0.199}"
100000003880331100,peripheral,0.5,5,0.48679517854724397,"Периферийный узел: 1 входящих, 16 исходящих, оборот 4.00 млн; есть источники вне выборки",3,False,1,16,100000.0,3904908.0,1,31,39.04908,0,0.0007765375105859956,external_funding,"{""betweenness"": 0.196, ""degree"": 0.147, ""n_seed_upstream"": 0.101, ""role"": 0.036}"
100000003204491100,peripheral,0.5,1,0.40959776082343924,"Периферийный узел: 1 входящих, 1 исходящих, оборот 240 тыс.",3,False,1,1,140000.0,100000.0,1,2,0.7142857142857143,0,1.922024458454748e-05,,"{""betweenness"": 0.163, ""degree"": 0.105, ""n_seed_upstream"": 0.101, ""role"": 0.036}"
100000008463968100,terminal,0.5,9,0.42717033091056844,"Вероятный конечный получатель: 1 плательщиков, получено 10 тыс., исходящих нет",3,False,1,0,10000.0,0.0,1,0,0.0,0,0.0,,"{""betweenness"": 0.074, ""degree"": 0.048, ""n_seed_upstream"": 0.101, ""role"": 0.199}"
100000002712416100,terminal,0.5,6,0.4851699697530586,"Вероятный конечный получатель: 2 плательщиков, получено 117 тыс., исходящих нет",3,False,2,0,116800.0,0.0,2,0,0.0,0,0.0,,"{""betweenness"": 0.074, ""degree"": 0.105, ""n_seed_upstream"": 0.101, ""role"": 0.199}"
100000008754997100,terminal,0.5,9,0.42717033091056844,"Вероятный конечный получатель: 1 плательщиков, получено 18 тыс., исходящих нет",3,False,1,0,18000.0,0.0,1,0,0.0,0,0.0,,"{""betweenness"": 0.074, ""degree"": 0.048, ""n_seed_upstream"": 0.101, ""role"": 0.199}"
100000008011573100,terminal,0.5,8,0.42717033091056844,"Вероятный конечный получатель: 1 плательщиков, получено 15 тыс., исходящих нет",3,False,1,0,15000.0,0.0,1,0,0.0,0,0.0,,"{""betweenness"": 0.074, ""degree"": 0.048, ""n_seed_upstream"": 0.101, ""role"": 0.199}"
100000003178549100,peripheral,0.5,17,0.474086948670489,"Периферийный узел: 2 входящих, 4 исходящих, оборот 339 тыс.",3,False,2,4,250000.0,89080.0,2,4,0.35632,0,0.0002520427949643752,,"{""betweenness"": 0.193, ""degree"": 0.138, ""n_seed_upstream"": 0.101, ""role"": 0.036}"
100000000534581100,coordinator,0.5,1,0.6844950566565843,Кандидат в координирующий узел: 2 плательщиков → 1 получателей; сигналы S3,3,False,2,1,55960.0,40000.0,2,1,0.7147962830593281,0,1.922024458454748e-05,peripheral;S3,"{""betweenness"": 0.163, ""degree"": 0.122, ""n_seed_upstream"": 0.101, ""role"": 0.29}"
100000007138613100,coordinator,0.5,12,0.7132860818924655,Кандидат в координирующий узел: 3 плательщиков → 2 получателей; сигналы S3,3,False,3,2,1002000.0,179000.0,3,2,0.17864271457085829,0,3.883678287186913e-05,peripheral;S3,"{""betweenness"": 0.178, ""degree"": 0.135, ""n_seed_upstream"": 0.101, ""role"": 0.29}"
100000002380341100,terminal,0.5,1,0.42717033091056844,"Вероятный конечный получатель: 1 плательщиков, получено 58 тыс., исходящих нет",3,False,1,0,57566.4,0.0,1,0,0.0,0,0.0,,"{""betweenness"": 0.074, ""degree"": 0.048, ""n_seed_upstream"": 0.101, ""role"": 0.199}"
100000008309514100,terminal,0.5,9,0.42717033091056844,"Вероятный конечный получатель: 1 плательщиков, получено 17 тыс., исходящих нет",3,False,1,0,17200.0,0.0,1,0,0.0,0,0.0,,"{""betweenness"": 0.074, ""degree"": 0.048, ""n_seed_upstream"": 0.101, ""role"": 0.199}"
100000003134474100,terminal,0.5,8,0.42717033091056844,"Вероятный конечный получатель: 1 плательщиков, получено 116 тыс., исходящих нет",3,False,1,0,116000.0,0.0,1,0,0.0,0,0.0,,"{""betweenness"": 0.074, ""degree"": 0.048, ""n_seed_upstream"": 0.101, ""role"": 0.199}"
100000002373386100,terminal,0.5,9,0.42717033091056844,"Вероятный конечный получатель: 1 плательщиков, получено 24 тыс., исходящих нет",3,False,1,0,24000.0,0.0,1,0,0.0,0,0.0,,"{""betweenness"": 0.074, ""degree"": 0.048, ""n_seed_upstream"": 0.101, ""role"": 0.199}"
100000008684767100,terminal,0.5,9,0.42717033091056844,"Вероятный конечный получатель: 1 плательщиков, получено 31 тыс., исходящих нет",3,False,1,0,31100.0,0.0,1,0,0.0,0,0.0,,"{""betweenness"": 0.074, ""degree"": 0.048, ""n_seed_upstream"": 0.101, ""role"": 0.199}"
100000008332511100,terminal,0.5,7,0.42717033091056844,"Вероятный конечный получатель: 1 плательщиков, получено 100 тыс., исходящих нет",3,False,1,0,100000.0,0.0,1,0,0.0,0,0.0,,"{""betweenness"": 0.074, ""degree"": 0.048, ""n_seed_upstream"": 0.101, ""role"": 0.199}"
100000005754335100,terminal,0.5,8,0.42717033091056844,"Вероятный конечный получатель: 1 плательщиков, получено 44 тыс., исходящих нет",3,False,1,0,44037.0,0.0,1,0,0.0,0,0.0,,"{""betweenness"": 0.074, ""degree"": 0.048, ""n_seed_upstream"": 0.101, ""role"": 0.199}"
100000008547295100,terminal,0.5,18,0.42717033091056844,"Вероятный конечный получатель: 1 плательщиков, получено 15 тыс., исходящих нет",3,False,1,0,15000.0,0.0,1,0,0.0,0,0.0,,"{""betweenness"": 0.074, ""degree"": 0.048, ""n_seed_upstream"": 0.101, ""role"": 0.199}"
100000001875167100,terminal,0.5,8,0.42717033091056844,"Вероятный конечный получатель: 1 плательщиков, получено 1.00 млн, исходящих нет",3,False,1,0,1000000.0,0.0,2,0,0.0,0,0.0,,"{""betweenness"": 0.074, ""degree"": 0.048, ""n_seed_upstream"": 0.101, ""role"": 0.199}"
100000004670388100,peripheral,0.5,1,0.43195566791566975,"Периферийный узел: 1 входящих, 2 исходящих, оборот 880 тыс.; есть источники вне выборки",3,False,1,2,160354.0,720000.0,1,4,4.490065729573319,0,1.9616538287321655e-05,external_funding,"{""betweenness"": 0.168, ""degree"": 0.122, ""n_seed_upstream"": 0.101, ""role"": 0.036}"
100000004097972100,peripheral,0.5,1,0.4407137375287798,"Периферийный узел: 1 входящих, 2 исходящих, оборот 129 тыс.",3,False,1,2,118878.0,10000.0,1,2,0.0841198539679335,0,3.844048916909496e-05,,"{""betweenness"": 0.176, ""degree"": 0.122, ""n_seed_upstream"": 0.101, ""role"": 0.036}"
100000000481716100,terminal,0.5,11,0.42717033091056844,"Вероятный конечный получатель: 1 плательщиков, получено 8 тыс., исходящих нет",3,False,1,0,8000.0,0.0,1,0,0.0,0,0.0,,"{""betweenness"": 0.074, ""degree"": 0.048, ""n_seed_upstream"": 0.101, ""role"": 0.199}"
100000005089460100,terminal,0.5,9,0.42717033091056844,"Вероятный конечный получатель: 1 плательщиков, получено 12 тыс., исходящих нет",3,False,1,0,12300.0,0.0,1,0,0.0,0,0.0,,"{""betweenness"": 0.074, ""degree"": 0.048, ""n_seed_upstream"": 0.101, ""role"": 0.199}"
100000003105929100,peripheral,0.5,8,0.40959776082343924,"Периферийный узел: 1 входящих, 1 исходящих, оборот 586 тыс.",3,False,1,1,429567.0,156354.0,2,1,0.3639804733603838,0,1.922024458454748e-05,,"{""betweenness"": 0.163, ""degree"": 0.105, ""n_seed_upstream"": 0.101, ""role"": 0.036}"
100000008379273100,coordinator,0.5,7,0.7354295517132409,Кандидат в координирующий узел: 2 плательщиков → 4 получателей; сигналы S3,3,False,2,4,36000.0,38000.0,2,4,1.0555555555555556,0,0.0008026928949690911,peripheral;S3,"{""betweenness"": 0.196, ""degree"": 0.138, ""n_seed_upstream"": 0.101, ""role"": 0.29}"
100000005357705100,peripheral,0.5,1,0.4626879147668277,"Периферийный узел: 1 входящих, 4 исходящих, оборот 440 тыс.; есть источники вне выборки",3,False,1,4,52595.0,387080.0,1,5,7.35963494628767,0,7.688097833818992e-05,external_funding,"{""betweenness"": 0.185, ""degree"": 0.135, ""n_seed_upstream"": 0.101, ""role"": 0.036}"
100000003111305100,coordinator,0.5,6,0.6035054850796804,Кандидат в координирующий узел: 4 плательщиков → 0 получателей; сигналы S3,3,False,4,0,509338.0,0.0,4,0,0.0,0,0.0,terminal;S3,"{""betweenness"": 0.074, ""degree"": 0.13, ""n_seed_upstream"": 0.101, ""role"": 0.29}"
100000008503177100,terminal,0.5,1,0.42717033091056844,"Вероятный конечный получатель: 1 плательщиков, получено 34 тыс., исходящих нет",3,False,1,0,33951.0,0.0,1,0,0.0,0,0.0,,"{""betweenness"": 0.074, ""degree"": 0.048, ""n_seed_upstream"": 0.101, ""role"": 0.199}"
100000000955529100,peripheral,0.5,5,0.4033677937790619,"Периферийный узел: 1 входящих, 1 исходящих, оборот 90 тыс.; есть источники вне выборки",3,False,1,1,27000.0,63500.0,1,1,2.3518518518518516,0,3.368496473580486e-06,external_funding,"{""betweenness"": 0.156, ""degree"": 0.105, ""n_seed_upstream"": 0.101, ""role"": 0.036}"
100000008695689100,terminal,0.5,9,0.42717033091056844,"Вероятный конечный получатель: 1 плательщиков, получено 26 тыс., исходящих нет",3,False,1,0,26200.0,0.0,1,0,0.0,0,0.0,,"{""betweenness"": 0.074, ""degree"": 0.048, ""n_seed_upstream"": 0.101, ""role"": 0.199}"
100000004184158100,terminal,0.5,1,0.42717033091056844,"Вероятный конечный получатель: 1 плательщиков, получено 204 тыс., исходящих нет",3,False,1,0,203805.0,0.0,1,0,0.0,0,0.0,,"{""betweenness"": 0.074, ""degree"": 0.048, ""n_seed_upstream"": 0.101, ""role"": 0.199}"
100000005475379100,peripheral,0.5,3,0.45737212766917973,"Периферийный узел: 1 входящих, 3 исходящих, оборот 189 тыс.",3,False,1,3,108370.0,81000.0,1,3,0.7474393282273692,0,6.538846095773885e-05,,"{""betweenness"": 0.184, ""degree"": 0.13, ""n_seed_upstream"": 0.101, ""role"": 0.036}"
100000003093299100,terminal,0.5,12,0.42717033091056844,"Вероятный конечный получатель: 1 плательщиков, получено 15 тыс., исходящих нет",3,False,1,0,15000.0,0.0,1,0,0.0,0,0.0,,"{""betweenness"": 0.074, ""degree"": 0.048, ""n_seed_upstream"": 0.101, ""role"": 0.199}"
100000008767027100,terminal,0.5,6,0.42717033091056844,"Вероятный конечный получатель: 1 плательщиков, получено 5 тыс., исходящих нет",3,False,1,0,5000.0,0.0,1,0,0.0,0,0.0,,"{""betweenness"": 0.074, ""degree"": 0.048, ""n_seed_upstream"": 0.101, ""role"": 0.199}"
100000004539443100,terminal,0.5,5,0.4851699697530586,"Вероятный конечный получатель: 2 плательщиков, получено 62 тыс., исходящих нет",3,False,2,0,61990.0,0.0,2,0,0.0,0,0.0,,"{""betweenness"": 0.074, ""degree"": 0.105, ""n_seed_upstream"": 0.101, ""role"": 0.199}"
100000007863304100,terminal,0.5,8,0.42717033091056844,"Вероятный конечный получатель: 1 плательщиков, получено 25 тыс., исходящих нет",3,False,1,0,25000.0,0.0,1,0,0.0,0,0.0,,"{""betweenness"": 0.074, ""degree"": 0.048, ""n_seed_upstream"": 0.101, ""role"": 0.199}"
100000004959752100,terminal,0.5,15,0.42717033091056844,"Вероятный конечный получатель: 1 плательщиков, получено 22 тыс., исходящих нет",3,False,1,0,22200.0,0.0,1,0,0.0,0,0.0,,"{""betweenness"": 0.074, ""degree"": 0.048, ""n_seed_upstream"": 0.101, ""role"": 0.199}"
100000002214664100,peripheral,0.5,9,0.40083969121032914,"Периферийный узел: 1 входящих, 1 исходящих, оборот 85 тыс.; есть источники вне выборки",3,False,1,1,7950.0,76950.0,1,2,9.679245283018869,0,1.387027959709612e-06,external_funding,"{""betweenness"": 0.154, ""degree"": 0.105, ""n_seed_upstream"": 0.101, ""role"": 0.036}"
100000008192264100,transit,0.5026061209797382,8,0.6481648684032324,"Признаки транзита: получено 163 тыс., отдано 115%, 1→1 контрагента",3,False,1,1,162810.0,187910.0,1,2,1.1541674344327744,0,1.922024458454748e-05,,"{""betweenness"": 0.163, ""degree"": 0.105, ""n_seed_upstream"": 0.101, ""role"": 0.271}"
100000000942301100,terminal,0.5,1,0.42717033091056844,"Вероятный конечный получатель: 1 плательщиков, получено 58 тыс., исходящих нет",3,False,1,0,57580.0,0.0,2,0,0.0,0,0.0,,"{""betweenness"": 0.074, ""degree"": 0.048, ""n_seed_upstream"": 0.101, ""role"": 0.199}"
100000002578653100,terminal,0.5,3,0.42717033091056844,"Вероятный конечный получатель: 1 плательщиков, получено 20 тыс., исходящих нет",3,False,1,0,20000.0,0.0,1,0,0.0,0,0.0,,"{""betweenness"": 0.074, ""degree"": 0.048, ""n_seed_upstream"": 0.101, ""role"": 0.199}"
100000002511581100,terminal,0.5,9,0.42717033091056844,"Вероятный конечный получатель: 1 плательщиков, получено 18 тыс., исходящих нет",3,False,1,0,17600.0,0.0,1,0,0.0,0,0.0,,"{""betweenness"": 0.074, ""degree"": 0.048, ""n_seed_upstream"": 0.101, ""role"": 0.199}"
100000005610717100,coordinator,1.0,1,0.6980723217913413,Кандидат в координирующий узел: 4 плательщиков → 1 получателей; сигналы S3,3,False,4,1,484500.0,265200.0,6,7,0.5473684210526316,0,1.922024458454748e-05,peripheral;S3,"{""betweenness"": 0.163, ""degree"": 0.135, ""n_seed_upstream"": 0.101, ""role"": 0.29}"
100000005704413100,distributor,0.8863490019317514,7,0.7343912238725114,"Веерная рассылка: 32 получателей, отдано 1.36 млн",3,False,3,32,97834.67,1363593.0,4,35,13.9377278014021,0,0.0025582739982586856,external_funding,"{""betweenness"": 0.199, ""degree"": 0.149, ""n_seed_upstream"": 0.101, ""role"": 0.275}"
100000000976943100,transit,0.5029433773140799,3,0.6579161211683446,"Признаки транзита: получено 70 тыс., отдано 120%, 1→1 контрагента",3,False,1,1,70000.0,84000.0,1,3,1.2,0,2.1796153652579615e-05,,"{""betweenness"": 0.172, ""degree"": 0.105, ""n_seed_upstream"": 0.101, ""role"": 0.271}"
100000008708061100,terminal,0.5,9,0.42717033091056844,"Вероятный конечный получатель: 1 плательщиков, получено 9 тыс., исходящих нет",3,False,1,0,8650.0,0.0,1,0,0.0,0,0.0,,"{""betweenness"": 0.074, ""degree"": 0.048, ""n_seed_upstream"": 0.101, ""role"": 0.199}"
100000003986141100,terminal,0.5,8,0.42717033091056844,"Вероятный конечный получатель: 1 плательщиков, получено 5 тыс., исходящих нет",3,False,1,0,5286.32,0.0,1,0,0.0,0,0.0,,"{""betweenness"": 0.074, ""degree"": 0.048, ""n_seed_upstream"": 0.101, ""role"": 0.199}"
100000005037490100,peripheral,0.5,20,0.4307819060087581,"Периферийный узел: 1 входящих, 2 исходящих, оборот 45 тыс.; есть источники вне выборки",3,False,1,2,15000.0,30000.0,1,3,2.0,0,1.9418391435934565e-05,external_funding,"{""betweenness"": 0.167, ""degree"": 0.122, ""n_seed_upstream"": 0.101, ""role"": 0.036}"
100000004257714100,terminal,0.5,9,0.42717033091056844,"Вероятный конечный получатель: 1 плательщиков, получено 52 тыс., исходящих нет",3,False,1,0,52220.0,0.0,1,0,0.0,0,0.0,,"{""betweenness"": 0.074, ""degree"": 0.048, ""n_seed_upstream"": 0.101, ""role"": 0.199}"
100000000569479100,terminal,0.5,5,0.42717033091056844,"Вероятный конечный получатель: 1 плательщиков, получено 320 тыс., исходящих нет",3,False,1,0,320000.0,0.0,1,0,0.0,0,0.0,,"{""betweenness"": 0.074, ""degree"": 0.048, ""n_seed_upstream"": 0.101, ""role"": 0.199}"
100000007303047100,terminal,0.5,9,0.42717033091056844,"Вероятный конечный получатель: 1 плательщиков, получено 52 тыс., исходящих нет",3,False,1,0,52250.0,0.0,1,0,0.0,0,0.0,,"{""betweenness"": 0.074, ""degree"": 0.048, ""n_seed_upstream"": 0.101, ""role"": 0.199}"
100000008708743100,terminal,0.5,9,0.42717033091056844,"Вероятный конечный получатель: 1 плательщиков, получено 16 тыс., исходящих нет",3,False,1,0,15550.0,0.0,1,0,0.0,0,0.0,,"{""betweenness"": 0.074, ""degree"": 0.048, ""n_seed_upstream"": 0.101, ""role"": 0.199}"
100000008745863100,terminal,0.5,9,0.42717033091056844,"Вероятный конечный получатель: 1 плательщиков, получено 23 тыс., исходящих нет",3,False,1,0,22900.0,0.0,1,0,0.0,0,0.0,,"{""betweenness"": 0.074, ""degree"": 0.048, ""n_seed_upstream"": 0.101, ""role"": 0.199}"
100000005048668100,coordinator,0.5,3,0.7325854363234167,Кандидат в координирующий узел: 2 плательщиков → 8 получателей; сигналы S3,3,False,2,8,16668.0,159400.0,2,11,9.563234941204703,0,9.828083828799535e-05,external_funding;peripheral;S3,"{""betweenness"": 0.187, ""degree"": 0.144, ""n_seed_upstream"": 0.101, ""role"": 0.29}"
100000006522972100,terminal,0.5,3,0.42717033091056844,"Вероятный конечный получатель: 1 плательщиков, получено 10 тыс., исходящих нет",3,False,1,0,9515.0,0.0,1,0,0.0,0,0.0,,"{""betweenness"": 0.074, ""degree"": 0.048, ""n_seed_upstream"": 0.101, ""role"": 0.199}"
100000008759857100,peripheral,0.5,6,0.3368358087670986,"Периферийный узел: 1 входящих, 2 исходящих, оборот 999 тыс.; есть источники вне выборки",3,False,1,2,5000.0,994000.0,1,3,198.8,0,0.0,external_funding,"{""betweenness"": 0.074, ""degree"": 0.122, ""n_seed_upstream"": 0.101, ""role"": 0.036}"
100000005342513100,peripheral,0.5,4,0.3196695408785156,"Периферийный узел: 1 входящих, 1 исходящих, оборот 265 тыс.",3,False,1,1,235000.0,30000.0,2,1,0.1276595744680851,0,0.0,,"{""betweenness"": 0.074, ""degree"": 0.105, ""n_seed_upstream"": 0.101, ""role"": 0.036}"
100000004750897100,terminal,0.5,2,0.42717033091056844,"Вероятный конечный получатель: 1 плательщиков, получено 10 тыс., исходящих нет",3,False,1,0,10000.0,0.0,1,0,0.0,0,0.0,,"{""betweenness"": 0.074, ""degree"": 0.048, ""n_seed_upstream"": 0.101, ""role"": 0.199}"
100000001140785100,terminal,0.5,6,0.4851699697530586,"Вероятный конечный получатель: 2 плательщиков, получено 215 тыс., исходящих нет",3,False,2,0,215000.0,0.0,2,0,0.0,0,0.0,,"{""betweenness"": 0.074, ""degree"": 0.105, ""n_seed_upstream"": 0.101, ""role"": 0.199}"
100000002821425100,terminal,0.5,14,0.42717033091056844,"Вероятный конечный получатель: 1 плательщиков, получено 275 тыс., исходящих нет",3,False,1,0,275000.0,0.0,1,0,0.0,0,0.0,,"{""betweenness"": 0.074, ""degree"": 0.048, ""n_seed_upstream"": 0.101, ""role"": 0.199}"
100000003221510100,peripheral,0.5,12,0.4407137375287798,"Периферийный узел: 1 входящих, 2 исходящих, оборот 144 тыс.; есть источники вне выборки",3,False,1,2,24000.0,120000.0,1,3,5.0,0,3.844048916909496e-05,external_funding,"{""betweenness"": 0.176, ""degree"": 0.122, ""n_seed_upstream"": 0.101, ""role"": 0.036}"
100000003031003100,coordinator,0.5,6,0.594566836711661,Кандидат в координирующий узел: 3 плательщиков → 0 получателей; сигналы S3,3,False,3,0,280090.0,0.0,3,0,0.0,0,0.0,terminal;S3,"{""betweenness"": 0.074, ""degree"": 0.122, ""n_seed_upstream"": 0.101, ""role"": 0.29}"
100000003060187100,terminal,0.5,19,0.42717033091056844,"Вероятный конечный получатель: 1 плательщиков, получено 93 тыс., исходящих нет",3,False,1,0,93046.0,0.0,1,0,0.0,0,0.0,,"{""betweenness"": 0.074, ""degree"": 0.048, ""n_seed_upstream"": 0.101, ""role"": 0.199}"
100000008718811100,terminal,0.5,9,0.42717033091056844,"Вероятный конечный получатель: 1 плательщиков, получено 73 тыс., исходящих нет",3,False,1,0,73300.0,0.0,1,0,0.0,0,0.0,,"{""betweenness"": 0.074, ""degree"": 0.048, ""n_seed_upstream"": 0.101, ""role"": 0.199}"
100000008043184100,terminal,0.5,17,0.42717033091056844,"Вероятный конечный получатель: 1 плательщиков, получено 51 тыс., исходящих нет",3,False,1,0,50564.0,0.0,1,0,0.0,0,0.0,,"{""betweenness"": 0.074, ""degree"": 0.048, ""n_seed_upstream"": 0.101, ""role"": 0.199}"
100000002530224100,terminal,0.5,6,0.42717033091056844,"Вероятный конечный получатель: 1 плательщиков, получено 113 тыс., исходящих нет",3,False,1,0,113000.0,0.0,1,0,0.0,0,0.0,,"{""betweenness"": 0.074, ""degree"": 0.048, ""n_seed_upstream"": 0.101, ""role"": 0.199}"
100000008754608100,terminal,0.5,9,0.42717033091056844,"Вероятный конечный получатель: 1 плательщиков, получено 12 тыс., исходящих нет",3,False,1,0,12300.0,0.0,1,0,0.0,0,0.0,,"{""betweenness"": 0.074, ""degree"": 0.048, ""n_seed_upstream"": 0.101, ""role"": 0.199}"
100000006989232100,terminal,0.5,1,0.42717033091056844,"Вероятный конечный получатель: 1 плательщиков, получено 22 тыс., исходящих нет",3,False,1,0,22194.0,0.0,1,0,0.0,0,0.0,,"{""betweenness"": 0.074, ""degree"": 0.048, ""n_seed_upstream"": 0.101, ""role"": 0.199}"
100000006532229100,terminal,0.5,6,0.42717033091056844,"Вероятный конечный получатель: 1 плательщиков, получено 105 тыс., исходящих нет",3,False,1,0,105000.0,0.0,1,0,0.0,0,0.0,,"{""betweenness"": 0.074, ""degree"": 0.048, ""n_seed_upstream"": 0.101, ""role"": 0.199}"
100000005661829100,transit,0.5019725067604941,19,0.6600040630219856,"Признаки транзита: получено 38 тыс., отдано 107%, 1→2 контрагента",3,False,1,2,37790.0,40362.0,1,4,1.0680603334215402,0,4.5573775819030105e-06,,"{""betweenness"": 0.157, ""degree"": 0.122, ""n_seed_upstream"": 0.101, ""role"": 0.271}"
100000004553349100,terminal,0.5,3,0.42717033091056844,"Вероятный конечный получатель: 1 плательщиков, получено 8 тыс., исходящих нет",3,False,1,0,7755.0,0.0,1,0,0.0,0,0.0,,"{""betweenness"": 0.074, ""degree"": 0.048, ""n_seed_upstream"": 0.101, ""role"": 0.199}"
100000002945626100,coordinator,0.5,6,0.594566836711661,Кандидат в координирующий узел: 3 плательщиков → 0 получателей; сигналы S3,3,False,3,0,584000.0,0.0,3,0,0.0,0,0.0,terminal;S3,"{""betweenness"": 0.074, ""degree"": 0.122, ""n_seed_upstream"": 0.101, ""role"": 0.29}"
100000008775471100,terminal,0.5,6,0.42717033091056844,"Вероятный конечный получатель: 1 плательщиков, получено 580 тыс., исходящих нет",3,False,1,0,580000.0,0.0,2,0,0.0,0,0.0,,"{""betweenness"": 0.074, ""degree"": 0.048, ""n_seed_upstream"": 0.101, ""role"": 0.199}"
100000000404740100,frontier,0.5,27,0.32776172633289696,"4-е колено, исходящие не наблюдались (обрыв обхода), получено 25 тыс.",4,False,1,0,25000.0,0.0,1,0,0.0,0,0.0,,"{""betweenness"": 0.074, ""degree"": 0.048, ""n_seed_upstream"": 0.101, ""role"": 0.101}"
100000004268036100,frontier,0.5,21,0.32776172633289696,"4-е колено, исходящие не наблюдались (обрыв обхода), получено 6 тыс.",4,False,1,0,5500.0,0.0,1,0,0.0,0,0.0,,"{""betweenness"": 0.074, ""degree"": 0.048, ""n_seed_upstream"": 0.101, ""role"": 0.101}"
100000001256409100,frontier,0.5,15,0.32776172633289696,"4-е колено, исходящие не наблюдались (обрыв обхода), получено 8 тыс.",4,False,1,0,8000.0,0.0,1,0,0.0,0,0.0,,"{""betweenness"": 0.074, ""degree"": 0.048, ""n_seed_upstream"": 0.101, ""role"": 0.101}"
100000005360814100,frontier,0.5,15,0.32776172633289696,"4-е колено, исходящие не наблюдались (обрыв обхода), получено 144 тыс.",4,False,1,0,144000.0,0.0,3,0,0.0,0,0.0,,"{""betweenness"": 0.074, ""degree"": 0.048, ""n_seed_upstream"": 0.101, ""role"": 0.101}"
100000002369454100,frontier,0.5,1,0.32776172633289696,"4-е колено, исходящие не наблюдались (обрыв обхода), получено 25 тыс.",4,False,1,0,25000.0,0.0,1,0,0.0,0,0.0,,"{""betweenness"": 0.074, ""degree"": 0.048, ""n_seed_upstream"": 0.101, ""role"": 0.101}"
100000004272302100,frontier,0.5,3,0.32776172633289696,"4-е колено, исходящие не наблюдались (обрыв обхода), получено 10 тыс.",4,False,1,0,10000.0,0.0,1,0,0.0,0,0.0,,"{""betweenness"": 0.074, ""degree"": 0.048, ""n_seed_upstream"": 0.101, ""role"": 0.101}"
100000008727982100,frontier,0.5,18,0.32776172633289696,"4-е колено, исходящие не наблюдались (обрыв обхода), получено 30 тыс.",4,False,1,0,30000.0,0.0,2,0,0.0,0,0.0,,"{""betweenness"": 0.074, ""degree"": 0.048, ""n_seed_upstream"": 0.101, ""role"": 0.101}"
100000000600707100,frontier,0.5,35,0.32776172633289696,"4-е колено, исходящие не наблюдались (обрыв обхода), получено 89 тыс.",4,False,1,0,89000.0,0.0,2,0,0.0,0,0.0,,"{""betweenness"": 0.074, ""degree"": 0.048, ""n_seed_upstream"": 0.101, ""role"": 0.101}"
100000004500781100,frontier,0.5,11,0.32776172633289696,"4-е колено, исходящие не наблюдались (обрыв обхода), получено 74 тыс.",4,False,1,0,74000.0,0.0,5,0,0.0,0,0.0,,"{""betweenness"": 0.074, ""degree"": 0.048, ""n_seed_upstream"": 0.101, ""role"": 0.101}"
100000008703533100,frontier,0.5,6,0.32776172633289696,"4-е колено, исходящие не наблюдались (обрыв обхода), получено 75 тыс.",4,False,1,0,75000.0,0.0,1,0,0.0,0,0.0,,"{""betweenness"": 0.074, ""degree"": 0.048, ""n_seed_upstream"": 0.101, ""role"": 0.101}"
100000004549591100,frontier,0.5,34,0.32776172633289696,"4-е колено, исходящие не наблюдались (обрыв обхода), получено 49 тыс.",4,False,1,0,49000.0,0.0,1,0,0.0,0,0.0,,"{""betweenness"": 0.074, ""degree"": 0.048, ""n_seed_upstream"": 0.101, ""role"": 0.101}"
100000002700161100,frontier,0.5,5,0.32776172633289696,"4-е колено, исходящие не наблюдались (обрыв обхода), получено 39 тыс.",4,False,1,0,39000.0,0.0,1,0,0.0,0,0.0,,"{""betweenness"": 0.074, ""degree"": 0.048, ""n_seed_upstream"": 0.101, ""role"": 0.101}"
100000003134550100,frontier,0.5,6,0.32776172633289696,"4-е колено, исходящие не наблюдались (обрыв обхода), получено 100 тыс.",4,False,1,0,100000.0,0.0,1,0,0.0,0,0.0,,"{""betweenness"": 0.074, ""degree"": 0.048, ""n_seed_upstream"": 0.101, ""role"": 0.101}"
100000001957974100,frontier,0.5,11,0.32776172633289696,"4-е колено, исходящие не наблюдались (обрыв обхода), получено 500 тыс.",4,False,1,0,500000.0,0.0,1,0,0.0,0,0.0,,"{""betweenness"": 0.074, ""degree"": 0.048, ""n_seed_upstream"": 0.101, ""role"": 0.101}"
100000001246806100,frontier,0.5,6,0.32776172633289696,"4-е колено, исходящие не наблюдались (обрыв обхода), получено 130 тыс.",4,False,1,0,130000.0,0.0,1,0,0.0,0,0.0,,"{""betweenness"": 0.074, ""degree"": 0.048, ""n_seed_upstream"": 0.101, ""role"": 0.101}"
100000003622955100,frontier,0.5,3,0.32776172633289696,"4-е колено, исходящие не наблюдались (обрыв обхода), получено 15 тыс.",4,False,1,0,15000.0,0.0,1,0,0.0,0,0.0,,"{""betweenness"": 0.074, ""degree"": 0.048, ""n_seed_upstream"": 0.101, ""role"": 0.101}"
100000003692843100,frontier,0.5,2,0.32776172633289696,"4-е колено, исходящие не наблюдались (обрыв обхода), получено 510 тыс.",4,False,1,0,510000.0,0.0,2,0,0.0,0,0.0,,"{""betweenness"": 0.074, ""degree"": 0.048, ""n_seed_upstream"": 0.101, ""role"": 0.101}"
100000008629504100,frontier,0.5,1,0.32776172633289696,"4-е колено, исходящие не наблюдались (обрыв обхода), получено 20 тыс.",4,False,1,0,20000.0,0.0,1,0,0.0,0,0.0,,"{""betweenness"": 0.074, ""degree"": 0.048, ""n_seed_upstream"": 0.101, ""role"": 0.101}"
100000005621418100,frontier,0.5,26,0.32776172633289696,"4-е колено, исходящие не наблюдались (обрыв обхода), получено 30 тыс.",4,False,1,0,30000.0,0.0,1,0,0.0,0,0.0,,"{""betweenness"": 0.074, ""degree"": 0.048, ""n_seed_upstream"": 0.101, ""role"": 0.101}"
100000004167082100,frontier,0.5,3,0.32776172633289696,"4-е колено, исходящие не наблюдались (обрыв обхода), получено 13 тыс.",4,False,1,0,13300.0,0.0,1,0,0.0,0,0.0,,"{""betweenness"": 0.074, ""degree"": 0.048, ""n_seed_upstream"": 0.101, ""role"": 0.101}"
100000004379306100,frontier,0.5,1,0.32776172633289696,"4-е колено, исходящие не наблюдались (обрыв обхода), получено 15 тыс.",4,False,1,0,15000.0,0.0,1,0,0.0,0,0.0,,"{""betweenness"": 0.074, ""degree"": 0.048, ""n_seed_upstream"": 0.101, ""role"": 0.101}"
100000004856746100,frontier,0.5,22,0.32776172633289696,"4-е колено, исходящие не наблюдались (обрыв обхода), получено 20 тыс.",4,False,1,0,20000.0,0.0,1,0,0.0,0,0.0,,"{""betweenness"": 0.074, ""degree"": 0.048, ""n_seed_upstream"": 0.101, ""role"": 0.101}"
100000004891562100,frontier,0.5,21,0.32776172633289696,"4-е колено, исходящие не наблюдались (обрыв обхода), получено 103 тыс.",4,False,1,0,103400.0,0.0,1,0,0.0,0,0.0,,"{""betweenness"": 0.074, ""degree"": 0.048, ""n_seed_upstream"": 0.101, ""role"": 0.101}"
100000007042175100,frontier,0.5,12,0.32776172633289696,"4-е колено, исходящие не наблюдались (обрыв обхода), получено 60 тыс.",4,False,1,0,60000.0,0.0,1,0,0.0,0,0.0,,"{""betweenness"": 0.074, ""degree"": 0.048, ""n_seed_upstream"": 0.101, ""role"": 0.101}"
100000002670463100,frontier,0.5,21,0.32776172633289696,"4-е колено, исходящие не наблюдались (обрыв обхода), получено 32 тыс.",4,False,1,0,31500.0,0.0,1,0,0.0,0,0.0,,"{""betweenness"": 0.074, ""degree"": 0.048, ""n_seed_upstream"": 0.101, ""role"": 0.101}"
100000005567828100,frontier,0.5,7,0.32776172633289696,"4-е колено, исходящие не наблюдались (обрыв обхода), получено 94 тыс.",4,False,1,0,94000.0,0.0,1,0,0.0,0,0.0,,"{""betweenness"": 0.074, ""degree"": 0.048, ""n_seed_upstream"": 0.101, ""role"": 0.101}"
100000004200745100,frontier,0.5,13,0.32776172633289696,"4-е колено, исходящие не наблюдались (обрыв обхода), получено 130 тыс.",4,False,1,0,130000.0,0.0,4,0,0.0,0,0.0,,"{""betweenness"": 0.074, ""degree"": 0.048, ""n_seed_upstream"": 0.101, ""role"": 0.101}"
100000003989033100,frontier,0.5,14,0.32776172633289696,"4-е колено, исходящие не наблюдались (обрыв обхода), получено 373 тыс.",4,False,1,0,373400.0,0.0,13,0,0.0,0,0.0,,"{""betweenness"": 0.074, ""degree"": 0.048, ""n_seed_upstream"": 0.101, ""role"": 0.101}"
100000005146665100,frontier,0.5,11,0.32776172633289696,"4-е колено, исходящие не наблюдались (обрыв обхода), получено 6 тыс.",4,False,1,0,5500.0,0.0,1,0,0.0,0,0.0,,"{""betweenness"": 0.074, ""degree"": 0.048, ""n_seed_upstream"": 0.101, ""role"": 0.101}"
100000003096787100,frontier,0.5,7,0.32776172633289696,"4-е колено, исходящие не наблюдались (обрыв обхода), получено 16 тыс.",4,False,1,0,16400.0,0.0,1,0,0.0,0,0.0,,"{""betweenness"": 0.074, ""degree"": 0.048, ""n_seed_upstream"": 0.101, ""role"": 0.101}"
100000003074515100,frontier,0.5,6,0.32776172633289696,"4-е колено, исходящие не наблюдались (обрыв обхода), получено 105 тыс.",4,False,1,0,105000.0,0.0,1,0,0.0,0,0.0,,"{""betweenness"": 0.074, ""degree"": 0.048, ""n_seed_upstream"": 0.101, ""role"": 0.101}"
100000004377043100,frontier,0.5,22,0.32776172633289696,"4-е колено, исходящие не наблюдались (обрыв обхода), получено 6 тыс.",4,False,1,0,5700.0,0.0,1,0,0.0,0,0.0,,"{""betweenness"": 0.074, ""degree"": 0.048, ""n_seed_upstream"": 0.101, ""role"": 0.101}"
100000008680061100,frontier,0.5,3,0.32776172633289696,"4-е колено, исходящие не наблюдались (обрыв обхода), получено 41 тыс.",4,False,1,0,41300.0,0.0,2,0,0.0,0,0.0,,"{""betweenness"": 0.074, ""degree"": 0.048, ""n_seed_upstream"": 0.101, ""role"": 0.101}"
100000008471634100,frontier,0.5,27,0.32776172633289696,"4-е колено, исходящие не наблюдались (обрыв обхода), получено 20 тыс.",4,False,1,0,20000.0,0.0,1,0,0.0,0,0.0,,"{""betweenness"": 0.074, ""degree"": 0.048, ""n_seed_upstream"": 0.101, ""role"": 0.101}"
100000002119762100,frontier,0.5,8,0.32776172633289696,"4-е колено, исходящие не наблюдались (обрыв обхода), получено 77 тыс.",4,False,1,0,77000.0,0.0,6,0,0.0,0,0.0,,"{""betweenness"": 0.074, ""degree"": 0.048, ""n_seed_upstream"": 0.101, ""role"": 0.101}"
100000008628818100,frontier,0.5,7,0.32776172633289696,"4-е колено, исходящие не наблюдались (обрыв обхода), получено 46 тыс.",4,False,1,0,46310.0,0.0,1,0,0.0,0,0.0,,"{""betweenness"": 0.074, ""degree"": 0.048, ""n_seed_upstream"": 0.101, ""role"": 0.101}"
100000007510567100,frontier,0.5,7,0.32776172633289696,"4-е колено, исходящие не наблюдались (обрыв обхода), получено 52 тыс.",4,False,1,0,52000.0,0.0,1,0,0.0,0,0.0,,"{""betweenness"": 0.074, ""degree"": 0.048, ""n_seed_upstream"": 0.101, ""role"": 0.101}"
100000004780327100,frontier,0.5,21,0.32776172633289696,"4-е колено, исходящие не наблюдались (обрыв обхода), получено 12 тыс.",4,False,1,0,12000.0,0.0,1,0,0.0,0,0.0,,"{""betweenness"": 0.074, ""degree"": 0.048, ""n_seed_upstream"": 0.101, ""role"": 0.101}"
100000008376785100,frontier,0.5,8,0.32776172633289696,"4-е колено, исходящие не наблюдались (обрыв обхода), получено 234 тыс.",4,False,1,0,234250.0,0.0,2,0,0.0,0,0.0,,"{""betweenness"": 0.074, ""degree"": 0.048, ""n_seed_upstream"": 0.101, ""role"": 0.101}"
100000005745873100,frontier,0.5,12,0.32776172633289696,"4-е колено, исходящие не наблюдались (обрыв обхода), получено 223 тыс.",4,False,1,0,223000.0,0.0,1,0,0.0,0,0.0,,"{""betweenness"": 0.074, ""degree"": 0.048, ""n_seed_upstream"": 0.101, ""role"": 0.101}"
100000002594214100,frontier,0.5,8,0.32776172633289696,"4-е колено, исходящие не наблюдались (обрыв обхода), получено 1.00 млн",4,False,1,0,1000000.0,0.0,1,0,0.0,0,0.0,,"{""betweenness"": 0.074, ""degree"": 0.048, ""n_seed_upstream"": 0.101, ""role"": 0.101}"
100000001299323100,frontier,0.5,6,0.32776172633289696,"4-е колено, исходящие не наблюдались (обрыв обхода), получено 109 тыс.",4,False,1,0,109000.0,0.0,1,0,0.0,0,0.0,,"{""betweenness"": 0.074, ""degree"": 0.048, ""n_seed_upstream"": 0.101, ""role"": 0.101}"
100000003838587100,frontier,0.5,11,0.32776172633289696,"4-е колено, исходящие не наблюдались (обрыв обхода), получено 6 тыс.",4,False,1,0,6000.0,0.0,1,0,0.0,0,0.0,,"{""betweenness"": 0.074, ""degree"": 0.048, ""n_seed_upstream"": 0.101, ""role"": 0.101}"
100000000673915100,frontier,0.5,8,0.32776172633289696,"4-е колено, исходящие не наблюдались (обрыв обхода), получено 20 тыс.",4,False,1,0,20200.0,0.0,1,0,0.0,0,0.0,,"{""betweenness"": 0.074, ""degree"": 0.048, ""n_seed_upstream"": 0.101, ""role"": 0.101}"
100000003061115100,frontier,0.5,1,0.32776172633289696,"4-е колено, исходящие не наблюдались (обрыв обхода), получено 45 тыс.",4,False,1,0,45000.0,0.0,1,0,0.0,0,0.0,,"{""betweenness"": 0.074, ""degree"": 0.048, ""n_seed_upstream"": 0.101, ""role"": 0.101}"
100000004326224100,frontier,0.5,8,0.32776172633289696,"4-е колено, исходящие не наблюдались (обрыв обхода), получено 60 тыс.",4,False,1,0,60000.0,0.0,1,0,0.0,0,0.0,,"{""betweenness"": 0.074, ""degree"": 0.048, ""n_seed_upstream"": 0.101, ""role"": 0.101}"
100000004988240100,frontier,0.5,12,0.32776172633289696,"4-е колено, исходящие не наблюдались (обрыв обхода), получено 20 тыс.",4,False,1,0,20000.0,0.0,1,0,0.0,0,0.0,,"{""betweenness"": 0.074, ""degree"": 0.048, ""n_seed_upstream"": 0.101, ""role"": 0.101}"
100000008525136100,frontier,0.5,3,0.32776172633289696,"4-е колено, исходящие не наблюдались (обрыв обхода), получено 14 тыс.",4,False,1,0,14100.0,0.0,1,0,0.0,0,0.0,,"{""betweenness"": 0.074, ""degree"": 0.048, ""n_seed_upstream"": 0.101, ""role"": 0.101}"
100000001991973100,frontier,0.5,21,0.32776172633289696,"4-е колено, исходящие не наблюдались (обрыв обхода), получено 21 тыс.",4,False,1,0,20800.0,0.0,1,0,0.0,0,0.0,,"{""betweenness"": 0.074, ""degree"": 0.048, ""n_seed_upstream"": 0.101, ""role"": 0.101}"
100000004569637100,frontier,0.5,1,0.32776172633289696,"4-е колено, исходящие не наблюдались (обрыв обхода), получено 6 тыс.",4,False,1,0,5500.0,0.0,1,0,0.0,0,0.0,,"{""betweenness"": 0.074, ""degree"": 0.048, ""n_seed_upstream"": 0.101, ""role"": 0.101}"
100000008675322100,frontier,0.5,8,0.32776172633289696,"4-е колено, исходящие не наблюдались (обрыв обхода), получено 340 тыс.",4,False,1,0,340000.0,0.0,4,0,0.0,0,0.0,,"{""betweenness"": 0.074, ""degree"": 0.048, ""n_seed_upstream"": 0.101, ""role"": 0.101}"
100000004235471100,frontier,0.5,8,0.32776172633289696,"4-е колено, исходящие не наблюдались (обрыв обхода), получено 180 тыс.",4,False,1,0,180000.0,0.0,1,0,0.0,0,0.0,,"{""betweenness"": 0.074, ""degree"": 0.048, ""n_seed_upstream"": 0.101, ""role"": 0.101}"
100000003194831100,frontier,0.5,14,0.32776172633289696,"4-е колено, исходящие не наблюдались (обрыв обхода), получено 6 тыс.",4,False,1,0,6265.0,0.0,1,0,0.0,0,0.0,,"{""betweenness"": 0.074, ""degree"": 0.048, ""n_seed_upstream"": 0.101, ""role"": 0.101}"
100000008588665100,frontier,0.5,1,0.32776172633289696,"4-е колено, исходящие не наблюдались (обрыв обхода), получено 25 тыс.",4,False,1,0,25000.0,0.0,1,0,0.0,0,0.0,,"{""betweenness"": 0.074, ""degree"": 0.048, ""n_seed_upstream"": 0.101, ""role"": 0.101}"
100000003230329100,frontier,0.5,6,0.32776172633289696,"4-е колено, исходящие не наблюдались (обрыв обхода), получено 110 тыс.",4,False,1,0,110000.0,0.0,1,0,0.0,0,0.0,,"{""betweenness"": 0.074, ""degree"": 0.048, ""n_seed_upstream"": 0.101, ""role"": 0.101}"
100000002217806100,frontier,0.5,34,0.32776172633289696,"4-е колено, исходящие не наблюдались (обрыв обхода), получено 55 тыс.",4,False,1,0,55000.0,0.0,2,0,0.0,0,0.0,,"{""betweenness"": 0.074, ""degree"": 0.048, ""n_seed_upstream"": 0.101, ""role"": 0.101}"
100000004041294100,frontier,0.5,27,0.32776172633289696,"4-е колено, исходящие не наблюдались (обрыв обхода), получено 18 тыс.",4,False,1,0,17800.0,0.0,2,0,0.0,0,0.0,,"{""betweenness"": 0.074, ""degree"": 0.048, ""n_seed_upstream"": 0.101, ""role"": 0.101}"
100000008583971100,frontier,0.5,1,0.38576136517538717,"4-е колено, исходящие не наблюдались (обрыв обхода), получено 51 тыс.",4,False,2,0,51000.0,0.0,2,0,0.0,0,0.0,,"{""betweenness"": 0.074, ""degree"": 0.105, ""n_seed_upstream"": 0.101, ""role"": 0.101}"
100000008251939100,frontier,0.5,7,0.32776172633289696,"4-е колено, исходящие не наблюдались (обрыв обхода), получено 44 тыс.",4,False,1,0,44360.0,0.0,1,0,0.0,0,0.0,,"{""betweenness"": 0.074, ""degree"": 0.048, ""n_seed_upstream"": 0.101, ""role"": 0.101}"
100000004049912100,frontier,0.5,19,0.32776172633289696,"4-е колено, исходящие не наблюдались (обрыв обхода), получено 10 тыс.",4,False,1,0,10000.0,0.0,1,0,0.0,0,0.0,,"{""betweenness"": 0.074, ""degree"": 0.048, ""n_seed_upstream"": 0.101, ""role"": 0.101}"
100000002227960100,frontier,0.5,16,0.32776172633289696,"4-е колено, исходящие не наблюдались (обрыв обхода), получено 10 тыс.",4,False,1,0,10000.0,0.0,1,0,0.0,0,0.0,,"{""betweenness"": 0.074, ""degree"": 0.048, ""n_seed_upstream"": 0.101, ""role"": 0.101}"
100000008677368100,frontier,0.5,3,0.32776172633289696,"4-е колено, исходящие не наблюдались (обрыв обхода), получено 14 тыс.",4,False,1,0,13500.0,0.0,1,0,0.0,0,0.0,,"{""betweenness"": 0.074, ""degree"": 0.048, ""n_seed_upstream"": 0.101, ""role"": 0.101}"
100000008631800100,frontier,0.5,21,0.32776172633289696,"4-е колено, исходящие не наблюдались (обрыв обхода), получено 13 тыс.",4,False,1,0,12850.0,0.0,1,0,0.0,0,0.0,,"{""betweenness"": 0.074, ""degree"": 0.048, ""n_seed_upstream"": 0.101, ""role"": 0.101}"
100000003220685100,frontier,0.5,8,0.32776172633289696,"4-е колено, исходящие не наблюдались (обрыв обхода), получено 1.31 млн",4,False,1,0,1306000.0,0.0,2,0,0.0,0,0.0,,"{""betweenness"": 0.074, ""degree"": 0.048, ""n_seed_upstream"": 0.101, ""role"": 0.101}"
100000003072205100,frontier,0.5,6,0.38576136517538717,"4-е колено, исходящие не наблюдались (обрыв обхода), получено 163 тыс.",4,False,2,0,163000.0,0.0,2,0,0.0,0,0.0,,"{""betweenness"": 0.074, ""degree"": 0.105, ""n_seed_upstream"": 0.101, ""role"": 0.101}"
100000001202637100,frontier,0.5,7,0.32776172633289696,"4-е колено, исходящие не наблюдались (обрыв обхода), получено 10 тыс.",4,False,1,0,10000.0,0.0,1,0,0.0,0,0.0,,"{""betweenness"": 0.074, ""degree"": 0.048, ""n_seed_upstream"": 0.101, ""role"": 0.101}"
100000002835874100,frontier,0.5,6,0.32776172633289696,"4-е колено, исходящие не наблюдались (обрыв обхода), получено 59 тыс.",4,False,1,0,58700.0,0.0,1,0,0.0,0,0.0,,"{""betweenness"": 0.074, ""degree"": 0.048, ""n_seed_upstream"": 0.101, ""role"": 0.101}"
100000002707106100,frontier,0.5,11,0.32776172633289696,"4-е колено, исходящие не наблюдались (обрыв обхода), получено 15 тыс.",4,False,1,0,15000.0,0.0,2,0,0.0,0,0.0,,"{""betweenness"": 0.074, ""degree"": 0.048, ""n_seed_upstream"": 0.101, ""role"": 0.101}"
100000008343415100,frontier,0.5,15,0.32776172633289696,"4-е колено, исходящие не наблюдались (обрыв обхода), получено 100 тыс.",4,False,1,0,100000.0,0.0,3,0,0.0,0,0.0,,"{""betweenness"": 0.074, ""degree"": 0.048, ""n_seed_upstream"": 0.101, ""role"": 0.101}"
100000004981068100,frontier,0.5,5,0.32776172633289696,"4-е колено, исходящие не наблюдались (обрыв обхода), получено 10 тыс.",4,False,1,0,10000.0,0.0,1,0,0.0,0,0.0,,"{""betweenness"": 0.074, ""degree"": 0.048, ""n_seed_upstream"": 0.101, ""role"": 0.101}"
100000004241142100,frontier,0.5,12,0.32776172633289696,"4-е колено, исходящие не наблюдались (обрыв обхода), получено 27 тыс.",4,False,1,0,27102.0,0.0,1,0,0.0,0,0.0,,"{""betweenness"": 0.074, ""degree"": 0.048, ""n_seed_upstream"": 0.101, ""role"": 0.101}"
100000008190411100,frontier,0.5,29,0.32776172633289696,"4-е колено, исходящие не наблюдались (обрыв обхода), получено 198 тыс.",4,False,1,0,198450.0,0.0,12,0,0.0,0,0.0,,"{""betweenness"": 0.074, ""degree"": 0.048, ""n_seed_upstream"": 0.101, ""role"": 0.101}"
100000008699083100,frontier,0.5,6,0.32776172633289696,"4-е колено, исходящие не наблюдались (обрыв обхода), получено 238 тыс.",4,False,1,0,238500.0,0.0,1,0,0.0,0,0.0,,"{""betweenness"": 0.074, ""degree"": 0.048, ""n_seed_upstream"": 0.101, ""role"": 0.101}"
100000008136608100,frontier,0.5,7,0.32776172633289696,"4-е колено, исходящие не наблюдались (обрыв обхода), получено 170 тыс.",4,False,1,0,170000.0,0.0,1,0,0.0,0,0.0,,"{""betweenness"": 0.074, ""degree"": 0.048, ""n_seed_upstream"": 0.101, ""role"": 0.101}"
100000008695157100,frontier,0.5,15,0.32776172633289696,"4-е колено, исходящие не наблюдались (обрыв обхода), получено 426 тыс.",4,False,1,0,425546.0,0.0,3,0,0.0,0,0.0,,"{""betweenness"": 0.074, ""degree"": 0.048, ""n_seed_upstream"": 0.101, ""role"": 0.101}"
100000000369781100,frontier,0.5,8,0.32776172633289696,"4-е колено, исходящие не наблюдались (обрыв обхода), получено 5 тыс.",4,False,1,0,5000.0,0.0,1,0,0.0,0,0.0,,"{""betweenness"": 0.074, ""degree"": 0.048, ""n_seed_upstream"": 0.101, ""role"": 0.101}"
100000003133045100,frontier,0.5,29,0.32776172633289696,"4-е колено, исходящие не наблюдались (обрыв обхода), получено 68 тыс.",4,False,1,0,68000.0,0.0,1,0,0.0,0,0.0,,"{""betweenness"": 0.074, ""degree"": 0.048, ""n_seed_upstream"": 0.101, ""role"": 0.101}"
100000002474570100,frontier,0.5,21,0.32776172633289696,"4-е колено, исходящие не наблюдались (обрыв обхода), получено 7 тыс.",4,False,1,0,6750.0,0.0,1,0,0.0,0,0.0,,"{""betweenness"": 0.074, ""degree"": 0.048, ""n_seed_upstream"": 0.101, ""role"": 0.101}"
100000002514975100,frontier,0.5,26,0.32776172633289696,"4-е колено, исходящие не наблюдались (обрыв обхода), получено 18 тыс.",4,False,1,0,17920.0,0.0,1,0,0.0,0,0.0,,"{""betweenness"": 0.074, ""degree"": 0.048, ""n_seed_upstream"": 0.101, ""role"": 0.101}"
100000001089055100,frontier,0.5,17,0.32776172633289696,"4-е колено, исходящие не наблюдались (обрыв обхода), получено 13 тыс.",4,False,1,0,13000.0,0.0,1,0,0.0,0,0.0,,"{""betweenness"": 0.074, ""degree"": 0.048, ""n_seed_upstream"": 0.101, ""role"": 0.101}"
100000000608031100,frontier,0.5,17,0.32776172633289696,"4-е колено, исходящие не наблюдались (обрыв обхода), получено 30 тыс.",4,False,1,0,30000.0,0.0,1,0,0.0,0,0.0,,"{""betweenness"": 0.074, ""degree"": 0.048, ""n_seed_upstream"": 0.101, ""role"": 0.101}"
100000002659103100,frontier,0.5,3,0.32776172633289696,"4-е колено, исходящие не наблюдались (обрыв обхода), получено 165 тыс.",4,False,1,0,165000.0,0.0,1,0,0.0,0,0.0,,"{""betweenness"": 0.074, ""degree"": 0.048, ""n_seed_upstream"": 0.101, ""role"": 0.101}"
100000000733940100,frontier,0.5,30,0.32776172633289696,"4-е колено, исходящие не наблюдались (обрыв обхода), получено 752 тыс.",4,False,1,0,752000.0,0.0,2,0,0.0,0,0.0,,"{""betweenness"": 0.074, ""degree"": 0.048, ""n_seed_upstream"": 0.101, ""role"": 0.101}"
100000001537524100,frontier,0.5,6,0.32776172633289696,"4-е колено, исходящие не наблюдались (обрыв обхода), получено 150 тыс.",4,False,1,0,150000.0,0.0,1,0,0.0,0,0.0,,"{""betweenness"": 0.074, ""degree"": 0.048, ""n_seed_upstream"": 0.101, ""role"": 0.101}"
100000002971593100,frontier,0.5,8,0.32776172633289696,"4-е колено, исходящие не наблюдались (обрыв обхода), получено 49 тыс.",4,False,1,0,49050.0,0.0,1,0,0.0,0,0.0,,"{""betweenness"": 0.074, ""degree"": 0.048, ""n_seed_upstream"": 0.101, ""role"": 0.101}"
100000006918814100,frontier,0.5,3,0.32776172633289696,"4-е колено, исходящие не наблюдались (обрыв обхода), получено 20 тыс.",4,False,1,0,20000.0,0.0,2,0,0.0,0,0.0,,"{""betweenness"": 0.074, ""degree"": 0.048, ""n_seed_upstream"": 0.101, ""role"": 0.101}"
100000007381662100,frontier,0.5,5,0.32776172633289696,"4-е колено, исходящие не наблюдались (обрыв обхода), получено 11 тыс.",4,False,1,0,11000.0,0.0,1,0,0.0,0,0.0,,"{""betweenness"": 0.074, ""degree"": 0.048, ""n_seed_upstream"": 0.101, ""role"": 0.101}"
100000003199390100,frontier,0.5,8,0.32776172633289696,"4-е колено, исходящие не наблюдались (обрыв обхода), получено 260 тыс.",4,False,1,0,260000.0,0.0,1,0,0.0,0,0.0,,"{""betweenness"": 0.074, ""degree"": 0.048, ""n_seed_upstream"": 0.101, ""role"": 0.101}"
100000007749747100,frontier,0.5,6,0.32776172633289696,"4-е колено, исходящие не наблюдались (обрыв обхода), получено 50 тыс.",4,False,1,0,50000.0,0.0,1,0,0.0,0,0.0,,"{""betweenness"": 0.074, ""degree"": 0.048, ""n_seed_upstream"": 0.101, ""role"": 0.101}"
100000003447411100,frontier,0.5,5,0.32776172633289696,"4-е колено, исходящие не наблюдались (обрыв обхода), получено 302 тыс.",4,False,1,0,302000.0,0.0,3,0,0.0,0,0.0,,"{""betweenness"": 0.074, ""degree"": 0.048, ""n_seed_upstream"": 0.101, ""role"": 0.101}"
100000000500040100,frontier,0.5,5,0.32776172633289696,"4-е колено, исходящие не наблюдались (обрыв обхода), получено 20 тыс.",4,False,1,0,20000.0,0.0,1,0,0.0,0,0.0,,"{""betweenness"": 0.074, ""degree"": 0.048, ""n_seed_upstream"": 0.101, ""role"": 0.101}"
100000008551752100,frontier,0.5,12,0.32776172633289696,"4-е колено, исходящие не наблюдались (обрыв обхода), получено 406 тыс.",4,False,1,0,406000.0,0.0,2,0,0.0,0,0.0,,"{""betweenness"": 0.074, ""degree"": 0.048, ""n_seed_upstream"": 0.101, ""role"": 0.101}"
100000002876914100,frontier,0.5,21,0.32776172633289696,"4-е колено, исходящие не наблюдались (обрыв обхода), получено 12 тыс.",4,False,1,0,12000.0,0.0,1,0,0.0,0,0.0,,"{""betweenness"": 0.074, ""degree"": 0.048, ""n_seed_upstream"": 0.101, ""role"": 0.101}"
100000004571634100,frontier,0.5,3,0.32776172633289696,"4-е колено, исходящие не наблюдались (обрыв обхода), получено 20 тыс.",4,False,1,0,20000.0,0.0,1,0,0.0,0,0.0,,"{""betweenness"": 0.074, ""degree"": 0.048, ""n_seed_upstream"": 0.101, ""role"": 0.101}"
100000004610802100,frontier,0.5,3,0.32776172633289696,"4-е колено, исходящие не наблюдались (обрыв обхода), получено 241 тыс.",4,False,1,0,241000.0,0.0,18,0,0.0,0,0.0,,"{""betweenness"": 0.074, ""degree"": 0.048, ""n_seed_upstream"": 0.101, ""role"": 0.101}"
100000001311175100,frontier,0.5,14,0.32776172633289696,"4-е колено, исходящие не наблюдались (обрыв обхода), получено 300 тыс.",4,False,1,0,300000.0,0.0,1,0,0.0,0,0.0,,"{""betweenness"": 0.074, ""degree"": 0.048, ""n_seed_upstream"": 0.101, ""role"": 0.101}"
100000008740295100,frontier,0.5,6,0.32776172633289696,"4-е колено, исходящие не наблюдались (обрыв обхода), получено 300 тыс.",4,False,1,0,300000.0,0.0,1,0,0.0,0,0.0,,"{""betweenness"": 0.074, ""degree"": 0.048, ""n_seed_upstream"": 0.101, ""role"": 0.101}"
100000002596039100,frontier,0.5,5,0.32776172633289696,"4-е колено, исходящие не наблюдались (обрыв обхода), получено 280 тыс.",4,False,1,0,280000.0,0.0,1,0,0.0,0,0.0,,"{""betweenness"": 0.074, ""degree"": 0.048, ""n_seed_upstream"": 0.101, ""role"": 0.101}"
100000002126791100,frontier,0.5,6,0.32776172633289696,"4-е колено, исходящие не наблюдались (обрыв обхода), получено 1.31 млн",4,False,1,0,1313000.0,0.0,3,0,0.0,0,0.0,,"{""betweenness"": 0.074, ""degree"": 0.048, ""n_seed_upstream"": 0.101, ""role"": 0.101}"
100000005783452100,frontier,0.5,6,0.38576136517538717,"4-е колено, исходящие не наблюдались (обрыв обхода), получено 286 тыс.",4,False,2,0,286500.0,0.0,2,0,0.0,0,0.0,,"{""betweenness"": 0.074, ""degree"": 0.105, ""n_seed_upstream"": 0.101, ""role"": 0.101}"
100000006693788100,frontier,0.5,1,0.32776172633289696,"4-е колено, исходящие не наблюдались (обрыв обхода), получено 11 тыс.",4,False,1,0,10764.0,0.0,1,0,0.0,0,0.0,,"{""betweenness"": 0.074, ""degree"": 0.048, ""n_seed_upstream"": 0.101, ""role"": 0.101}"
100000002832753100,frontier,0.5,2,0.32776172633289696,"4-е колено, исходящие не наблюдались (обрыв обхода), получено 12 тыс.",4,False,1,0,12500.0,0.0,1,0,0.0,0,0.0,,"{""betweenness"": 0.074, ""degree"": 0.048, ""n_seed_upstream"": 0.101, ""role"": 0.101}"
100000002981489100,frontier,0.5,8,0.32776172633289696,"4-е колено, исходящие не наблюдались (обрыв обхода), получено 10 тыс.",4,False,1,0,10000.0,0.0,1,0,0.0,0,0.0,,"{""betweenness"": 0.074, ""degree"": 0.048, ""n_seed_upstream"": 0.101, ""role"": 0.101}"
100000003084870100,frontier,0.5,14,0.32776172633289696,"4-е колено, исходящие не наблюдались (обрыв обхода), получено 6 тыс.",4,False,1,0,6500.0,0.0,1,0,0.0,0,0.0,,"{""betweenness"": 0.074, ""degree"": 0.048, ""n_seed_upstream"": 0.101, ""role"": 0.101}"
100000002791494100,frontier,0.5,7,0.32776172633289696,"4-е колено, исходящие не наблюдались (обрыв обхода), получено 86 тыс.",4,False,1,0,85860.0,0.0,1,0,0.0,0,0.0,,"{""betweenness"": 0.074, ""degree"": 0.048, ""n_seed_upstream"": 0.101, ""role"": 0.101}"
100000003345947100,frontier,0.5,15,0.32776172633289696,"4-е колено, исходящие не наблюдались (обрыв обхода), получено 80 тыс.",4,False,1,0,79500.0,0.0,6,0,0.0,0,0.0,,"{""betweenness"": 0.074, ""degree"": 0.048, ""n_seed_upstream"": 0.101, ""role"": 0.101}"
100000002733083100,frontier,0.5,7,0.32776172633289696,"4-е колено, исходящие не наблюдались (обрыв обхода), получено 15 тыс.",4,False,1,0,15200.0,0.0,1,0,0.0,0,0.0,,"{""betweenness"": 0.074, ""degree"": 0.048, ""n_seed_upstream"": 0.101, ""role"": 0.101}"
100000003247600100,frontier,0.5,3,0.32776172633289696,"4-е колено, исходящие не наблюдались (обрыв обхода), получено 58 тыс.",4,False,1,0,58000.0,0.0,1,0,0.0,0,0.0,,"{""betweenness"": 0.074, ""degree"": 0.048, ""n_seed_upstream"": 0.101, ""role"": 0.101}"
100000001378288100,frontier,0.5,15,0.32776172633289696,"4-е колено, исходящие не наблюдались (обрыв обхода), получено 268 тыс.",4,False,1,0,268000.0,0.0,3,0,0.0,0,0.0,,"{""betweenness"": 0.074, ""degree"": 0.048, ""n_seed_upstream"": 0.101, ""role"": 0.101}"
100000002305477100,frontier,0.5,16,0.32776172633289696,"4-е колено, исходящие не наблюдались (обрыв обхода), получено 20 тыс.",4,False,1,0,20000.0,0.0,1,0,0.0,0,0.0,,"{""betweenness"": 0.074, ""degree"": 0.048, ""n_seed_upstream"": 0.101, ""role"": 0.101}"
100000006638021100,frontier,0.5,6,0.38576136517538717,"4-е колено, исходящие не наблюдались (обрыв обхода), получено 388 тыс.",4,False,2,0,388500.0,0.0,2,0,0.0,0,0.0,,"{""betweenness"": 0.074, ""degree"": 0.105, ""n_seed_upstream"": 0.101, ""role"": 0.101}"
100000008517061100,frontier,0.5,11,0.32776172633289696,"4-е колено, исходящие не наблюдались (обрыв обхода), получено 1.84 млн",4,False,1,0,1844000.0,0.0,4,0,0.0,0,0.0,,"{""betweenness"": 0.074, ""degree"": 0.048, ""n_seed_upstream"": 0.101, ""role"": 0.101}"
100000005910895100,frontier,0.5,10,0.32776172633289696,"4-е колено, исходящие не наблюдались (обрыв обхода), получено 5 тыс.",4,False,1,0,5100.0,0.0,1,0,0.0,0,0.0,,"{""betweenness"": 0.074, ""degree"": 0.048, ""n_seed_upstream"": 0.101, ""role"": 0.101}"
100000002723439100,frontier,0.5,10,0.32776172633289696,"4-е колено, исходящие не наблюдались (обрыв обхода), получено 18 тыс.",4,False,1,0,18000.0,0.0,2,0,0.0,0,0.0,,"{""betweenness"": 0.074, ""degree"": 0.048, ""n_seed_upstream"": 0.101, ""role"": 0.101}"
100000002320495100,frontier,0.5,8,0.32776172633289696,"4-е колено, исходящие не наблюдались (обрыв обхода), получено 14 тыс.",4,False,1,0,13526.27,0.0,1,0,0.0,0,0.0,,"{""betweenness"": 0.074, ""degree"": 0.048, ""n_seed_upstream"": 0.101, ""role"": 0.101}"
100000002229615100,frontier,0.5,16,0.32776172633289696,"4-е колено, исходящие не наблюдались (обрыв обхода), получено 25 тыс.",4,False,1,0,25000.0,0.0,1,0,0.0,0,0.0,,"{""betweenness"": 0.074, ""degree"": 0.048, ""n_seed_upstream"": 0.101, ""role"": 0.101}"
100000008327791100,frontier,0.5,17,0.32776172633289696,"4-е колено, исходящие не наблюдались (обрыв обхода), получено 11 тыс.",4,False,1,0,11000.0,0.0,1,0,0.0,0,0.0,,"{""betweenness"": 0.074, ""degree"": 0.048, ""n_seed_upstream"": 0.101, ""role"": 0.101}"
100000002208836100,frontier,0.5,8,0.32776172633289696,"4-е колено, исходящие не наблюдались (обрыв обхода), получено 90 тыс.",4,False,1,0,90000.0,0.0,1,0,0.0,0,0.0,,"{""betweenness"": 0.074, ""degree"": 0.048, ""n_seed_upstream"": 0.101, ""role"": 0.101}"
100000001724740100,frontier,0.5,6,0.32776172633289696,"4-е колено, исходящие не наблюдались (обрыв обхода), получено 185 тыс.",4,False,1,0,185000.0,0.0,4,0,0.0,0,0.0,,"{""betweenness"": 0.074, ""degree"": 0.048, ""n_seed_upstream"": 0.101, ""role"": 0.101}"
100000004386286100,frontier,0.5,13,0.32776172633289696,"4-е колено, исходящие не наблюдались (обрыв обхода), получено 12 тыс.",4,False,1,0,12500.0,0.0,1,0,0.0,0,0.0,,"{""betweenness"": 0.074, ""degree"": 0.048, ""n_seed_upstream"": 0.101, ""role"": 0.101}"
100000001714883100,frontier,0.5,21,0.32776172633289696,"4-е колено, исходящие не наблюдались (обрыв обхода), получено 7 тыс.",4,False,1,0,6900.0,0.0,1,0,0.0,0,0.0,,"{""betweenness"": 0.074, ""degree"": 0.048, ""n_seed_upstream"": 0.101, ""role"": 0.101}"
100000008337304100,frontier,0.5,1,0.32776172633289696,"4-е колено, исходящие не наблюдались (обрыв обхода), получено 105 тыс.",4,False,1,0,105465.0,0.0,2,0,0.0,0,0.0,,"{""betweenness"": 0.074, ""degree"": 0.048, ""n_seed_upstream"": 0.101, ""role"": 0.101}"
100000000655469100,frontier,0.5,16,0.32776172633289696,"4-е колено, исходящие не наблюдались (обрыв обхода), получено 20 тыс.",4,False,1,0,20000.0,0.0,2,0,0.0,0,0.0,,"{""betweenness"": 0.074, ""degree"": 0.048, ""n_seed_upstream"": 0.101, ""role"": 0.101}"
100000008722541100,frontier,0.5,8,0.32776172633289696,"4-е колено, исходящие не наблюдались (обрыв обхода), получено 280 тыс.",4,False,1,0,280000.0,0.0,4,0,0.0,0,0.0,,"{""betweenness"": 0.074, ""degree"": 0.048, ""n_seed_upstream"": 0.101, ""role"": 0.101}"
100000004222274100,frontier,0.5,1,0.32776172633289696,"4-е колено, исходящие не наблюдались (обрыв обхода), получено 16 тыс.",4,False,1,0,15500.0,0.0,1,0,0.0,0,0.0,,"{""betweenness"": 0.074, ""degree"": 0.048, ""n_seed_upstream"": 0.101, ""role"": 0.101}"
100000006232642100,frontier,0.5,8,0.32776172633289696,"4-е колено, исходящие не наблюдались (обрыв обхода), получено 456 тыс.",4,False,1,0,456000.0,0.0,4,0,0.0,0,0.0,,"{""betweenness"": 0.074, ""degree"": 0.048, ""n_seed_upstream"": 0.101, ""role"": 0.101}"
100000004066370100,frontier,0.5,35,0.32776172633289696,"4-е колено, исходящие не наблюдались (обрыв обхода), получено 65 тыс.",4,False,1,0,65000.0,0.0,2,0,0.0,0,0.0,,"{""betweenness"": 0.074, ""degree"": 0.048, ""n_seed_upstream"": 0.101, ""role"": 0.101}"
100000005685783100,frontier,0.5,9,0.32776172633289696,"4-е колено, исходящие не наблюдались (обрыв обхода), получено 26 тыс.",4,False,1,0,26150.0,0.0,1,0,0.0,0,0.0,,"{""betweenness"": 0.074, ""degree"": 0.048, ""n_seed_upstream"": 0.101, ""role"": 0.101}"
100000006171671100,frontier,0.5,12,0.32776172633289696,"4-е колено, исходящие не наблюдались (обрыв обхода), получено 10 тыс.",4,False,1,0,10000.0,0.0,1,0,0.0,0,0.0,,"{""betweenness"": 0.074, ""degree"": 0.048, ""n_seed_upstream"": 0.101, ""role"": 0.101}"
100000003481025100,frontier,0.5,1,0.32776172633289696,"4-е колено, исходящие не наблюдались (обрыв обхода), получено 9 тыс.",4,False,1,0,9000.0,0.0,1,0,0.0,0,0.0,,"{""betweenness"": 0.074, ""degree"": 0.048, ""n_seed_upstream"": 0.101, ""role"": 0.101}"
100000003646145100,frontier,0.5,3,0.32776172633289696,"4-е колено, исходящие не наблюдались (обрыв обхода), получено 5 тыс.",4,False,1,0,5000.0,0.0,1,0,0.0,0,0.0,,"{""betweenness"": 0.074, ""degree"": 0.048, ""n_seed_upstream"": 0.101, ""role"": 0.101}"
100000002659265100,frontier,0.5,6,0.32776172633289696,"4-е колено, исходящие не наблюдались (обрыв обхода), получено 141 тыс.",4,False,1,0,141000.0,0.0,1,0,0.0,0,0.0,,"{""betweenness"": 0.074, ""degree"": 0.048, ""n_seed_upstream"": 0.101, ""role"": 0.101}"
100000003289281100,frontier,0.5,1,0.32776172633289696,"4-е колено, исходящие не наблюдались (обрыв обхода), получено 40 тыс.",4,False,1,0,40000.0,0.0,1,0,0.0,0,0.0,,"{""betweenness"": 0.074, ""degree"": 0.048, ""n_seed_upstream"": 0.101, ""role"": 0.101}"
100000004840086100,frontier,0.5,1,0.32776172633289696,"4-е колено, исходящие не наблюдались (обрыв обхода), получено 100 тыс.",4,False,1,0,100000.0,0.0,2,0,0.0,0,0.0,,"{""betweenness"": 0.074, ""degree"": 0.048, ""n_seed_upstream"": 0.101, ""role"": 0.101}"
100000008554390100,frontier,0.5,21,0.32776172633289696,"4-е колено, исходящие не наблюдались (обрыв обхода), получено 14 тыс.",4,False,1,0,14000.0,0.0,1,0,0.0,0,0.0,,"{""betweenness"": 0.074, ""degree"": 0.048, ""n_seed_upstream"": 0.101, ""role"": 0.101}"
100000004691350100,frontier,0.5,1,0.32776172633289696,"4-е колено, исходящие не наблюдались (обрыв обхода), получено 13 тыс.",4,False,1,0,13300.0,0.0,1,0,0.0,0,0.0,,"{""betweenness"": 0.074, ""degree"": 0.048, ""n_seed_upstream"": 0.101, ""role"": 0.101}"
100000004652395100,frontier,0.5,3,0.40292763306397006,"4-е колено, исходящие не наблюдались (обрыв обхода), получено 102 тыс.",4,False,3,0,101528.0,0.0,5,0,0.0,0,0.0,,"{""betweenness"": 0.074, ""degree"": 0.122, ""n_seed_upstream"": 0.101, ""role"": 0.101}"
100000004979264100,frontier,0.5,6,0.32776172633289696,"4-е колено, исходящие не наблюдались (обрыв обхода), получено 40 тыс.",4,False,1,0,39800.0,0.0,1,0,0.0,0,0.0,,"{""betweenness"": 0.074, ""degree"": 0.048, ""n_seed_upstream"": 0.101, ""role"": 0.101}"
100000008074304100,frontier,0.5,8,0.32776172633289696,"4-е колено, исходящие не наблюдались (обрыв обхода), получено 6 тыс.",4,False,1,0,5500.0,0.0,1,0,0.0,0,0.0,,"{""betweenness"": 0.074, ""degree"": 0.048, ""n_seed_upstream"": 0.101, ""role"": 0.101}"
100000002227989100,frontier,0.5,16,0.32776172633289696,"4-е колено, исходящие не наблюдались (обрыв обхода), получено 20 тыс.",4,False,1,0,20000.0,0.0,1,0,0.0,0,0.0,,"{""betweenness"": 0.074, ""degree"": 0.048, ""n_seed_upstream"": 0.101, ""role"": 0.101}"
100000003207060100,frontier,0.5,1,0.32776172633289696,"4-е колено, исходящие не наблюдались (обрыв обхода), получено 53 тыс.",4,False,1,0,53000.0,0.0,1,0,0.0,0,0.0,,"{""betweenness"": 0.074, ""degree"": 0.048, ""n_seed_upstream"": 0.101, ""role"": 0.101}"
100000004601193100,frontier,0.5,3,0.32776172633289696,"4-е колено, исходящие не наблюдались (обрыв обхода), получено 84 тыс.",4,False,1,0,84000.0,0.0,3,0,0.0,0,0.0,,"{""betweenness"": 0.074, ""degree"": 0.048, ""n_seed_upstream"": 0.101, ""role"": 0.101}"
100000004991593100,frontier,0.5,3,0.32776172633289696,"4-е колено, исходящие не наблюдались (обрыв обхода), получено 45 тыс.",4,False,1,0,45000.0,0.0,2,0,0.0,0,0.0,,"{""betweenness"": 0.074, ""degree"": 0.048, ""n_seed_upstream"": 0.101, ""role"": 0.101}"
100000003128638100,frontier,0.5,6,0.32776172633289696,"4-е колено, исходящие не наблюдались (обрыв обхода), получено 300 тыс.",4,False,1,0,300000.0,0.0,1,0,0.0,0,0.0,,"{""betweenness"": 0.074, ""degree"": 0.048, ""n_seed_upstream"": 0.101, ""role"": 0.101}"
100000005878334100,frontier,0.5,15,0.32776172633289696,"4-е колено, исходящие не наблюдались (обрыв обхода), получено 76 тыс.",4,False,1,0,76400.0,0.0,2,0,0.0,0,0.0,,"{""betweenness"": 0.074, ""degree"": 0.048, ""n_seed_upstream"": 0.101, ""role"": 0.101}"
100000002878483100,frontier,0.5,21,0.32776172633289696,"4-е колено, исходящие не наблюдались (обрыв обхода), получено 6 тыс.",4,False,1,0,6000.0,0.0,1,0,0.0,0,0.0,,"{""betweenness"": 0.074, ""degree"": 0.048, ""n_seed_upstream"": 0.101, ""role"": 0.101}"
100000000981693100,frontier,0.5,12,0.32776172633289696,"4-е колено, исходящие не наблюдались (обрыв обхода), получено 16 тыс.",4,False,1,0,16500.0,0.0,1,0,0.0,0,0.0,,"{""betweenness"": 0.074, ""degree"": 0.048, ""n_seed_upstream"": 0.101, ""role"": 0.101}"
100000006416061100,frontier,0.5,5,0.32776172633289696,"4-е колено, исходящие не наблюдались (обрыв обхода), получено 30 тыс.",4,False,1,0,30000.0,0.0,1,0,0.0,0,0.0,,"{""betweenness"": 0.074, ""degree"": 0.048, ""n_seed_upstream"": 0.101, ""role"": 0.101}"
100000008168850100,frontier,0.5,8,0.32776172633289696,"4-е колено, исходящие не наблюдались (обрыв обхода), получено 188 тыс.",4,False,1,0,187910.0,0.0,2,0,0.0,0,0.0,,"{""betweenness"": 0.074, ""degree"": 0.048, ""n_seed_upstream"": 0.101, ""role"": 0.101}"
100000004747154100,frontier,0.5,29,0.32776172633289696,"4-е колено, исходящие не наблюдались (обрыв обхода), получено 67 тыс.",4,False,1,0,67000.0,0.0,1,0,0.0,0,0.0,,"{""betweenness"": 0.074, ""degree"": 0.048, ""n_seed_upstream"": 0.101, ""role"": 0.101}"
100000008524903100,frontier,0.5,12,0.32776172633289696,"4-е колено, исходящие не наблюдались (обрыв обхода), получено 15 тыс.",4,False,1,0,15000.0,0.0,1,0,0.0,0,0.0,,"{""betweenness"": 0.074, ""degree"": 0.048, ""n_seed_upstream"": 0.101, ""role"": 0.101}"
100000005049404100,frontier,0.5,8,0.32776172633289696,"4-е колено, исходящие не наблюдались (обрыв обхода), получено 98 тыс.",4,False,1,0,98000.0,0.0,2,0,0.0,0,0.0,,"{""betweenness"": 0.074, ""degree"": 0.048, ""n_seed_upstream"": 0.101, ""role"": 0.101}"
100000002258492100,frontier,0.5,11,0.32776172633289696,"4-е колено, исходящие не наблюдались (обрыв обхода), получено 9 тыс.",4,False,1,0,9000.0,0.0,1,0,0.0,0,0.0,,"{""betweenness"": 0.074, ""degree"": 0.048, ""n_seed_upstream"": 0.101, ""role"": 0.101}"
100000005497148100,frontier,0.5,8,0.32776172633289696,"4-е колено, исходящие не наблюдались (обрыв обхода), получено 24 тыс.",4,False,1,0,24000.0,0.0,2,0,0.0,0,0.0,,"{""betweenness"": 0.074, ""degree"": 0.048, ""n_seed_upstream"": 0.101, ""role"": 0.101}"
100000004596284100,frontier,0.5,2,0.32776172633289696,"4-е колено, исходящие не наблюдались (обрыв обхода), получено 30 тыс.",4,False,1,0,30000.0,0.0,1,0,0.0,0,0.0,,"{""betweenness"": 0.074, ""degree"": 0.048, ""n_seed_upstream"": 0.101, ""role"": 0.101}"
100000007960337100,frontier,0.5,8,0.32776172633289696,"4-е колено, исходящие не наблюдались (обрыв обхода), получено 36 тыс.",4,False,1,0,35500.0,0.0,1,0,0.0,0,0.0,,"{""betweenness"": 0.074, ""degree"": 0.048, ""n_seed_upstream"": 0.101, ""role"": 0.101}"
100000003180305100,frontier,0.5,12,0.32776172633289696,"4-е колено, исходящие не наблюдались (обрыв обхода), получено 144 тыс.",4,False,1,0,144000.0,0.0,1,0,0.0,0,0.0,,"{""betweenness"": 0.074, ""degree"": 0.048, ""n_seed_upstream"": 0.101, ""role"": 0.101}"
100000007653094100,frontier,0.5,3,0.32776172633289696,"4-е колено, исходящие не наблюдались (обрыв обхода), получено 16 тыс.",4,False,1,0,16000.0,0.0,1,0,0.0,0,0.0,,"{""betweenness"": 0.074, ""degree"": 0.048, ""n_seed_upstream"": 0.101, ""role"": 0.101}"
100000008175078100,frontier,0.5,8,0.32776172633289696,"4-е колено, исходящие не наблюдались (обрыв обхода), получено 1.85 млн",4,False,1,0,1846711.0,0.0,15,0,0.0,0,0.0,,"{""betweenness"": 0.074, ""degree"": 0.048, ""n_seed_upstream"": 0.101, ""role"": 0.101}"
100000004263867100,frontier,0.5,21,0.32776172633289696,"4-е колено, исходящие не наблюдались (обрыв обхода), получено 9 тыс.",4,False,1,0,9000.0,0.0,1,0,0.0,0,0.0,,"{""betweenness"": 0.074, ""degree"": 0.048, ""n_seed_upstream"": 0.101, ""role"": 0.101}"
100000002194320100,frontier,0.5,2,0.32776172633289696,"4-е колено, исходящие не наблюдались (обрыв обхода), получено 275 тыс.",4,False,1,0,275000.0,0.0,1,0,0.0,0,0.0,,"{""betweenness"": 0.074, ""degree"": 0.048, ""n_seed_upstream"": 0.101, ""role"": 0.101}"
100000001222245100,frontier,0.5,8,0.32776172633289696,"4-е колено, исходящие не наблюдались (обрыв обхода), получено 420 тыс.",4,False,1,0,420000.0,0.0,5,0,0.0,0,0.0,,"{""betweenness"": 0.074, ""degree"": 0.048, ""n_seed_upstream"": 0.101, ""role"": 0.101}"
100000008151098100,frontier,0.5,26,0.32776172633289696,"4-е колено, исходящие не наблюдались (обрыв обхода), получено 30 тыс.",4,False,1,0,30000.0,0.0,1,0,0.0,0,0.0,,"{""betweenness"": 0.074, ""degree"": 0.048, ""n_seed_upstream"": 0.101, ""role"": 0.101}"
100000008735802100,frontier,0.5,12,0.32776172633289696,"4-е колено, исходящие не наблюдались (обрыв обхода), получено 85 тыс.",4,False,1,0,85000.0,0.0,2,0,0.0,0,0.0,,"{""betweenness"": 0.074, ""degree"": 0.048, ""n_seed_upstream"": 0.101, ""role"": 0.101}"
100000004047887100,frontier,0.5,8,0.32776172633289696,"4-е колено, исходящие не наблюдались (обрыв обхода), получено 30 тыс.",4,False,1,0,30000.0,0.0,1,0,0.0,0,0.0,,"{""betweenness"": 0.074, ""degree"": 0.048, ""n_seed_upstream"": 0.101, ""role"": 0.101}"
100000003146511100,frontier,0.5,3,0.32776172633289696,"4-е колено, исходящие не наблюдались (обрыв обхода), получено 10 тыс.",4,False,1,0,10000.0,0.0,1,0,0.0,0,0.0,,"{""betweenness"": 0.074, ""degree"": 0.048, ""n_seed_upstream"": 0.101, ""role"": 0.101}"
100000007511780100,frontier,0.5,3,0.32776172633289696,"4-е колено, исходящие не наблюдались (обрыв обхода), получено 155 тыс.",4,False,1,0,155000.0,0.0,2,0,0.0,0,0.0,,"{""betweenness"": 0.074, ""degree"": 0.048, ""n_seed_upstream"": 0.101, ""role"": 0.101}"
100000007867364100,frontier,0.5,19,0.32776172633289696,"4-е колено, исходящие не наблюдались (обрыв обхода), получено 42 тыс.",4,False,1,0,41852.0,0.0,1,0,0.0,0,0.0,,"{""betweenness"": 0.074, ""degree"": 0.048, ""n_seed_upstream"": 0.101, ""role"": 0.101}"
100000006288612100,frontier,0.5,10,0.32776172633289696,"4-е колено, исходящие не наблюдались (обрыв обхода), получено 31 тыс.",4,False,1,0,30805.0,0.0,3,0,0.0,0,0.0,,"{""betweenness"": 0.074, ""degree"": 0.048, ""n_seed_upstream"": 0.101, ""role"": 0.101}"
100000006735545100,frontier,0.5,3,0.32776172633289696,"4-е колено, исходящие не наблюдались (обрыв обхода), получено 5 тыс.",4,False,1,0,5000.0,0.0,1,0,0.0,0,0.0,,"{""betweenness"": 0.074, ""degree"": 0.048, ""n_seed_upstream"": 0.101, ""role"": 0.101}"
100000004403641100,frontier,0.5,6,0.32776172633289696,"4-е колено, исходящие не наблюдались (обрыв обхода), получено 172 тыс.",4,False,1,0,171500.0,0.0,1,0,0.0,0,0.0,,"{""betweenness"": 0.074, ""degree"": 0.048, ""n_seed_upstream"": 0.101, ""role"": 0.101}"
100000003370425100,frontier,0.5,3,0.32776172633289696,"4-е колено, исходящие не наблюдались (обрыв обхода), получено 20 тыс.",4,False,1,0,20000.0,0.0,1,0,0.0,0,0.0,,"{""betweenness"": 0.074, ""degree"": 0.048, ""n_seed_upstream"": 0.101, ""role"": 0.101}"
100000004350094100,frontier,0.5,19,0.32776172633289696,"4-е колено, исходящие не наблюдались (обрыв обхода), получено 20 тыс.",4,False,1,0,20000.0,0.0,1,0,0.0,0,0.0,,"{""betweenness"": 0.074, ""degree"": 0.048, ""n_seed_upstream"": 0.101, ""role"": 0.101}"
100000004911971100,frontier,0.5,8,0.32776172633289696,"4-е колено, исходящие не наблюдались (обрыв обхода), получено 35 тыс.",4,False,1,0,35000.0,0.0,3,0,0.0,0,0.0,,"{""betweenness"": 0.074, ""degree"": 0.048, ""n_seed_upstream"": 0.101, ""role"": 0.101}"
100000001202787100,frontier,0.5,3,0.38576136517538717,"4-е колено, исходящие не наблюдались (обрыв обхода), получено 15 тыс.",4,False,2,0,14850.0,0.0,2,0,0.0,0,0.0,,"{""betweenness"": 0.074, ""degree"": 0.105, ""n_seed_upstream"": 0.101, ""role"": 0.101}"
100000008469048100,frontier,0.5,1,0.32776172633289696,"4-е колено, исходящие не наблюдались (обрыв обхода), получено 265 тыс.",4,False,1,0,265200.0,0.0,7,0,0.0,0,0.0,,"{""betweenness"": 0.074, ""degree"": 0.048, ""n_seed_upstream"": 0.101, ""role"": 0.101}"
100000002635746100,frontier,0.5,21,0.32776172633289696,"4-е колено, исходящие не наблюдались (обрыв обхода), получено 5 тыс.",4,False,1,0,5300.0,0.0,1,0,0.0,0,0.0,,"{""betweenness"": 0.074, ""degree"": 0.048, ""n_seed_upstream"": 0.101, ""role"": 0.101}"
100000008321975100,frontier,0.5,16,0.32776172633289696,"4-е колено, исходящие не наблюдались (обрыв обхода), получено 6 тыс.",4,False,1,0,5900.0,0.0,1,0,0.0,0,0.0,,"{""betweenness"": 0.074, ""degree"": 0.048, ""n_seed_upstream"": 0.101, ""role"": 0.101}"
100000003078839100,frontier,0.5,1,0.32776172633289696,"4-е колено, исходящие не наблюдались (обрыв обхода), получено 14 тыс.",4,False,1,0,14000.0,0.0,2,0,0.0,0,0.0,,"{""betweenness"": 0.074, ""degree"": 0.048, ""n_seed_upstream"": 0.101, ""role"": 0.101}"
100000004006327100,frontier,0.5,6,0.32776172633289696,"4-е колено, исходящие не наблюдались (обрыв обхода), получено 300 тыс.",4,False,1,0,300000.0,0.0,3,0,0.0,0,0.0,,"{""betweenness"": 0.074, ""degree"": 0.048, ""n_seed_upstream"": 0.101, ""role"": 0.101}"
100000007865484100,frontier,0.5,12,0.32776172633289696,"4-е колено, исходящие не наблюдались (обрыв обхода), получено 585 тыс.",4,False,1,0,584600.0,0.0,2,0,0.0,0,0.0,,"{""betweenness"": 0.074, ""degree"": 0.048, ""n_seed_upstream"": 0.101, ""role"": 0.101}"
100000005367180100,frontier,0.5,1,0.32776172633289696,"4-е колено, исходящие не наблюдались (обрыв обхода), получено 8 тыс.",4,False,1,0,7700.0,0.0,1,0,0.0,0,0.0,,"{""betweenness"": 0.074, ""degree"": 0.048, ""n_seed_upstream"": 0.101, ""role"": 0.101}"
100000001669260100,frontier,0.5,15,0.32776172633289696,"4-е колено, исходящие не наблюдались (обрыв обхода), получено 500 тыс.",4,False,1,0,500000.0,0.0,1,0,0.0,0,0.0,,"{""betweenness"": 0.074, ""degree"": 0.048, ""n_seed_upstream"": 0.101, ""role"": 0.101}"
100000001297206100,frontier,0.5,1,0.32776172633289696,"4-е колено, исходящие не наблюдались (обрыв обхода), получено 7 тыс.",4,False,1,0,6758.0,0.0,1,0,0.0,0,0.0,,"{""betweenness"": 0.074, ""degree"": 0.048, ""n_seed_upstream"": 0.101, ""role"": 0.101}"
100000002645046100,frontier,0.5,21,0.32776172633289696,"4-е колено, исходящие не наблюдались (обрыв обхода), получено 12 тыс.",4,False,1,0,12000.0,0.0,1,0,0.0,0,0.0,,"{""betweenness"": 0.074, ""degree"": 0.048, ""n_seed_upstream"": 0.101, ""role"": 0.101}"
100000006308406100,frontier,0.5,16,0.32776172633289696,"4-е колено, исходящие не наблюдались (обрыв обхода), получено 183 тыс.",4,False,1,0,183000.0,0.0,2,0,0.0,0,0.0,,"{""betweenness"": 0.074, ""degree"": 0.048, ""n_seed_upstream"": 0.101, ""role"": 0.101}"
100000002728246100,frontier,0.5,8,0.32776172633289696,"4-е колено, исходящие не наблюдались (обрыв обхода), получено 10 тыс.",4,False,1,0,10000.0,0.0,1,0,0.0,0,0.0,,"{""betweenness"": 0.074, ""degree"": 0.048, ""n_seed_upstream"": 0.101, ""role"": 0.101}"
100000001590795100,frontier,0.5,21,0.32776172633289696,"4-е колено, исходящие не наблюдались (обрыв обхода), получено 5 тыс.",4,False,1,0,5060.0,0.0,1,0,0.0,0,0.0,,"{""betweenness"": 0.074, ""degree"": 0.048, ""n_seed_upstream"": 0.101, ""role"": 0.101}"
100000006257675100,frontier,0.5,16,0.32776172633289696,"4-е колено, исходящие не наблюдались (обрыв обхода), получено 70 тыс.",4,False,1,0,70000.0,0.0,2,0,0.0,0,0.0,,"{""betweenness"": 0.074, ""degree"": 0.048, ""n_seed_upstream"": 0.101, ""role"": 0.101}"
100000002130400100,frontier,0.5,35,0.32776172633289696,"4-е колено, исходящие не наблюдались (обрыв обхода), получено 10 тыс.",4,False,1,0,10000.0,0.0,1,0,0.0,0,0.0,,"{""betweenness"": 0.074, ""degree"": 0.048, ""n_seed_upstream"": 0.101, ""role"": 0.101}"
100000000557536100,frontier,0.5,8,0.32776172633289696,"4-е колено, исходящие не наблюдались (обрыв обхода), получено 153 тыс.",4,False,1,0,153000.0,0.0,7,0,0.0,0,0.0,,"{""betweenness"": 0.074, ""degree"": 0.048, ""n_seed_upstream"": 0.101, ""role"": 0.101}"
100000002689717100,frontier,0.5,7,0.32776172633289696,"4-е колено, исходящие не наблюдались (обрыв обхода), получено 48 тыс.",4,False,1,0,47500.0,0.0,1,0,0.0,0,0.0,,"{""betweenness"": 0.074, ""degree"": 0.048, ""n_seed_upstream"": 0.101, ""role"": 0.101}"
100000005189258100,frontier,0.5,3,0.32776172633289696,"4-е колено, исходящие не наблюдались (обрыв обхода), получено 50 тыс.",4,False,1,0,50000.0,0.0,1,0,0.0,0,0.0,,"{""betweenness"": 0.074, ""degree"": 0.048, ""n_seed_upstream"": 0.101, ""role"": 0.101}"
100000002748511100,frontier,0.5,2,0.32776172633289696,"4-е колено, исходящие не наблюдались (обрыв обхода), получено 20 тыс.",4,False,1,0,20000.0,0.0,1,0,0.0,0,0.0,,"{""betweenness"": 0.074, ""degree"": 0.048, ""n_seed_upstream"": 0.101, ""role"": 0.101}"
100000002371892100,frontier,0.5,2,0.32776172633289696,"4-е колено, исходящие не наблюдались (обрыв обхода), получено 44 тыс.",4,False,1,0,43830.0,0.0,1,0,0.0,0,0.0,,"{""betweenness"": 0.074, ""degree"": 0.048, ""n_seed_upstream"": 0.101, ""role"": 0.101}"
100000008130868100,frontier,0.5,14,0.32776172633289696,"4-е колено, исходящие не наблюдались (обрыв обхода), получено 23 тыс.",4,False,1,0,22782.0,0.0,1,0,0.0,0,0.0,,"{""betweenness"": 0.074, ""degree"": 0.048, ""n_seed_upstream"": 0.101, ""role"": 0.101}"
100000007153161100,frontier,0.5,12,0.32776172633289696,"4-е колено, исходящие не наблюдались (обрыв обхода), получено 45 тыс.",4,False,1,0,44997.0,0.0,1,0,0.0,0,0.0,,"{""betweenness"": 0.074, ""degree"": 0.048, ""n_seed_upstream"": 0.101, ""role"": 0.101}"
100000002994441100,frontier,0.5,1,0.32776172633289696,"4-е колено, исходящие не наблюдались (обрыв обхода), получено 5 тыс.",4,False,1,0,5000.0,0.0,1,0,0.0,0,0.0,,"{""betweenness"": 0.074, ""degree"": 0.048, ""n_seed_upstream"": 0.101, ""role"": 0.101}"
100000001065481100,frontier,0.5,20,0.32776172633289696,"4-е колено, исходящие не наблюдались (обрыв обхода), получено 16 тыс.",4,False,1,0,16000.0,0.0,2,0,0.0,0,0.0,,"{""betweenness"": 0.074, ""degree"": 0.048, ""n_seed_upstream"": 0.101, ""role"": 0.101}"
100000007731977100,frontier,0.5,5,0.32776172633289696,"4-е колено, исходящие не наблюдались (обрыв обхода), получено 50 тыс.",4,False,1,0,50000.0,0.0,1,0,0.0,0,0.0,,"{""betweenness"": 0.074, ""degree"": 0.048, ""n_seed_upstream"": 0.101, ""role"": 0.101}"
100000003252446100,frontier,0.5,6,0.32776172633289696,"4-е колено, исходящие не наблюдались (обрыв обхода), получено 109 тыс.",4,False,1,0,108600.0,0.0,1,0,0.0,0,0.0,,"{""betweenness"": 0.074, ""degree"": 0.048, ""n_seed_upstream"": 0.101, ""role"": 0.101}"
100000002671326100,frontier,0.5,29,0.32776172633289696,"4-е колено, исходящие не наблюдались (обрыв обхода), получено 1.05 млн",4,False,1,0,1050000.0,0.0,2,0,0.0,0,0.0,,"{""betweenness"": 0.074, ""degree"": 0.048, ""n_seed_upstream"": 0.101, ""role"": 0.101}"
100000005087923100,frontier,0.5,7,0.32776172633289696,"4-е колено, исходящие не наблюдались (обрыв обхода), получено 20 тыс.",4,False,1,0,20000.0,0.0,1,0,0.0,0,0.0,,"{""betweenness"": 0.074, ""degree"": 0.048, ""n_seed_upstream"": 0.101, ""role"": 0.101}"
100000008770483100,frontier,0.5,6,0.32776172633289696,"4-е колено, исходящие не наблюдались (обрыв обхода), получено 5 тыс.",4,False,1,0,5000.0,0.0,1,0,0.0,0,0.0,,"{""betweenness"": 0.074, ""degree"": 0.048, ""n_seed_upstream"": 0.101, ""role"": 0.101}"
100000002748040100,frontier,0.5,7,0.32776172633289696,"4-е колено, исходящие не наблюдались (обрыв обхода), получено 18 тыс.",4,False,1,0,18000.0,0.0,1,0,0.0,0,0.0,,"{""betweenness"": 0.074, ""degree"": 0.048, ""n_seed_upstream"": 0.101, ""role"": 0.101}"
100000004800648100,frontier,0.5,10,0.32776172633289696,"4-е колено, исходящие не наблюдались (обрыв обхода), получено 131 тыс.",4,False,1,0,131000.0,0.0,1,0,0.0,0,0.0,,"{""betweenness"": 0.074, ""degree"": 0.048, ""n_seed_upstream"": 0.101, ""role"": 0.101}"
100000005025629100,frontier,0.5,8,0.32776172633289696,"4-е колено, исходящие не наблюдались (обрыв обхода), получено 5 тыс.",4,False,1,0,5227.0,0.0,1,0,0.0,0,0.0,,"{""betweenness"": 0.074, ""degree"": 0.048, ""n_seed_upstream"": 0.101, ""role"": 0.101}"
100000000581682100,frontier,0.5,22,0.32776172633289696,"4-е колено, исходящие не наблюдались (обрыв обхода), получено 5 тыс.",4,False,1,0,5000.0,0.0,1,0,0.0,0,0.0,,"{""betweenness"": 0.074, ""degree"": 0.048, ""n_seed_upstream"": 0.101, ""role"": 0.101}"
100000004976946100,frontier,0.5,12,0.32776172633289696,"4-е колено, исходящие не наблюдались (обрыв обхода), получено 246 тыс.",4,False,1,0,246000.0,0.0,1,0,0.0,0,0.0,,"{""betweenness"": 0.074, ""degree"": 0.048, ""n_seed_upstream"": 0.101, ""role"": 0.101}"
100000000957746100,frontier,0.5,17,0.32776172633289696,"4-е колено, исходящие не наблюдались (обрыв обхода), получено 5 тыс.",4,False,1,0,5300.0,0.0,1,0,0.0,0,0.0,,"{""betweenness"": 0.074, ""degree"": 0.048, ""n_seed_upstream"": 0.101, ""role"": 0.101}"
100000003001138100,frontier,0.5,22,0.32776172633289696,"4-е колено, исходящие не наблюдались (обрыв обхода), получено 30 тыс.",4,False,1,0,30000.0,0.0,1,0,0.0,0,0.0,,"{""betweenness"": 0.074, ""degree"": 0.048, ""n_seed_upstream"": 0.101, ""role"": 0.101}"
100000001325618100,frontier,0.5,21,0.32776172633289696,"4-е колено, исходящие не наблюдались (обрыв обхода), получено 9 тыс.",4,False,1,0,9300.0,0.0,1,0,0.0,0,0.0,,"{""betweenness"": 0.074, ""degree"": 0.048, ""n_seed_upstream"": 0.101, ""role"": 0.101}"
100000003792647100,frontier,0.5,8,0.32776172633289696,"4-е колено, исходящие не наблюдались (обрыв обхода), получено 8 тыс.",4,False,1,0,8000.0,0.0,1,0,0.0,0,0.0,,"{""betweenness"": 0.074, ""degree"": 0.048, ""n_seed_upstream"": 0.101, ""role"": 0.101}"
100000004107228100,frontier,0.5,5,0.32776172633289696,"4-е колено, исходящие не наблюдались (обрыв обхода), получено 5 тыс.",4,False,1,0,5000.0,0.0,1,0,0.0,0,0.0,,"{""betweenness"": 0.074, ""degree"": 0.048, ""n_seed_upstream"": 0.101, ""role"": 0.101}"
100000003500764100,frontier,0.5,17,0.32776172633289696,"4-е колено, исходящие не наблюдались (обрыв обхода), получено 21 тыс.",4,False,1,0,21000.0,0.0,1,0,0.0,0,0.0,,"{""betweenness"": 0.074, ""degree"": 0.048, ""n_seed_upstream"": 0.101, ""role"": 0.101}"
100000004261340100,frontier,0.5,3,0.32776172633289696,"4-е колено, исходящие не наблюдались (обрыв обхода), получено 48 тыс.",4,False,1,0,48500.0,0.0,4,0,0.0,0,0.0,,"{""betweenness"": 0.074, ""degree"": 0.048, ""n_seed_upstream"": 0.101, ""role"": 0.101}"
100000008172721100,frontier,0.5,1,0.32776172633289696,"4-е колено, исходящие не наблюдались (обрыв обхода), получено 168 тыс.",4,False,1,0,168335.0,0.0,1,0,0.0,0,0.0,,"{""betweenness"": 0.074, ""degree"": 0.048, ""n_seed_upstream"": 0.101, ""role"": 0.101}"
100000005079473100,frontier,0.5,15,0.32776172633289696,"4-е колено, исходящие не наблюдались (обрыв обхода), получено 39 тыс.",4,False,1,0,39312.0,0.0,1,0,0.0,0,0.0,,"{""betweenness"": 0.074, ""degree"": 0.048, ""n_seed_upstream"": 0.101, ""role"": 0.101}"
100000004850609100,frontier,0.5,3,0.32776172633289696,"4-е колено, исходящие не наблюдались (обрыв обхода), получено 10 тыс.",4,False,1,0,10000.0,0.0,1,0,0.0,0,0.0,,"{""betweenness"": 0.074, ""degree"": 0.048, ""n_seed_upstream"": 0.101, ""role"": 0.101}"
100000005042822100,frontier,0.5,30,0.32776172633289696,"4-е колено, исходящие не наблюдались (обрыв обхода), получено 1.00 млн",4,False,1,0,1000000.0,0.0,1,0,0.0,0,0.0,,"{""betweenness"": 0.074, ""degree"": 0.048, ""n_seed_upstream"": 0.101, ""role"": 0.101}"
100000002794374100,frontier,0.5,6,0.32776172633289696,"4-е колено, исходящие не наблюдались (обрыв обхода), получено 111 тыс.",4,False,1,0,111000.0,0.0,1,0,0.0,0,0.0,,"{""betweenness"": 0.074, ""degree"": 0.048, ""n_seed_upstream"": 0.101, ""role"": 0.101}"
100000002860934100,frontier,0.5,22,0.32776172633289696,"4-е колено, исходящие не наблюдались (обрыв обхода), получено 280 тыс.",4,False,1,0,279500.0,0.0,4,0,0.0,0,0.0,,"{""betweenness"": 0.074, ""degree"": 0.048, ""n_seed_upstream"": 0.101, ""role"": 0.101}"
100000003097947100,frontier,0.5,1,0.32776172633289696,"4-е колено, исходящие не наблюдались (обрыв обхода), получено 53 тыс.",4,False,1,0,52980.0,0.0,1,0,0.0,0,0.0,,"{""betweenness"": 0.074, ""degree"": 0.048, ""n_seed_upstream"": 0.101, ""role"": 0.101}"
100000004260869100,frontier,0.5,2,0.32776172633289696,"4-е колено, исходящие не наблюдались (обрыв обхода), получено 10 тыс.",4,False,1,0,10000.0,0.0,1,0,0.0,0,0.0,,"{""betweenness"": 0.074, ""degree"": 0.048, ""n_seed_upstream"": 0.101, ""role"": 0.101}"
100000008762885100,frontier,0.5,6,0.32776172633289696,"4-е колено, исходящие не наблюдались (обрыв обхода), получено 7 тыс.",4,False,1,0,7000.0,0.0,1,0,0.0,0,0.0,,"{""betweenness"": 0.074, ""degree"": 0.048, ""n_seed_upstream"": 0.101, ""role"": 0.101}"
100000002986245100,frontier,0.5,21,0.32776172633289696,"4-е колено, исходящие не наблюдались (обрыв обхода), получено 6 тыс.",4,False,1,0,5750.0,0.0,1,0,0.0,0,0.0,,"{""betweenness"": 0.074, ""degree"": 0.048, ""n_seed_upstream"": 0.101, ""role"": 0.101}"
100000001471706100,frontier,0.5,11,0.32776172633289696,"4-е колено, исходящие не наблюдались (обрыв обхода), получено 377 тыс.",4,False,1,0,377000.0,0.0,8,0,0.0,0,0.0,,"{""betweenness"": 0.074, ""degree"": 0.048, ""n_seed_upstream"": 0.101, ""role"": 0.101}"
100000002304943100,frontier,0.5,16,0.32776172633289696,"4-е колено, исходящие не наблюдались (обрыв обхода), получено 15 тыс.",4,False,1,0,15000.0,0.0,1,0,0.0,0,0.0,,"{""betweenness"": 0.074, ""degree"": 0.048, ""n_seed_upstream"": 0.101, ""role"": 0.101}"
100000002695812100,frontier,0.5,7,0.32776172633289696,"4-е колено, исходящие не наблюдались (обрыв обхода), получено 95 тыс.",4,False,1,0,95000.0,0.0,1,0,0.0,0,0.0,,"{""betweenness"": 0.074, ""degree"": 0.048, ""n_seed_upstream"": 0.101, ""role"": 0.101}"
100000008761220100,frontier,0.5,6,0.32776172633289696,"4-е колено, исходящие не наблюдались (обрыв обхода), получено 10 тыс.",4,False,1,0,10000.0,0.0,1,0,0.0,0,0.0,,"{""betweenness"": 0.074, ""degree"": 0.048, ""n_seed_upstream"": 0.101, ""role"": 0.101}"
100000004890713100,frontier,0.5,7,0.32776172633289696,"4-е колено, исходящие не наблюдались (обрыв обхода), получено 40 тыс.",4,False,1,0,40485.0,0.0,1,0,0.0,0,0.0,,"{""betweenness"": 0.074, ""degree"": 0.048, ""n_seed_upstream"": 0.101, ""role"": 0.101}"
100000003083865100,frontier,0.5,7,0.32776172633289696,"4-е колено, исходящие не наблюдались (обрыв обхода), получено 15 тыс.",4,False,1,0,15000.0,0.0,1,0,0.0,0,0.0,,"{""betweenness"": 0.074, ""degree"": 0.048, ""n_seed_upstream"": 0.101, ""role"": 0.101}"
100000004030553100,frontier,0.5,15,0.32776172633289696,"4-е колено, исходящие не наблюдались (обрыв обхода), получено 70 тыс.",4,False,1,0,70000.0,0.0,1,0,0.0,0,0.0,,"{""betweenness"": 0.074, ""degree"": 0.048, ""n_seed_upstream"": 0.101, ""role"": 0.101}"
100000002653187100,frontier,0.5,10,0.32776172633289696,"4-е колено, исходящие не наблюдались (обрыв обхода), получено 15 тыс.",4,False,1,0,15000.0,0.0,1,0,0.0,0,0.0,,"{""betweenness"": 0.074, ""degree"": 0.048, ""n_seed_upstream"": 0.101, ""role"": 0.101}"
100000006412162100,frontier,0.5,21,0.32776172633289696,"4-е колено, исходящие не наблюдались (обрыв обхода), получено 15 тыс.",4,False,1,0,15000.0,0.0,2,0,0.0,0,0.0,,"{""betweenness"": 0.074, ""degree"": 0.048, ""n_seed_upstream"": 0.101, ""role"": 0.101}"
100000004674178100,frontier,0.5,27,0.32776172633289696,"4-е колено, исходящие не наблюдались (обрыв обхода), получено 20 тыс.",4,False,1,0,20000.0,0.0,1,0,0.0,0,0.0,,"{""betweenness"": 0.074, ""degree"": 0.048, ""n_seed_upstream"": 0.101, ""role"": 0.101}"
100000004070530100,frontier,0.5,8,0.32776172633289696,"4-е колено, исходящие не наблюдались (обрыв обхода), получено 20 тыс.",4,False,1,0,20000.0,0.0,1,0,0.0,0,0.0,,"{""betweenness"": 0.074, ""degree"": 0.048, ""n_seed_upstream"": 0.101, ""role"": 0.101}"
100000006706519100,frontier,0.5,12,0.32776172633289696,"4-е колено, исходящие не наблюдались (обрыв обхода), получено 36 тыс.",4,False,1,0,36000.0,0.0,3,0,0.0,0,0.0,,"{""betweenness"": 0.074, ""degree"": 0.048, ""n_seed_upstream"": 0.101, ""role"": 0.101}"
100000005636951100,frontier,0.5,7,0.32776172633289696,"4-е колено, исходящие не наблюдались (обрыв обхода), получено 40 тыс.",4,False,1,0,40000.0,0.0,1,0,0.0,0,0.0,,"{""betweenness"": 0.074, ""degree"": 0.048, ""n_seed_upstream"": 0.101, ""role"": 0.101}"
100000003040087100,frontier,0.5,7,0.32776172633289696,"4-е колено, исходящие не наблюдались (обрыв обхода), получено 29 тыс.",4,False,1,0,29000.0,0.0,1,0,0.0,0,0.0,,"{""betweenness"": 0.074, ""degree"": 0.048, ""n_seed_upstream"": 0.101, ""role"": 0.101}"
100000008766764100,frontier,0.5,6,0.32776172633289696,"4-е колено, исходящие не наблюдались (обрыв обхода), получено 5 тыс.",4,False,1,0,5000.0,0.0,1,0,0.0,0,0.0,,"{""betweenness"": 0.074, ""degree"": 0.048, ""n_seed_upstream"": 0.101, ""role"": 0.101}"
100000000299820100,frontier,0.5,1,0.32776172633289696,"4-е колено, исходящие не наблюдались (обрыв обхода), получено 10 тыс.",4,False,1,0,10000.0,0.0,1,0,0.0,0,0.0,,"{""betweenness"": 0.074, ""degree"": 0.048, ""n_seed_upstream"": 0.101, ""role"": 0.101}"
100000008349740100,frontier,0.5,8,0.32776172633289696,"4-е колено, исходящие не наблюдались (обрыв обхода), получено 70 тыс.",4,False,1,0,70000.0,0.0,2,0,0.0,0,0.0,,"{""betweenness"": 0.074, ""degree"": 0.048, ""n_seed_upstream"": 0.101, ""role"": 0.101}"
100000008761132100,frontier,0.5,6,0.32776172633289696,"4-е колено, исходящие не наблюдались (обрыв обхода), получено 10 тыс.",4,False,1,0,10000.0,0.0,1,0,0.0,0,0.0,,"{""betweenness"": 0.074, ""degree"": 0.048, ""n_seed_upstream"": 0.101, ""role"": 0.101}"
100000002540033100,frontier,0.5,6,0.32776172633289696,"4-е колено, исходящие не наблюдались (обрыв обхода), получено 10 тыс.",4,False,1,0,10000.0,0.0,1,0,0.0,0,0.0,,"{""betweenness"": 0.074, ""degree"": 0.048, ""n_seed_upstream"": 0.101, ""role"": 0.101}"
100000001845505100,frontier,0.5,1,0.32776172633289696,"4-е колено, исходящие не наблюдались (обрыв обхода), получено 20 тыс.",4,False,1,0,20000.0,0.0,1,0,0.0,0,0.0,,"{""betweenness"": 0.074, ""degree"": 0.048, ""n_seed_upstream"": 0.101, ""role"": 0.101}"
100000003782913100,frontier,0.5,11,0.32776172633289696,"4-е колено, исходящие не наблюдались (обрыв обхода), получено 200 тыс.",4,False,1,0,200000.0,0.0,1,0,0.0,0,0.0,,"{""betweenness"": 0.074, ""degree"": 0.048, ""n_seed_upstream"": 0.101, ""role"": 0.101}"
100000008778753100,frontier,0.5,27,0.32776172633289696,"4-е колено, исходящие не наблюдались (обрыв обхода), получено 10 тыс.",4,False,1,0,10000.0,0.0,1,0,0.0,0,0.0,,"{""betweenness"": 0.074, ""degree"": 0.048, ""n_seed_upstream"": 0.101, ""role"": 0.101}"
100000008710913100,frontier,0.5,6,0.32776172633289696,"4-е колено, исходящие не наблюдались (обрыв обхода), получено 14 тыс.",4,False,1,0,14000.0,0.0,1,0,0.0,0,0.0,,"{""betweenness"": 0.074, ""degree"": 0.048, ""n_seed_upstream"": 0.101, ""role"": 0.101}"
100000005495211100,frontier,0.5,1,0.32776172633289696,"4-е колено, исходящие не наблюдались (обрыв обхода), получено 14 тыс.",4,False,1,0,14500.0,0.0,1,0,0.0,0,0.0,,"{""betweenness"": 0.074, ""degree"": 0.048, ""n_seed_upstream"": 0.101, ""role"": 0.101}"
100000004013952100,frontier,0.5,1,0.32776172633289696,"4-е колено, исходящие не наблюдались (обрыв обхода), получено 6 тыс.",4,False,1,0,5500.0,0.0,1,0,0.0,0,0.0,,"{""betweenness"": 0.074, ""degree"": 0.048, ""n_seed_upstream"": 0.101, ""role"": 0.101}"
100000007330432100,frontier,0.5,2,0.32776172633289696,"4-е колено, исходящие не наблюдались (обрыв обхода), получено 585 тыс.",4,False,1,0,584900.0,0.0,1,0,0.0,0,0.0,,"{""betweenness"": 0.074, ""degree"": 0.048, ""n_seed_upstream"": 0.101, ""role"": 0.101}"
100000000737152100,frontier,0.5,12,0.32776172633289696,"4-е колено, исходящие не наблюдались (обрыв обхода), получено 35 тыс.",4,False,1,0,35000.0,0.0,1,0,0.0,0,0.0,,"{""betweenness"": 0.074, ""degree"": 0.048, ""n_seed_upstream"": 0.101, ""role"": 0.101}"
100000004674389100,frontier,0.5,3,0.32776172633289696,"4-е колено, исходящие не наблюдались (обрыв обхода), получено 15 тыс.",4,False,1,0,15000.0,0.0,1,0,0.0,0,0.0,,"{""betweenness"": 0.074, ""degree"": 0.048, ""n_seed_upstream"": 0.101, ""role"": 0.101}"
100000002529877100,frontier,0.5,6,0.32776172633289696,"4-е колено, исходящие не наблюдались (обрыв обхода), получено 232 тыс.",4,False,1,0,232000.0,0.0,1,0,0.0,0,0.0,,"{""betweenness"": 0.074, ""degree"": 0.048, ""n_seed_upstream"": 0.101, ""role"": 0.101}"
100000004035925100,frontier,0.5,2,0.32776172633289696,"4-е колено, исходящие не наблюдались (обрыв обхода), получено 1.11 млн",4,False,1,0,1111588.0,0.0,2,0,0.0,0,0.0,,"{""betweenness"": 0.074, ""degree"": 0.048, ""n_seed_upstream"": 0.101, ""role"": 0.101}"
100000002188586100,frontier,0.5,7,0.32776172633289696,"4-е колено, исходящие не наблюдались (обрыв обхода), получено 38 тыс.",4,False,1,0,38310.0,0.0,1,0,0.0,0,0.0,,"{""betweenness"": 0.074, ""degree"": 0.048, ""n_seed_upstream"": 0.101, ""role"": 0.101}"
100000008050986100,frontier,0.5,8,0.32776172633289696,"4-е колено, исходящие не наблюдались (обрыв обхода), получено 95 тыс.",4,False,1,0,95000.0,0.0,2,0,0.0,0,0.0,,"{""betweenness"": 0.074, ""degree"": 0.048, ""n_seed_upstream"": 0.101, ""role"": 0.101}"
100000004777215100,frontier,0.5,16,0.32776172633289696,"4-е колено, исходящие не наблюдались (обрыв обхода), получено 60 тыс.",4,False,1,0,60000.0,0.0,1,0,0.0,0,0.0,,"{""betweenness"": 0.074, ""degree"": 0.048, ""n_seed_upstream"": 0.101, ""role"": 0.101}"
100000000926078100,frontier,0.5,1,0.32776172633289696,"4-е колено, исходящие не наблюдались (обрыв обхода), получено 250 тыс.",4,False,1,0,250000.0,0.0,1,0,0.0,0,0.0,,"{""betweenness"": 0.074, ""degree"": 0.048, ""n_seed_upstream"": 0.101, ""role"": 0.101}"
100000003486846100,frontier,0.5,2,0.32776172633289696,"4-е колено, исходящие не наблюдались (обрыв обхода), получено 27 тыс.",4,False,1,0,27000.0,0.0,2,0,0.0,0,0.0,,"{""betweenness"": 0.074, ""degree"": 0.048, ""n_seed_upstream"": 0.101, ""role"": 0.101}"
100000002516862100,frontier,0.5,3,0.32776172633289696,"4-е колено, исходящие не наблюдались (обрыв обхода), получено 82 тыс.",4,False,1,0,81710.0,0.0,5,0,0.0,0,0.0,,"{""betweenness"": 0.074, ""degree"": 0.048, ""n_seed_upstream"": 0.101, ""role"": 0.101}"
100000008730238100,frontier,0.5,6,0.32776172633289696,"4-е колено, исходящие не наблюдались (обрыв обхода), получено 113 тыс.",4,False,1,0,113000.0,0.0,1,0,0.0,0,0.0,,"{""betweenness"": 0.074, ""degree"": 0.048, ""n_seed_upstream"": 0.101, ""role"": 0.101}"
100000000803368100,frontier,0.5,11,0.32776172633289696,"4-е колено, исходящие не наблюдались (обрыв обхода), получено 140 тыс.",4,False,1,0,139503.0,0.0,1,0,0.0,0,0.0,,"{""betweenness"": 0.074, ""degree"": 0.048, ""n_seed_upstream"": 0.101, ""role"": 0.101}"
100000002528978100,frontier,0.5,7,0.32776172633289696,"4-е колено, исходящие не наблюдались (обрыв обхода), получено 16 тыс.",4,False,1,0,15900.0,0.0,1,0,0.0,0,0.0,,"{""betweenness"": 0.074, ""degree"": 0.048, ""n_seed_upstream"": 0.101, ""role"": 0.101}"
100000002597074100,frontier,0.5,12,0.32776172633289696,"4-е колено, исходящие не наблюдались (обрыв обхода), получено 8 тыс.",4,False,1,0,8000.0,0.0,1,0,0.0,0,0.0,,"{""betweenness"": 0.074, ""degree"": 0.048, ""n_seed_upstream"": 0.101, ""role"": 0.101}"
100000003631015100,frontier,0.5,12,0.32776172633289696,"4-е колено, исходящие не наблюдались (обрыв обхода), получено 266 тыс.",4,False,1,0,266000.0,0.0,1,0,0.0,0,0.0,,"{""betweenness"": 0.074, ""degree"": 0.048, ""n_seed_upstream"": 0.101, ""role"": 0.101}"
100000008255655100,frontier,0.5,17,0.32776172633289696,"4-е колено, исходящие не наблюдались (обрыв обхода), получено 5 тыс.",4,False,1,0,5400.0,0.0,1,0,0.0,0,0.0,,"{""betweenness"": 0.074, ""degree"": 0.048, ""n_seed_upstream"": 0.101, ""role"": 0.101}"
100000004265639100,frontier,0.5,1,0.32776172633289696,"4-е колено, исходящие не наблюдались (обрыв обхода), получено 10 тыс.",4,False,1,0,10000.0,0.0,1,0,0.0,0,0.0,,"{""betweenness"": 0.074, ""degree"": 0.048, ""n_seed_upstream"": 0.101, ""role"": 0.101}"
100000002726055100,frontier,0.5,16,0.32776172633289696,"4-е колено, исходящие не наблюдались (обрыв обхода), получено 10 тыс.",4,False,1,0,10000.0,0.0,1,0,0.0,0,0.0,,"{""betweenness"": 0.074, ""degree"": 0.048, ""n_seed_upstream"": 0.101, ""role"": 0.101}"
100000003696422100,frontier,0.5,30,0.32776172633289696,"4-е колено, исходящие не наблюдались (обрыв обхода), получено 118 тыс.",4,False,1,0,118000.0,0.0,2,0,0.0,0,0.0,,"{""betweenness"": 0.074, ""degree"": 0.048, ""n_seed_upstream"": 0.101, ""role"": 0.101}"
100000007745062100,frontier,0.5,13,0.32776172633289696,"4-е колено, исходящие не наблюдались (обрыв обхода), получено 100 тыс.",4,False,1,0,100000.0,0.0,1,0,0.0,0,0.0,,"{""betweenness"": 0.074, ""degree"": 0.048, ""n_seed_upstream"": 0.101, ""role"": 0.101}"
100000005041147100,frontier,0.5,1,0.32776172633289696,"4-е колено, исходящие не наблюдались (обрыв обхода), получено 10 тыс.",4,False,1,0,10000.0,0.0,1,0,0.0,0,0.0,,"{""betweenness"": 0.074, ""degree"": 0.048, ""n_seed_upstream"": 0.101, ""role"": 0.101}"
100000003819173100,frontier,0.5,5,0.32776172633289696,"4-е колено, исходящие не наблюдались (обрыв обхода), получено 144 тыс.",4,False,1,0,143777.0,0.0,1,0,0.0,0,0.0,,"{""betweenness"": 0.074, ""degree"": 0.048, ""n_seed_upstream"": 0.101, ""role"": 0.101}"
100000001275557100,frontier,0.5,28,0.32776172633289696,"4-е колено, исходящие не наблюдались (обрыв обхода), получено 20 тыс.",4,False,1,0,20000.0,0.0,1,0,0.0,0,0.0,,"{""betweenness"": 0.074, ""degree"": 0.048, ""n_seed_upstream"": 0.101, ""role"": 0.101}"
100000002706810100,frontier,0.5,21,0.32776172633289696,"4-е колено, исходящие не наблюдались (обрыв обхода), получено 45 тыс.",4,False,1,0,45000.0,0.0,1,0,0.0,0,0.0,,"{""betweenness"": 0.074, ""degree"": 0.048, ""n_seed_upstream"": 0.101, ""role"": 0.101}"
100000002896506100,frontier,0.5,15,0.32776172633289696,"4-е колено, исходящие не наблюдались (обрыв обхода), получено 45 тыс.",4,False,1,0,45000.0,0.0,1,0,0.0,0,0.0,,"{""betweenness"": 0.074, ""degree"": 0.048, ""n_seed_upstream"": 0.101, ""role"": 0.101}"
100000008766031100,frontier,0.5,6,0.32776172633289696,"4-е колено, исходящие не наблюдались (обрыв обхода), получено 5 тыс.",4,False,1,0,5000.0,0.0,1,0,0.0,0,0.0,,"{""betweenness"": 0.074, ""degree"": 0.048, ""n_seed_upstream"": 0.101, ""role"": 0.101}"
100000008758607100,frontier,0.5,6,0.32776172633289696,"4-е колено, исходящие не наблюдались (обрыв обхода), получено 5 тыс.",4,False,1,0,5000.0,0.0,1,0,0.0,0,0.0,,"{""betweenness"": 0.074, ""degree"": 0.048, ""n_seed_upstream"": 0.101, ""role"": 0.101}"
100000008648783100,frontier,0.5,21,0.32776172633289696,"4-е колено, исходящие не наблюдались (обрыв обхода), получено 5 тыс.",4,False,1,0,5200.0,0.0,1,0,0.0,0,0.0,,"{""betweenness"": 0.074, ""degree"": 0.048, ""n_seed_upstream"": 0.101, ""role"": 0.101}"
100000004291663100,frontier,0.5,5,0.32776172633289696,"4-е колено, исходящие не наблюдались (обрыв обхода), получено 25 тыс.",4,False,1,0,25000.0,0.0,1,0,0.0,0,0.0,,"{""betweenness"": 0.074, ""degree"": 0.048, ""n_seed_upstream"": 0.101, ""role"": 0.101}"
100000003037476100,frontier,0.5,6,0.40292763306397006,"4-е колено, исходящие не наблюдались (обрыв обхода), получено 555 тыс.",4,False,3,0,555000.0,0.0,3,0,0.0,0,0.0,,"{""betweenness"": 0.074, ""degree"": 0.122, ""n_seed_upstream"": 0.101, ""role"": 0.101}"
100000008715513100,frontier,0.5,21,0.32776172633289696,"4-е колено, исходящие не наблюдались (обрыв обхода), получено 32 тыс.",4,False,1,0,32500.0,0.0,1,0,0.0,0,0.0,,"{""betweenness"": 0.074, ""degree"": 0.048, ""n_seed_upstream"": 0.101, ""role"": 0.101}"
100000001276409100,frontier,0.5,7,0.32776172633289696,"4-е колено, исходящие не наблюдались (обрыв обхода), получено 95 тыс.",4,False,1,0,94760.0,0.0,1,0,0.0,0,0.0,,"{""betweenness"": 0.074, ""degree"": 0.048, ""n_seed_upstream"": 0.101, ""role"": 0.101}"
100000003232675100,frontier,0.5,3,0.32776172633289696,"4-е колено, исходящие не наблюдались (обрыв обхода), получено 44 тыс.",4,False,1,0,44000.0,0.0,2,0,0.0,0,0.0,,"{""betweenness"": 0.074, ""degree"": 0.048, ""n_seed_upstream"": 0.101, ""role"": 0.101}"
100000007988344100,frontier,0.5,1,0.32776172633289696,"4-е колено, исходящие не наблюдались (обрыв обхода), получено 20 тыс.",4,False,1,0,20000.0,0.0,3,0,0.0,0,0.0,,"{""betweenness"": 0.074, ""degree"": 0.048, ""n_seed_upstream"": 0.101, ""role"": 0.101}"
100000003047800100,frontier,0.5,14,0.32776172633289696,"4-е колено, исходящие не наблюдались (обрыв обхода), получено 12 тыс.",4,False,1,0,12212.0,0.0,1,0,0.0,0,0.0,,"{""betweenness"": 0.074, ""degree"": 0.048, ""n_seed_upstream"": 0.101, ""role"": 0.101}"
100000003230328100,frontier,0.5,3,0.40292763306397006,"4-е колено, исходящие не наблюдались (обрыв обхода), получено 27 тыс.",4,False,3,0,26572.0,0.0,3,0,0.0,0,0.0,,"{""betweenness"": 0.074, ""degree"": 0.122, ""n_seed_upstream"": 0.101, ""role"": 0.101}"
100000002702968100,frontier,0.5,7,0.32776172633289696,"4-е колено, исходящие не наблюдались (обрыв обхода), получено 32 тыс.",4,False,1,0,31600.0,0.0,1,0,0.0,0,0.0,,"{""betweenness"": 0.074, ""degree"": 0.048, ""n_seed_upstream"": 0.101, ""role"": 0.101}"
100000004788983100,frontier,0.5,12,0.32776172633289696,"4-е колено, исходящие не наблюдались (обрыв обхода), получено 27 тыс.",4,False,1,0,27000.0,0.0,1,0,0.0,0,0.0,,"{""betweenness"": 0.074, ""degree"": 0.048, ""n_seed_upstream"": 0.101, ""role"": 0.101}"
100000006490615100,frontier,0.5,3,0.32776172633289696,"4-е колено, исходящие не наблюдались (обрыв обхода), получено 42 тыс.",4,False,1,0,41600.0,0.0,6,0,0.0,0,0.0,,"{""betweenness"": 0.074, ""degree"": 0.048, ""n_seed_upstream"": 0.101, ""role"": 0.101}"
100000008745676100,frontier,0.5,9,0.32776172633289696,"4-е колено, исходящие не наблюдались (обрыв обхода), получено 35 тыс.",4,False,1,0,34547.0,0.0,1,0,0.0,0,0.0,,"{""betweenness"": 0.074, ""degree"": 0.048, ""n_seed_upstream"": 0.101, ""role"": 0.101}"
100000001598625100,frontier,0.5,1,0.32776172633289696,"4-е колено, исходящие не наблюдались (обрыв обхода), получено 25 тыс.",4,False,1,0,25000.0,0.0,1,0,0.0,0,0.0,,"{""betweenness"": 0.074, ""degree"": 0.048, ""n_seed_upstream"": 0.101, ""role"": 0.101}"
100000008461217100,frontier,0.5,5,0.32776172633289696,"4-е колено, исходящие не наблюдались (обрыв обхода), получено 18 тыс.",4,False,1,0,18000.0,0.0,1,0,0.0,0,0.0,,"{""betweenness"": 0.074, ""degree"": 0.048, ""n_seed_upstream"": 0.101, ""role"": 0.101}"
100000005711521100,frontier,0.5,3,0.32776172633289696,"4-е колено, исходящие не наблюдались (обрыв обхода), получено 238 тыс.",4,False,1,0,238000.0,0.0,1,0,0.0,0,0.0,,"{""betweenness"": 0.074, ""degree"": 0.048, ""n_seed_upstream"": 0.101, ""role"": 0.101}"
100000002713974100,frontier,0.5,15,0.32776172633289696,"4-е колено, исходящие не наблюдались (обрыв обхода), получено 50 тыс.",4,False,1,0,50000.0,0.0,1,0,0.0,0,0.0,,"{""betweenness"": 0.074, ""degree"": 0.048, ""n_seed_upstream"": 0.101, ""role"": 0.101}"
100000005272139100,frontier,0.5,2,0.32776172633289696,"4-е колено, исходящие не наблюдались (обрыв обхода), получено 165 тыс.",4,False,1,0,165000.0,0.0,1,0,0.0,0,0.0,,"{""betweenness"": 0.074, ""degree"": 0.048, ""n_seed_upstream"": 0.101, ""role"": 0.101}"
100000002968096100,frontier,0.5,8,0.32776172633289696,"4-е колено, исходящие не наблюдались (обрыв обхода), получено 70 тыс.",4,False,1,0,70000.0,0.0,1,0,0.0,0,0.0,,"{""betweenness"": 0.074, ""degree"": 0.048, ""n_seed_upstream"": 0.101, ""role"": 0.101}"
100000004449824100,frontier,0.5,21,0.32776172633289696,"4-е колено, исходящие не наблюдались (обрыв обхода), получено 9 тыс.",4,False,1,0,9000.0,0.0,1,0,0.0,0,0.0,,"{""betweenness"": 0.074, ""degree"": 0.048, ""n_seed_upstream"": 0.101, ""role"": 0.101}"
100000004502048100,frontier,0.5,19,0.32776172633289696,"4-е колено, исходящие не наблюдались (обрыв обхода), получено 14 тыс.",4,False,1,0,13888.0,0.0,1,0,0.0,0,0.0,,"{""betweenness"": 0.074, ""degree"": 0.048, ""n_seed_upstream"": 0.101, ""role"": 0.101}"
100000002660298100,frontier,0.5,7,0.32776172633289696,"4-е колено, исходящие не наблюдались (обрыв обхода), получено 31 тыс.",4,False,1,0,30900.0,0.0,1,0,0.0,0,0.0,,"{""betweenness"": 0.074, ""degree"": 0.048, ""n_seed_upstream"": 0.101, ""role"": 0.101}"
100000001299828100,frontier,0.5,1,0.32776172633289696,"4-е колено, исходящие не наблюдались (обрыв обхода), получено 100 тыс.",4,False,1,0,100000.0,0.0,1,0,0.0,0,0.0,,"{""betweenness"": 0.074, ""degree"": 0.048, ""n_seed_upstream"": 0.101, ""role"": 0.101}"
100000000581662100,frontier,0.5,14,0.32776172633289696,"4-е колено, исходящие не наблюдались (обрыв обхода), получено 21 тыс.",4,False,1,0,21160.0,0.0,1,0,0.0,0,0.0,,"{""betweenness"": 0.074, ""degree"": 0.048, ""n_seed_upstream"": 0.101, ""role"": 0.101}"
100000001249054100,frontier,0.5,7,0.32776172633289696,"4-е колено, исходящие не наблюдались (обрыв обхода), получено 17 тыс.",4,False,1,0,17375.0,0.0,1,0,0.0,0,0.0,,"{""betweenness"": 0.074, ""degree"": 0.048, ""n_seed_upstream"": 0.101, ""role"": 0.101}"
100000008759795100,frontier,0.5,21,0.32776172633289696,"4-е колено, исходящие не наблюдались (обрыв обхода), получено 17 тыс.",4,False,1,0,17000.0,0.0,1,0,0.0,0,0.0,,"{""betweenness"": 0.074, ""degree"": 0.048, ""n_seed_upstream"": 0.101, ""role"": 0.101}"
100000001299443100,frontier,0.5,21,0.32776172633289696,"4-е колено, исходящие не наблюдались (обрыв обхода), получено 8 тыс.",4,False,1,0,8000.0,0.0,1,0,0.0,0,0.0,,"{""betweenness"": 0.074, ""degree"": 0.048, ""n_seed_upstream"": 0.101, ""role"": 0.101}"
100000007997939100,frontier,0.5,6,0.32776172633289696,"4-е колено, исходящие не наблюдались (обрыв обхода), получено 13 тыс.",4,False,1,0,13000.0,0.0,1,0,0.0,0,0.0,,"{""betweenness"": 0.074, ""degree"": 0.048, ""n_seed_upstream"": 0.101, ""role"": 0.101}"
100000003470579100,frontier,0.5,26,0.32776172633289696,"4-е колено, исходящие не наблюдались (обрыв обхода), получено 357 тыс.",4,False,1,0,357000.0,0.0,2,0,0.0,0,0.0,,"{""betweenness"": 0.074, ""degree"": 0.048, ""n_seed_upstream"": 0.101, ""role"": 0.101}"
100000008649416100,frontier,0.5,8,0.32776172633289696,"4-е колено, исходящие не наблюдались (обрыв обхода), получено 5 тыс.",4,False,1,0,5000.0,0.0,1,0,0.0,0,0.0,,"{""betweenness"": 0.074, ""degree"": 0.048, ""n_seed_upstream"": 0.101, ""role"": 0.101}"
100000008183752100,frontier,0.5,6,0.32776172633289696,"4-е колено, исходящие не наблюдались (обрыв обхода), получено 140 тыс.",4,False,1,0,140000.0,0.0,1,0,0.0,0,0.0,,"{""betweenness"": 0.074, ""degree"": 0.048, ""n_seed_upstream"": 0.101, ""role"": 0.101}"
100000003950749100,frontier,0.5,2,0.32776172633289696,"4-е колено, исходящие не наблюдались (обрыв обхода), получено 7 тыс.",4,False,1,0,7000.0,0.0,1,0,0.0,0,0.0,,"{""betweenness"": 0.074, ""degree"": 0.048, ""n_seed_upstream"": 0.101, ""role"": 0.101}"
100000005979037100,frontier,0.5,1,0.32776172633289696,"4-е колено, исходящие не наблюдались (обрыв обхода), получено 60 тыс.",4,False,1,0,60300.0,0.0,1,0,0.0,0,0.0,,"{""betweenness"": 0.074, ""degree"": 0.048, ""n_seed_upstream"": 0.101, ""role"": 0.101}"
100000008734279100,frontier,0.5,15,0.32776172633289696,"4-е колено, исходящие не наблюдались (обрыв обхода), получено 32 тыс.",4,False,1,0,31650.0,0.0,1,0,0.0,0,0.0,,"{""betweenness"": 0.074, ""degree"": 0.048, ""n_seed_upstream"": 0.101, ""role"": 0.101}"
100000005589319100,frontier,0.5,3,0.32776172633289696,"4-е колено, исходящие не наблюдались (обрыв обхода), получено 26 тыс.",4,False,1,0,26000.0,0.0,1,0,0.0,0,0.0,,"{""betweenness"": 0.074, ""degree"": 0.048, ""n_seed_upstream"": 0.101, ""role"": 0.101}"
100000003626268100,frontier,0.5,1,0.32776172633289696,"4-е колено, исходящие не наблюдались (обрыв обхода), получено 5 тыс.",4,False,1,0,5000.0,0.0,1,0,0.0,0,0.0,,"{""betweenness"": 0.074, ""degree"": 0.048, ""n_seed_upstream"": 0.101, ""role"": 0.101}"
100000001220124100,frontier,0.5,1,0.32776172633289696,"4-е колено, исходящие не наблюдались (обрыв обхода), получено 40 тыс.",4,False,1,0,40000.0,0.0,1,0,0.0,0,0.0,,"{""betweenness"": 0.074, ""degree"": 0.048, ""n_seed_upstream"": 0.101, ""role"": 0.101}"
100000003904497100,frontier,0.5,6,0.32776172633289696,"4-е колено, исходящие не наблюдались (обрыв обхода), получено 10 тыс.",4,False,1,0,10000.0,0.0,1,0,0.0,0,0.0,,"{""betweenness"": 0.074, ""degree"": 0.048, ""n_seed_upstream"": 0.101, ""role"": 0.101}"
100000001270470100,frontier,0.5,1,0.32776172633289696,"4-е колено, исходящие не наблюдались (обрыв обхода), получено 28 тыс.",4,False,1,0,28300.0,0.0,2,0,0.0,0,0.0,,"{""betweenness"": 0.074, ""degree"": 0.048, ""n_seed_upstream"": 0.101, ""role"": 0.101}"
100000003091142100,frontier,0.5,12,0.32776172633289696,"4-е колено, исходящие не наблюдались (обрыв обхода), получено 40 тыс.",4,False,1,0,40000.0,0.0,1,0,0.0,0,0.0,,"{""betweenness"": 0.074, ""degree"": 0.048, ""n_seed_upstream"": 0.101, ""role"": 0.101}"
100000001053894100,frontier,0.5,8,0.32776172633289696,"4-е колено, исходящие не наблюдались (обрыв обхода), получено 2.00 млн",4,False,1,0,2000000.0,0.0,7,0,0.0,0,0.0,,"{""betweenness"": 0.074, ""degree"": 0.048, ""n_seed_upstream"": 0.101, ""role"": 0.101}"
100000004722630100,frontier,0.5,1,0.32776172633289696,"4-е колено, исходящие не наблюдались (обрыв обхода), получено 340 тыс.",4,False,1,0,340000.0,0.0,2,0,0.0,0,0.0,,"{""betweenness"": 0.074, ""degree"": 0.048, ""n_seed_upstream"": 0.101, ""role"": 0.101}"
100000004655046100,frontier,0.5,7,0.32776172633289696,"4-е колено, исходящие не наблюдались (обрыв обхода), получено 24 тыс.",4,False,1,0,24000.0,0.0,1,0,0.0,0,0.0,,"{""betweenness"": 0.074, ""degree"": 0.048, ""n_seed_upstream"": 0.101, ""role"": 0.101}"
100000004019056100,frontier,0.5,3,0.32776172633289696,"4-е колено, исходящие не наблюдались (обрыв обхода), получено 50 тыс.",4,False,1,0,50000.0,0.0,1,0,0.0,0,0.0,,"{""betweenness"": 0.074, ""degree"": 0.048, ""n_seed_upstream"": 0.101, ""role"": 0.101}"
100000008071749100,frontier,0.5,7,0.32776172633289696,"4-е колено, исходящие не наблюдались (обрыв обхода), получено 25 тыс.",4,False,1,0,24943.0,0.0,1,0,0.0,0,0.0,,"{""betweenness"": 0.074, ""degree"": 0.048, ""n_seed_upstream"": 0.101, ""role"": 0.101}"
100000008221765100,frontier,0.5,8,0.32776172633289696,"4-е колено, исходящие не наблюдались (обрыв обхода), получено 156 тыс.",4,False,1,0,156354.0,0.0,1,0,0.0,0,0.0,,"{""betweenness"": 0.074, ""degree"": 0.048, ""n_seed_upstream"": 0.101, ""role"": 0.101}"
100000008778010100,frontier,0.5,9,0.32776172633289696,"4-е колено, исходящие не наблюдались (обрыв обхода), получено 77 тыс.",4,False,1,0,76950.0,0.0,2,0,0.0,0,0.0,,"{""betweenness"": 0.074, ""degree"": 0.048, ""n_seed_upstream"": 0.101, ""role"": 0.101}"
100000004584730100,frontier,0.5,3,0.32776172633289696,"4-е колено, исходящие не наблюдались (обрыв обхода), получено 47 тыс.",4,False,1,0,47000.0,0.0,1,0,0.0,0,0.0,,"{""betweenness"": 0.074, ""degree"": 0.048, ""n_seed_upstream"": 0.101, ""role"": 0.101}"
100000004797167100,frontier,0.5,15,0.32776172633289696,"4-е колено, исходящие не наблюдались (обрыв обхода), получено 31 тыс.",4,False,1,0,31000.0,0.0,1,0,0.0,0,0.0,,"{""betweenness"": 0.074, ""degree"": 0.048, ""n_seed_upstream"": 0.101, ""role"": 0.101}"
100000005010159100,frontier,0.5,15,0.32776172633289696,"4-е колено, исходящие не наблюдались (обрыв обхода), получено 7 тыс.",4,False,1,0,7092.0,0.0,1,0,0.0,0,0.0,,"{""betweenness"": 0.074, ""degree"": 0.048, ""n_seed_upstream"": 0.101, ""role"": 0.101}"
100000003025903100,frontier,0.5,15,0.32776172633289696,"4-е колено, исходящие не наблюдались (обрыв обхода), получено 386 тыс.",4,False,1,0,386300.0,0.0,6,0,0.0,0,0.0,,"{""betweenness"": 0.074, ""degree"": 0.048, ""n_seed_upstream"": 0.101, ""role"": 0.101}"
100000003005167100,frontier,0.5,21,0.32776172633289696,"4-е колено, исходящие не наблюдались (обрыв обхода), получено 7 тыс.",4,False,1,0,7000.0,0.0,1,0,0.0,0,0.0,,"{""betweenness"": 0.074, ""degree"": 0.048, ""n_seed_upstream"": 0.101, ""role"": 0.101}"
100000002214383100,frontier,0.5,9,0.32776172633289696,"4-е колено, исходящие не наблюдались (обрыв обхода), получено 213 тыс.",4,False,1,0,213000.0,0.0,1,0,0.0,0,0.0,,"{""betweenness"": 0.074, ""degree"": 0.048, ""n_seed_upstream"": 0.101, ""role"": 0.101}"
100000004800452100,frontier,0.5,15,0.32776172633289696,"4-е колено, исходящие не наблюдались (обрыв обхода), получено 7 тыс.",4,False,1,0,6544.53,0.0,1,0,0.0,0,0.0,,"{""betweenness"": 0.074, ""degree"": 0.048, ""n_seed_upstream"": 0.101, ""role"": 0.101}"
100000006903193100,frontier,0.5,1,0.32776172633289696,"4-е колено, исходящие не наблюдались (обрыв обхода), получено 9 тыс.",4,False,1,0,9000.0,0.0,1,0,0.0,0,0.0,,"{""betweenness"": 0.074, ""degree"": 0.048, ""n_seed_upstream"": 0.101, ""role"": 0.101}"
100000007811950100,frontier,0.5,27,0.32776172633289696,"4-е колено, исходящие не наблюдались (обрыв обхода), получено 50 тыс.",4,False,1,0,50000.0,0.0,1,0,0.0,0,0.0,,"{""betweenness"": 0.074, ""degree"": 0.048, ""n_seed_upstream"": 0.101, ""role"": 0.101}"
100000000375150100,frontier,0.5,20,0.32776172633289696,"4-е колено, исходящие не наблюдались (обрыв обхода), получено 300 тыс.",4,False,1,0,300000.0,0.0,1,0,0.0,0,0.0,,"{""betweenness"": 0.074, ""degree"": 0.048, ""n_seed_upstream"": 0.101, ""role"": 0.101}"
100000008775747100,frontier,0.5,6,0.32776172633289696,"4-е колено, исходящие не наблюдались (обрыв обхода), получено 5 тыс.",4,False,1,0,5000.0,0.0,1,0,0.0,0,0.0,,"{""betweenness"": 0.074, ""degree"": 0.048, ""n_seed_upstream"": 0.101, ""role"": 0.101}"
100000006689603100,frontier,0.5,5,0.32776172633289696,"4-е колено, исходящие не наблюдались (обрыв обхода), получено 400 тыс.",4,False,1,0,400000.0,0.0,2,0,0.0,0,0.0,,"{""betweenness"": 0.074, ""degree"": 0.048, ""n_seed_upstream"": 0.101, ""role"": 0.101}"
100000005075949100,frontier,0.5,3,0.32776172633289696,"4-е колено, исходящие не наблюдались (обрыв обхода), получено 2.23 млн",4,False,1,0,2226000.0,0.0,7,0,0.0,0,0.0,,"{""betweenness"": 0.074, ""degree"": 0.048, ""n_seed_upstream"": 0.101, ""role"": 0.101}"
100000003985389100,frontier,0.5,8,0.32776172633289696,"4-е колено, исходящие не наблюдались (обрыв обхода), получено 423 тыс.",4,False,1,0,422698.0,0.0,16,0,0.0,0,0.0,,"{""betweenness"": 0.074, ""degree"": 0.048, ""n_seed_upstream"": 0.101, ""role"": 0.101}"
100000002478829100,frontier,0.5,16,0.32776172633289696,"4-е колено, исходящие не наблюдались (обрыв обхода), получено 34 тыс.",4,False,1,0,34000.0,0.0,1,0,0.0,0,0.0,,"{""betweenness"": 0.074, ""degree"": 0.048, ""n_seed_upstream"": 0.101, ""role"": 0.101}"
100000003125997100,frontier,0.5,6,0.32776172633289696,"4-е колено, исходящие не наблюдались (обрыв обхода), получено 88 тыс.",4,False,1,0,87750.0,0.0,1,0,0.0,0,0.0,,"{""betweenness"": 0.074, ""degree"": 0.048, ""n_seed_upstream"": 0.101, ""role"": 0.101}"
100000003214786100,frontier,0.5,1,0.32776172633289696,"4-е колено, исходящие не наблюдались (обрыв обхода), получено 5 тыс.",4,False,1,0,5000.0,0.0,1,0,0.0,0,0.0,,"{""betweenness"": 0.074, ""degree"": 0.048, ""n_seed_upstream"": 0.101, ""role"": 0.101}"
100000008308418100,frontier,0.5,12,0.32776172633289696,"4-е колено, исходящие не наблюдались (обрыв обхода), получено 50 тыс.",4,False,1,0,50000.0,0.0,1,0,0.0,0,0.0,,"{""betweenness"": 0.074, ""degree"": 0.048, ""n_seed_upstream"": 0.101, ""role"": 0.101}"
100000008619159100,frontier,0.5,2,0.32776172633289696,"4-е колено, исходящие не наблюдались (обрыв обхода), получено 446 тыс.",4,False,1,0,446400.0,0.0,2,0,0.0,0,0.0,,"{""betweenness"": 0.074, ""degree"": 0.048, ""n_seed_upstream"": 0.101, ""role"": 0.101}"
100000004418967100,frontier,0.5,6,0.32776172633289696,"4-е колено, исходящие не наблюдались (обрыв обхода), получено 100 тыс.",4,False,1,0,100000.0,0.0,1,0,0.0,0,0.0,,"{""betweenness"": 0.074, ""degree"": 0.048, ""n_seed_upstream"": 0.101, ""role"": 0.101}"
100000003173783100,frontier,0.5,14,0.32776172633289696,"4-е колено, исходящие не наблюдались (обрыв обхода), получено 24 тыс.",4,False,1,0,23500.0,0.0,2,0,0.0,0,0.0,,"{""betweenness"": 0.074, ""degree"": 0.048, ""n_seed_upstream"": 0.101, ""role"": 0.101}"
100000002242455100,frontier,0.5,8,0.32776172633289696,"4-е колено, исходящие не наблюдались (обрыв обхода), получено 110 тыс.",4,False,1,0,110000.0,0.0,1,0,0.0,0,0.0,,"{""betweenness"": 0.074, ""degree"": 0.048, ""n_seed_upstream"": 0.101, ""role"": 0.101}"
100000004848236100,frontier,0.5,12,0.32776172633289696,"4-е колено, исходящие не наблюдались (обрыв обхода), получено 8 тыс.",4,False,1,0,7500.0,0.0,1,0,0.0,0,0.0,,"{""betweenness"": 0.074, ""degree"": 0.048, ""n_seed_upstream"": 0.101, ""role"": 0.101}"
100000004674412100,frontier,0.5,3,0.32776172633289696,"4-е колено, исходящие не наблюдались (обрыв обхода), получено 46 тыс.",4,False,1,0,46000.0,0.0,1,0,0.0,0,0.0,,"{""betweenness"": 0.074, ""degree"": 0.048, ""n_seed_upstream"": 0.101, ""role"": 0.101}"
100000007071852100,frontier,0.5,1,0.32776172633289696,"4-е колено, исходящие не наблюдались (обрыв обхода), получено 195 тыс.",4,False,1,0,195000.0,0.0,1,0,0.0,0,0.0,,"{""betweenness"": 0.074, ""degree"": 0.048, ""n_seed_upstream"": 0.101, ""role"": 0.101}"
100000001498732100,frontier,0.5,29,0.32776172633289696,"4-е колено, исходящие не наблюдались (обрыв обхода), получено 6 тыс.",4,False,1,0,5500.0,0.0,1,0,0.0,0,0.0,,"{""betweenness"": 0.074, ""degree"": 0.048, ""n_seed_upstream"": 0.101, ""role"": 0.101}"
100000000627521100,frontier,0.5,8,0.32776172633289696,"4-е колено, исходящие не наблюдались (обрыв обхода), получено 6 тыс.",4,False,1,0,6500.0,0.0,1,0,0.0,0,0.0,,"{""betweenness"": 0.074, ""degree"": 0.048, ""n_seed_upstream"": 0.101, ""role"": 0.101}"
100000003105089100,frontier,0.5,16,0.32776172633289696,"4-е колено, исходящие не наблюдались (обрыв обхода), получено 10 тыс.",4,False,1,0,10000.0,0.0,1,0,0.0,0,0.0,,"{""betweenness"": 0.074, ""degree"": 0.048, ""n_seed_upstream"": 0.101, ""role"": 0.101}"
100000003166017100,frontier,0.5,7,0.32776172633289696,"4-е колено, исходящие не наблюдались (обрыв обхода), получено 15 тыс.",4,False,1,0,15000.0,0.0,1,0,0.0,0,0.0,,"{""betweenness"": 0.074, ""degree"": 0.048, ""n_seed_upstream"": 0.101, ""role"": 0.101}"
100000002506987100,frontier,0.5,7,0.32776172633289696,"4-е колено, исходящие не наблюдались (обрыв обхода), получено 28 тыс.",4,False,1,0,28200.0,0.0,1,0,0.0,0,0.0,,"{""betweenness"": 0.074, ""degree"": 0.048, ""n_seed_upstream"": 0.101, ""role"": 0.101}"
100000005767403100,frontier,0.5,22,0.32776172633289696,"4-е колено, исходящие не наблюдались (обрыв обхода), получено 1.10 млн",4,False,1,0,1100000.0,0.0,2,0,0.0,0,0.0,,"{""betweenness"": 0.074, ""degree"": 0.048, ""n_seed_upstream"": 0.101, ""role"": 0.101}"
100000005553088100,frontier,0.5,15,0.32776172633289696,"4-е колено, исходящие не наблюдались (обрыв обхода), получено 18 тыс.",4,False,1,0,17500.0,0.0,1,0,0.0,0,0.0,,"{""betweenness"": 0.074, ""degree"": 0.048, ""n_seed_upstream"": 0.101, ""role"": 0.101}"
100000003632533100,frontier,0.5,8,0.32776172633289696,"4-е колено, исходящие не наблюдались (обрыв обхода), получено 10 тыс.",4,False,1,0,10000.0,0.0,1,0,0.0,0,0.0,,"{""betweenness"": 0.074, ""degree"": 0.048, ""n_seed_upstream"": 0.101, ""role"": 0.101}"
100000008762005100,frontier,0.5,6,0.32776172633289696,"4-е колено, исходящие не наблюдались (обрыв обхода), получено 5 тыс.",4,False,1,0,5000.0,0.0,1,0,0.0,0,0.0,,"{""betweenness"": 0.074, ""degree"": 0.048, ""n_seed_upstream"": 0.101, ""role"": 0.101}"
100000002214207100,frontier,0.5,35,0.32776172633289696,"4-е колено, исходящие не наблюдались (обрыв обхода), получено 97 тыс.",4,False,1,0,97000.0,0.0,1,0,0.0,0,0.0,,"{""betweenness"": 0.074, ""degree"": 0.048, ""n_seed_upstream"": 0.101, ""role"": 0.101}"
100000003180820100,frontier,0.5,6,0.32776172633289696,"4-е колено, исходящие не наблюдались (обрыв обхода), получено 101 тыс.",4,False,1,0,101000.0,0.0,1,0,0.0,0,0.0,,"{""betweenness"": 0.074, ""degree"": 0.048, ""n_seed_upstream"": 0.101, ""role"": 0.101}"
100000003786516100,frontier,0.5,3,0.32776172633289696,"4-е колено, исходящие не наблюдались (обрыв обхода), получено 5 тыс.",4,False,1,0,5000.0,0.0,1,0,0.0,0,0.0,,"{""betweenness"": 0.074, ""degree"": 0.048, ""n_seed_upstream"": 0.101, ""role"": 0.101}"
100000005226217100,frontier,0.5,6,0.32776172633289696,"4-е колено, исходящие не наблюдались (обрыв обхода), получено 18 тыс.",4,False,1,0,17500.0,0.0,1,0,0.0,0,0.0,,"{""betweenness"": 0.074, ""degree"": 0.048, ""n_seed_upstream"": 0.101, ""role"": 0.101}"
100000001533161100,frontier,0.5,3,0.32776172633289696,"4-е колено, исходящие не наблюдались (обрыв обхода), получено 100 тыс.",4,False,1,0,100000.0,0.0,1,0,0.0,0,0.0,,"{""betweenness"": 0.074, ""degree"": 0.048, ""n_seed_upstream"": 0.101, ""role"": 0.101}"
100000007034089100,frontier,0.5,6,0.38576136517538717,"4-е колено, исходящие не наблюдались (обрыв обхода), получено 198 тыс.",4,False,2,0,198000.0,0.0,2,0,0.0,0,0.0,,"{""betweenness"": 0.074, ""degree"": 0.105, ""n_seed_upstream"": 0.101, ""role"": 0.101}"
100000008336318100,frontier,0.5,6,0.32776172633289696,"4-е колено, исходящие не наблюдались (обрыв обхода), получено 170 тыс.",4,False,1,0,170000.0,0.0,1,0,0.0,0,0.0,,"{""betweenness"": 0.074, ""degree"": 0.048, ""n_seed_upstream"": 0.101, ""role"": 0.101}"
100000005370558100,frontier,0.5,3,0.32776172633289696,"4-е колено, исходящие не наблюдались (обрыв обхода), получено 5 тыс.",4,False,1,0,5000.0,0.0,1,0,0.0,0,0.0,,"{""betweenness"": 0.074, ""degree"": 0.048, ""n_seed_upstream"": 0.101, ""role"": 0.101}"
100000002729875100,frontier,0.5,7,0.32776172633289696,"4-е колено, исходящие не наблюдались (обрыв обхода), получено 76 тыс.",4,False,1,0,76000.0,0.0,1,0,0.0,0,0.0,,"{""betweenness"": 0.074, ""degree"": 0.048, ""n_seed_upstream"": 0.101, ""role"": 0.101}"
100000006512787100,frontier,0.5,12,0.32776172633289696,"4-е колено, исходящие не наблюдались (обрыв обхода), получено 20 тыс.",4,False,1,0,20000.0,0.0,2,0,0.0,0,0.0,,"{""betweenness"": 0.074, ""degree"": 0.048, ""n_seed_upstream"": 0.101, ""role"": 0.101}"
100000003186579100,frontier,0.5,1,0.32776172633289696,"4-е колено, исходящие не наблюдались (обрыв обхода), получено 110 тыс.",4,False,1,0,110000.0,0.0,2,0,0.0,0,0.0,,"{""betweenness"": 0.074, ""degree"": 0.048, ""n_seed_upstream"": 0.101, ""role"": 0.101}"
100000004472936100,frontier,0.5,3,0.32776172633289696,"4-е колено, исходящие не наблюдались (обрыв обхода), получено 5 тыс.",4,False,1,0,5000.0,0.0,1,0,0.0,0,0.0,,"{""betweenness"": 0.074, ""degree"": 0.048, ""n_seed_upstream"": 0.101, ""role"": 0.101}"
100000002231144100,frontier,0.5,16,0.32776172633289696,"4-е колено, исходящие не наблюдались (обрыв обхода), получено 15 тыс.",4,False,1,0,15000.0,0.0,1,0,0.0,0,0.0,,"{""betweenness"": 0.074, ""degree"": 0.048, ""n_seed_upstream"": 0.101, ""role"": 0.101}"
100000002505277100,frontier,0.5,12,0.32776172633289696,"4-е колено, исходящие не наблюдались (обрыв обхода), получено 60 тыс.",4,False,1,0,60000.0,0.0,1,0,0.0,0,0.0,,"{""betweenness"": 0.074, ""degree"": 0.048, ""n_seed_upstream"": 0.101, ""role"": 0.101}"
100000003177533100,frontier,0.5,15,0.32776172633289696,"4-е колено, исходящие не наблюдались (обрыв обхода), получено 20 тыс.",4,False,1,0,20000.0,0.0,3,0,0.0,0,0.0,,"{""betweenness"": 0.074, ""degree"": 0.048, ""n_seed_upstream"": 0.101, ""role"": 0.101}"
100000005888829100,frontier,0.5,6,0.32776172633289696,"4-е колено, исходящие не наблюдались (обрыв обхода), получено 197 тыс.",4,False,1,0,197000.0,0.0,1,0,0.0,0,0.0,,"{""betweenness"": 0.074, ""degree"": 0.048, ""n_seed_upstream"": 0.101, ""role"": 0.101}"
100000002242066100,frontier,0.5,17,0.32776172633289696,"4-е колено, исходящие не наблюдались (обрыв обхода), получено 60 тыс.",4,False,1,0,60000.0,0.0,1,0,0.0,0,0.0,,"{""betweenness"": 0.074, ""degree"": 0.048, ""n_seed_upstream"": 0.101, ""role"": 0.101}"
100000008027922100,frontier,0.5,28,0.32776172633289696,"4-е колено, исходящие не наблюдались (обрыв обхода), получено 70 тыс.",4,False,1,0,70000.0,0.0,1,0,0.0,0,0.0,,"{""betweenness"": 0.074, ""degree"": 0.048, ""n_seed_upstream"": 0.101, ""role"": 0.101}"
100000002686226100,frontier,0.5,8,0.32776172633289696,"4-е колено, исходящие не наблюдались (обрыв обхода), получено 430 тыс.",4,False,1,0,430000.0,0.0,2,0,0.0,0,0.0,,"{""betweenness"": 0.074, ""degree"": 0.048, ""n_seed_upstream"": 0.101, ""role"": 0.101}"
100000001065234100,frontier,0.5,2,0.32776172633289696,"4-е колено, исходящие не наблюдались (обрыв обхода), получено 360 тыс.",4,False,1,0,360000.0,0.0,1,0,0.0,0,0.0,,"{""betweenness"": 0.074, ""degree"": 0.048, ""n_seed_upstream"": 0.101, ""role"": 0.101}"
100000000424935100,frontier,0.5,22,0.32776172633289696,"4-е колено, исходящие не наблюдались (обрыв обхода), получено 15 тыс.",4,False,1,0,15000.0,0.0,1,0,0.0,0,0.0,,"{""betweenness"": 0.074, ""degree"": 0.048, ""n_seed_upstream"": 0.101, ""role"": 0.101}"
100000005723580100,frontier,0.5,6,0.32776172633289696,"4-е колено, исходящие не наблюдались (обрыв обхода), получено 35 тыс.",4,False,1,0,35000.0,0.0,1,0,0.0,0,0.0,,"{""betweenness"": 0.074, ""degree"": 0.048, ""n_seed_upstream"": 0.101, ""role"": 0.101}"
100000000704700100,frontier,0.5,23,0.32776172633289696,"4-е колено, исходящие не наблюдались (обрыв обхода), получено 10 тыс.",4,False,1,0,10000.0,0.0,1,0,0.0,0,0.0,,"{""betweenness"": 0.074, ""degree"": 0.048, ""n_seed_upstream"": 0.101, ""role"": 0.101}"
100000005293969100,frontier,0.5,1,0.32776172633289696,"4-е колено, исходящие не наблюдались (обрыв обхода), получено 5 тыс.",4,False,1,0,5466.97,0.0,1,0,0.0,0,0.0,,"{""betweenness"": 0.074, ""degree"": 0.048, ""n_seed_upstream"": 0.101, ""role"": 0.101}"
100000002512742100,frontier,0.5,21,0.32776172633289696,"4-е колено, исходящие не наблюдались (обрыв обхода), получено 6 тыс.",4,False,1,0,6000.0,0.0,1,0,0.0,0,0.0,,"{""betweenness"": 0.074, ""degree"": 0.048, ""n_seed_upstream"": 0.101, ""role"": 0.101}"
100000001816678100,frontier,0.5,5,0.32776172633289696,"4-е колено, исходящие не наблюдались (обрыв обхода), получено 60 тыс.",4,False,1,0,60000.0,0.0,1,0,0.0,0,0.0,,"{""betweenness"": 0.074, ""degree"": 0.048, ""n_seed_upstream"": 0.101, ""role"": 0.101}"
100000004586598100,frontier,0.5,20,0.32776172633289696,"4-е колено, исходящие не наблюдались (обрыв обхода), получено 761 тыс.",4,False,1,0,761255.0,0.0,4,0,0.0,0,0.0,,"{""betweenness"": 0.074, ""degree"": 0.048, ""n_seed_upstream"": 0.101, ""role"": 0.101}"
100000005782886100,frontier,0.5,6,0.32776172633289696,"4-е колено, исходящие не наблюдались (обрыв обхода), получено 14 тыс.",4,False,1,0,14000.0,0.0,1,0,0.0,0,0.0,,"{""betweenness"": 0.074, ""degree"": 0.048, ""n_seed_upstream"": 0.101, ""role"": 0.101}"
100000002622822100,frontier,0.5,6,0.32776172633289696,"4-е колено, исходящие не наблюдались (обрыв обхода), получено 750 тыс.",4,False,1,0,750000.0,0.0,1,0,0.0,0,0.0,,"{""betweenness"": 0.074, ""degree"": 0.048, ""n_seed_upstream"": 0.101, ""role"": 0.101}"
100000003718715100,frontier,0.5,20,0.32776172633289696,"4-е колено, исходящие не наблюдались (обрыв обхода), получено 915 тыс.",4,False,1,0,915000.0,0.0,3,0,0.0,0,0.0,,"{""betweenness"": 0.074, ""degree"": 0.048, ""n_seed_upstream"": 0.101, ""role"": 0.101}"
100000006491963100,frontier,0.5,21,0.32776172633289696,"4-е колено, исходящие не наблюдались (обрыв обхода), получено 16 тыс.",4,False,1,0,16000.0,0.0,3,0,0.0,0,0.0,,"{""betweenness"": 0.074, ""degree"": 0.048, ""n_seed_upstream"": 0.101, ""role"": 0.101}"
100000004526651100,frontier,0.5,6,0.32776172633289696,"4-е колено, исходящие не наблюдались (обрыв обхода), получено 33 тыс.",4,False,1,0,33000.0,0.0,1,0,0.0,0,0.0,,"{""betweenness"": 0.074, ""degree"": 0.048, ""n_seed_upstream"": 0.101, ""role"": 0.101}"
100000008331280100,frontier,0.5,26,0.32776172633289696,"4-е колено, исходящие не наблюдались (обрыв обхода), получено 41 тыс.",4,False,1,0,41000.0,0.0,2,0,0.0,0,0.0,,"{""betweenness"": 0.074, ""degree"": 0.048, ""n_seed_upstream"": 0.101, ""role"": 0.101}"
100000004177936100,frontier,0.5,1,0.32776172633289696,"4-е колено, исходящие не наблюдались (обрыв обхода), получено 10 тыс.",4,False,1,0,10000.0,0.0,1,0,0.0,0,0.0,,"{""betweenness"": 0.074, ""degree"": 0.048, ""n_seed_upstream"": 0.101, ""role"": 0.101}"
100000002922000100,frontier,0.5,3,0.32776172633289696,"4-е колено, исходящие не наблюдались (обрыв обхода), получено 448 тыс.",4,False,1,0,448000.0,0.0,1,0,0.0,0,0.0,,"{""betweenness"": 0.074, ""degree"": 0.048, ""n_seed_upstream"": 0.101, ""role"": 0.101}"
100000002404112100,frontier,0.5,26,0.32776172633289696,"4-е колено, исходящие не наблюдались (обрыв обхода), получено 60 тыс.",4,False,1,0,60000.0,0.0,1,0,0.0,0,0.0,,"{""betweenness"": 0.074, ""degree"": 0.048, ""n_seed_upstream"": 0.101, ""role"": 0.101}"
100000000634341100,frontier,0.5,1,0.32776172633289696,"4-е колено, исходящие не наблюдались (обрыв обхода), получено 24 тыс.",4,False,1,0,24000.0,0.0,2,0,0.0,0,0.0,,"{""betweenness"": 0.074, ""degree"": 0.048, ""n_seed_upstream"": 0.101, ""role"": 0.101}"
100000001822650100,frontier,0.5,6,0.32776172633289696,"4-е колено, исходящие не наблюдались (обрыв обхода), получено 112 тыс.",4,False,1,0,112000.0,0.0,1,0,0.0,0,0.0,,"{""betweenness"": 0.074, ""degree"": 0.048, ""n_seed_upstream"": 0.101, ""role"": 0.101}"
100000004791226100,frontier,0.5,12,0.32776172633289696,"4-е колено, исходящие не наблюдались (обрыв обхода), получено 20 тыс.",4,False,1,0,20000.0,0.0,1,0,0.0,0,0.0,,"{""betweenness"": 0.074, ""degree"": 0.048, ""n_seed_upstream"": 0.101, ""role"": 0.101}"
100000007841978100,frontier,0.5,8,0.32776172633289696,"4-е колено, исходящие не наблюдались (обрыв обхода), получено 449 тыс.",4,False,1,0,449000.0,0.0,1,0,0.0,0,0.0,,"{""betweenness"": 0.074, ""degree"": 0.048, ""n_seed_upstream"": 0.101, ""role"": 0.101}"
100000006866831100,frontier,0.5,5,0.32776172633289696,"4-е колено, исходящие не наблюдались (обрыв обхода), получено 16 тыс.",4,False,1,0,16500.0,0.0,1,0,0.0,0,0.0,,"{""betweenness"": 0.074, ""degree"": 0.048, ""n_seed_upstream"": 0.101, ""role"": 0.101}"
100000002999140100,frontier,0.5,10,0.32776172633289696,"4-е колено, исходящие не наблюдались (обрыв обхода), получено 10 тыс.",4,False,1,0,10000.0,0.0,2,0,0.0,0,0.0,,"{""betweenness"": 0.074, ""degree"": 0.048, ""n_seed_upstream"": 0.101, ""role"": 0.101}"
100000002884708100,frontier,0.5,6,0.32776172633289696,"4-е колено, исходящие не наблюдались (обрыв обхода), получено 1.17 млн",4,False,1,0,1171644.0,0.0,2,0,0.0,0,0.0,,"{""betweenness"": 0.074, ""degree"": 0.048, ""n_seed_upstream"": 0.101, ""role"": 0.101}"
100000001130553100,frontier,0.5,8,0.32776172633289696,"4-е колено, исходящие не наблюдались (обрыв обхода), получено 18 тыс.",4,False,1,0,18000.0,0.0,2,0,0.0,0,0.0,,"{""betweenness"": 0.074, ""degree"": 0.048, ""n_seed_upstream"": 0.101, ""role"": 0.101}"
100000006351075100,frontier,0.5,12,0.32776172633289696,"4-е колено, исходящие не наблюдались (обрыв обхода), получено 40 тыс.",4,False,1,0,40000.0,0.0,2,0,0.0,0,0.0,,"{""betweenness"": 0.074, ""degree"": 0.048, ""n_seed_upstream"": 0.101, ""role"": 0.101}"
100000005616568100,frontier,0.5,8,0.32776172633289696,"4-е колено, исходящие не наблюдались (обрыв обхода), получено 530 тыс.",4,False,1,0,530000.0,0.0,1,0,0.0,0,0.0,,"{""betweenness"": 0.074, ""degree"": 0.048, ""n_seed_upstream"": 0.101, ""role"": 0.101}"
100000006381453100,frontier,0.5,6,0.32776172633289696,"4-е колено, исходящие не наблюдались (обрыв обхода), получено 45 тыс.",4,False,1,0,45000.0,0.0,1,0,0.0,0,0.0,,"{""betweenness"": 0.074, ""degree"": 0.048, ""n_seed_upstream"": 0.101, ""role"": 0.101}"
100000004616845100,frontier,0.5,11,0.32776172633289696,"4-е колено, исходящие не наблюдались (обрыв обхода), получено 20 тыс.",4,False,1,0,20200.0,0.0,2,0,0.0,0,0.0,,"{""betweenness"": 0.074, ""degree"": 0.048, ""n_seed_upstream"": 0.101, ""role"": 0.101}"
100000004908173100,frontier,0.5,6,0.32776172633289696,"4-е колено, исходящие не наблюдались (обрыв обхода), получено 21 тыс.",4,False,1,0,21000.0,0.0,1,0,0.0,0,0.0,,"{""betweenness"": 0.074, ""degree"": 0.048, ""n_seed_upstream"": 0.101, ""role"": 0.101}"
100000004433250100,frontier,0.5,12,0.32776172633289696,"4-е колено, исходящие не наблюдались (обрыв обхода), получено 8 тыс.",4,False,1,0,8000.0,0.0,1,0,0.0,0,0.0,,"{""betweenness"": 0.074, ""degree"": 0.048, ""n_seed_upstream"": 0.101, ""role"": 0.101}"
100000003664994100,frontier,0.5,8,0.32776172633289696,"4-е колено, исходящие не наблюдались (обрыв обхода), получено 338 тыс.",4,False,1,0,338271.0,0.0,2,0,0.0,0,0.0,,"{""betweenness"": 0.074, ""degree"": 0.048, ""n_seed_upstream"": 0.101, ""role"": 0.101}"
100000004673335100,frontier,0.5,14,0.32776172633289696,"4-е колено, исходящие не наблюдались (обрыв обхода), получено 80 тыс.",4,False,1,0,80000.0,0.0,1,0,0.0,0,0.0,,"{""betweenness"": 0.074, ""degree"": 0.048, ""n_seed_upstream"": 0.101, ""role"": 0.101}"
100000002487222100,frontier,0.5,8,0.32776172633289696,"4-е колено, исходящие не наблюдались (обрыв обхода), получено 90 тыс.",4,False,1,0,90000.0,0.0,2,0,0.0,0,0.0,,"{""betweenness"": 0.074, ""degree"": 0.048, ""n_seed_upstream"": 0.101, ""role"": 0.101}"
100000000018102100,frontier,0.5,5,0.32776172633289696,"4-е колено, исходящие не наблюдались (обрыв обхода), получено 7 тыс.",4,False,1,0,7000.0,0.0,1,0,0.0,0,0.0,,"{""betweenness"": 0.074, ""degree"": 0.048, ""n_seed_upstream"": 0.101, ""role"": 0.101}"
100000008638859100,frontier,0.5,19,0.32776172633289696,"4-е колено, исходящие не наблюдались (обрыв обхода), получено 34 тыс.",4,False,1,0,34000.0,0.0,1,0,0.0,0,0.0,,"{""betweenness"": 0.074, ""degree"": 0.048, ""n_seed_upstream"": 0.101, ""role"": 0.101}"
100000001131403100,frontier,0.5,11,0.32776172633289696,"4-е колено, исходящие не наблюдались (обрыв обхода), получено 1.57 млн",4,False,1,0,1570000.0,0.0,3,0,0.0,0,0.0,,"{""betweenness"": 0.074, ""degree"": 0.048, ""n_seed_upstream"": 0.101, ""role"": 0.101}"
100000001733216100,frontier,0.5,12,0.32776172633289696,"4-е колено, исходящие не наблюдались (обрыв обхода), получено 60 тыс.",4,False,1,0,60000.0,0.0,2,0,0.0,0,0.0,,"{""betweenness"": 0.074, ""degree"": 0.048, ""n_seed_upstream"": 0.101, ""role"": 0.101}"
100000004400480100,frontier,0.5,14,0.32776172633289696,"4-е колено, исходящие не наблюдались (обрыв обхода), получено 22 тыс.",4,False,1,0,21700.0,0.0,1,0,0.0,0,0.0,,"{""betweenness"": 0.074, ""degree"": 0.048, ""n_seed_upstream"": 0.101, ""role"": 0.101}"
100000007539296100,frontier,0.5,3,0.32776172633289696,"4-е колено, исходящие не наблюдались (обрыв обхода), получено 46 тыс.",4,False,1,0,46000.0,0.0,2,0,0.0,0,0.0,,"{""betweenness"": 0.074, ""degree"": 0.048, ""n_seed_upstream"": 0.101, ""role"": 0.101}"
100000008757301100,frontier,0.5,1,0.32776172633289696,"4-е колено, исходящие не наблюдались (обрыв обхода), получено 58 тыс.",4,False,1,0,58398.0,0.0,3,0,0.0,0,0.0,,"{""betweenness"": 0.074, ""degree"": 0.048, ""n_seed_upstream"": 0.101, ""role"": 0.101}"
100000002752565100,frontier,0.5,1,0.32776172633289696,"4-е колено, исходящие не наблюдались (обрыв обхода), получено 57 тыс.",4,False,1,0,57000.0,0.0,1,0,0.0,0,0.0,,"{""betweenness"": 0.074, ""degree"": 0.048, ""n_seed_upstream"": 0.101, ""role"": 0.101}"
100000002734815100,frontier,0.5,6,0.32776172633289696,"4-е колено, исходящие не наблюдались (обрыв обхода), получено 110 тыс.",4,False,1,0,110000.0,0.0,1,0,0.0,0,0.0,,"{""betweenness"": 0.074, ""degree"": 0.048, ""n_seed_upstream"": 0.101, ""role"": 0.101}"
100000008333492100,frontier,0.5,6,0.32776172633289696,"4-е колено, исходящие не наблюдались (обрыв обхода), получено 216 тыс.",4,False,1,0,216400.0,0.0,1,0,0.0,0,0.0,,"{""betweenness"": 0.074, ""degree"": 0.048, ""n_seed_upstream"": 0.101, ""role"": 0.101}"
100000006527156100,frontier,0.5,3,0.32776172633289696,"4-е колено, исходящие не наблюдались (обрыв обхода), получено 48 тыс.",4,False,1,0,48500.0,0.0,1,0,0.0,0,0.0,,"{""betweenness"": 0.074, ""degree"": 0.048, ""n_seed_upstream"": 0.101, ""role"": 0.101}"
100000003448713100,frontier,0.5,5,0.32776172633289696,"4-е колено, исходящие не наблюдались (обрыв обхода), получено 267 тыс.",4,False,1,0,266750.0,0.0,1,0,0.0,0,0.0,,"{""betweenness"": 0.074, ""degree"": 0.048, ""n_seed_upstream"": 0.101, ""role"": 0.101}"
100000004780083100,frontier,0.5,3,0.32776172633289696,"4-е колено, исходящие не наблюдались (обрыв обхода), получено 10 тыс.",4,False,1,0,9999.0,0.0,1,0,0.0,0,0.0,,"{""betweenness"": 0.074, ""degree"": 0.048, ""n_seed_upstream"": 0.101, ""role"": 0.101}"
100000004798515100,frontier,0.5,10,0.32776172633289696,"4-е колено, исходящие не наблюдались (обрыв обхода), получено 200 тыс.",4,False,1,0,200000.0,0.0,2,0,0.0,0,0.0,,"{""betweenness"": 0.074, ""degree"": 0.048, ""n_seed_upstream"": 0.101, ""role"": 0.101}"
100000004232712100,frontier,0.5,8,0.32776172633289696,"4-е колено, исходящие не наблюдались (обрыв обхода), получено 12 тыс.",4,False,1,0,12500.0,0.0,1,0,0.0,0,0.0,,"{""betweenness"": 0.074, ""degree"": 0.048, ""n_seed_upstream"": 0.101, ""role"": 0.101}"
100000005209352100,frontier,0.5,1,0.32776172633289696,"4-е колено, исходящие не наблюдались (обрыв обхода), получено 5 тыс.",4,False,1,0,5000.0,0.0,1,0,0.0,0,0.0,,"{""betweenness"": 0.074, ""degree"": 0.048, ""n_seed_upstream"": 0.101, ""role"": 0.101}"
100000000561160100,frontier,0.5,5,0.32776172633289696,"4-е колено, исходящие не наблюдались (обрыв обхода), получено 240 тыс.",4,False,1,0,240000.0,0.0,1,0,0.0,0,0.0,,"{""betweenness"": 0.074, ""degree"": 0.048, ""n_seed_upstream"": 0.101, ""role"": 0.101}"
100000003568904100,frontier,0.5,3,0.32776172633289696,"4-е колено, исходящие не наблюдались (обрыв обхода), получено 49 тыс.",4,False,1,0,49000.0,0.0,1,0,0.0,0,0.0,,"{""betweenness"": 0.074, ""degree"": 0.048, ""n_seed_upstream"": 0.101, ""role"": 0.101}"
100000000470237100,frontier,0.5,2,0.32776172633289696,"4-е колено, исходящие не наблюдались (обрыв обхода), получено 32 тыс.",4,False,1,0,32500.0,0.0,1,0,0.0,0,0.0,,"{""betweenness"": 0.074, ""degree"": 0.048, ""n_seed_upstream"": 0.101, ""role"": 0.101}"
100000008560263100,frontier,0.5,8,0.32776172633289696,"4-е колено, исходящие не наблюдались (обрыв обхода), получено 100 тыс.",4,False,1,0,100000.0,0.0,1,0,0.0,0,0.0,,"{""betweenness"": 0.074, ""degree"": 0.048, ""n_seed_upstream"": 0.101, ""role"": 0.101}"
100000000542087100,frontier,0.5,8,0.32776172633289696,"4-е колено, исходящие не наблюдались (обрыв обхода), получено 9 тыс.",4,False,1,0,8506.91,0.0,1,0,0.0,0,0.0,,"{""betweenness"": 0.074, ""degree"": 0.048, ""n_seed_upstream"": 0.101, ""role"": 0.101}"
100000004403548100,frontier,0.5,1,0.32776172633289696,"4-е колено, исходящие не наблюдались (обрыв обхода), получено 5 тыс.",4,False,1,0,5000.0,0.0,1,0,0.0,0,0.0,,"{""betweenness"": 0.074, ""degree"": 0.048, ""n_seed_upstream"": 0.101, ""role"": 0.101}"
100000003010908100,frontier,0.5,7,0.32776172633289696,"4-е колено, исходящие не наблюдались (обрыв обхода), получено 17 тыс.",4,False,1,0,17000.0,0.0,1,0,0.0,0,0.0,,"{""betweenness"": 0.074, ""degree"": 0.048, ""n_seed_upstream"": 0.101, ""role"": 0.101}"
100000006756956100,frontier,0.5,3,0.32776172633289696,"4-е колено, исходящие не наблюдались (обрыв обхода), получено 121 тыс.",4,False,1,0,121200.0,0.0,9,0,0.0,0,0.0,,"{""betweenness"": 0.074, ""degree"": 0.048, ""n_seed_upstream"": 0.101, ""role"": 0.101}"
100000007357489100,frontier,0.5,6,0.38576136517538717,"4-е колено, исходящие не наблюдались (обрыв обхода), получено 164 тыс.",4,False,2,0,164500.0,0.0,2,0,0.0,0,0.0,,"{""betweenness"": 0.074, ""degree"": 0.105, ""n_seed_upstream"": 0.101, ""role"": 0.101}"
100000002599729100,frontier,0.5,12,0.32776172633289696,"4-е колено, исходящие не наблюдались (обрыв обхода), получено 65 тыс.",4,False,1,0,65000.0,0.0,2,0,0.0,0,0.0,,"{""betweenness"": 0.074, ""degree"": 0.048, ""n_seed_upstream"": 0.101, ""role"": 0.101}"
100000005849862100,frontier,0.5,3,0.32776172633289696,"4-е колено, исходящие не наблюдались (обрыв обхода), получено 13 тыс.",4,False,1,0,13000.0,0.0,2,0,0.0,0,0.0,,"{""betweenness"": 0.074, ""degree"": 0.048, ""n_seed_upstream"": 0.101, ""role"": 0.101}"
100000008762843100,frontier,0.5,6,0.32776172633289696,"4-е колено, исходящие не наблюдались (обрыв обхода), получено 7 тыс.",4,False,1,0,7000.0,0.0,1,0,0.0,0,0.0,,"{""betweenness"": 0.074, ""degree"": 0.048, ""n_seed_upstream"": 0.101, ""role"": 0.101}"
100000002723674100,frontier,0.5,16,0.32776172633289696,"4-е колено, исходящие не наблюдались (обрыв обхода), получено 30 тыс.",4,False,1,0,30000.0,0.0,1,0,0.0,0,0.0,,"{""betweenness"": 0.074, ""degree"": 0.048, ""n_seed_upstream"": 0.101, ""role"": 0.101}"
100000008758106100,frontier,0.5,6,0.32776172633289696,"4-е колено, исходящие не наблюдались (обрыв обхода), получено 10 тыс.",4,False,1,0,10000.0,0.0,1,0,0.0,0,0.0,,"{""betweenness"": 0.074, ""degree"": 0.048, ""n_seed_upstream"": 0.101, ""role"": 0.101}"
100000001286703100,frontier,0.5,8,0.32776172633289696,"4-е колено, исходящие не наблюдались (обрыв обхода), получено 20 тыс.",4,False,1,0,20500.0,0.0,1,0,0.0,0,0.0,,"{""betweenness"": 0.074, ""degree"": 0.048, ""n_seed_upstream"": 0.101, ""role"": 0.101}"
